{"query": "Job 40", "canonical": "Job 40", "parsed": [[18040001, 18040024]], "passage_meta": [{"canonical": "Job 40", "chapter_start": [18040001, 18040024], "chapter_end": [18040001, 18040024], "prev_verse": 18039030, "next_verse": 18041001, "prev_chapter": [18039001, 18039030], "next_chapter": [18041001, 18041034]}], "passages": ["Job 40\n\n  [1] And the LORD said to Job:\n\n    [2] \u201cShall a faultfinder contend with the Almighty?\n        He who argues with God, let him answer it.\u201d\n    \n    \n    Job Promises Silence\n\n  [3] Then Job answered the LORD and said:\n\n    [4] \u201cBehold, I am of small account; what shall I answer you?\n        I lay my hand on my mouth.\n    [5] I have spoken once, and I will not answer;\n        twice, but I will proceed no further.\u201d\n    \n    \n    The LORD Challenges Job\n\n  [6] Then the LORD answered Job out of the whirlwind and said:\n\n    [7] \u201cDress for action(1) like a man;\n        I will question you, and you make it known to me.\n    [8] Will you even put me in the wrong?\n        Will you condemn me that you may be in the right?\n    [9] Have you an arm like God,\n        and can you thunder with a voice like his?\n    \n    \n    [10] \u201cAdorn yourself with majesty and dignity;\n        clothe yourself with glory and splendor.\n    [11] Pour out the overflowings of your anger,\n        and look on everyone who is proud and abase him.\n    [12] Look on everyone who is proud and bring him low\n        and tread down the wicked where they stand.\n    [13] Hide them all in the dust together;\n        bind their faces in the world below.(2)\n    [14] Then will I also acknowledge to you\n        that your own right hand can save you.\n    \n    \n    [15] \u201cBehold, Behemoth,(3)\n        which I made as I made you;\n        he eats grass like an ox.\n    [16] Behold, his strength in his loins,\n        and his power in the muscles of his belly.\n    [17] He makes his tail stiff like a cedar;\n        the sinews of his thighs are knit together.\n    [18] His bones are tubes of bronze,\n        his limbs like bars of iron.\n    \n    \n    [19] \u201cHe is the first of the works(4) of God;\n        let him who made him bring near his sword!\n    [20] For the mountains yield food for him\n        where all the wild beasts play.\n    [21] Under the lotus plants he lies,\n        in the shelter of the reeds and in the marsh.\n    [22] For his shade the lotus trees cover him;\n        the willows of the brook surround him.\n    [23] Behold, if the river is turbulent he is not frightened;\n        he is confident though Jordan rushes against his mouth.\n    [24] Can one take him by his eyes,(5)\n        or pierce his nose with a snare?\n    \n\nFootnotes\n\n(1) 40:7 Hebrew *Gird up your loins*\n\n(2) 40:13 Hebrew *in the hidden place*\n\n(3) 40:15 A large animal, exact identity unknown\n\n(4) 40:19 Hebrew *ways*\n\n(5) 40:24 Or *in his sight*\n (ESV)"]}