{"query": "Job 7", "canonical": "Job 7", "parsed": [[18007001, 18007021]], "passage_meta": [{"canonical": "Job 7", "chapter_start": [18007001, 18007021], "chapter_end": [18007001, 18007021], "prev_verse": 18006030, "next_verse": 18008001, "prev_chapter": [18006001, 18006030], "next_chapter": [18008001, 18008022]}], "passages": ["Job 7\n\nJob Continues: My Life Has No Hope\n\n    [1] \u201cHas not man a hard service on earth,\n        and are not his days like the days of a hired hand?\n    [2] Like a slave who longs for the shadow,\n        and like a hired hand who looks for his wages,\n    [3] so I am allotted months of emptiness,\n        and nights of misery are apportioned to me.\n    [4] When I lie down I say, \u2018When shall I arise?\u2019\n        But the night is long,\n        and I am full of tossing till the dawn.\n    [5] My flesh is clothed with worms and dirt;\n        my skin hardens, then breaks out afresh.\n    [6] My days are swifter than a weaver\u2019s shuttle\n        and come to their end without hope.\n    \n    \n    [7] \u201cRemember that my life is a breath;\n        my eye will never again see good.\n    [8] The eye of him who sees me will behold me no more;\n        while your eyes are on me, I shall be gone.\n    [9] As the cloud fades and vanishes,\n        so he who goes down to Sheol does not come up;\n    [10] he returns no more to his house,\n        nor does his place know him anymore.\n    \n    \n    [11] \u201cTherefore I will not restrain my mouth;\n        I will speak in the anguish of my spirit;\n        I will complain in the bitterness of my soul.\n    [12] Am I the sea, or a sea monster,\n        that you set a guard over me?\n    [13] When I say, \u2018My bed will comfort me,\n        my couch will ease my complaint,\u2019\n    [14] then you scare me with dreams\n        and terrify me with visions,\n    [15] so that I would choose strangling\n        and death rather than my bones.\n    [16] I loathe my life; I would not live forever.\n        Leave me alone, for my days are a breath.\n    [17] What is man, that you make so much of him,\n        and that you set your heart on him,\n    [18] visit him every morning\n        and test him every moment?\n    [19] How long will you not look away from me,\n        nor leave me alone till I swallow my spit?\n    [20] If I sin, what do I do to you, you watcher of mankind?\n        Why have you made me your mark?\n        Why have I become a burden to you?\n    [21] Why do you not pardon my transgression\n        and take away my iniquity?\n    For now I shall lie in the earth;\n        you will seek me, but I shall not be.\u201d (ESV)"]}