{"query": "Job 37", "canonical": "Job 37", "parsed": [[18037001, 18037024]], "passage_meta": [{"canonical": "Job 37", "chapter_start": [18037001, 18037024], "chapter_end": [18037001, 18037024], "prev_verse": 18036033, "next_verse": 18038001, "prev_chapter": [18036001, 18036033], "next_chapter": [18038001, 18038041]}], "passages": ["Job 37\n\nElihu Proclaims God\u2019s Majesty\n\n    [1] \u201cAt this also my heart trembles\n        and leaps out of its place.\n    [2] Keep listening to the thunder of his voice\n        and the rumbling that comes from his mouth.\n    [3] Under the whole heaven he lets it go,\n        and his lightning to the corners of the earth.\n    [4] After it his voice roars;\n        he thunders with his majestic voice,\n        and he does not restrain the lightnings(1) when his voice is heard.\n    [5] God thunders wondrously with his voice;\n        he does great things that we cannot comprehend.\n    [6] For to the snow he says, \u2018Fall on the earth,\u2019\n        likewise to the downpour, his mighty downpour.\n    [7] He seals up the hand of every man,\n        that all men whom he made may know it.\n    [8] Then the beasts go into their lairs,\n        and remain in their dens.\n    [9] From its chamber comes the whirlwind,\n        and cold from the scattering winds.\n    [10] By the breath of God ice is given,\n        and the broad waters are frozen fast.\n    [11] He loads the thick cloud with moisture;\n        the clouds scatter his lightning.\n    [12] They turn around and around by his guidance,\n        to accomplish all that he commands them\n        on the face of the habitable world.\n    [13] Whether for correction or for his land\n        or for love, he causes it to happen.\n    \n    \n    [14] \u201cHear this, O Job;\n        stop and consider the wondrous works of God.\n    [15] Do you know how God lays his command upon them\n        and causes the lightning of his cloud to shine?\n    [16] Do you know the balancings(2) of the clouds,\n        the wondrous works of him who is perfect in knowledge,\n    [17] you whose garments are hot\n        when the earth is still because of the south wind?\n    [18] Can you, like him, spread out the skies,\n        hard as a cast metal mirror?\n    [19] Teach us what we shall say to him;\n        we cannot draw up our case because of darkness.\n    [20] Shall it be told him that I would speak?\n        Did a man ever wish that he would be swallowed up?\n    \n    \n    [21] \u201cAnd now no one looks on the light\n        when it is bright in the skies,\n        when the wind has passed and cleared them.\n    [22] Out of the north comes golden splendor;\n        God is clothed with awesome majesty.\n    [23] The Almighty\u2014we cannot find him;\n        he is great in power;\n        justice and abundant righteousness he will not violate.\n    [24] Therefore men fear him;\n        he does not regard any who are wise in their own conceit.\u201d(3)\n    \n\nFootnotes\n\n(1) 37:4 Hebrew *them*\n\n(2) 37:16 Or *hoverings*\n\n(3) 37:24 Hebrew *in heart*\n (ESV)"]}