{"query": "Job 25", "canonical": "Job 25", "parsed": [[18025001, 18025006]], "passage_meta": [{"canonical": "Job 25", "chapter_start": [18025001, 18025006], "chapter_end": [18025001, 18025006], "prev_verse": 18024025, "next_verse": 18026001, "prev_chapter": [18024001, 18024025], "next_chapter": [18026001, 18026014]}], "passages": ["Job 25\n\nBildad Speaks: Man Cannot Be Righteous\n\n  [1] Then Bildad the Shuhite answered and said:\n\n    [2] \u201cDominion and fear are with God;(1)\n        he makes peace in his high heaven.\n    [3] Is there any number to his armies?\n        Upon whom does his light not arise?\n    [4] How then can man be in the right before God?\n        How can he who is born of woman be pure?\n    [5] Behold, even the moon is not bright,\n        and the stars are not pure in his eyes;\n    [6] how much less man, who is a maggot,\n        and the son of man, who is a worm!\u201d\n    \n\nFootnotes\n\n(1) 25:2 Hebrew *him*\n (ESV)"]}