{"query": "Job 17", "canonical": "Job 17", "parsed": [[18017001, 18017016]], "passage_meta": [{"canonical": "Job 17", "chapter_start": [18017001, 18017016], "chapter_end": [18017001, 18017016], "prev_verse": 18016022, "next_verse": 18018001, "prev_chapter": [18016001, 18016022], "next_chapter": [18018001, 18018021]}], "passages": ["Job 17\n\nJob Continues: Where Then Is My Hope?\n\n    [1] \u201cMy spirit is broken; my days are extinct;\n        the graveyard is ready for me.\n    [2] Surely there are mockers about me,\n        and my eye dwells on their provocation.\n    \n    \n    [3] \u201cLay down a pledge for me with you;\n        who is there who will put up security for me?\n    [4] Since you have closed their hearts to understanding,\n        therefore you will not let them triumph.\n    [5] He who informs against his friends to get a share of their property\u2014\n        the eyes of his children will fail.\n    \n    \n    [6] \u201cHe has made me a byword of the peoples,\n        and I am one before whom men spit.\n    [7] My eye has grown dim from vexation,\n        and all my members are like a shadow.\n    [8] The upright are appalled at this,\n        and the innocent stirs himself up against the godless.\n    [9] Yet the righteous holds to his way,\n        and he who has clean hands grows stronger and stronger.\n    [10] But you, come on again, all of you,\n        and I shall not find a wise man among you.\n    [11] My days are past; my plans are broken off,\n        the desires of my heart.\n    [12] They make night into day:\n        \u2018The light,\u2019 they say, \u2018is near to the darkness.\u2019(1)\n    [13] If I hope for Sheol as my house,\n        if I make my bed in darkness,\n    [14] if I say to the pit, \u2018You are my father,\u2019\n        and to the worm, \u2018My mother,\u2019 or \u2018My sister,\u2019\n    [15] where then is my hope?\n        Who will see my hope?\n    [16] Will it go down to the bars of Sheol?\n        Shall we descend together into the dust?\u201d(2)\n\n\nFootnotes\n\n(1) 17:12 The meaning of the Hebrew is uncertain\n\n(2) 17:16 Or *Will they go down to the bars of Sheol? Is rest to be found together in the dust?*\n (ESV)"]}