{"query": "Job 24", "canonical": "Job 24", "parsed": [[18024001, 18024025]], "passage_meta": [{"canonical": "Job 24", "chapter_start": [18024001, 18024025], "chapter_end": [18024001, 18024025], "prev_verse": 18023017, "next_verse": 18025001, "prev_chapter": [18023001, 18023017], "next_chapter": [18025001, 18025006]}], "passages": ["Job 24\n\n    [1] \u201cWhy are not times of judgment kept by the Almighty,\n        and why do those who know him never see his days?\n    [2] Some move landmarks;\n        they seize flocks and pasture them.\n    [3] They drive away the donkey of the fatherless;\n        they take the widow\u2019s ox for a pledge.\n    [4] They thrust the poor off the road;\n        the poor of the earth all hide themselves.\n    [5] Behold, like wild donkeys in the desert\n        the poor(1) go out to their toil, seeking game;\n        the wasteland yields food for their children.\n    [6] They gather their(2) fodder in the field,\n        and they glean the vineyard of the wicked man.\n    [7] They lie all night naked, without clothing,\n        and have no covering in the cold.\n    [8] They are wet with the rain of the mountains\n        and cling to the rock for lack of shelter.\n    [9] (There are those who snatch the fatherless child from the breast,\n        and they take a pledge against the poor.)\n    [10] They go about naked, without clothing;\n        hungry, they carry the sheaves;\n    [11] among the olive rows of the wicked(3) they make oil;\n        they tread the winepresses, but suffer thirst.\n    [12] From out of the city the dying(4) groan,\n        and the soul of the wounded cries for help;\n        yet God charges no one with wrong.\n    \n    \n    [13] \u201cThere are those who rebel against the light,\n        who are not acquainted with its ways,\n        and do not stay in its paths.\n    [14] The murderer rises before it is light,\n        that he may kill the poor and needy,\n        and in the night he is like a thief.\n    [15] The eye of the adulterer also waits for the twilight,\n        saying, \u2018No eye will see me\u2019;\n        and he veils his face.\n    [16] In the dark they dig through houses;\n        by day they shut themselves up;\n        they do not know the light.\n    [17] For deep darkness is morning to all of them;\n        for they are friends with the terrors of deep darkness.\n    \n    \n    [18] \u201cYou say, \u2018Swift are they on the face of the waters;\n        their portion is cursed in the land;\n        no treader turns toward their vineyards.\n    [19] Drought and heat snatch away the snow waters;\n        so does Sheol those who have sinned.\n    [20] The womb forgets them;\n        the worm finds them sweet;\n    they are no longer remembered,\n        so wickedness is broken like a tree.\u2019\n    \n    \n    [21] \u201cThey wrong the barren, childless woman,\n        and do no good to the widow.\n    [22] Yet God(5) prolongs the life of the mighty by his power;\n        they rise up when they despair of life.\n    [23] He gives them security, and they are supported,\n        and his eyes are upon their ways.\n    [24] They are exalted a little while, and then are gone;\n        they are brought low and gathered up like all others;\n        they are cut off like the heads of grain.\n    [25] If it is not so, who will prove me a liar\n        and show that there is nothing in what I say?\u201d\n    \n\nFootnotes\n\n(1) 24:5 Hebrew *they*\n\n(2) 24:6 Hebrew *his*\n\n(3) 24:11 Hebrew *their olive rows*\n\n(4) 24:12 Or *the men*\n\n(5) 24:22 Hebrew *he*\n (ESV)"]}