{"query": "Job 41", "canonical": "Job 41", "parsed": [[18041001, 18041034]], "passage_meta": [{"canonical": "Job 41", "chapter_start": [18041001, 18041034], "chapter_end": [18041001, 18041034], "prev_verse": 18040024, "next_verse": 18042001, "prev_chapter": [18040001, 18040024], "next_chapter": [18042001, 18042017]}], "passages": ["Job 41\n\n    [1] (1) \u201cCan you draw out Leviathan(2) with a fishhook\n        or press down his tongue with a cord?\n    [2] Can you put a rope in his nose\n        or pierce his jaw with a hook?\n    [3] Will he make many pleas to you?\n        Will he speak to you soft words?\n    [4] Will he make a covenant with you\n        to take him for your servant forever?\n    [5] Will you play with him as with a bird,\n        or will you put him on a leash for your girls?\n    [6] Will traders bargain over him?\n        Will they divide him up among the merchants?\n    [7] Can you fill his skin with harpoons\n        or his head with fishing spears?\n    [8] Lay your hands on him;\n        remember the battle\u2014you will not do it again!\n    [9] (3) Behold, the hope of a man is false;\n        he is laid low even at the sight of him.\n    [10] No one is so fierce that he dares to stir him up.\n        Who then is he who can stand before me?\n    [11] Who has first given to me, that I should repay him?\n        Whatever is under the whole heaven is mine.\n    \n    \n    [12] \u201cI will not keep silence concerning his limbs,\n        or his mighty strength, or his goodly frame.\n    [13] Who can strip off his outer garment?\n        Who would come near him with a bridle?\n    [14] Who can open the doors of his face?\n        Around his teeth is terror.\n    [15] His back is made of(4) rows of shields,\n        shut up closely as with a seal.\n    [16] One is so near to another\n        that no air can come between them.\n    [17] They are joined one to another;\n        they clasp each other and cannot be separated.\n    [18] His sneezings flash forth light,\n        and his eyes are like the eyelids of the dawn.\n    [19] Out of his mouth go flaming torches;\n        sparks of fire leap forth.\n    [20] Out of his nostrils comes forth smoke,\n        as from a boiling pot and burning rushes.\n    [21] His breath kindles coals,\n        and a flame comes forth from his mouth.\n    [22] In his neck abides strength,\n        and terror dances before him.\n    [23] The folds of his flesh stick together,\n        firmly cast on him and immovable.\n    [24] His heart is hard as a stone,\n        hard as the lower millstone.\n    [25] When he raises himself up, the mighty(5) are afraid;\n        at the crashing they are beside themselves.\n    [26] Though the sword reaches him, it does not avail,\n        nor the spear, the dart, or the javelin.\n    [27] He counts iron as straw,\n        and bronze as rotten wood.\n    [28] The arrow cannot make him flee;\n        for him, sling stones are turned to stubble.\n    [29] Clubs are counted as stubble;\n        he laughs at the rattle of javelins.\n    [30] His underparts are like sharp potsherds;\n        he spreads himself like a threshing sledge on the mire.\n    [31] He makes the deep boil like a pot;\n        he makes the sea like a pot of ointment.\n    [32] Behind him he leaves a shining wake;\n        one would think the deep to be white-haired.\n    [33] On earth there is not his like,\n        a creature without fear.\n    [34] He sees everything that is high;\n        he is king over all the sons of pride.\u201d\n    \n\nFootnotes\n\n(1) 41:1 Ch 40:25 in Hebrew\n\n(2) 41:1 A large sea animal, exact identity unknown\n\n(3) 41:9 Ch 41:1 in Hebrew\n\n(4) 41:15 Or *His pride is in his*\n\n(5) 41:25 Or *gods*\n (ESV)"]}