{"query": "Job 1", "canonical": "Job 1", "parsed": [[18001001, 18001022]], "passage_meta": [{"canonical": "Job 1", "chapter_start": [18001001, 18001022], "chapter_end": [18001001, 18001022], "prev_verse": 17010003, "next_verse": 18002001, "prev_chapter": [17010001, 17010003], "next_chapter": [18002001, 18002013]}], "passages": ["Job 1\n\nJob\u2019s Character and Wealth\n\n  [1] There was a man in the land of Uz whose name was Job, and that man was blameless and upright, one who feared God and turned away from evil. [2] There were born to him seven sons and three daughters. [3] He possessed 7,000 sheep, 3,000 camels, 500 yoke of oxen, and 500 female donkeys, and very many servants, so that this man was the greatest of all the people of the east. [4] His sons used to go and hold a feast in the house of each one on his day, and they would send and invite their three sisters to eat and drink with them. [5] And when the days of the feast had run their course, Job would send and consecrate them, and he would rise early in the morning and offer burnt offerings according to the number of them all. For Job said, \u201cIt may be that my children have sinned, and cursed(1) God in their hearts.\u201d Thus Job did continually.\n\nSatan Allowed to Test Job\n\n  [6] Now there was a day when the sons of God came to present themselves before the LORD, and Satan(2) also came among them. [7] The LORD said to Satan, \u201cFrom where have you come?\u201d Satan answered the LORD and said, \u201cFrom going to and fro on the earth, and from walking up and down on it.\u201d [8] And the LORD said to Satan, \u201cHave you considered my servant Job, that there is none like him on the earth, a blameless and upright man, who fears God and turns away from evil?\u201d [9] Then Satan answered the LORD and said, \u201cDoes Job fear God for no reason? [10] Have you not put a hedge around him and his house and all that he has, on every side? You have blessed the work of his hands, and his possessions have increased in the land. [11] But stretch out your hand and touch all that he has, and he will curse you to your face.\u201d [12] And the LORD said to Satan, \u201cBehold, all that he has is in your hand. Only against him do not stretch out your hand.\u201d So Satan went out from the presence of the LORD.\n\nSatan Takes Job\u2019s Property and Children\n\n  [13] Now there was a day when his sons and daughters were eating and drinking wine in their oldest brother\u2019s house, [14] and there came a messenger to Job and said, \u201cThe oxen were plowing and the donkeys feeding beside them, [15] and the Sabeans fell upon them and took them and struck down the servants(3) with the edge of the sword, and I alone have escaped to tell you.\u201d [16] While he was yet speaking, there came another and said, \u201cThe fire of God fell from heaven and burned up the sheep and the servants and consumed them, and I alone have escaped to tell you.\u201d [17] While he was yet speaking, there came another and said, \u201cThe Chaldeans formed three groups and made a raid on the camels and took them and struck down the servants with the edge of the sword, and I alone have escaped to tell you.\u201d [18] While he was yet speaking, there came another and said, \u201cYour sons and daughters were eating and drinking wine in their oldest brother\u2019s house, [19] and behold, a great wind came across the wilderness and struck the four corners of the house, and it fell upon the young people, and they are dead, and I alone have escaped to tell you.\u201d\n\n  [20] Then Job arose and tore his robe and shaved his head and fell on the ground and worshiped. [21] And he said, \u201cNaked I came from my mother\u2019s womb, and naked shall I return. The LORD gave, and the LORD has taken away; blessed be the name of the LORD.\u201d\n\n  [22] In all this Job did not sin or charge God with wrong.\n\nFootnotes\n\n(1) 1:5 The Hebrew word *bless* is used euphemistically for *curse* in 1:5, 11; 2:5, 9\n\n(2) 1:6 Hebrew *the Accuser* or *the Adversary*; so throughout chapters 1\u20132\n\n(3) 1:15 Hebrew *the young men*; also verses 16, 17\n (ESV)"]}