{"query": "Job 30", "canonical": "Job 30", "parsed": [[18030001, 18030031]], "passage_meta": [{"canonical": "Job 30", "chapter_start": [18030001, 18030031], "chapter_end": [18030001, 18030031], "prev_verse": 18029025, "next_verse": 18031001, "prev_chapter": [18029001, 18029025], "next_chapter": [18031001, 18031040]}], "passages": ["Job 30\n\n    [1] \u201cBut now they laugh at me,\n        men who are younger than I,\n    whose fathers I would have disdained\n        to set with the dogs of my flock.\n    [2] What could I gain from the strength of their hands,\n        men whose vigor is gone?\n    [3] Through want and hard hunger\n        they gnaw the dry ground by night in waste and desolation;\n    [4] they pick saltwort and the leaves of bushes,\n        and the roots of the broom tree for their food.(1)\n    [5] They are driven out from human company;\n        they shout after them as after a thief.\n    [6] In the gullies of the torrents they must dwell,\n        in holes of the earth and of the rocks.\n    [7] Among the bushes they bray;\n        under the nettles they huddle together.\n    [8] A senseless, a nameless brood,\n        they have been whipped out of the land.\n    \n    \n    [9] \u201cAnd now I have become their song;\n        I am a byword to them.\n    [10] They abhor me; they keep aloof from me;\n        they do not hesitate to spit at the sight of me.\n    [11] Because God has loosed my cord and humbled me,\n        they have cast off restraint(2) in my presence.\n    [12] On my right hand the rabble rise;\n        they push away my feet;\n        they cast up against me their ways of destruction.\n    [13] They break up my path;\n        they promote my calamity;\n        they need no one to help them.\n    [14] As through a wide breach they come;\n        amid the crash they roll on.\n    [15] Terrors are turned upon me;\n        my honor is pursued as by the wind,\n        and my prosperity has passed away like a cloud.\n    \n    \n    [16] \u201cAnd now my soul is poured out within me;\n        days of affliction have taken hold of me.\n    [17] The night racks my bones,\n        and the pain that gnaws me takes no rest.\n    [18] With great force my garment is disfigured;\n        it binds me about like the collar of my tunic.\n    [19] God(3) has cast me into the mire,\n        and I have become like dust and ashes.\n    [20] I cry to you for help and you do not answer me;\n        I stand, and you only look at me.\n    [21] You have turned cruel to me;\n        with the might of your hand you persecute me.\n    [22] You lift me up on the wind; you make me ride on it,\n        and you toss me about in the roar of the storm.\n    [23] For I know that you will bring me to death\n        and to the house appointed for all living.\n    \n    \n    [24] \u201cYet does not one in a heap of ruins stretch out his hand,\n        and in his disaster cry for help?(4)\n    [25] Did not I weep for him whose day was hard?\n        Was not my soul grieved for the needy?\n    [26] But when I hoped for good, evil came,\n        and when I waited for light, darkness came.\n    [27] My inward parts are in turmoil and never still;\n        days of affliction come to meet me.\n    [28] I go about darkened, but not by the sun;\n        I stand up in the assembly and cry for help.\n    [29] I am a brother of jackals\n        and a companion of ostriches.\n    [30] My skin turns black and falls from me,\n        and my bones burn with heat.\n    [31] My lyre is turned to mourning,\n        and my pipe to the voice of those who weep.\n    \n\nFootnotes\n\n(1) 30:4 Or *warmth*\n\n(2) 30:11 Hebrew *the bridle*\n\n(3) 30:19 Hebrew *He*\n\n(4) 30:24 The meaning of the Hebrew is uncertain\n (ESV)"]}