{"query": "Job 22", "canonical": "Job 22", "parsed": [[18022001, 18022030]], "passage_meta": [{"canonical": "Job 22", "chapter_start": [18022001, 18022030], "chapter_end": [18022001, 18022030], "prev_verse": 18021034, "next_verse": 18023001, "prev_chapter": [18021001, 18021034], "next_chapter": [18023001, 18023017]}], "passages": ["Job 22\n\nEliphaz Speaks: Job\u2019s Wickedness Is Great\n\n  [1] Then Eliphaz the Temanite answered and said:\n\n    [2] \u201cCan a man be profitable to God?\n        Surely he who is wise is profitable to himself.\n    [3] Is it any pleasure to the Almighty if you are in the right,\n        or is it gain to him if you make your ways blameless?\n    [4] Is it for your fear of him that he reproves you\n        and enters into judgment with you?\n    [5] Is not your evil abundant?\n        There is no end to your iniquities.\n    [6] For you have exacted pledges of your brothers for nothing\n        and stripped the naked of their clothing.\n    [7] You have given no water to the weary to drink,\n        and you have withheld bread from the hungry.\n    [8] The man with power possessed the land,\n        and the favored man lived in it.\n    [9] You have sent widows away empty,\n        and the arms of the fatherless were crushed.\n    [10] Therefore snares are all around you,\n        and sudden terror overwhelms you,\n    [11] or darkness, so that you cannot see,\n        and a flood of water covers you.\n    \n    \n    [12] \u201cIs not God high in the heavens?\n        See the highest stars, how lofty they are!\n    [13] But you say, \u2018What does God know?\n        Can he judge through the deep darkness?\n    [14] Thick clouds veil him, so that he does not see,\n        and he walks on the vault of heaven.\u2019\n    [15] Will you keep to the old way\n        that wicked men have trod?\n    [16] They were snatched away before their time;\n        their foundation was washed away.(1)\n    [17] They said to God, \u2018Depart from us,\u2019\n        and \u2018What can the Almighty do to us?\u2019(2)\n    [18] Yet he filled their houses with good things\u2014\n        but the counsel of the wicked is far from me.\n    [19] The righteous see it and are glad;\n        the innocent one mocks at them,\n    [20] saying, \u2018Surely our adversaries are cut off,\n        and what they left the fire has consumed.\u2019\n    \n    \n    [21] \u201cAgree with God, and be at peace;\n        thereby good will come to you.\n    [22] Receive instruction from his mouth,\n        and lay up his words in your heart.\n    [23] If you return to the Almighty you will be built up;\n        if you remove injustice far from your tents,\n    [24] if you lay gold in the dust,\n        and gold of Ophir among the stones of the torrent-bed,\n    [25] then the Almighty will be your gold\n        and your precious silver.\n    [26] For then you will delight yourself in the Almighty\n        and lift up your face to God.\n    [27] You will make your prayer to him, and he will hear you,\n        and you will pay your vows.\n    [28] You will decide on a matter, and it will be established for you,\n        and light will shine on your ways.\n    [29] For when they are humbled you say, \u2018It is because of pride\u2019;(3)\n        but he saves the lowly.\n    [30] He delivers even the one who is not innocent,\n        who will be delivered through the cleanness of your hands.\u201d\n    \n\nFootnotes\n\n(1) 22:16 Or *their foundation was poured out as a stream* (or *river*)\n\n(2) 22:17 Hebrew *them*\n\n(3) 22:29 Or *you say, \u2018It is exaltation\u2019*\n (ESV)"]}