{"query": "Job 16", "canonical": "Job 16", "parsed": [[18016001, 18016022]], "passage_meta": [{"canonical": "Job 16", "chapter_start": [18016001, 18016022], "chapter_end": [18016001, 18016022], "prev_verse": 18015035, "next_verse": 18017001, "prev_chapter": [18015001, 18015035], "next_chapter": [18017001, 18017016]}], "passages": ["Job 16\n\nJob Replies: Miserable Comforters Are You\n\n  [1] Then Job answered and said:\n\n    [2] \u201cI have heard many such things;\n        miserable comforters are you all.\n    [3] Shall windy words have an end?\n        Or what provokes you that you answer?\n    [4] I also could speak as you do,\n        if you were in my place;\n    I could join words together against you\n        and shake my head at you.\n    [5] I could strengthen you with my mouth,\n        and the solace of my lips would assuage your pain.\n    \n    \n    [6] \u201cIf I speak, my pain is not assuaged,\n        and if I forbear, how much of it leaves me?\n    [7] Surely now God has worn me out;\n        he has(1) made desolate all my company.\n    [8] And he has shriveled me up,\n        which is a witness against me,\n    and my leanness has risen up against me;\n        it testifies to my face.\n    [9] He has torn me in his wrath and hated me;\n        he has gnashed his teeth at me;\n        my adversary sharpens his eyes against me.\n    [10] Men have gaped at me with their mouth;\n        they have struck me insolently on the cheek;\n        they mass themselves together against me.\n    [11] God gives me up to the ungodly\n        and casts me into the hands of the wicked.\n    [12] I was at ease, and he broke me apart;\n        he seized me by the neck and dashed me to pieces;\n    he set me up as his target;\n    [13]     his archers surround me.\n    He slashes open my kidneys and does not spare;\n        he pours out my gall on the ground.\n    [14] He breaks me with breach upon breach;\n        he runs upon me like a warrior.\n    [15] I have sewed sackcloth upon my skin\n        and have laid my strength in the dust.\n    [16] My face is red with weeping,\n        and on my eyelids is deep darkness,\n    [17] although there is no violence in my hands,\n        and my prayer is pure.\n    \n    \n    [18] \u201cO earth, cover not my blood,\n        and let my cry find no resting place.\n    [19] Even now, behold, my witness is in heaven,\n        and he who testifies for me is on high.\n    [20] My friends scorn me;\n        my eye pours out tears to God,\n    [21] that he would argue the case of a man with God,\n        as(2) a son of man does with his neighbor.\n    [22] For when a few years have come\n        I shall go the way from which I shall not return.\n    \n\nFootnotes\n\n(1) 16:7 Hebrew *you have*; also verse 8\n\n(2) 16:21 Hebrew *and*\n (ESV)"]}