{"query": "Job 9", "canonical": "Job 9", "parsed": [[18009001, 18009035]], "passage_meta": [{"canonical": "Job 9", "chapter_start": [18009001, 18009035], "chapter_end": [18009001, 18009035], "prev_verse": 18008022, "next_verse": 18010001, "prev_chapter": [18008001, 18008022], "next_chapter": [18010001, 18010022]}], "passages": ["Job 9\n\nJob Replies: There Is No Arbiter\n\n  [1] Then Job answered and said:\n\n    [2] \u201cTruly I know that it is so:\n        But how can a man be in the right before God?\n    [3] If one wished to contend with him,\n        one could not answer him once in a thousand times.\n    [4] He is wise in heart and mighty in strength\n        \u2014who has hardened himself against him, and succeeded?\u2014\n    [5] he who removes mountains, and they know it not,\n        when he overturns them in his anger,\n    [6] who shakes the earth out of its place,\n        and its pillars tremble;\n    [7] who commands the sun, and it does not rise;\n        who seals up the stars;\n    [8] who alone stretched out the heavens\n        and trampled the waves of the sea;\n    [9] who made the Bear and Orion,\n        the Pleiades and the chambers of the south;\n    [10] who does great things beyond searching out,\n        and marvelous things beyond number.\n    [11] Behold, he passes by me, and I see him not;\n        he moves on, but I do not perceive him.\n    [12] Behold, he snatches away; who can turn him back?\n        Who will say to him, \u2018What are you doing?\u2019\n    \n    \n    [13] \u201cGod will not turn back his anger;\n        beneath him bowed the helpers of Rahab.\n    [14] How then can I answer him,\n        choosing my words with him?\n    [15] Though I am in the right, I cannot answer him;\n        I must appeal for mercy to my accuser.(1)\n    [16] If I summoned him and he answered me,\n        I would not believe that he was listening to my voice.\n    [17] For he crushes me with a tempest\n        and multiplies my wounds without cause;\n    [18] he will not let me get my breath,\n        but fills me with bitterness.\n    [19] If it is a contest of strength, behold, he is mighty!\n        If it is a matter of justice, who can summon him?(2)\n    [20] Though I am in the right, my own mouth would condemn me;\n        though I am blameless, he would prove me perverse.\n    [21] I am blameless; I regard not myself;\n        I loathe my life.\n    [22] It is all one; therefore I say,\n        \u2018He destroys both the blameless and the wicked.\u2019\n    [23] When disaster brings sudden death,\n        he mocks at the calamity(3) of the innocent.\n    [24] The earth is given into the hand of the wicked;\n        he covers the faces of its judges\u2014\n        if it is not he, who then is it?\n    \n    \n    [25] \u201cMy days are swifter than a runner;\n        they flee away; they see no good.\n    [26] They go by like skiffs of reed,\n        like an eagle swooping on the prey.\n    [27] If I say, \u2018I will forget my complaint,\n        I will put off my sad face, and be of good cheer,\u2019\n    [28] I become afraid of all my suffering,\n        for I know you will not hold me innocent.\n    [29] I shall be condemned;\n        why then do I labor in vain?\n    [30] If I wash myself with snow\n        and cleanse my hands with lye,\n    [31] yet you will plunge me into a pit,\n        and my own clothes will abhor me.\n    [32] For he is not a man, as I am, that I might answer him,\n        that we should come to trial together.\n    [33] There is no(4) arbiter between us,\n        who might lay his hand on us both.\n    [34] Let him take his rod away from me,\n        and let not dread of him terrify me.\n    [35] Then I would speak without fear of him,\n        for I am not so in myself.\n    \n\nFootnotes\n\n(1) 9:15 Or *to my judge*\n\n(2) 9:19 Or *who can grant me a hearing?*\n\n(3) 9:23 The meaning of the Hebrew word is uncertain\n\n(4) 9:33 Or *Would that there were an*\n (ESV)"]}