{"query": "Job 38", "canonical": "Job 38", "parsed": [[18038001, 18038041]], "passage_meta": [{"canonical": "Job 38", "chapter_start": [18038001, 18038041], "chapter_end": [18038001, 18038041], "prev_verse": 18037024, "next_verse": 18039001, "prev_chapter": [18037001, 18037024], "next_chapter": [18039001, 18039030]}], "passages": ["Job 38\n\nThe LORD Answers Job\n\n  [1] Then the LORD answered Job out of the whirlwind and said:\n\n    [2] \u201cWho is this that darkens counsel by words without knowledge?\n    [3] Dress for action(1) like a man;\n        I will question you, and you make it known to me.\n    \n    \n    [4] \u201cWhere were you when I laid the foundation of the earth?\n        Tell me, if you have understanding.\n    [5] Who determined its measurements\u2014surely you know!\n        Or who stretched the line upon it?\n    [6] On what were its bases sunk,\n        or who laid its cornerstone,\n    [7] when the morning stars sang together\n        and all the sons of God shouted for joy?\n    \n    \n    [8] \u201cOr who shut in the sea with doors\n        when it burst out from the womb,\n    [9] when I made clouds its garment\n        and thick darkness its swaddling band,\n    [10] and prescribed limits for it\n        and set bars and doors,\n    [11] and said, \u2018Thus far shall you come, and no farther,\n        and here shall your proud waves be stayed\u2019?\n    \n    \n    [12] \u201cHave you commanded the morning since your days began,\n        and caused the dawn to know its place,\n    [13] that it might take hold of the skirts of the earth,\n        and the wicked be shaken out of it?\n    [14] It is changed like clay under the seal,\n        and its features stand out like a garment.\n    [15] From the wicked their light is withheld,\n        and their uplifted arm is broken.\n    \n    \n    [16] \u201cHave you entered into the springs of the sea,\n        or walked in the recesses of the deep?\n    [17] Have the gates of death been revealed to you,\n        or have you seen the gates of deep darkness?\n    [18] Have you comprehended the expanse of the earth?\n        Declare, if you know all this.\n    \n    \n    [19] \u201cWhere is the way to the dwelling of light,\n        and where is the place of darkness,\n    [20] that you may take it to its territory\n        and that you may discern the paths to its home?\n    [21] You know, for you were born then,\n        and the number of your days is great!\n    \n    \n    [22] \u201cHave you entered the storehouses of the snow,\n        or have you seen the storehouses of the hail,\n    [23] which I have reserved for the time of trouble,\n        for the day of battle and war?\n    [24] What is the way to the place where the light is distributed,\n        or where the east wind is scattered upon the earth?\n    \n    \n    [25] \u201cWho has cleft a channel for the torrents of rain\n        and a way for the thunderbolt,\n    [26] to bring rain on a land where no man is,\n        on the desert in which there is no man,\n    [27] to satisfy the waste and desolate land,\n        and to make the ground sprout with grass?\n    \n    \n    [28] \u201cHas the rain a father,\n        or who has begotten the drops of dew?\n    [29] From whose womb did the ice come forth,\n        and who has given birth to the frost of heaven?\n    [30] The waters become hard like stone,\n        and the face of the deep is frozen.\n    \n    \n    [31] \u201cCan you bind the chains of the Pleiades\n        or loose the cords of Orion?\n    [32] Can you lead forth the Mazzaroth(2) in their season,\n        or can you guide the Bear with its children?\n    [33] Do you know the ordinances of the heavens?\n        Can you establish their rule on the earth?\n    \n    \n    [34] \u201cCan you lift up your voice to the clouds,\n        that a flood of waters may cover you?\n    [35] Can you send forth lightnings, that they may go\n        and say to you, \u2018Here we are\u2019?\n    [36] Who has put wisdom in the inward parts(3)\n        or given understanding to the mind?(4)\n    [37] Who can number the clouds by wisdom?\n        Or who can tilt the waterskins of the heavens,\n    [38] when the dust runs into a mass\n        and the clods stick fast together?\n    \n    \n    [39] \u201cCan you hunt the prey for the lion,\n        or satisfy the appetite of the young lions,\n    [40] when they crouch in their dens\n        or lie in wait in their thicket?\n    [41] Who provides for the raven its prey,\n        when its young ones cry to God for help,\n        and wander about for lack of food?\n    \n\nFootnotes\n\n(1) 38:3 Hebrew *Gird up your loins*\n\n(2) 38:32 Probably the name of a constellation\n\n(3) 38:36 Or *in the ibis*\n\n(4) 38:36 Or *rooster*\n (ESV)"]}