{"query": "Job 8", "canonical": "Job 8", "parsed": [[18008001, 18008022]], "passage_meta": [{"canonical": "Job 8", "chapter_start": [18008001, 18008022], "chapter_end": [18008001, 18008022], "prev_verse": 18007021, "next_verse": 18009001, "prev_chapter": [18007001, 18007021], "next_chapter": [18009001, 18009035]}], "passages": ["Job 8\n\nBildad Speaks: Job Should Repent\n\n  [1] Then Bildad the Shuhite answered and said:\n\n    [2] \u201cHow long will you say these things,\n        and the words of your mouth be a great wind?\n    [3] Does God pervert justice?\n        Or does the Almighty pervert the right?\n    [4] If your children have sinned against him,\n        he has delivered them into the hand of their transgression.\n    [5] If you will seek God\n        and plead with the Almighty for mercy,\n    [6] if you are pure and upright,\n        surely then he will rouse himself for you\n        and restore your rightful habitation.\n    [7] And though your beginning was small,\n        your latter days will be very great.\n    \n    \n    [8] \u201cFor inquire, please, of bygone ages,\n        and consider what the fathers have searched out.\n    [9] For we are but of yesterday and know nothing,\n        for our days on earth are a shadow.\n    [10] Will they not teach you and tell you\n        and utter words out of their understanding?\n    \n    \n    [11] \u201cCan papyrus grow where there is no marsh?\n        Can reeds flourish where there is no water?\n    [12] While yet in flower and not cut down,\n        they wither before any other plant.\n    [13] Such are the paths of all who forget God;\n        the hope of the godless shall perish.\n    [14] His confidence is severed,\n        and his trust is a spider\u2019s web.(1)\n    [15] He leans against his house, but it does not stand;\n        he lays hold of it, but it does not endure.\n    [16] He is a lush plant before the sun,\n        and his shoots spread over his garden.\n    [17] His roots entwine the stone heap;\n        he looks upon a house of stones.\n    [18] If he is destroyed from his place,\n        then it will deny him, saying, \u2018I have never seen you.\u2019\n    [19] Behold, this is the joy of his way,\n        and out of the soil others will spring.\n    \n    \n    [20] \u201cBehold, God will not reject a blameless man,\n        nor take the hand of evildoers.\n    [21] He will yet fill your mouth with laughter,\n        and your lips with shouting.\n    [22] Those who hate you will be clothed with shame,\n        and the tent of the wicked will be no more.\u201d\n    \n\nFootnotes\n\n(1) 8:14 Hebrew *house*\n (ESV)"]}