{"query": "Job 42", "canonical": "Job 42", "parsed": [[18042001, 18042017]], "passage_meta": [{"canonical": "Job 42", "chapter_start": [18042001, 18042017], "chapter_end": [18042001, 18042017], "prev_verse": 18041034, "next_verse": 19001001, "prev_chapter": [18041001, 18041034], "next_chapter": [19001001, 19001006]}], "passages": ["Job 42\n\nJob\u2019s Confession and Repentance\n\n  [1] Then Job answered the LORD and said:\n\n    [2] \u201cI know that you can do all things,\n        and that no purpose of yours can be thwarted.\n    [3] \u2018Who is this that hides counsel without knowledge?\u2019\n    Therefore I have uttered what I did not understand,\n        things too wonderful for me, which I did not know.\n    [4] \u2018Hear, and I will speak;\n        I will question you, and you make it known to me.\u2019\n    [5] I had heard of you by the hearing of the ear,\n        but now my eye sees you;\n    [6] therefore I despise myself,\n        and repent(1) in dust and ashes.\u201d\n    \n    \n    The LORD Rebukes Job\u2019s Friends\n\n  [7] After the LORD had spoken these words to Job, the LORD said to Eliphaz the Temanite: \u201cMy anger burns against you and against your two friends, for you have not spoken of me what is right, as my servant Job has. [8] Now therefore take seven bulls and seven rams and go to my servant Job and offer up a burnt offering for yourselves. And my servant Job shall pray for you, for I will accept his prayer not to deal with you according to your folly. For you have not spoken of me what is right, as my servant Job has.\u201d [9] So Eliphaz the Temanite and Bildad the Shuhite and Zophar the Naamathite went and did what the LORD had told them, and the LORD accepted Job\u2019s prayer.\n\nThe LORD Restores Job\u2019s Fortunes\n\n  [10] And the LORD restored the fortunes of Job, when he had prayed for his friends. And the LORD gave Job twice as much as he had before. [11] Then came to him all his brothers and sisters and all who had known him before, and ate bread with him in his house. And they showed him sympathy and comforted him for all the evil(2) that the LORD had brought upon him. And each of them gave him a piece of money(3) and a ring of gold.\n\n  [12] And the LORD blessed the latter days of Job more than his beginning. And he had 14,000 sheep, 6,000 camels, 1,000 yoke of oxen, and 1,000 female donkeys. [13] He had also seven sons and three daughters. [14] And he called the name of the first daughter Jemimah, and the name of the second Keziah, and the name of the third Keren-happuch. [15] And in all the land there were no women so beautiful as Job\u2019s daughters. And their father gave them an inheritance among their brothers. [16] And after this Job lived 140 years, and saw his sons, and his sons\u2019 sons, four generations. [17] And Job died, an old man, and full of days.\n\nFootnotes\n\n(1) 42:6 Or *and am comforted*\n\n(2) 42:11 Or *disaster*\n\n(3) 42:11 Hebrew *a qesitah*; a unit of money of unknown value\n (ESV)"]}