{"query": "Job 26", "canonical": "Job 26", "parsed": [[18026001, 18026014]], "passage_meta": [{"canonical": "Job 26", "chapter_start": [18026001, 18026014], "chapter_end": [18026001, 18026014], "prev_verse": 18025006, "next_verse": 18027001, "prev_chapter": [18025001, 18025006], "next_chapter": [18027001, 18027023]}], "passages": ["Job 26\n\nJob Replies: God\u2019s Majesty Is Unsearchable\n\n  [1] Then Job answered and said:\n\n    [2] \u201cHow you have helped him who has no power!\n        How you have saved the arm that has no strength!\n    [3] How you have counseled him who has no wisdom,\n        and plentifully declared sound knowledge!\n    [4] With whose help have you uttered words,\n        and whose breath has come out from you?\n    [5] The dead tremble\n        under the waters and their inhabitants.\n    [6] Sheol is naked before God,(1)\n        and Abaddon has no covering.\n    [7] He stretches out the north over the void\n        and hangs the earth on nothing.\n    [8] He binds up the waters in his thick clouds,\n        and the cloud is not split open under them.\n    [9] He covers the face of the full moon(2)\n        and spreads over it his cloud.\n    [10] He has inscribed a circle on the face of the waters\n        at the boundary between light and darkness.\n    [11] The pillars of heaven tremble\n        and are astounded at his rebuke.\n    [12] By his power he stilled the sea;\n        by his understanding he shattered Rahab.\n    [13] By his wind the heavens were made fair;\n        his hand pierced the fleeing serpent.\n    [14] Behold, these are but the outskirts of his ways,\n        and how small a whisper do we hear of him!\n        But the thunder of his power who can understand?\u201d\n    \n\nFootnotes\n\n(1) 26:6 Hebrew *him*\n\n(2) 26:9 Or *his throne*\n (ESV)"]}