{"query": "Job 2", "canonical": "Job 2", "parsed": [[18002001, 18002013]], "passage_meta": [{"canonical": "Job 2", "chapter_start": [18002001, 18002013], "chapter_end": [18002001, 18002013], "prev_verse": 18001022, "next_verse": 18003001, "prev_chapter": [18001001, 18001022], "next_chapter": [18003001, 18003026]}], "passages": ["Job 2\n\nSatan Attacks Job\u2019s Health\n\n  [1] Again there was a day when the sons of God came to present themselves before the LORD, and Satan also came among them to present himself before the LORD. [2] And the LORD said to Satan, \u201cFrom where have you come?\u201d Satan answered the LORD and said, \u201cFrom going to and fro on the earth, and from walking up and down on it.\u201d [3] And the LORD said to Satan, \u201cHave you considered my servant Job, that there is none like him on the earth, a blameless and upright man, who fears God and turns away from evil? He still holds fast his integrity, although you incited me against him to destroy him without reason.\u201d [4] Then Satan answered the LORD and said, \u201cSkin for skin! All that a man has he will give for his life. [5] But stretch out your hand and touch his bone and his flesh, and he will curse you to your face.\u201d [6] And the LORD said to Satan, \u201cBehold, he is in your hand; only spare his life.\u201d\n\n  [7] So Satan went out from the presence of the LORD and struck Job with loathsome sores from the sole of his foot to the crown of his head. [8] And he took a piece of broken pottery with which to scrape himself while he sat in the ashes.\n\n  [9] Then his wife said to him, \u201cDo you still hold fast your integrity? Curse God and die.\u201d [10] But he said to her, \u201cYou speak as one of the foolish women would speak. Shall we receive good from God, and shall we not receive evil?\u201d(1) In all this Job did not sin with his lips.\n\nJob\u2019s Three Friends\n\n  [11] Now when Job\u2019s three friends heard of all this evil that had come upon him, they came each from his own place, Eliphaz the Temanite, Bildad the Shuhite, and Zophar the Naamathite. They made an appointment together to come to show him sympathy and comfort him. [12] And when they saw him from a distance, they did not recognize him. And they raised their voices and wept, and they tore their robes and sprinkled dust on their heads toward heaven. [13] And they sat with him on the ground seven days and seven nights, and no one spoke a word to him, for they saw that his suffering was very great.\n\nFootnotes\n\n(1) 2:10 Or *disaster*; also verse 11\n (ESV)"]}