{"query": "Job 12", "canonical": "Job 12", "parsed": [[18012001, 18012025]], "passage_meta": [{"canonical": "Job 12", "chapter_start": [18012001, 18012025], "chapter_end": [18012001, 18012025], "prev_verse": 18011020, "next_verse": 18013001, "prev_chapter": [18011001, 18011020], "next_chapter": [18013001, 18013028]}], "passages": ["Job 12\n\nJob Replies: The LORD Has Done This\n\n  [1] Then Job answered and said:\n\n    [2] \u201cNo doubt you are the people,\n        and wisdom will die with you.\n    [3] But I have understanding as well as you;\n        I am not inferior to you.\n        Who does not know such things as these?\n    [4] I am a laughingstock to my friends;\n        I, who called to God and he answered me,\n        a just and blameless man, am a laughingstock.\n    [5] In the thought of one who is at ease there is contempt for misfortune;\n        it is ready for those whose feet slip.\n    [6] The tents of robbers are at peace,\n        and those who provoke God are secure,\n        who bring their god in their hand.(1)\n    \n    \n    [7] \u201cBut ask the beasts, and they will teach you;\n        the birds of the heavens, and they will tell you;\n    [8] or the bushes of the earth, and they will teach you;(2)\n        and the fish of the sea will declare to you.\n    [9] Who among all these does not know\n        that the hand of the LORD has done this?\n    [10] In his hand is the life of every living thing\n        and the breath of all mankind.\n    [11] Does not the ear test words\n        as the palate tastes food?\n    [12] Wisdom is with the aged,\n        and understanding in length of days.\n    \n    \n    [13] \u201cWith God(3) are wisdom and might;\n        he has counsel and understanding.\n    [14] If he tears down, none can rebuild;\n        if he shuts a man in, none can open.\n    [15] If he withholds the waters, they dry up;\n        if he sends them out, they overwhelm the land.\n    [16] With him are strength and sound wisdom;\n        the deceived and the deceiver are his.\n    [17] He leads counselors away stripped,\n        and judges he makes fools.\n    [18] He looses the bonds of kings\n        and binds a waistcloth on their hips.\n    [19] He leads priests away stripped\n        and overthrows the mighty.\n    [20] He deprives of speech those who are trusted\n        and takes away the discernment of the elders.\n    [21] He pours contempt on princes\n        and loosens the belt of the strong.\n    [22] He uncovers the deeps out of darkness\n        and brings deep darkness to light.\n    [23] He makes nations great, and he destroys them;\n        he enlarges nations, and leads them away.\n    [24] He takes away understanding from the chiefs of the people of the earth\n        and makes them wander in a trackless waste.\n    [25] They grope in the dark without light,\n        and he makes them stagger like a drunken man.\n    \n\nFootnotes\n\n(1) 12:6 The meaning of the Hebrew is uncertain\n\n(2) 12:8 Or *or speak to the earth, and it will teach you*\n\n(3) 12:13 Hebrew *him*\n (ESV)"]}