{"query": "Job 3", "canonical": "Job 3", "parsed": [[18003001, 18003026]], "passage_meta": [{"canonical": "Job 3", "chapter_start": [18003001, 18003026], "chapter_end": [18003001, 18003026], "prev_verse": 18002013, "next_verse": 18004001, "prev_chapter": [18002001, 18002013], "next_chapter": [18004001, 18004021]}], "passages": ["Job 3\n\nJob Laments His Birth\n\n  [1] After this Job opened his mouth and cursed the day of his birth. [2] And Job said:\n\n    [3] \u201cLet the day perish on which I was born,\n        and the night that said,\n        \u2018A man is conceived.\u2019\n    [4] Let that day be darkness!\n        May God above not seek it,\n        nor light shine upon it.\n    [5] Let gloom and deep darkness claim it.\n        Let clouds dwell upon it;\n        let the blackness of the day terrify it.\n    [6] That night\u2014let thick darkness seize it!\n        Let it not rejoice among the days of the year;\n        let it not come into the number of the months.\n    [7] Behold, let that night be barren;\n        let no joyful cry enter it.\n    [8] Let those curse it who curse the day,\n        who are ready to rouse up Leviathan.\n    [9] Let the stars of its dawn be dark;\n        let it hope for light, but have none,\n        nor see the eyelids of the morning,\n    [10] because it did not shut the doors of my mother\u2019s womb,\n        nor hide trouble from my eyes.\n    \n    \n    [11] \u201cWhy did I not die at birth,\n        come out from the womb and expire?\n    [12] Why did the knees receive me?\n        Or why the breasts, that I should nurse?\n    [13] For then I would have lain down and been quiet;\n        I would have slept; then I would have been at rest,\n    [14] with kings and counselors of the earth\n        who rebuilt ruins for themselves,\n    [15] or with princes who had gold,\n        who filled their houses with silver.\n    [16] Or why was I not as a hidden stillborn child,\n        as infants who never see the light?\n    [17] There the wicked cease from troubling,\n        and there the weary are at rest.\n    [18] There the prisoners are at ease together;\n        they hear not the voice of the taskmaster.\n    [19] The small and the great are there,\n        and the slave is free from his master.\n    \n    \n    [20] \u201cWhy is light given to him who is in misery,\n        and life to the bitter in soul,\n    [21] who long for death, but it comes not,\n        and dig for it more than for hidden treasures,\n    [22] who rejoice exceedingly\n        and are glad when they find the grave?\n    [23] Why is light given to a man whose way is hidden,\n        whom God has hedged in?\n    [24] For my sighing comes instead of(1) my bread,\n        and my groanings are poured out like water.\n    [25] For the thing that I fear comes upon me,\n        and what I dread befalls me.\n    [26] I am not at ease, nor am I quiet;\n        I have no rest, but trouble comes.\u201d\n    \n\nFootnotes\n\n(1) 3:24 Or *like*; Hebrew *before*\n (ESV)"]}