{"query": "Job 27", "canonical": "Job 27", "parsed": [[18027001, 18027023]], "passage_meta": [{"canonical": "Job 27", "chapter_start": [18027001, 18027023], "chapter_end": [18027001, 18027023], "prev_verse": 18026014, "next_verse": 18028001, "prev_chapter": [18026001, 18026014], "next_chapter": [18028001, 18028028]}], "passages": ["Job 27\n\nJob Continues: I Will Maintain My Integrity\n\n  [1] And Job again took up his discourse, and said:\n\n    [2] \u201cAs God lives, who has taken away my right,\n        and the Almighty, who has made my soul bitter,\n    [3] as long as my breath is in me,\n        and the spirit of God is in my nostrils,\n    [4] my lips will not speak falsehood,\n        and my tongue will not utter deceit.\n    [5] Far be it from me to say that you are right;\n        till I die I will not put away my integrity from me.\n    [6] I hold fast my righteousness and will not let it go;\n        my heart does not reproach me for any of my days.\n    \n    \n    [7] \u201cLet my enemy be as the wicked,\n        and let him who rises up against me be as the unrighteous.\n    [8] For what is the hope of the godless when God cuts him off,\n        when God takes away his life?\n    [9] Will God hear his cry\n        when distress comes upon him?\n    [10] Will he take delight in the Almighty?\n        Will he call upon God at all times?\n    [11] I will teach you concerning the hand of God;\n        what is with the Almighty I will not conceal.\n    [12] Behold, all of you have seen it yourselves;\n        why then have you become altogether vain?\n    \n    \n    [13] \u201cThis is the portion of a wicked man with God,\n        and the heritage that oppressors receive from the Almighty:\n    [14] If his children are multiplied, it is for the sword,\n        and his descendants have not enough bread.\n    [15] Those who survive him the pestilence buries,\n        and his widows do not weep.\n    [16] Though he heap up silver like dust,\n        and pile up clothing like clay,\n    [17] he may pile it up, but the righteous will wear it,\n        and the innocent will divide the silver.\n    [18] He builds his house like a moth\u2019s,\n        like a booth that a watchman makes.\n    [19] He goes to bed rich, but will do so no more;\n        he opens his eyes, and his wealth is gone.\n    [20] Terrors overtake him like a flood;\n        in the night a whirlwind carries him off.\n    [21] The east wind lifts him up and he is gone;\n        it sweeps him out of his place.\n    [22] It(1) hurls at him without pity;\n        he flees from its(2) power in headlong flight.\n    [23] It claps its hands at him\n        and hisses at him from its place.\n    \n\nFootnotes\n\n(1) 27:22 Or *He* (that is, God); also verse 23\n\n(2) 27:22 Or *his*; also verse 23\n (ESV)"]}