{"query": "Job 31", "canonical": "Job 31", "parsed": [[18031001, 18031040]], "passage_meta": [{"canonical": "Job 31", "chapter_start": [18031001, 18031040], "chapter_end": [18031001, 18031040], "prev_verse": 18030031, "next_verse": 18032001, "prev_chapter": [18030001, 18030031], "next_chapter": [18032001, 18032022]}], "passages": ["Job 31\n\nJob\u2019s Final Appeal\n\n    [1] \u201cI have made a covenant with my eyes;\n        how then could I gaze at a virgin?\n    [2] What would be my portion from God above\n        and my heritage from the Almighty on high?\n    [3] Is not calamity for the unrighteous,\n        and disaster for the workers of iniquity?\n    [4] Does not he see my ways\n        and number all my steps?\n    \n    \n    [5] \u201cIf I have walked with falsehood\n        and my foot has hastened to deceit;\n    [6] (Let me be weighed in a just balance,\n        and let God know my integrity!)\n    [7] if my step has turned aside from the way\n        and my heart has gone after my eyes,\n        and if any spot has stuck to my hands,\n    [8] then let me sow, and another eat,\n        and let what grows for me(1) be rooted out.\n    \n    \n    [9] \u201cIf my heart has been enticed toward a woman,\n        and I have lain in wait at my neighbor\u2019s door,\n    [10] then let my wife grind for another,\n        and let others bow down on her.\n    [11] For that would be a heinous crime;\n        that would be an iniquity to be punished by the judges;\n    [12] for that would be a fire that consumes as far as Abaddon,\n        and it would burn to the root all my increase.\n    \n    \n    [13] \u201cIf I have rejected the cause of my manservant or my maidservant,\n        when they brought a complaint against me,\n    [14] what then shall I do when God rises up?\n        When he makes inquiry, what shall I answer him?\n    [15] Did not he who made me in the womb make him?\n        And did not one fashion us in the womb?\n    \n    \n    [16] \u201cIf I have withheld anything that the poor desired,\n        or have caused the eyes of the widow to fail,\n    [17] or have eaten my morsel alone,\n        and the fatherless has not eaten of it\n    [18] (for from my youth the fatherless(2) grew up with me as with a father,\n        and from my mother\u2019s womb I guided the widow(3)),\n    [19] if I have seen anyone perish for lack of clothing,\n        or the needy without covering,\n    [20] if his body has not blessed me,(4)\n        and if he was not warmed with the fleece of my sheep,\n    [21] if I have raised my hand against the fatherless,\n        because I saw my help in the gate,\n    [22] then let my shoulder blade fall from my shoulder,\n        and let my arm be broken from its socket.\n    [23] For I was in terror of calamity from God,\n        and I could not have faced his majesty.\n    \n    \n    [24] \u201cIf I have made gold my trust\n        or called fine gold my confidence,\n    [25] if I have rejoiced because my wealth was abundant\n        or because my hand had found much,\n    [26] if I have looked at the sun(5) when it shone,\n        or the moon moving in splendor,\n    [27] and my heart has been secretly enticed,\n        and my mouth has kissed my hand,\n    [28] this also would be an iniquity to be punished by the judges,\n        for I would have been false to God above.\n    \n    \n    [29] \u201cIf I have rejoiced at the ruin of him who hated me,\n        or exulted when evil overtook him\n    [30] (I have not let my mouth sin\n        by asking for his life with a curse),\n    [31] if the men of my tent have not said,\n        \u2018Who is there that has not been filled with his meat?\u2019\n    [32] (the sojourner has not lodged in the street;\n        I have opened my doors to the traveler),\n    [33] if I have concealed my transgressions as others do(6)\n        by hiding my iniquity in my heart,\n    [34] because I stood in great fear of the multitude,\n        and the contempt of families terrified me,\n        so that I kept silence, and did not go out of doors\u2014\n    [35] Oh, that I had one to hear me!\n        (Here is my signature! Let the Almighty answer me!)\n        Oh, that I had the indictment written by my adversary!\n    [36] Surely I would carry it on my shoulder;\n        I would bind it on me as a crown;\n    [37] I would give him an account of all my steps;\n        like a prince I would approach him.\n    \n    \n    [38] \u201cIf my land has cried out against me\n        and its furrows have wept together,\n    [39] if I have eaten its yield without payment\n        and made its owners breathe their last,\n    [40] let thorns grow instead of wheat,\n        and foul weeds instead of barley.\u201d\n    \n    \n      The words of Job are ended.\n\nFootnotes\n\n(1) 31:8 Or *let my descendants*\n\n(2) 31:18 Hebrew *he*\n\n(3) 31:18 Hebrew *her*\n\n(4) 31:20 Hebrew *if his loins have not blessed me*\n\n(5) 31:26 Hebrew *the light*\n\n(6) 31:33 Or *as Adam did*\n (ESV)"]}