{"query": "Job 18", "canonical": "Job 18", "parsed": [[18018001, 18018021]], "passage_meta": [{"canonical": "Job 18", "chapter_start": [18018001, 18018021], "chapter_end": [18018001, 18018021], "prev_verse": 18017016, "next_verse": 18019001, "prev_chapter": [18017001, 18017016], "next_chapter": [18019001, 18019029]}], "passages": ["Job 18\n\nBildad Speaks: God Punishes the Wicked\n\n  [1] Then Bildad the Shuhite answered and said:\n\n    [2] \u201cHow long will you hunt for words?\n        Consider, and then we will speak.\n    [3] Why are we counted as cattle?\n        Why are we stupid in your sight?\n    [4] You who tear yourself in your anger,\n        shall the earth be forsaken for you,\n        or the rock be removed out of its place?\n    \n    \n    [5] \u201cIndeed, the light of the wicked is put out,\n        and the flame of his fire does not shine.\n    [6] The light is dark in his tent,\n        and his lamp above him is put out.\n    [7] His strong steps are shortened,\n        and his own schemes throw him down.\n    [8] For he is cast into a net by his own feet,\n        and he walks on its mesh.\n    [9] A trap seizes him by the heel;\n        a snare lays hold of him.\n    [10] A rope is hidden for him in the ground,\n        a trap for him in the path.\n    [11] Terrors frighten him on every side,\n        and chase him at his heels.\n    [12] His strength is famished,\n        and calamity is ready for his stumbling.\n    [13] It consumes the parts of his skin;\n        the firstborn of death consumes his limbs.\n    [14] He is torn from the tent in which he trusted\n        and is brought to the king of terrors.\n    [15] In his tent dwells that which is none of his;\n        sulfur is scattered over his habitation.\n    [16] His roots dry up beneath,\n        and his branches wither above.\n    [17] His memory perishes from the earth,\n        and he has no name in the street.\n    [18] He is thrust from light into darkness,\n        and driven out of the world.\n    [19] He has no posterity or progeny among his people,\n        and no survivor where he used to live.\n    [20] They of the west are appalled at his day,\n        and horror seizes them of the east.\n    [21] Surely such are the dwellings of the unrighteous,\n        such is the place of him who knows not God.\u201d (ESV)"]}