{"query": "Job 35", "canonical": "Job 35", "parsed": [[18035001, 18035016]], "passage_meta": [{"canonical": "Job 35", "chapter_start": [18035001, 18035016], "chapter_end": [18035001, 18035016], "prev_verse": 18034037, "next_verse": 18036001, "prev_chapter": [18034001, 18034037], "next_chapter": [18036001, 18036033]}], "passages": ["Job 35\n\nElihu Condemns Job\n\n  [1] And Elihu answered and said:\n\n    [2] \u201cDo you think this to be just?\n        Do you say, \u2018It is my right before God,\u2019\n    [3] that you ask, \u2018What advantage have I?\n        How am I better off than if I had sinned?\u2019\n    [4] I will answer you\n        and your friends with you.\n    [5] Look at the heavens, and see;\n        and behold the clouds, which are higher than you.\n    [6] If you have sinned, what do you accomplish against him?\n        And if your transgressions are multiplied, what do you do to him?\n    [7] If you are righteous, what do you give to him?\n        Or what does he receive from your hand?\n    [8] Your wickedness concerns a man like yourself,\n        and your righteousness a son of man.\n    \n    \n    [9] \u201cBecause of the multitude of oppressions people cry out;\n        they call for help because of the arm of the mighty.(1)\n    [10] But none says, \u2018Where is God my Maker,\n        who gives songs in the night,\n    [11] who teaches us more than the beasts of the earth\n        and makes us wiser than the birds of the heavens?\u2019\n    [12] There they cry out, but he does not answer,\n        because of the pride of evil men.\n    [13] Surely God does not hear an empty cry,\n        nor does the Almighty regard it.\n    [14] How much less when you say that you do not see him,\n        that the case is before him, and you are waiting for him!\n    [15] And now, because his anger does not punish,\n        and he does not take much note of transgression,(2)\n    [16] Job opens his mouth in empty talk;\n        he multiplies words without knowledge.\u201d\n    \n\nFootnotes\n\n(1) 35:9 Or *the many*\n\n(2) 35:15 Theodotion, Symmachus (compare Vulgate); the meaning of the Hebrew word is uncertain\n (ESV)"]}