{"query": "Job 14", "canonical": "Job 14", "parsed": [[18014001, 18014022]], "passage_meta": [{"canonical": "Job 14", "chapter_start": [18014001, 18014022], "chapter_end": [18014001, 18014022], "prev_verse": 18013028, "next_verse": 18015001, "prev_chapter": [18013001, 18013028], "next_chapter": [18015001, 18015035]}], "passages": ["Job 14\n\nJob Continues: Death Comes Soon to All\n\n    [1] \u201cMan who is born of a woman\n        is few of days and full of trouble.\n    [2] He comes out like a flower and withers;\n        he flees like a shadow and continues not.\n    [3] And do you open your eyes on such a one\n        and bring me into judgment with you?\n    [4] Who can bring a clean thing out of an unclean?\n        There is not one.\n    [5] Since his days are determined,\n        and the number of his months is with you,\n        and you have appointed his limits that he cannot pass,\n    [6] look away from him and leave him alone,(1)\n        that he may enjoy, like a hired hand, his day.\n    \n    \n    [7] \u201cFor there is hope for a tree,\n        if it be cut down, that it will sprout again,\n        and that its shoots will not cease.\n    [8] Though its root grow old in the earth,\n        and its stump die in the soil,\n    [9] yet at the scent of water it will bud\n        and put out branches like a young plant.\n    [10] But a man dies and is laid low;\n        man breathes his last, and where is he?\n    [11] As waters fail from a lake\n        and a river wastes away and dries up,\n    [12] so a man lies down and rises not again;\n        till the heavens are no more he will not awake\n        or be roused out of his sleep.\n    [13] Oh that you would hide me in Sheol,\n        that you would conceal me until your wrath be past,\n        that you would appoint me a set time, and remember me!\n    [14] If a man dies, shall he live again?\n        All the days of my service I would wait,\n        till my renewal(2) should come.\n    [15] You would call, and I would answer you;\n        you would long for the work of your hands.\n    [16] For then you would number my steps;\n        you would not keep watch over my sin;\n    [17] my transgression would be sealed up in a bag,\n        and you would cover over my iniquity.\n    \n    \n    [18] \u201cBut the mountain falls and crumbles away,\n        and the rock is removed from its place;\n    [19] the waters wear away the stones;\n        the torrents wash away the soil of the earth;\n        so you destroy the hope of man.\n    [20] You prevail forever against him, and he passes;\n        you change his countenance, and send him away.\n    [21] His sons come to honor, and he does not know it;\n        they are brought low, and he perceives it not.\n    [22] He feels only the pain of his own body,\n        and he mourns only for himself.\u201d\n    \n\nFootnotes\n\n(1) 14:6 Probable reading; Hebrew *look away from him, that he may cease*\n\n(2) 14:14 Or *relief*\n (ESV)"]}