{"query": "Job 19", "canonical": "Job 19", "parsed": [[18019001, 18019029]], "passage_meta": [{"canonical": "Job 19", "chapter_start": [18019001, 18019029], "chapter_end": [18019001, 18019029], "prev_verse": 18018021, "next_verse": 18020001, "prev_chapter": [18018001, 18018021], "next_chapter": [18020001, 18020029]}], "passages": ["Job 19\n\nJob Replies: My Redeemer Lives\n\n  [1] Then Job answered and said:\n\n    [2] \u201cHow long will you torment me\n        and break me in pieces with words?\n    [3] These ten times you have cast reproach upon me;\n        are you not ashamed to wrong me?\n    [4] And even if it be true that I have erred,\n        my error remains with myself.\n    [5] If indeed you magnify yourselves against me\n        and make my disgrace an argument against me,\n    [6] know then that God has put me in the wrong\n        and closed his net about me.\n    [7] Behold, I cry out, \u2018Violence!\u2019 but I am not answered;\n        I call for help, but there is no justice.\n    [8] He has walled up my way, so that I cannot pass,\n        and he has set darkness upon my paths.\n    [9] He has stripped from me my glory\n        and taken the crown from my head.\n    [10] He breaks me down on every side, and I am gone,\n        and my hope has he pulled up like a tree.\n    [11] He has kindled his wrath against me\n        and counts me as his adversary.\n    [12] His troops come on together;\n        they have cast up their siege ramp(1) against me\n        and encamp around my tent.\n    \n    \n    [13] \u201cHe has put my brothers far from me,\n        and those who knew me are wholly estranged from me.\n    [14] My relatives have failed me,\n        my close friends have forgotten me.\n    [15] The guests in my house and my maidservants count me as a stranger;\n        I have become a foreigner in their eyes.\n    [16] I call to my servant, but he gives me no answer;\n        I must plead with him with my mouth for mercy.\n    [17] My breath is strange to my wife,\n        and I am a stench to the children of my own mother.\n    [18] Even young children despise me;\n        when I rise they talk against me.\n    [19] All my intimate friends abhor me,\n        and those whom I loved have turned against me.\n    [20] My bones stick to my skin and to my flesh,\n        and I have escaped by the skin of my teeth.\n    [21] Have mercy on me, have mercy on me, O you my friends,\n        for the hand of God has touched me!\n    [22] Why do you, like God, pursue me?\n        Why are you not satisfied with my flesh?\n    \n    \n    [23] \u201cOh that my words were written!\n        Oh that they were inscribed in a book!\n    [24] Oh that with an iron pen and lead\n        they were engraved in the rock forever!\n    [25] For I know that my Redeemer lives,\n        and at the last he will stand upon the earth.(2)\n    [26] And after my skin has been thus destroyed,\n        yet in(3) my flesh I shall see God,\n    [27] whom I shall see for myself,\n        and my eyes shall behold, and not another.\n        My heart faints within me!\n    [28] If you say, \u2018How we will pursue him!\u2019\n        and, \u2018The root of the matter is found in him,\u2019(4)\n    [29] be afraid of the sword,\n        for wrath brings the punishment of the sword,\n        that you may know there is a judgment.\u201d\n    \n\nFootnotes\n\n(1) 19:12 Hebrew *their way*\n\n(2) 19:25 Hebrew *dust*\n\n(3) 19:26 Or *without*\n\n(4) 19:28 Many Hebrew manuscripts *in me*\n (ESV)"]}