{"query": "Job 29", "canonical": "Job 29", "parsed": [[18029001, 18029025]], "passage_meta": [{"canonical": "Job 29", "chapter_start": [18029001, 18029025], "chapter_end": [18029001, 18029025], "prev_verse": 18028028, "next_verse": 18030001, "prev_chapter": [18028001, 18028028], "next_chapter": [18030001, 18030031]}], "passages": ["Job 29\n\nJob\u2019s Summary Defense\n\n  [1] And Job again took up his discourse, and said:\n\n    [2] \u201cOh, that I were as in the months of old,\n        as in the days when God watched over me,\n    [3] when his lamp shone upon my head,\n        and by his light I walked through darkness,\n    [4] as I was in my prime,(1)\n        when the friendship of God was upon my tent,\n    [5] when the Almighty was yet with me,\n        when my children were all around me,\n    [6] when my steps were washed with butter,\n        and the rock poured out for me streams of oil!\n    [7] When I went out to the gate of the city,\n        when I prepared my seat in the square,\n    [8] the young men saw me and withdrew,\n        and the aged rose and stood;\n    [9] the princes refrained from talking\n        and laid their hand on their mouth;\n    [10] the voice of the nobles was hushed,\n        and their tongue stuck to the roof of their mouth.\n    [11] When the ear heard, it called me blessed,\n        and when the eye saw, it approved,\n    [12] because I delivered the poor who cried for help,\n        and the fatherless who had none to help him.\n    [13] The blessing of him who was about to perish came upon me,\n        and I caused the widow\u2019s heart to sing for joy.\n    [14] I put on righteousness, and it clothed me;\n        my justice was like a robe and a turban.\n    [15] I was eyes to the blind\n        and feet to the lame.\n    [16] I was a father to the needy,\n        and I searched out the cause of him whom I did not know.\n    [17] I broke the fangs of the unrighteous\n        and made him drop his prey from his teeth.\n    [18] Then I thought, \u2018I shall die in my nest,\n        and I shall multiply my days as the sand,\n    [19] my roots spread out to the waters,\n        with the dew all night on my branches,\n    [20] my glory fresh with me,\n        and my bow ever new in my hand.\u2019\n    \n    \n    [21] \u201cMen listened to me and waited\n        and kept silence for my counsel.\n    [22] After I spoke they did not speak again,\n        and my word dropped upon them.\n    [23] They waited for me as for the rain,\n        and they opened their mouths as for the spring rain.\n    [24] I smiled on them when they had no confidence,\n        and the light of my face they did not cast down.\n    [25] I chose their way and sat as chief,\n        and I lived like a king among his troops,\n        like one who comforts mourners.\n    \n\nFootnotes\n\n(1) 29:4 Hebrew *my autumn days*\n (ESV)"]}