{"query": "Job 11", "canonical": "Job 11", "parsed": [[18011001, 18011020]], "passage_meta": [{"canonical": "Job 11", "chapter_start": [18011001, 18011020], "chapter_end": [18011001, 18011020], "prev_verse": 18010022, "next_verse": 18012001, "prev_chapter": [18010001, 18010022], "next_chapter": [18012001, 18012025]}], "passages": ["Job 11\n\nZophar Speaks: You Deserve Worse\n\n  [1] Then Zophar the Naamathite answered and said:\n\n    [2] \u201cShould a multitude of words go unanswered,\n        and a man full of talk be judged right?\n    [3] Should your babble silence men,\n        and when you mock, shall no one shame you?\n    [4] For you say, \u2018My doctrine is pure,\n        and I am clean in God\u2019s(1) eyes.\u2019\n    [5] But oh, that God would speak\n        and open his lips to you,\n    [6] and that he would tell you the secrets of wisdom!\n        For he is manifold in understanding.(2)\n    Know then that God exacts of you less than your guilt deserves.\n    \n    \n    [7] \u201cCan you find out the deep things of God?\n        Can you find out the limit of the Almighty?\n    [8] It is higher than heaven(3)\u2014what can you do?\n        Deeper than Sheol\u2014what can you know?\n    [9] Its measure is longer than the earth\n        and broader than the sea.\n    [10] If he passes through and imprisons\n        and summons the court, who can turn him back?\n    [11] For he knows worthless men;\n        when he sees iniquity, will he not consider it?\n    [12] But a stupid man will get understanding\n        when a wild donkey\u2019s colt is born a man!\n    \n    \n    [13] \u201cIf you prepare your heart,\n        you will stretch out your hands toward him.\n    [14] If iniquity is in your hand, put it far away,\n        and let not injustice dwell in your tents.\n    [15] Surely then you will lift up your face without blemish;\n        you will be secure and will not fear.\n    [16] You will forget your misery;\n        you will remember it as waters that have passed away.\n    [17] And your life will be brighter than the noonday;\n        its darkness will be like the morning.\n    [18] And you will feel secure, because there is hope;\n        you will look around and take your rest in security.\n    [19] You will lie down, and none will make you afraid;\n        many will court your favor.\n    [20] But the eyes of the wicked will fail;\n        all way of escape will be lost to them,\n        and their hope is to breathe their last.\u201d\n    \n\nFootnotes\n\n(1) 11:4 Hebrew *your*\n\n(2) 11:6 The meaning of the Hebrew is uncertain\n\n(3) 11:8 Hebrew *The heights of heaven*\n (ESV)"]}