{"query": "Job 33", "canonical": "Job 33", "parsed": [[18033001, 18033033]], "passage_meta": [{"canonical": "Job 33", "chapter_start": [18033001, 18033033], "chapter_end": [18033001, 18033033], "prev_verse": 18032022, "next_verse": 18034001, "prev_chapter": [18032001, 18032022], "next_chapter": [18034001, 18034037]}], "passages": ["Job 33\n\nElihu Rebukes Job\n\n    [1] \u201cBut now, hear my speech, O Job,\n        and listen to all my words.\n    [2] Behold, I open my mouth;\n        the tongue in my mouth speaks.\n    [3] My words declare the uprightness of my heart,\n        and what my lips know they speak sincerely.\n    [4] The Spirit of God has made me,\n        and the breath of the Almighty gives me life.\n    [5] Answer me, if you can;\n        set your words in order before me; take your stand.\n    [6] Behold, I am toward God as you are;\n        I too was pinched off from a piece of clay.\n    [7] Behold, no fear of me need terrify you;\n        my pressure will not be heavy upon you.\n    \n    \n    [8] \u201cSurely you have spoken in my ears,\n        and I have heard the sound of your words.\n    [9] You say, \u2018I am pure, without transgression;\n        I am clean, and there is no iniquity in me.\n    [10] Behold, he finds occasions against me,\n        he counts me as his enemy,\n    [11] he puts my feet in the stocks\n        and watches all my paths.\u2019\n    \n    \n    [12] \u201cBehold, in this you are not right. I will answer you,\n        for God is greater than man.\n    [13] Why do you contend against him,\n        saying, \u2018He will answer none of man\u2019s(1) words\u2019?(2)\n    [14] For God speaks in one way,\n        and in two, though man does not perceive it.\n    [15] In a dream, in a vision of the night,\n        when deep sleep falls on men,\n        while they slumber on their beds,\n    [16] then he opens the ears of men\n        and terrifies(3) them with warnings,\n    [17] that he may turn man aside from his deed\n        and conceal pride from a man;\n    [18] he keeps back his soul from the pit,\n        his life from perishing by the sword.\n    \n    \n    [19] \u201cMan is also rebuked with pain on his bed\n        and with continual strife in his bones,\n    [20] so that his life loathes bread,\n        and his appetite the choicest food.\n    [21] His flesh is so wasted away that it cannot be seen,\n        and his bones that were not seen stick out.\n    [22] His soul draws near the pit,\n        and his life to those who bring death.\n    [23] If there be for him an angel,\n        a mediator, one of the thousand,\n        to declare to man what is right for him,\n    [24] and he is merciful to him, and says,\n        \u2018Deliver him from going down into the pit;\n        I have found a ransom;\n    [25] let his flesh become fresh with youth;\n        let him return to the days of his youthful vigor\u2019;\n    [26] then man(4) prays to God, and he accepts him;\n        he sees his face with a shout of joy,\n    and he restores to man his righteousness.\n    [27]     He sings before men and says:\n    \u2018I sinned and perverted what was right,\n        and it was not repaid to me.\n    [28] He has redeemed my soul from going down into the pit,\n        and my life shall look upon the light.\u2019\n    \n    \n    [29] \u201cBehold, God does all these things,\n        twice, three times, with a man,\n    [30] to bring back his soul from the pit,\n        that he may be lighted with the light of life.\n    [31] Pay attention, O Job, listen to me;\n        be silent, and I will speak.\n    [32] If you have any words, answer me;\n        speak, for I desire to justify you.\n    [33] If not, listen to me;\n        be silent, and I will teach you wisdom.\u201d\n    \n\nFootnotes\n\n(1) 33:13 Hebrew *his*\n\n(2) 33:13 Or *He will not answer for any of his own words*\n\n(3) 33:16 Or *seals*\n\n(4) 33:26 Hebrew *he*\n (ESV)"]}