{"query": "Job 39", "canonical": "Job 39", "parsed": [[18039001, 18039030]], "passage_meta": [{"canonical": "Job 39", "chapter_start": [18039001, 18039030], "chapter_end": [18039001, 18039030], "prev_verse": 18038041, "next_verse": 18040001, "prev_chapter": [18038001, 18038041], "next_chapter": [18040001, 18040024]}], "passages": ["Job 39\n\n    [1] \u201cDo you know when the mountain goats give birth?\n        Do you observe the calving of the does?\n    [2] Can you number the months that they fulfill,\n        and do you know the time when they give birth,\n    [3] when they crouch, bring forth their offspring,\n        and are delivered of their young?\n    [4] Their young ones become strong; they grow up in the open;\n        they go out and do not return to them.\n    \n    \n    [5] \u201cWho has let the wild donkey go free?\n        Who has loosed the bonds of the swift donkey,\n    [6] to whom I have given the arid plain for his home\n        and the salt land for his dwelling place?\n    [7] He scorns the tumult of the city;\n        he hears not the shouts of the driver.\n    [8] He ranges the mountains as his pasture,\n        and he searches after every green thing.\n    \n    \n    [9] \u201cIs the wild ox willing to serve you?\n        Will he spend the night at your manger?\n    [10] Can you bind him in the furrow with ropes,\n        or will he harrow the valleys after you?\n    [11] Will you depend on him because his strength is great,\n        and will you leave to him your labor?\n    [12] Do you have faith in him that he will return your grain\n        and gather it to your threshing floor?\n    \n    \n    [13] \u201cThe wings of the ostrich wave proudly,\n        but are they the pinions and plumage of love?(1)\n    [14] For she leaves her eggs to the earth\n        and lets them be warmed on the ground,\n    [15] forgetting that a foot may crush them\n        and that the wild beast may trample them.\n    [16] She deals cruelly with her young, as if they were not hers;\n        though her labor be in vain, yet she has no fear,\n    [17] because God has made her forget wisdom\n        and given her no share in understanding.\n    [18] When she rouses herself to flee,(2)\n        she laughs at the horse and his rider.\n    \n    \n    [19] \u201cDo you give the horse his might?\n        Do you clothe his neck with a mane?\n    [20] Do you make him leap like the locust?\n        His majestic snorting is terrifying.\n    [21] He paws(3) in the valley and exults in his strength;\n        he goes out to meet the weapons.\n    [22] He laughs at fear and is not dismayed;\n        he does not turn back from the sword.\n    [23] Upon him rattle the quiver,\n        the flashing spear, and the javelin.\n    [24] With fierceness and rage he swallows the ground;\n        he cannot stand still at the sound of the trumpet.\n    [25] When the trumpet sounds, he says \u2018Aha!\u2019\n        He smells the battle from afar,\n        the thunder of the captains, and the shouting.\n    \n    \n    [26] \u201cIs it by your understanding that the hawk soars\n        and spreads his wings toward the south?\n    [27] Is it at your command that the eagle mounts up\n        and makes his nest on high?\n    [28] On the rock he dwells and makes his home,\n        on the rocky crag and stronghold.\n    [29] From there he spies out the prey;\n        his eyes behold it from far away.\n    [30] His young ones suck up blood,\n        and where the slain are, there is he.\u201d\n    \n\nFootnotes\n\n(1) 39:13 The meaning of the Hebrew is uncertain\n\n(2) 39:18 The meaning of the Hebrew is uncertain\n\n(3) 39:21 Hebrew *They paw*\n (ESV)"]}