{"query": "Job 20", "canonical": "Job 20", "parsed": [[18020001, 18020029]], "passage_meta": [{"canonical": "Job 20", "chapter_start": [18020001, 18020029], "chapter_end": [18020001, 18020029], "prev_verse": 18019029, "next_verse": 18021001, "prev_chapter": [18019001, 18019029], "next_chapter": [18021001, 18021034]}], "passages": ["Job 20\n\nZophar Speaks: The Wicked Will Suffer\n\n  [1] Then Zophar the Naamathite answered and said:\n\n    [2] \u201cTherefore my thoughts answer me,\n        because of my haste within me.\n    [3] I hear censure that insults me,\n        and out of my understanding a spirit answers me.\n    [4] Do you not know this from of old,\n        since man was placed on earth,\n    [5] that the exulting of the wicked is short,\n        and the joy of the godless but for a moment?\n    [6] Though his height mount up to the heavens,\n        and his head reach to the clouds,\n    [7] he will perish forever like his own dung;\n        those who have seen him will say, \u2018Where is he?\u2019\n    [8] He will fly away like a dream and not be found;\n        he will be chased away like a vision of the night.\n    [9] The eye that saw him will see him no more,\n        nor will his place any more behold him.\n    [10] His children will seek the favor of the poor,\n        and his hands will give back his wealth.\n    [11] His bones are full of his youthful vigor,\n        but it will lie down with him in the dust.\n    \n    \n    [12] \u201cThough evil is sweet in his mouth,\n        though he hides it under his tongue,\n    [13] though he is loath to let it go\n        and holds it in his mouth,\n    [14] yet his food is turned in his stomach;\n        it is the venom of cobras within him.\n    [15] He swallows down riches and vomits them up again;\n        God casts them out of his belly.\n    [16] He will suck the poison of cobras;\n        the tongue of a viper will kill him.\n    [17] He will not look upon the rivers,\n        the streams flowing with honey and curds.\n    [18] He will give back the fruit of his toil\n        and will not swallow it down;\n    from the profit of his trading\n        he will get no enjoyment.\n    [19] For he has crushed and abandoned the poor;\n        he has seized a house that he did not build.\n    \n    \n    [20] \u201cBecause he knew no contentment in his belly,\n        he will not let anything in which he delights escape him.\n    [21] There was nothing left after he had eaten;\n        therefore his prosperity will not endure.\n    [22] In the fullness of his sufficiency he will be in distress;\n        the hand of everyone in misery will come against him.\n    [23] To fill his belly to the full,\n        God(1) will send his burning anger against him\n        and rain it upon him into his body.\n    [24] He will flee from an iron weapon;\n        a bronze arrow will strike him through.\n    [25] It is drawn forth and comes out of his body;\n        the glittering point comes out of his gallbladder;\n        terrors come upon him.\n    [26] Utter darkness is laid up for his treasures;\n        a fire not fanned will devour him;\n        what is left in his tent will be consumed.\n    [27] The heavens will reveal his iniquity,\n        and the earth will rise up against him.\n    [28] The possessions of his house will be carried away,\n        dragged off in the day of God\u2019s(2) wrath.\n    [29] This is the wicked man\u2019s portion from God,\n        the heritage decreed for him by God.\u201d\n    \n\nFootnotes\n\n(1) 20:23 Hebrew *he*\n\n(2) 20:28 Hebrew *his*\n (ESV)"]}