{"query": "Job 4", "canonical": "Job 4", "parsed": [[18004001, 18004021]], "passage_meta": [{"canonical": "Job 4", "chapter_start": [18004001, 18004021], "chapter_end": [18004001, 18004021], "prev_verse": 18003026, "next_verse": 18005001, "prev_chapter": [18003001, 18003026], "next_chapter": [18005001, 18005027]}], "passages": ["Job 4\n\nEliphaz Speaks: The Innocent Prosper\n\n  [1] Then Eliphaz the Temanite answered and said:\n\n    [2] \u201cIf one ventures a word with you, will you be impatient?\n        Yet who can keep from speaking?\n    [3] Behold, you have instructed many,\n        and you have strengthened the weak hands.\n    [4] Your words have upheld him who was stumbling,\n        and you have made firm the feeble knees.\n    [5] But now it has come to you, and you are impatient;\n        it touches you, and you are dismayed.\n    [6] Is not your fear of God(1) your confidence,\n        and the integrity of your ways your hope?\n    \n    \n    [7] \u201cRemember: who that was innocent ever perished?\n        Or where were the upright cut off?\n    [8] As I have seen, those who plow iniquity\n        and sow trouble reap the same.\n    [9] By the breath of God they perish,\n        and by the blast of his anger they are consumed.\n    [10] The roar of the lion, the voice of the fierce lion,\n        the teeth of the young lions are broken.\n    [11] The strong lion perishes for lack of prey,\n        and the cubs of the lioness are scattered.\n    \n    \n    [12] \u201cNow a word was brought to me stealthily;\n        my ear received the whisper of it.\n    [13] Amid thoughts from visions of the night,\n        when deep sleep falls on men,\n    [14] dread came upon me, and trembling,\n        which made all my bones shake.\n    [15] A spirit glided past my face;\n        the hair of my flesh stood up.\n    [16] It stood still,\n        but I could not discern its appearance.\n    A form was before my eyes;\n        there was silence, then I heard a voice:\n    [17] \u2018Can mortal man be in the right before(2) God?\n        Can a man be pure before his Maker?\n    [18] Even in his servants he puts no trust,\n        and his angels he charges with error;\n    [19] how much more those who dwell in houses of clay,\n        whose foundation is in the dust,\n        who are crushed like(3) the moth.\n    [20] Between morning and evening they are beaten to pieces;\n        they perish forever without anyone regarding it.\n    [21] Is not their tent-cord plucked up within them,\n        do they not die, and that without wisdom?\u2019\n    \n\nFootnotes\n\n(1) 4:6 Hebrew lacks *of God*\n\n(2) 4:17 Or *more than*; twice in this verse\n\n(3) 4:19 Or *before*\n (ESV)"]}