{"query": "Job 21", "canonical": "Job 21", "parsed": [[18021001, 18021034]], "passage_meta": [{"canonical": "Job 21", "chapter_start": [18021001, 18021034], "chapter_end": [18021001, 18021034], "prev_verse": 18020029, "next_verse": 18022001, "prev_chapter": [18020001, 18020029], "next_chapter": [18022001, 18022030]}], "passages": ["Job 21\n\nJob Replies: The Wicked Do Prosper\n\n  [1] Then Job answered and said:\n\n    [2] \u201cKeep listening to my words,\n        and let this be your comfort.\n    [3] Bear with me, and I will speak,\n        and after I have spoken, mock on.\n    [4] As for me, is my complaint against man?\n        Why should I not be impatient?\n    [5] Look at me and be appalled,\n        and lay your hand over your mouth.\n    [6] When I remember, I am dismayed,\n        and shuddering seizes my flesh.\n    [7] Why do the wicked live,\n        reach old age, and grow mighty in power?\n    [8] Their offspring are established in their presence,\n        and their descendants before their eyes.\n    [9] Their houses are safe from fear,\n        and no rod of God is upon them.\n    [10] Their bull breeds without fail;\n        their cow calves and does not miscarry.\n    [11] They send out their little boys like a flock,\n        and their children dance.\n    [12] They sing to the tambourine and the lyre\n        and rejoice to the sound of the pipe.\n    [13] They spend their days in prosperity,\n        and in peace they go down to Sheol.\n    [14] They say to God, \u2018Depart from us!\n        We do not desire the knowledge of your ways.\n    [15] What is the Almighty, that we should serve him?\n        And what profit do we get if we pray to him?\u2019\n    [16] Behold, is not their prosperity in their hand?\n        The counsel of the wicked is far from me.\n    \n    \n    [17] \u201cHow often is it that the lamp of the wicked is put out?\n        That their calamity comes upon them?\n        That God(1) distributes pains in his anger?\n    [18] That they are like straw before the wind,\n        and like chaff that the storm carries away?\n    [19] You say, \u2018God stores up their iniquity for their children.\u2019\n        Let him pay it out to them, that they may know it.\n    [20] Let their own eyes see their destruction,\n        and let them drink of the wrath of the Almighty.\n    [21] For what do they care for their houses after them,\n        when the number of their months is cut off?\n    [22] Will any teach God knowledge,\n        seeing that he judges those who are on high?\n    [23] One dies in his full vigor,\n        being wholly at ease and secure,\n    [24] his pails(2) full of milk\n        and the marrow of his bones moist.\n    [25] Another dies in bitterness of soul,\n        never having tasted of prosperity.\n    [26] They lie down alike in the dust,\n        and the worms cover them.\n    \n    \n    [27] \u201cBehold, I know your thoughts\n        and your schemes to wrong me.\n    [28] For you say, \u2018Where is the house of the prince?\n        Where is the tent in which the wicked lived?\u2019\n    [29] Have you not asked those who travel the roads,\n        and do you not accept their testimony\n    [30] that the evil man is spared in the day of calamity,\n        that he is rescued in the day of wrath?\n    [31] Who declares his way to his face,\n        and who repays him for what he has done?\n    [32] When he is carried to the grave,\n        watch is kept over his tomb.\n    [33] The clods of the valley are sweet to him;\n        all mankind follows after him,\n        and those who go before him are innumerable.\n    [34] How then will you comfort me with empty nothings?\n        There is nothing left of your answers but falsehood.\u201d\n    \n\nFootnotes\n\n(1) 21:17 Hebrew *he*\n\n(2) 21:24 The meaning of the Hebrew word is uncertain\n (ESV)"]}