{"query": "Job 13", "canonical": "Job 13", "parsed": [[18013001, 18013028]], "passage_meta": [{"canonical": "Job 13", "chapter_start": [18013001, 18013028], "chapter_end": [18013001, 18013028], "prev_verse": 18012025, "next_verse": 18014001, "prev_chapter": [18012001, 18012025], "next_chapter": [18014001, 18014022]}], "passages": ["Job 13\n\nJob Continues: Still I Will Hope in God\n\n    [1] \u201cBehold, my eye has seen all this,\n        my ear has heard and understood it.\n    [2] What you know, I also know;\n        I am not inferior to you.\n    [3] But I would speak to the Almighty,\n        and I desire to argue my case with God.\n    [4] As for you, you whitewash with lies;\n        worthless physicians are you all.\n    [5] Oh that you would keep silent,\n        and it would be your wisdom!\n    [6] Hear now my argument\n        and listen to the pleadings of my lips.\n    [7] Will you speak falsely for God\n        and speak deceitfully for him?\n    [8] Will you show partiality toward him?\n        Will you plead the case for God?\n    [9] Will it be well with you when he searches you out?\n        Or can you deceive him, as one deceives a man?\n    [10] He will surely rebuke you\n        if in secret you show partiality.\n    [11] Will not his majesty terrify you,\n        and the dread of him fall upon you?\n    [12] Your maxims are proverbs of ashes;\n        your defenses are defenses of clay.\n    \n    \n    [13] \u201cLet me have silence, and I will speak,\n        and let come on me what may.\n    [14] Why should I take my flesh in my teeth\n        and put my life in my hand?\n    [15] Though he slay me, I will hope in him;(1)\n        yet I will argue my ways to his face.\n    [16] This will be my salvation,\n        that the godless shall not come before him.\n    [17] Keep listening to my words,\n        and let my declaration be in your ears.\n    [18] Behold, I have prepared my case;\n        I know that I shall be in the right.\n    [19] Who is there who will contend with me?\n        For then I would be silent and die.\n    [20] Only grant me two things,\n        then I will not hide myself from your face:\n    [21] withdraw your hand far from me,\n        and let not dread of you terrify me.\n    [22] Then call, and I will answer;\n        or let me speak, and you reply to me.\n    [23] How many are my iniquities and my sins?\n        Make me know my transgression and my sin.\n    [24] Why do you hide your face\n        and count me as your enemy?\n    [25] Will you frighten a driven leaf\n        and pursue dry chaff?\n    [26] For you write bitter things against me\n        and make me inherit the iniquities of my youth.\n    [27] You put my feet in the stocks\n        and watch all my paths;\n        you set a limit for(2) the soles of my feet.\n    [28] Man(3) wastes away like a rotten thing,\n        like a garment that is moth-eaten.\n    \n\nFootnotes\n\n(1) 13:15 Or *Behold, he will slay me; I have no hope*\n\n(2) 13:27 Or *you marked*\n\n(3) 13:28 Hebrew *He*\n (ESV)"]}