{"query": "Job 28", "canonical": "Job 28", "parsed": [[18028001, 18028028]], "passage_meta": [{"canonical": "Job 28", "chapter_start": [18028001, 18028028], "chapter_end": [18028001, 18028028], "prev_verse": 18027023, "next_verse": 18029001, "prev_chapter": [18027001, 18027023], "next_chapter": [18029001, 18029025]}], "passages": ["Job 28\n\nJob Continues: Where Is Wisdom?\n\n    [1] \u201cSurely there is a mine for silver,\n        and a place for gold that they refine.\n    [2] Iron is taken out of the earth,\n        and copper is smelted from the ore.\n    [3] Man puts an end to darkness\n        and searches out to the farthest limit\n        the ore in gloom and deep darkness.\n    [4] He opens shafts in a valley away from where anyone lives;\n        they are forgotten by travelers;\n        they hang in the air, far away from mankind; they swing to and fro.\n    [5] As for the earth, out of it comes bread,\n        but underneath it is turned up as by fire.\n    [6] Its stones are the place of sapphires,(1)\n        and it has dust of gold.\n    \n    \n    [7] \u201cThat path no bird of prey knows,\n        and the falcon\u2019s eye has not seen it.\n    [8] The proud beasts have not trodden it;\n        the lion has not passed over it.\n    \n    \n    [9] \u201cMan puts his hand to the flinty rock\n        and overturns mountains by the roots.\n    [10] He cuts out channels in the rocks,\n        and his eye sees every precious thing.\n    [11] He dams up the streams so that they do not trickle,\n        and the thing that is hidden he brings out to light.\n    \n    \n    [12] \u201cBut where shall wisdom be found?\n        And where is the place of understanding?\n    [13] Man does not know its worth,\n        and it is not found in the land of the living.\n    [14] The deep says, \u2018It is not in me,\u2019\n        and the sea says, \u2018It is not with me.\u2019\n    [15] It cannot be bought for gold,\n        and silver cannot be weighed as its price.\n    [16] It cannot be valued in the gold of Ophir,\n        in precious onyx or sapphire.\n    [17] Gold and glass cannot equal it,\n        nor can it be exchanged for jewels of fine gold.\n    [18] No mention shall be made of coral or of crystal;\n        the price of wisdom is above pearls.\n    [19] The topaz of Ethiopia cannot equal it,\n        nor can it be valued in pure gold.\n    \n    \n    [20] \u201cFrom where, then, does wisdom come?\n        And where is the place of understanding?\n    [21] It is hidden from the eyes of all living\n        and concealed from the birds of the air.\n    [22] Abaddon and Death say,\n        \u2018We have heard a rumor of it with our ears.\u2019\n    \n    \n    [23] \u201cGod understands the way to it,\n        and he knows its place.\n    [24] For he looks to the ends of the earth\n        and sees everything under the heavens.\n    [25] When he gave to the wind its weight\n        and apportioned the waters by measure,\n    [26] when he made a decree for the rain\n        and a way for the lightning of the thunder,\n    [27] then he saw it and declared it;\n        he established it, and searched it out.\n    [28] And he said to man,\n    \u2018Behold, the fear of the Lord, that is wisdom,\n        and to turn away from evil is understanding.\u2019\u201d\n    \n\nFootnotes\n\n(1) 28:6 Or *lapis lazuli*; also verse 16\n (ESV)"]}