{"query": "Job 5", "canonical": "Job 5", "parsed": [[18005001, 18005027]], "passage_meta": [{"canonical": "Job 5", "chapter_start": [18005001, 18005027], "chapter_end": [18005001, 18005027], "prev_verse": 18004021, "next_verse": 18006001, "prev_chapter": [18004001, 18004021], "next_chapter": [18006001, 18006030]}], "passages": ["Job 5\n\n    [1] \u201cCall now; is there anyone who will answer you?\n        To which of the holy ones will you turn?\n    [2] Surely vexation kills the fool,\n        and jealousy slays the simple.\n    [3] I have seen the fool taking root,\n        but suddenly I cursed his dwelling.\n    [4] His children are far from safety;\n        they are crushed in the gate,\n        and there is no one to deliver them.\n    [5] The hungry eat his harvest,\n        and he takes it even out of thorns,(1)\n        and the thirsty pant(2) after his(3) wealth.\n    [6] For affliction does not come from the dust,\n        nor does trouble sprout from the ground,\n    [7] but man is born to trouble\n        as the sparks fly upward.\n    \n    \n    [8] \u201cAs for me, I would seek God,\n        and to God would I commit my cause,\n    [9] who does great things and unsearchable,\n        marvelous things without number:\n    [10] he gives rain on the earth\n        and sends waters on the fields;\n    [11] he sets on high those who are lowly,\n        and those who mourn are lifted to safety.\n    [12] He frustrates the devices of the crafty,\n        so that their hands achieve no success.\n    [13] He catches the wise in their own craftiness,\n        and the schemes of the wily are brought to a quick end.\n    [14] They meet with darkness in the daytime\n        and grope at noonday as in the night.\n    [15] But he saves the needy from the sword of their mouth\n        and from the hand of the mighty.\n    [16] So the poor have hope,\n        and injustice shuts her mouth.\n    \n    \n    [17] \u201cBehold, blessed is the one whom God reproves;\n        therefore despise not the discipline of the Almighty.\n    [18] For he wounds, but he binds up;\n        he shatters, but his hands heal.\n    [19] He will deliver you from six troubles;\n        in seven no evil(4) shall touch you.\n    [20] In famine he will redeem you from death,\n        and in war from the power of the sword.\n    [21] You shall be hidden from the lash of the tongue,\n        and shall not fear destruction when it comes.\n    [22] At destruction and famine you shall laugh,\n        and shall not fear the beasts of the earth.\n    [23] For you shall be in league with the stones of the field,\n        and the beasts of the field shall be at peace with you.\n    [24] You shall know that your tent is at peace,\n        and you shall inspect your fold and miss nothing.\n    [25] You shall know also that your offspring shall be many,\n        and your descendants as the grass of the earth.\n    [26] You shall come to your grave in ripe old age,\n        like a sheaf gathered up in its season.\n    [27] Behold, this we have searched out; it is true.\n        Hear, and know it for your good.\u201d(5)\n    \n\nFootnotes\n\n(1) 5:5 The meaning of the Hebrew is uncertain\n\n(2) 5:5 Aquila, Symmachus, Syriac, Vulgate; Hebrew could be read as *and the snare pants*\n\n(3) 5:5 Hebrew *their*\n\n(4) 5:19 Or *disaster*\n\n(5) 5:27 Hebrew *for yourself*\n (ESV)"]}