{"query": "Job 10", "canonical": "Job 10", "parsed": [[18010001, 18010022]], "passage_meta": [{"canonical": "Job 10", "chapter_start": [18010001, 18010022], "chapter_end": [18010001, 18010022], "prev_verse": 18009035, "next_verse": 18011001, "prev_chapter": [18009001, 18009035], "next_chapter": [18011001, 18011020]}], "passages": ["Job 10\n\nJob Continues: A Plea to God\n\n    [1] \u201cI loathe my life;\n    I will give free utterance to my complaint;\n        I will speak in the bitterness of my soul.\n    [2] I will say to God, Do not condemn me;\n        let me know why you contend against me.\n    [3] Does it seem good to you to oppress,\n        to despise the work of your hands\n        and favor the designs of the wicked?\n    [4] Have you eyes of flesh?\n        Do you see as man sees?\n    [5] Are your days as the days of man,\n        or your years as a man\u2019s years,\n    [6] that you seek out my iniquity\n        and search for my sin,\n    [7] although you know that I am not guilty,\n        and there is none to deliver out of your hand?\n    [8] Your hands fashioned and made me,\n        and now you have destroyed me altogether.\n    [9] Remember that you have made me like clay;\n        and will you return me to the dust?\n    [10] Did you not pour me out like milk\n        and curdle me like cheese?\n    [11] You clothed me with skin and flesh,\n        and knit me together with bones and sinews.\n    [12] You have granted me life and steadfast love,\n        and your care has preserved my spirit.\n    [13] Yet these things you hid in your heart;\n        I know that this was your purpose.\n    [14] If I sin, you watch me\n        and do not acquit me of my iniquity.\n    [15] If I am guilty, woe to me!\n        If I am in the right, I cannot lift up my head,\n    for I am filled with disgrace\n        and look on my affliction.\n    [16] And were my head lifted up,(1) you would hunt me like a lion\n        and again work wonders against me.\n    [17] You renew your witnesses against me\n        and increase your vexation toward me;\n        you bring fresh troops against me.\n    \n    \n    [18] \u201cWhy did you bring me out from the womb?\n        Would that I had died before any eye had seen me\n    [19] and were as though I had not been,\n        carried from the womb to the grave.\n    [20] Are not my days few?\n        Then cease, and leave me alone, that I may find a little cheer\n    [21] before I go\u2014and I shall not return\u2014\n        to the land of darkness and deep shadow,\n    [22] the land of gloom like thick darkness,\n        like deep shadow without any order,\n        where light is as thick darkness.\u201d\n    \n\nFootnotes\n\n(1) 10:16 Hebrew lacks *my head*\n (ESV)"]}