{"query": "Job 6", "canonical": "Job 6", "parsed": [[18006001, 18006030]], "passage_meta": [{"canonical": "Job 6", "chapter_start": [18006001, 18006030], "chapter_end": [18006001, 18006030], "prev_verse": 18005027, "next_verse": 18007001, "prev_chapter": [18005001, 18005027], "next_chapter": [18007001, 18007021]}], "passages": ["Job 6\n\nJob Replies: My Complaint Is Just\n\n  [1] Then Job answered and said:\n\n    [2] \u201cOh that my vexation were weighed,\n        and all my calamity laid in the balances!\n    [3] For then it would be heavier than the sand of the sea;\n        therefore my words have been rash.\n    [4] For the arrows of the Almighty are in me;\n        my spirit drinks their poison;\n        the terrors of God are arrayed against me.\n    [5] Does the wild donkey bray when he has grass,\n        or the ox low over his fodder?\n    [6] Can that which is tasteless be eaten without salt,\n        or is there any taste in the juice of the mallow?(1)\n    [7] My appetite refuses to touch them;\n        they are as food that is loathsome to me.(2)\n    \n    \n    [8] \u201cOh that I might have my request,\n        and that God would fulfill my hope,\n    [9] that it would please God to crush me,\n        that he would let loose his hand and cut me off!\n    [10] This would be my comfort;\n        I would even exult(3) in pain unsparing,\n        for I have not denied the words of the Holy One.\n    [11] What is my strength, that I should wait?\n        And what is my end, that I should be patient?\n    [12] Is my strength the strength of stones, or is my flesh bronze?\n    [13] Have I any help in me,\n        when resource is driven from me?\n    \n    \n    [14] \u201cHe who withholds(4) kindness from a friend\n        forsakes the fear of the Almighty.\n    [15] My brothers are treacherous as a torrent-bed,\n        as torrential streams that pass away,\n    [16] which are dark with ice,\n        and where the snow hides itself.\n    [17] When they melt, they disappear;\n        when it is hot, they vanish from their place.\n    [18] The caravans turn aside from their course;\n        they go up into the waste and perish.\n    [19] The caravans of Tema look,\n        the travelers of Sheba hope.\n    [20] They are ashamed because they were confident;\n        they come there and are disappointed.\n    [21] For you have now become nothing;\n        you see my calamity and are afraid.\n    [22] Have I said, \u2018Make me a gift\u2019?\n        Or, \u2018From your wealth offer a bribe for me\u2019?\n    [23] Or, \u2018Deliver me from the adversary\u2019s hand\u2019?\n        Or, \u2018Redeem me from the hand of the ruthless\u2019?\n    \n    \n    [24] \u201cTeach me, and I will be silent;\n        make me understand how I have gone astray.\n    [25] How forceful are upright words!\n        But what does reproof from you reprove?\n    [26] Do you think that you can reprove words,\n        when the speech of a despairing man is wind?\n    [27] You would even cast lots over the fatherless,\n        and bargain over your friend.\n    \n    \n    [28] \u201cBut now, be pleased to look at me,\n        for I will not lie to your face.\n    [29] Please turn; let no injustice be done.\n        Turn now; my vindication is at stake.\n    [30] Is there any injustice on my tongue?\n        Cannot my palate discern the cause of calamity?\n    \n\nFootnotes\n\n(1) 6:6 The meaning of the Hebrew word is uncertain\n\n(2) 6:7 The meaning of the Hebrew is uncertain\n\n(3) 6:10 The meaning of the Hebrew word is uncertain\n\n(4) 6:14 Syriac, Vulgate (compare Targum); the meaning of the Hebrew word is uncertain\n (ESV)"]}