{"query": "Job 32", "canonical": "Job 32", "parsed": [[18032001, 18032022]], "passage_meta": [{"canonical": "Job 32", "chapter_start": [18032001, 18032022], "chapter_end": [18032001, 18032022], "prev_verse": 18031040, "next_verse": 18033001, "prev_chapter": [18031001, 18031040], "next_chapter": [18033001, 18033033]}], "passages": ["Job 32\n\nElihu Rebukes Job\u2019s Three Friends\n\n  [1] So these three men ceased to answer Job, because he was righteous in his own eyes. [2] Then Elihu the son of Barachel the Buzite, of the family of Ram, burned with anger. He burned with anger at Job because he justified himself rather than God. [3] He burned with anger also at Job\u2019s three friends because they had found no answer, although they had declared Job to be in the wrong. [4] Now Elihu had waited to speak to Job because they were older than he. [5] And when Elihu saw that there was no answer in the mouth of these three men, he burned with anger.\n\n  [6] And Elihu the son of Barachel the Buzite answered and said:\n\n    \u201cI am young in years,\n        and you are aged;\n    therefore I was timid and afraid\n        to declare my opinion to you.\n    [7] I said, \u2018Let days speak,\n        and many years teach wisdom.\u2019\n    [8] But it is the spirit in man,\n        the breath of the Almighty, that makes him understand.\n    [9] It is not the old(1) who are wise,\n        nor the aged who understand what is right.\n    [10] Therefore I say, \u2018Listen to me;\n        let me also declare my opinion.\u2019\n    \n    \n    [11] \u201cBehold, I waited for your words,\n        I listened for your wise sayings,\n        while you searched out what to say.\n    [12] I gave you my attention,\n        and, behold, there was none among you who refuted Job\n        or who answered his words.\n    [13] Beware lest you say, \u2018We have found wisdom;\n        God may vanquish him, not a man.\u2019\n    [14] He has not directed his words against me,\n        and I will not answer him with your speeches.\n    \n    \n    [15] \u201cThey are dismayed; they answer no more;\n        they have not a word to say.\n    [16] And shall I wait, because they do not speak,\n        because they stand there, and answer no more?\n    [17] I also will answer with my share;\n        I also will declare my opinion.\n    [18] For I am full of words;\n        the spirit within me constrains me.\n    [19] Behold, my belly is like wine that has no vent;\n        like new wineskins ready to burst.\n    [20] I must speak, that I may find relief;\n        I must open my lips and answer.\n    [21] I will not show partiality to any man\n        or use flattery toward any person.\n    [22] For I do not know how to flatter,\n        else my Maker would soon take me away.\n    \n\nFootnotes\n\n(1) 32:9 Hebrew *many* [in years]\n (ESV)"]}