{"query": "Job 15", "canonical": "Job 15", "parsed": [[18015001, 18015035]], "passage_meta": [{"canonical": "Job 15", "chapter_start": [18015001, 18015035], "chapter_end": [18015001, 18015035], "prev_verse": 18014022, "next_verse": 18016001, "prev_chapter": [18014001, 18014022], "next_chapter": [18016001, 18016022]}], "passages": ["Job 15\n\nEliphaz Accuses: Job Does Not Fear God\n\n  [1] Then Eliphaz the Temanite answered and said:\n\n    [2] \u201cShould a wise man answer with windy knowledge,\n        and fill his belly with the east wind?\n    [3] Should he argue in unprofitable talk,\n        or in words with which he can do no good?\n    [4] But you are doing away with the fear of God(1)\n        and hindering meditation before God.\n    [5] For your iniquity teaches your mouth,\n        and you choose the tongue of the crafty.\n    [6] Your own mouth condemns you, and not I;\n        your own lips testify against you.\n    \n    \n    [7] \u201cAre you the first man who was born?\n        Or were you brought forth before the hills?\n    [8] Have you listened in the council of God?\n        And do you limit wisdom to yourself?\n    [9] What do you know that we do not know?\n        What do you understand that is not clear to us?\n    [10] Both the gray-haired and the aged are among us,\n        older than your father.\n    [11] Are the comforts of God too small for you,\n        or the word that deals gently with you?\n    [12] Why does your heart carry you away,\n        and why do your eyes flash,\n    [13] that you turn your spirit against God\n        and bring such words out of your mouth?\n    [14] What is man, that he can be pure?\n        Or he who is born of a woman, that he can be righteous?\n    [15] Behold, God(2) puts no trust in his holy ones,\n        and the heavens are not pure in his sight;\n    [16] how much less one who is abominable and corrupt,\n        a man who drinks injustice like water!\n    \n    \n    [17] \u201cI will show you; hear me,\n        and what I have seen I will declare\n    [18] (what wise men have told,\n        without hiding it from their fathers,\n    [19] to whom alone the land was given,\n        and no stranger passed among them).\n    [20] The wicked man writhes in pain all his days,\n        through all the years that are laid up for the ruthless.\n    [21] Dreadful sounds are in his ears;\n        in prosperity the destroyer will come upon him.\n    [22] He does not believe that he will return out of darkness,\n        and he is marked for the sword.\n    [23] He wanders abroad for bread, saying, \u2018Where is it?\u2019\n        He knows that a day of darkness is ready at his hand;\n    [24] distress and anguish terrify him;\n        they prevail against him, like a king ready for battle.\n    [25] Because he has stretched out his hand against God\n        and defies the Almighty,\n    [26] running stubbornly against him\n        with a thickly bossed shield;\n    [27] because he has covered his face with his fat\n        and gathered fat upon his waist\n    [28] and has lived in desolate cities,\n        in houses that none should inhabit,\n        which were ready to become heaps of ruins;\n    [29] he will not be rich, and his wealth will not endure,\n        nor will his possessions spread over the earth;(3)\n    [30] he will not depart from darkness;\n        the flame will dry up his shoots,\n        and by the breath of his mouth he will depart.\n    [31] Let him not trust in emptiness, deceiving himself,\n        for emptiness will be his payment.\n    [32] It will be paid in full before his time,\n        and his branch will not be green.\n    [33] He will shake off his unripe grape like the vine,\n        and cast off his blossom like the olive tree.\n    [34] For the company of the godless is barren,\n        and fire consumes the tents of bribery.\n    [35] They conceive trouble and give birth to evil,\n        and their womb prepares deceit.\u201d\n    \n\nFootnotes\n\n(1) 15:4 Hebrew lacks *of God*\n\n(2) 15:15 Hebrew *he*\n\n(3) 15:29 Or *nor will his produce bend down to the earth*\n (ESV)"]}