{"query": "Psalm 39", "canonical": "Psalm 39", "parsed": [[19039001, 19039013]], "passage_meta": [{"canonical": "Psalm 39", "chapter_start": [19039001, 19039013], "chapter_end": [19039001, 19039013], "prev_verse": 19038022, "next_verse": 19040001, "prev_chapter": [19038001, 19038022], "next_chapter": [19040001, 19040017]}], "passages": ["Psalm 39\n\nWhat Is the Measure of My Days?\n\nTo the choirmaster: to Jeduthun. A Psalm of David.\n\n    [1] I said, \u201cI will guard my ways,\n        that I may not sin with my tongue;\n    I will guard my mouth with a muzzle,\n        so long as the wicked are in my presence.\u201d\n    [2] I was mute and silent;\n        I held my peace to no avail,\n    and my distress grew worse.\n    [3]     My heart became hot within me.\n    As I mused, the fire burned;\n        then I spoke with my tongue:\n    \n    \n    [4] \u201cO LORD, make me know my end\n        and what is the measure of my days;\n        let me know how fleeting I am!\n    [5] Behold, you have made my days a few handbreadths,\n        and my lifetime is as nothing before you.\n    Surely all mankind stands as a mere breath! Selah\n    [6]     Surely a man goes about as a shadow!\n    Surely for nothing(1) they are in turmoil;\n        man heaps up wealth and does not know who will gather!\n    \n    \n    [7] \u201cAnd now, O Lord, for what do I wait?\n        My hope is in you.\n    [8] Deliver me from all my transgressions.\n        Do not make me the scorn of the fool!\n    [9] I am mute; I do not open my mouth,\n        for it is you who have done it.\n    [10] Remove your stroke from me;\n        I am spent by the hostility of your hand.\n    [11] When you discipline a man\n        with rebukes for sin,\n    you consume like a moth what is dear to him;\n        surely all mankind is a mere breath! Selah\n    \n    \n    [12] \u201cHear my prayer, O LORD,\n        and give ear to my cry;\n        hold not your peace at my tears!\n    For I am a sojourner with you,\n        a guest, like all my fathers.\n    [13] Look away from me, that I may smile again,\n        before I depart and am no more!\u201d\n    \n\nFootnotes\n\n(1) 39:6 Hebrew *Surely as a breath*\n (ESV)"]}