{"query": "Psalm 131", "canonical": "Psalm 131", "parsed": [[19131001, 19131003]], "passage_meta": [{"canonical": "Psalm 131", "chapter_start": [19131001, 19131003], "chapter_end": [19131001, 19131003], "prev_verse": 19130008, "next_verse": 19132001, "prev_chapter": [19130001, 19130008], "next_chapter": [19132001, 19132018]}], "passages": ["Psalm 131\n\nI Have Calmed and Quieted My Soul\n\nA Song of Ascents. Of David.\n\n    [1] O LORD, my heart is not lifted up;\n        my eyes are not raised too high;\n    I do not occupy myself with things\n        too great and too marvelous for me.\n    [2] But I have calmed and quieted my soul,\n        like a weaned child with its mother;\n        like a weaned child is my soul within me.\n    \n    \n    [3] O Israel, hope in the LORD\n        from this time forth and forevermore. (ESV)"]}