{"query": "Psalm 66", "canonical": "Psalm 66", "parsed": [[19066001, 19066020]], "passage_meta": [{"canonical": "Psalm 66", "chapter_start": [19066001, 19066020], "chapter_end": [19066001, 19066020], "prev_verse": 19065013, "next_verse": 19067001, "prev_chapter": [19065001, 19065013], "next_chapter": [19067001, 19067007]}], "passages": ["Psalm 66\n\nHow Awesome Are Your Deeds\n\nTo the choirmaster. A Song. A Psalm.\n\n    [1] Shout for joy to God, all the earth;\n    [2]     sing the glory of his name;\n        give to him glorious praise!\n    [3] Say to God, \u201cHow awesome are your deeds!\n        So great is your power that your enemies come cringing to you.\n    [4] All the earth worships you\n        and sings praises to you;\n        they sing praises to your name.\u201d Selah\n    \n    \n    [5] Come and see what God has done:\n        he is awesome in his deeds toward the children of man.\n    [6] He turned the sea into dry land;\n        they passed through the river on foot.\n    There did we rejoice in him,\n    [7]     who rules by his might forever,\n    whose eyes keep watch on the nations\u2014\n        let not the rebellious exalt themselves. Selah\n    \n    \n    [8] Bless our God, O peoples;\n        let the sound of his praise be heard,\n    [9] who has kept our soul among the living\n        and has not let our feet slip.\n    [10] For you, O God, have tested us;\n        you have tried us as silver is tried.\n    [11] You brought us into the net;\n        you laid a crushing burden on our backs;\n    [12] you let men ride over our heads;\n        we went through fire and through water;\n    yet you have brought us out to a place of abundance.\n    \n    \n    [13] I will come into your house with burnt offerings;\n        I will perform my vows to you,\n    [14] that which my lips uttered\n        and my mouth promised when I was in trouble.\n    [15] I will offer to you burnt offerings of fattened animals,\n        with the smoke of the sacrifice of rams;\n    I will make an offering of bulls and goats. Selah\n    \n    \n    [16] Come and hear, all you who fear God,\n        and I will tell what he has done for my soul.\n    [17] I cried to him with my mouth,\n        and high praise was on(1) my tongue.(2)\n    [18] If I had cherished iniquity in my heart,\n        the Lord would not have listened.\n    [19] But truly God has listened;\n        he has attended to the voice of my prayer.\n    \n    \n    [20] Blessed be God,\n        because he has not rejected my prayer\n        or removed his steadfast love from me!\n    \n\nFootnotes\n\n(1) 66:17 Hebrew *under*\n\n(2) 66:17 Or *and he was exalted with my tongue*\n (ESV)"]}