{"query": "Psalm 13", "canonical": "Psalm 13", "parsed": [[19013001, 19013006]], "passage_meta": [{"canonical": "Psalm 13", "chapter_start": [19013001, 19013006], "chapter_end": [19013001, 19013006], "prev_verse": 19012008, "next_verse": 19014001, "prev_chapter": [19012001, 19012008], "next_chapter": [19014001, 19014007]}], "passages": ["Psalm 13\n\nHow Long, O LORD?\n\nTo the choirmaster. A Psalm of David.\n\n    [1] How long, O LORD? Will you forget me forever?\n        How long will you hide your face from me?\n    [2] How long must I take counsel in my soul\n        and have sorrow in my heart all the day?\n    How long shall my enemy be exalted over me?\n    \n    \n    [3] Consider and answer me, O LORD my God;\n        light up my eyes, lest I sleep the sleep of death,\n    [4] lest my enemy say, \u201cI have prevailed over him,\u201d\n        lest my foes rejoice because I am shaken.\n    \n    \n    [5] But I have trusted in your steadfast love;\n        my heart shall rejoice in your salvation.\n    [6] I will sing to the LORD,\n        because he has dealt bountifully with me. (ESV)"]}