{"query": "Psalm 84", "canonical": "Psalm 84", "parsed": [[19084001, 19084012]], "passage_meta": [{"canonical": "Psalm 84", "chapter_start": [19084001, 19084012], "chapter_end": [19084001, 19084012], "prev_verse": 19083018, "next_verse": 19085001, "prev_chapter": [19083001, 19083018], "next_chapter": [19085001, 19085013]}], "passages": ["Psalm 84\n\nMy Soul Longs for the Courts of the LORD\n\nTo the choirmaster: according to The Gittith.(1) A Psalm of the Sons of Korah.\n\n    [1] How lovely is your dwelling place,\n        O LORD of hosts!\n    [2] My soul longs, yes, faints\n        for the courts of the LORD;\n    my heart and flesh sing for joy\n        to the living God.\n    \n    \n    [3] Even the sparrow finds a home,\n        and the swallow a nest for herself,\n        where she may lay her young,\n    at your altars, O LORD of hosts,\n        my King and my God.\n    [4] Blessed are those who dwell in your house,\n        ever singing your praise! Selah\n    \n    \n    [5] Blessed are those whose strength is in you,\n        in whose heart are the highways to Zion.(2)\n    [6] As they go through the Valley of Baca\n        they make it a place of springs;\n        the early rain also covers it with pools.\n    [7] They go from strength to strength;\n        each one appears before God in Zion.\n    \n    \n    [8] O LORD God of hosts, hear my prayer;\n        give ear, O God of Jacob! Selah\n    [9] Behold our shield, O God;\n        look on the face of your anointed!\n    \n    \n    [10] For a day in your courts is better\n        than a thousand elsewhere.\n    I would rather be a doorkeeper in the house of my God\n        than dwell in the tents of wickedness.\n    [11] For the LORD God is a sun and shield;\n        the LORD bestows favor and honor.\n    No good thing does he withhold\n        from those who walk uprightly.\n    [12] O LORD of hosts,\n        blessed is the one who trusts in you!\n    \n\nFootnotes\n\n(1) 84:1 Probably a musical or liturgical term\n\n(2) 84:5 Hebrew lacks *to Zion*\n (ESV)"]}