{"query": "Psalm 144", "canonical": "Psalm 144", "parsed": [[19144001, 19144015]], "passage_meta": [{"canonical": "Psalm 144", "chapter_start": [19144001, 19144015], "chapter_end": [19144001, 19144015], "prev_verse": 19143012, "next_verse": 19145001, "prev_chapter": [19143001, 19143012], "next_chapter": [19145001, 19145021]}], "passages": ["Psalm 144\n\nMy Rock and My Fortress\n\nOf David.\n\n    [1] Blessed be the LORD, my rock,\n        who trains my hands for war,\n        and my fingers for battle;\n    [2] he is my steadfast love and my fortress,\n        my stronghold and my deliverer,\n    my shield and he in whom I take refuge,\n        who subdues peoples(1) under me.\n    \n    \n    [3] O LORD, what is man that you regard him,\n        or the son of man that you think of him?\n    [4] Man is like a breath;\n        his days are like a passing shadow.\n    \n    \n    [5] Bow your heavens, O LORD, and come down!\n        Touch the mountains so that they smoke!\n    [6] Flash forth the lightning and scatter them;\n        send out your arrows and rout them!\n    [7] Stretch out your hand from on high;\n        rescue me and deliver me from the many waters,\n        from the hand of foreigners,\n    [8] whose mouths speak lies\n        and whose right hand is a right hand of falsehood.\n    \n    \n    [9] I will sing a new song to you, O God;\n        upon a ten-stringed harp I will play to you,\n    [10] who gives victory to kings,\n        who rescues David his servant from the cruel sword.\n    [11] Rescue me and deliver me\n        from the hand of foreigners,\n    whose mouths speak lies\n        and whose right hand is a right hand of falsehood.\n    \n    \n    [12] May our sons in their youth\n        be like plants full grown,\n    our daughters like corner pillars\n        cut for the structure of a palace;\n    [13] may our granaries be full,\n        providing all kinds of produce;\n    may our sheep bring forth thousands\n        and ten thousands in our fields;\n    [14] may our cattle be heavy with young,\n        suffering no mishap or failure in bearing;(2)\n    may there be no cry of distress in our streets!\n    [15] Blessed are the people to whom such blessings fall!\n        Blessed are the people whose God is the LORD!\n    \n\nFootnotes\n\n(1) 144:2 Many Hebrew manuscripts, Dead Sea Scroll, Jerome, Syriac, Aquila; most Hebrew manuscripts *subdues my people*\n\n(2) 144:14 Hebrew *with no breaking in or going out*\n (ESV)"]}