{"query": "Psalm 76", "canonical": "Psalm 76", "parsed": [[19076001, 19076012]], "passage_meta": [{"canonical": "Psalm 76", "chapter_start": [19076001, 19076012], "chapter_end": [19076001, 19076012], "prev_verse": 19075010, "next_verse": 19077001, "prev_chapter": [19075001, 19075010], "next_chapter": [19077001, 19077020]}], "passages": ["Psalm 76\n\nWho Can Stand Before You?\n\nTo the choirmaster: with stringed instruments. A Psalm of Asaph. A Song.\n\n    [1] In Judah God is known;\n        his name is great in Israel.\n    [2] His abode has been established in Salem,\n        his dwelling place in Zion.\n    [3] There he broke the flashing arrows,\n        the shield, the sword, and the weapons of war. Selah\n    \n    \n    [4] Glorious are you, more majestic\n        than the mountains full of prey.\n    [5] The stouthearted were stripped of their spoil;\n        they sank into sleep;\n    all the men of war\n        were unable to use their hands.\n    [6] At your rebuke, O God of Jacob,\n        both rider and horse lay stunned.\n    \n    \n    [7] But you, you are to be feared!\n        Who can stand before you\n        when once your anger is roused?\n    [8] From the heavens you uttered judgment;\n        the earth feared and was still,\n    [9] when God arose to establish judgment,\n        to save all the humble of the earth. Selah\n    \n    \n    [10] Surely the wrath of man shall praise you;\n        the remnant(1) of wrath you will put on like a belt.\n    [11] Make your vows to the LORD your God and perform them;\n        let all around him bring gifts\n        to him who is to be feared,\n    [12] who cuts off the spirit of princes,\n        who is to be feared by the kings of the earth.\n    \n\nFootnotes\n\n(1) 76:10 Or *extremity*\n (ESV)"]}