{"query": "Psalm 19", "canonical": "Psalm 19", "parsed": [[19019001, 19019014]], "passage_meta": [{"canonical": "Psalm 19", "chapter_start": [19019001, 19019014], "chapter_end": [19019001, 19019014], "prev_verse": 19018050, "next_verse": 19020001, "prev_chapter": [19018001, 19018050], "next_chapter": [19020001, 19020009]}], "passages": ["Psalm 19\n\nThe Law of the LORD Is Perfect\n\nTo the choirmaster. A Psalm of David.\n\n    [1] The heavens declare the glory of God,\n        and the sky above(1) proclaims his handiwork.\n    [2] Day to day pours out speech,\n        and night to night reveals knowledge.\n    [3] There is no speech, nor are there words,\n        whose voice is not heard.\n    [4] Their voice(2) goes out through all the earth,\n        and their words to the end of the world.\n    In them he has set a tent for the sun,\n    [5]     which comes out like a bridegroom leaving his chamber,\n        and, like a strong man, runs its course with joy.\n    [6] Its rising is from the end of the heavens,\n        and its circuit to the end of them,\n        and there is nothing hidden from its heat.\n    \n    \n    [7] The law of the LORD is perfect,(3)\n        reviving the soul;\n    the testimony of the LORD is sure,\n        making wise the simple;\n    [8] the precepts of the LORD are right,\n        rejoicing the heart;\n    the commandment of the LORD is pure,\n        enlightening the eyes;\n    [9] the fear of the LORD is clean,\n        enduring forever;\n    the rules(4) of the LORD are true,\n        and righteous altogether.\n    [10] More to be desired are they than gold,\n        even much fine gold;\n    sweeter also than honey\n        and drippings of the honeycomb.\n    [11] Moreover, by them is your servant warned;\n        in keeping them there is great reward.\n    \n    \n    [12] Who can discern his errors?\n        Declare me innocent from hidden faults.\n    [13] Keep back your servant also from presumptuous sins;\n        let them not have dominion over me!\n    Then I shall be blameless,\n        and innocent of great transgression.\n    \n    \n    [14] Let the words of my mouth and the meditation of my heart\n        be acceptable in your sight,\n        O LORD, my rock and my redeemer.\n    \n\nFootnotes\n\n(1) 19:1 Hebrew *the expanse*; compare Genesis 1:6\u20138\n\n(2) 19:4 Or *Their measuring line*\n\n(3) 19:7 Or *blameless*\n\n(4) 19:9 Or *just decrees*\n (ESV)"]}