{"query": "Psalm 62", "canonical": "Psalm 62", "parsed": [[19062001, 19062012]], "passage_meta": [{"canonical": "Psalm 62", "chapter_start": [19062001, 19062012], "chapter_end": [19062001, 19062012], "prev_verse": 19061008, "next_verse": 19063001, "prev_chapter": [19061001, 19061008], "next_chapter": [19063001, 19063011]}], "passages": ["Psalm 62\n\nMy Soul Waits for God Alone\n\nTo the choirmaster: according to Jeduthun. A Psalm of David.\n\n    [1] For God alone my soul waits in silence;\n        from him comes my salvation.\n    [2] He alone is my rock and my salvation,\n        my fortress; I shall not be greatly shaken.\n    \n    \n    [3] How long will all of you attack a man\n        to batter him,\n        like a leaning wall, a tottering fence?\n    [4] They only plan to thrust him down from his high position.\n        They take pleasure in falsehood.\n    They bless with their mouths,\n        but inwardly they curse. Selah\n    \n    \n    [5] For God alone, O my soul, wait in silence,\n        for my hope is from him.\n    [6] He only is my rock and my salvation,\n        my fortress; I shall not be shaken.\n    [7] On God rests my salvation and my glory;\n        my mighty rock, my refuge is God.\n    \n    \n    [8] Trust in him at all times, O people;\n        pour out your heart before him;\n        God is a refuge for us. Selah\n    \n    \n    [9] Those of low estate are but a breath;\n        those of high estate are a delusion;\n    in the balances they go up;\n        they are together lighter than a breath.\n    [10] Put no trust in extortion;\n        set no vain hopes on robbery;\n        if riches increase, set not your heart on them.\n    \n    \n    [11] Once God has spoken;\n        twice have I heard this:\n    that power belongs to God,\n    [12]     and that to you, O Lord, belongs steadfast love.\n    For you will render to a man\n        according to his work. (ESV)"]}