{"query": "Psalm 87", "canonical": "Psalm 87", "parsed": [[19087001, 19087007]], "passage_meta": [{"canonical": "Psalm 87", "chapter_start": [19087001, 19087007], "chapter_end": [19087001, 19087007], "prev_verse": 19086017, "next_verse": 19088001, "prev_chapter": [19086001, 19086017], "next_chapter": [19088001, 19088018]}], "passages": ["Psalm 87\n\nGlorious Things of You Are Spoken\n\nA Psalm of the Sons of Korah. A Song.\n\n    [1] On the holy mount stands the city he founded;\n    [2]     the LORD loves the gates of Zion\n        more than all the dwelling places of Jacob.\n    [3] Glorious things of you are spoken,\n        O city of God. Selah\n    \n    \n    [4] Among those who know me I mention Rahab and Babylon;\n        behold, Philistia and Tyre, with Cush(1)\u2014\n        \u201cThis one was born there,\u201d they say.\n    [5] And of Zion it shall be said,\n        \u201cThis one and that one were born in her\u201d;\n        for the Most High himself will establish her.\n    [6] The LORD records as he registers the peoples,\n        \u201cThis one was born there.\u201d Selah\n    \n    \n    [7] Singers and dancers alike say,\n        \u201cAll my springs are in you.\u201d\n    \n\nFootnotes\n\n(1) 87:4 Probably *Nubia*\n (ESV)"]}