{"query": "Psalm 28", "canonical": "Psalm 28", "parsed": [[19028001, 19028009]], "passage_meta": [{"canonical": "Psalm 28", "chapter_start": [19028001, 19028009], "chapter_end": [19028001, 19028009], "prev_verse": 19027014, "next_verse": 19029001, "prev_chapter": [19027001, 19027014], "next_chapter": [19029001, 19029011]}], "passages": ["Psalm 28\n\nThe LORD Is My Strength and My Shield\n\nOf David.\n\n    [1] To you, O LORD, I call;\n        my rock, be not deaf to me,\n    lest, if you be silent to me,\n        I become like those who go down to the pit.\n    [2] Hear the voice of my pleas for mercy,\n        when I cry to you for help,\n    when I lift up my hands\n        toward your most holy sanctuary.(1)\n    \n    \n    [3] Do not drag me off with the wicked,\n        with the workers of evil,\n    who speak peace with their neighbors\n        while evil is in their hearts.\n    [4] Give to them according to their work\n        and according to the evil of their deeds;\n    give to them according to the work of their hands;\n        render them their due reward.\n    [5] Because they do not regard the works of the LORD\n        or the work of his hands,\n    he will tear them down and build them up no more.\n    \n    \n    [6] Blessed be the LORD!\n        For he has heard the voice of my pleas for mercy.\n    [7] The LORD is my strength and my shield;\n        in him my heart trusts, and I am helped;\n    my heart exults,\n        and with my song I give thanks to him.\n    \n    \n    [8] The LORD is the strength of his people;(2)\n        he is the saving refuge of his anointed.\n    [9] Oh, save your people and bless your heritage!\n        Be their shepherd and carry them forever.\n    \n\nFootnotes\n\n(1) 28:2 Hebrew *your innermost sanctuary*\n\n(2) 28:8 Some Hebrew manuscripts, Septuagint, Syriac; most Hebrew manuscripts *is their strength*\n (ESV)"]}