{"query": "Psalm 103", "canonical": "Psalm 103", "parsed": [[19103001, 19103022]], "passage_meta": [{"canonical": "Psalm 103", "chapter_start": [19103001, 19103022], "chapter_end": [19103001, 19103022], "prev_verse": 19102028, "next_verse": 19104001, "prev_chapter": [19102001, 19102028], "next_chapter": [19104001, 19104035]}], "passages": ["Psalm 103\n\nBless the LORD, O My Soul\n\nOf David.\n\n    [1] Bless the LORD, O my soul,\n        and all that is within me,\n        bless his holy name!\n    [2] Bless the LORD, O my soul,\n        and forget not all his benefits,\n    [3] who forgives all your iniquity,\n        who heals all your diseases,\n    [4] who redeems your life from the pit,\n        who crowns you with steadfast love and mercy,\n    [5] who satisfies you with good\n        so that your youth is renewed like the eagle\u2019s.\n    \n    \n    [6] The LORD works righteousness\n        and justice for all who are oppressed.\n    [7] He made known his ways to Moses,\n        his acts to the people of Israel.\n    [8] The LORD is merciful and gracious,\n        slow to anger and abounding in steadfast love.\n    [9] He will not always chide,\n        nor will he keep his anger forever.\n    [10] He does not deal with us according to our sins,\n        nor repay us according to our iniquities.\n    [11] For as high as the heavens are above the earth,\n        so great is his steadfast love toward those who fear him;\n    [12] as far as the east is from the west,\n        so far does he remove our transgressions from us.\n    [13] As a father shows compassion to his children,\n        so the LORD shows compassion to those who fear him.\n    [14] For he knows our frame;(1)\n        he remembers that we are dust.\n    \n    \n    [15] As for man, his days are like grass;\n        he flourishes like a flower of the field;\n    [16] for the wind passes over it, and it is gone,\n        and its place knows it no more.\n    [17] But the steadfast love of the LORD is from everlasting to everlasting on those who fear him,\n        and his righteousness to children\u2019s children,\n    [18] to those who keep his covenant\n        and remember to do his commandments.\n    [19] The LORD has established his throne in the heavens,\n        and his kingdom rules over all.\n    \n    \n    [20] Bless the LORD, O you his angels,\n        you mighty ones who do his word,\n        obeying the voice of his word!\n    [21] Bless the LORD, all his hosts,\n        his ministers, who do his will!\n    [22] Bless the LORD, all his works,\n        in all places of his dominion.\n    Bless the LORD, O my soul!\n    \n\nFootnotes\n\n(1) 103:14 Or *knows how we are formed*\n (ESV)"]}