{"query": "Psalm 20", "canonical": "Psalm 20", "parsed": [[19020001, 19020009]], "passage_meta": [{"canonical": "Psalm 20", "chapter_start": [19020001, 19020009], "chapter_end": [19020001, 19020009], "prev_verse": 19019014, "next_verse": 19021001, "prev_chapter": [19019001, 19019014], "next_chapter": [19021001, 19021013]}], "passages": ["Psalm 20\n\nTrust in the Name of the LORD Our God\n\nTo the choirmaster. A Psalm of David.\n\n    [1] May the LORD answer you in the day of trouble!\n        May the name of the God of Jacob protect you!\n    [2] May he send you help from the sanctuary\n        and give you support from Zion!\n    [3] May he remember all your offerings\n        and regard with favor your burnt sacrifices! Selah\n    \n    \n    [4] May he grant you your heart\u2019s desire\n        and fulfill all your plans!\n    [5] May we shout for joy over your salvation,\n        and in the name of our God set up our banners!\n    May the LORD fulfill all your petitions!\n    \n    \n    [6] Now I know that the LORD saves his anointed;\n        he will answer him from his holy heaven\n        with the saving might of his right hand.\n    [7] Some trust in chariots and some in horses,\n        but we trust in the name of the LORD our God.\n    [8] They collapse and fall,\n        but we rise and stand upright.\n    \n    \n    [9] O LORD, save the king!\n        May he answer us when we call. (ESV)"]}