{"query": "Psalm 11", "canonical": "Psalm 11", "parsed": [[19011001, 19011007]], "passage_meta": [{"canonical": "Psalm 11", "chapter_start": [19011001, 19011007], "chapter_end": [19011001, 19011007], "prev_verse": 19010018, "next_verse": 19012001, "prev_chapter": [19010001, 19010018], "next_chapter": [19012001, 19012008]}], "passages": ["Psalm 11\n\nThe LORD Is in His Holy Temple\n\nTo the choirmaster. Of David.\n\n    [1] In the LORD I take refuge;\n    how can you say to my soul,\n        \u201cFlee like a bird to your mountain,\n    [2] for behold, the wicked bend the bow;\n        they have fitted their arrow to the string\n        to shoot in the dark at the upright in heart;\n    [3] if the foundations are destroyed,\n        what can the righteous do?\u201d(1)\n    \n    \n    [4] The LORD is in his holy temple;\n        the LORD\u2019s throne is in heaven;\n        his eyes see, his eyelids test the children of man.\n    [5] The LORD tests the righteous,\n        but his soul hates the wicked and the one who loves violence.\n    [6] Let him rain coals on the wicked;\n        fire and sulfur and a scorching wind shall be the portion of their cup.\n    [7] For the LORD is righteous;\n    he loves righteous deeds;\n        the upright shall behold his face.\n    \n\nFootnotes\n\n(1) 11:3 Or *for the foundations will be destroyed; what has the righteous done?*\n (ESV)"]}