{"query": "Psalm 92", "canonical": "Psalm 92", "parsed": [[19092001, 19092015]], "passage_meta": [{"canonical": "Psalm 92", "chapter_start": [19092001, 19092015], "chapter_end": [19092001, 19092015], "prev_verse": 19091016, "next_verse": 19093001, "prev_chapter": [19091001, 19091016], "next_chapter": [19093001, 19093005]}], "passages": ["Psalm 92\n\nHow Great Are Your Works\n\nA Psalm. A Song for the Sabbath.\n\n    [1] It is good to give thanks to the LORD,\n        to sing praises to your name, O Most High;\n    [2] to declare your steadfast love in the morning,\n        and your faithfulness by night,\n    [3] to the music of the lute and the harp,\n        to the melody of the lyre.\n    [4] For you, O LORD, have made me glad by your work;\n        at the works of your hands I sing for joy.\n    \n    \n    [5] How great are your works, O LORD!\n        Your thoughts are very deep!\n    [6] The stupid man cannot know;\n        the fool cannot understand this:\n    [7] that though the wicked sprout like grass\n        and all evildoers flourish,\n    they are doomed to destruction forever;\n    [8]     but you, O LORD, are on high forever.\n    [9] For behold, your enemies, O LORD,\n        for behold, your enemies shall perish;\n        all evildoers shall be scattered.\n    \n    \n    [10] But you have exalted my horn like that of the wild ox;\n        you have poured over me(1) fresh oil.\n    [11] My eyes have seen the downfall of my enemies;\n        my ears have heard the doom of my evil assailants.\n    \n    \n    [12] The righteous flourish like the palm tree\n        and grow like a cedar in Lebanon.\n    [13] They are planted in the house of the LORD;\n        they flourish in the courts of our God.\n    [14] They still bear fruit in old age;\n        they are ever full of sap and green,\n    [15] to declare that the LORD is upright;\n        he is my rock, and there is no unrighteousness in him.\n    \n\nFootnotes\n\n(1) 92:10 Compare Syriac; the meaning of the Hebrew is uncertain\n (ESV)"]}