{"query": "Psalm 109", "canonical": "Psalm 109", "parsed": [[19109001, 19109031]], "passage_meta": [{"canonical": "Psalm 109", "chapter_start": [19109001, 19109031], "chapter_end": [19109001, 19109031], "prev_verse": 19108013, "next_verse": 19110001, "prev_chapter": [19108001, 19108013], "next_chapter": [19110001, 19110007]}], "passages": ["Psalm 109\n\nHelp Me, O LORD My God\n\nTo the choirmaster. A Psalm of David.\n\n    [1] Be not silent, O God of my praise!\n    [2] For wicked and deceitful mouths are opened against me,\n        speaking against me with lying tongues.\n    [3] They encircle me with words of hate,\n        and attack me without cause.\n    [4] In return for my love they accuse me,\n        but I give myself to prayer.(1)\n    [5] So they reward me evil for good,\n        and hatred for my love.\n    \n    \n    [6] Appoint a wicked man against him;\n        let an accuser stand at his right hand.\n    [7] When he is tried, let him come forth guilty;\n        let his prayer be counted as sin!\n    [8] May his days be few;\n        may another take his office!\n    [9] May his children be fatherless\n        and his wife a widow!\n    [10] May his children wander about and beg,\n        seeking food far from the ruins they inhabit!\n    [11] May the creditor seize all that he has;\n        may strangers plunder the fruits of his toil!\n    [12] Let there be none to extend kindness to him,\n        nor any to pity his fatherless children!\n    [13] May his posterity be cut off;\n        may his name be blotted out in the second generation!\n    [14] May the iniquity of his fathers be remembered before the LORD,\n        and let not the sin of his mother be blotted out!\n    [15] Let them be before the LORD continually,\n        that he may cut off the memory of them from the earth!\n    \n    \n    [16] For he did not remember to show kindness,\n        but pursued the poor and needy\n        and the brokenhearted, to put them to death.\n    [17] He loved to curse; let curses come(2) upon him!\n        He did not delight in blessing; may it be far(3) from him!\n    [18] He clothed himself with cursing as his coat;\n        may it soak(4) into his body like water,\n        like oil into his bones!\n    [19] May it be like a garment that he wraps around him,\n        like a belt that he puts on every day!\n    [20] May this be the reward of my accusers from the LORD,\n        of those who speak evil against my life!\n    \n    \n    [21] But you, O GOD my Lord,\n        deal on my behalf for your name\u2019s sake;\n        because your steadfast love is good, deliver me!\n    [22] For I am poor and needy,\n        and my heart is stricken within me.\n    [23] I am gone like a shadow at evening;\n        I am shaken off like a locust.\n    [24] My knees are weak through fasting;\n        my body has become gaunt, with no fat.\n    [25] I am an object of scorn to my accusers;\n        when they see me, they wag their heads.\n    \n    \n    [26] Help me, O LORD my God!\n        Save me according to your steadfast love!\n    [27] Let them know that this is your hand;\n        you, O LORD, have done it!\n    [28] Let them curse, but you will bless!\n        They arise and are put to shame, but your servant will be glad!\n    [29] May my accusers be clothed with dishonor;\n        may they be wrapped in their own shame as in a cloak!\n    \n    \n    [30] With my mouth I will give great thanks to the LORD;\n        I will praise him in the midst of the throng.\n    [31] For he stands at the right hand of the needy one,\n        to save him from those who condemn his soul to death.\n    \n\nFootnotes\n\n(1) 109:4 Hebrew *but I am prayer*\n\n(2) 109:17 Revocalization; Masoretic Text *curses have come*\n\n(3) 109:17 Revocalization; Masoretic Text *it is far*\n\n(4) 109:18 Revocalization; Masoretic Text *it has soaked*\n (ESV)"]}