{"query": "Psalm 8", "canonical": "Psalm 8", "parsed": [[19008001, 19008009]], "passage_meta": [{"canonical": "Psalm 8", "chapter_start": [19008001, 19008009], "chapter_end": [19008001, 19008009], "prev_verse": 19007017, "next_verse": 19009001, "prev_chapter": [19007001, 19007017], "next_chapter": [19009001, 19009020]}], "passages": ["Psalm 8\n\nHow Majestic Is Your Name\n\nTo the choirmaster: according to The Gittith.(1) A Psalm of David.\n\n    [1] O LORD, our Lord,\n        how majestic is your name in all the earth!\n    You have set your glory above the heavens.\n    [2]     Out of the mouth of babies and infants,\n    you have established strength because of your foes,\n        to still the enemy and the avenger.\n    \n    \n    [3] When I look at your heavens, the work of your fingers,\n        the moon and the stars, which you have set in place,\n    [4] what is man that you are mindful of him,\n        and the son of man that you care for him?\n    \n    \n    [5] Yet you have made him a little lower than the heavenly beings(2)\n        and crowned him with glory and honor.\n    [6] You have given him dominion over the works of your hands;\n        you have put all things under his feet,\n    [7] all sheep and oxen,\n        and also the beasts of the field,\n    [8] the birds of the heavens, and the fish of the sea,\n        whatever passes along the paths of the seas.\n    \n    \n    [9] O LORD, our Lord,\n        how majestic is your name in all the earth!\n    \n\nFootnotes\n\n(1) 8:1 Probably a musical or liturgical term\n\n(2) 8:5 Or *than God*; Septuagint *than the angels*\n (ESV)"]}