{"query": "Psalm 81", "canonical": "Psalm 81", "parsed": [[19081001, 19081016]], "passage_meta": [{"canonical": "Psalm 81", "chapter_start": [19081001, 19081016], "chapter_end": [19081001, 19081016], "prev_verse": 19080019, "next_verse": 19082001, "prev_chapter": [19080001, 19080019], "next_chapter": [19082001, 19082008]}], "passages": ["Psalm 81\n\nOh, That My People Would Listen to Me\n\nTo the choirmaster: according to The Gittith.(1) Of Asaph.\n\n    [1] Sing aloud to God our strength;\n        shout for joy to the God of Jacob!\n    [2] Raise a song; sound the tambourine,\n        the sweet lyre with the harp.\n    [3] Blow the trumpet at the new moon,\n        at the full moon, on our feast day.\n    \n    \n    [4] For it is a statute for Israel,\n        a rule(2) of the God of Jacob.\n    [5] He made it a decree in Joseph\n        when he went out over(3) the land of Egypt.\n    I hear a language I had not known:\n    [6] \u201cI relieved your(4) shoulder of the burden;\n        your hands were freed from the basket.\n    [7] In distress you called, and I delivered you;\n        I answered you in the secret place of thunder;\n        I tested you at the waters of Meribah. Selah\n    [8] Hear, O my people, while I admonish you!\n        O Israel, if you would but listen to me!\n    [9] There shall be no strange god among you;\n        you shall not bow down to a foreign god.\n    [10] I am the LORD your God,\n        who brought you up out of the land of Egypt.\n        Open your mouth wide, and I will fill it.\n    \n    \n    [11] \u201cBut my people did not listen to my voice;\n        Israel would not submit to me.\n    [12] So I gave them over to their stubborn hearts,\n        to follow their own counsels.\n    [13] Oh, that my people would listen to me,\n        that Israel would walk in my ways!\n    [14] I would soon subdue their enemies\n        and turn my hand against their foes.\n    [15] Those who hate the LORD would cringe toward him,\n        and their fate would last forever.\n    [16] But he would feed you(5) with the finest of the wheat,\n        and with honey from the rock I would satisfy you.\u201d\n    \n\nFootnotes\n\n(1) 81:1 Probably a musical or liturgical term\n\n(2) 81:4 Or *just decree*\n\n(3) 81:5 Or *against*\n\n(4) 81:6 Hebrew *his*; also next line\n\n(5) 81:16 That is, Israel; Hebrew *him*\n (ESV)"]}