{"query": "Psalm 80", "canonical": "Psalm 80", "parsed": [[19080001, 19080019]], "passage_meta": [{"canonical": "Psalm 80", "chapter_start": [19080001, 19080019], "chapter_end": [19080001, 19080019], "prev_verse": 19079013, "next_verse": 19081001, "prev_chapter": [19079001, 19079013], "next_chapter": [19081001, 19081016]}], "passages": ["Psalm 80\n\nRestore Us, O God\n\nTo the choirmaster: according to Lilies. A Testimony. Of Asaph, a Psalm.\n\n    [1] Give ear, O Shepherd of Israel,\n        you who lead Joseph like a flock.\n    You who are enthroned upon the cherubim, shine forth.\n    [2]     Before Ephraim and Benjamin and Manasseh,\n    stir up your might\n        and come to save us!\n    \n    \n    [3] Restore us,(1) O God;\n        let your face shine, that we may be saved!\n    \n    \n    [4] O LORD God of hosts,\n        how long will you be angry with your people\u2019s prayers?\n    [5] You have fed them with the bread of tears\n        and given them tears to drink in full measure.\n    [6] You make us an object of contention for our neighbors,\n        and our enemies laugh among themselves.\n    \n    \n    [7] Restore us, O God of hosts;\n        let your face shine, that we may be saved!\n    \n    \n    [8] You brought a vine out of Egypt;\n        you drove out the nations and planted it.\n    [9] You cleared the ground for it;\n        it took deep root and filled the land.\n    [10] The mountains were covered with its shade,\n        the mighty cedars with its branches.\n    [11] It sent out its branches to the sea\n        and its shoots to the River.(2)\n    [12] Why then have you broken down its walls,\n        so that all who pass along the way pluck its fruit?\n    [13] The boar from the forest ravages it,\n        and all that move in the field feed on it.\n    \n    \n    [14] Turn again, O God of hosts!\n        Look down from heaven, and see;\n    have regard for this vine,\n    [15]     the stock that your right hand planted,\n        and for the son whom you made strong for yourself.\n    [16] They have burned it with fire; they have cut it down;\n        may they perish at the rebuke of your face!\n    [17] But let your hand be on the man of your right hand,\n        the son of man whom you have made strong for yourself!\n    [18] Then we shall not turn back from you;\n        give us life, and we will call upon your name!\n    \n    \n    [19] Restore us, O LORD God of hosts!\n        Let your face shine, that we may be saved!\n    \n\nFootnotes\n\n(1) 80:3 Or *Turn us again*; also verses 7, 19\n\n(2) 80:11 That is, the Euphrates\n (ESV)"]}