{"query": "Psalm 18", "canonical": "Psalm 18", "parsed": [[19018001, 19018050]], "passage_meta": [{"canonical": "Psalm 18", "chapter_start": [19018001, 19018050], "chapter_end": [19018001, 19018050], "prev_verse": 19017015, "next_verse": 19019001, "prev_chapter": [19017001, 19017015], "next_chapter": [19019001, 19019014]}], "passages": ["Psalm 18\n\nThe LORD Is My Rock and My Fortress\n\nTo the choirmaster. A Psalm of David, the servant of the LORD, who addressed the words of this song to the LORD on the day when the LORD delivered him from the hand of all his enemies, and from the hand of Saul. He said:\n\n    [1] I love you, O LORD, my strength.\n    [2] The LORD is my rock and my fortress and my deliverer,\n        my God, my rock, in whom I take refuge,\n        my shield, and the horn of my salvation, my stronghold.\n    [3] I call upon the LORD, who is worthy to be praised,\n        and I am saved from my enemies.\n    \n    \n    [4] The cords of death encompassed me;\n        the torrents of destruction assailed me;(1)\n    [5] the cords of Sheol entangled me;\n        the snares of death confronted me.\n    \n    \n    [6] In my distress I called upon the LORD;\n        to my God I cried for help.\n    From his temple he heard my voice,\n        and my cry to him reached his ears.\n    \n    \n    [7] Then the earth reeled and rocked;\n        the foundations also of the mountains trembled\n        and quaked, because he was angry.\n    [8] Smoke went up from his nostrils,(2)\n        and devouring fire from his mouth;\n        glowing coals flamed forth from him.\n    [9] He bowed the heavens and came down;\n        thick darkness was under his feet.\n    [10] He rode on a cherub and flew;\n        he came swiftly on the wings of the wind.\n    [11] He made darkness his covering, his canopy around him,\n        thick clouds dark with water.\n    [12] Out of the brightness before him\n        hailstones and coals of fire broke through his clouds.\n    \n    \n    [13] The LORD also thundered in the heavens,\n        and the Most High uttered his voice,\n        hailstones and coals of fire.\n    [14] And he sent out his arrows and scattered them;\n        he flashed forth lightnings and routed them.\n    [15] Then the channels of the sea were seen,\n        and the foundations of the world were laid bare\n    at your rebuke, O LORD,\n        at the blast of the breath of your nostrils.\n    \n    \n    [16] He sent from on high, he took me;\n        he drew me out of many waters.\n    [17] He rescued me from my strong enemy\n        and from those who hated me,\n        for they were too mighty for me.\n    [18] They confronted me in the day of my calamity,\n        but the LORD was my support.\n    [19] He brought me out into a broad place;\n        he rescued me, because he delighted in me.\n    \n    \n    [20] The LORD dealt with me according to my righteousness;\n        according to the cleanness of my hands he rewarded me.\n    [21] For I have kept the ways of the LORD,\n        and have not wickedly departed from my God.\n    [22] For all his rules(3) were before me,\n        and his statutes I did not put away from me.\n    [23] I was blameless before him,\n        and I kept myself from my guilt.\n    [24] So the LORD has rewarded me according to my righteousness,\n        according to the cleanness of my hands in his sight.\n    \n    \n    [25] With the merciful you show yourself merciful;\n        with the blameless man you show yourself blameless;\n    [26] with the purified you show yourself pure;\n        and with the crooked you make yourself seem tortuous.\n    [27] For you save a humble people,\n        but the haughty eyes you bring down.\n    [28] For it is you who light my lamp;\n        the LORD my God lightens my darkness.\n    [29] For by you I can run against a troop,\n        and by my God I can leap over a wall.\n    [30] This God\u2014his way is perfect;(4)\n        the word of the LORD proves true;\n        he is a shield for all those who take refuge in him.\n    \n    \n    [31] For who is God, but the LORD?\n        And who is a rock, except our God?\u2014\n    [32] the God who equipped me with strength\n        and made my way blameless.\n    [33] He made my feet like the feet of a deer\n        and set me secure on the heights.\n    [34] He trains my hands for war,\n        so that my arms can bend a bow of bronze.\n    [35] You have given me the shield of your salvation,\n        and your right hand supported me,\n        and your gentleness made me great.\n    [36] You gave a wide place for my steps under me,\n        and my feet did not slip.\n    [37] I pursued my enemies and overtook them,\n        and did not turn back till they were consumed.\n    [38] I thrust them through, so that they were not able to rise;\n        they fell under my feet.\n    [39] For you equipped me with strength for the battle;\n        you made those who rise against me sink under me.\n    [40] You made my enemies turn their backs to me,(5)\n        and those who hated me I destroyed.\n    [41] They cried for help, but there was none to save;\n        they cried to the LORD, but he did not answer them.\n    [42] I beat them fine as dust before the wind;\n        I cast them out like the mire of the streets.\n    \n    \n    [43] You delivered me from strife with the people;\n        you made me the head of the nations;\n        people whom I had not known served me.\n    [44] As soon as they heard of me they obeyed me;\n        foreigners came cringing to me.\n    [45] Foreigners lost heart\n        and came trembling out of their fortresses.\n    \n    \n    [46] The LORD lives, and blessed be my rock,\n        and exalted be the God of my salvation\u2014\n    [47] the God who gave me vengeance\n        and subdued peoples under me,\n    [48] who rescued me from my enemies;\n        yes, you exalted me above those who rose against me;\n        you delivered me from the man of violence.\n    \n    \n    [49] For this I will praise you, O LORD, among the nations,\n        and sing to your name.\n    [50] Great salvation he brings to his king,\n        and shows steadfast love to his anointed,\n        to David and his offspring forever.\n    \n\nFootnotes\n\n(1) 18:4 Or *terrified me*\n\n(2) 18:8 Or *in his wrath*\n\n(3) 18:22 Or *just decrees*\n\n(4) 18:30 Or *blameless*\n\n(5) 18:40 Or *You gave me my enemies\u2019 necks*\n (ESV)"]}