{"query": "Psalm 10", "canonical": "Psalm 10", "parsed": [[19010001, 19010018]], "passage_meta": [{"canonical": "Psalm 10", "chapter_start": [19010001, 19010018], "chapter_end": [19010001, 19010018], "prev_verse": 19009020, "next_verse": 19011001, "prev_chapter": [19009001, 19009020], "next_chapter": [19011001, 19011007]}], "passages": ["Psalm 10\n\nWhy Do You Hide Yourself?\n\n    [1] Why, O LORD, do you stand far away?\n        Why do you hide yourself in times of trouble?\n    \n    \n    [2] In arrogance the wicked hotly pursue the poor;\n        let them be caught in the schemes that they have devised.\n    [3] For the wicked boasts of the desires of his soul,\n        and the one greedy for gain curses(1) and renounces the LORD.\n    [4] In the pride of his face(2) the wicked does not seek him;(3)\n        all his thoughts are, \u201cThere is no God.\u201d\n    [5] His ways prosper at all times;\n        your judgments are on high, out of his sight;\n        as for all his foes, he puffs at them.\n    [6] He says in his heart, \u201cI shall not be moved;\n        throughout all generations I shall not meet adversity.\u201d\n    [7] His mouth is filled with cursing and deceit and oppression;\n        under his tongue are mischief and iniquity.\n    [8] He sits in ambush in the villages;\n        in hiding places he murders the innocent.\n    His eyes stealthily watch for the helpless;\n    [9]     he lurks in ambush like a lion in his thicket;\n    he lurks that he may seize the poor;\n        he seizes the poor when he draws him into his net.\n    [10] The helpless are crushed, sink down,\n        and fall by his might.\n    [11] He says in his heart, \u201cGod has forgotten,\n        he has hidden his face, he will never see it.\u201d\n    \n    \n    [12] Arise, O LORD; O God, lift up your hand;\n        forget not the afflicted.\n    [13] Why does the wicked renounce God\n        and say in his heart, \u201cYou will not call to account\u201d?\n    [14] But you do see, for you note mischief and vexation,\n        that you may take it into your hands;\n    to you the helpless commits himself;\n        you have been the helper of the fatherless.\n    [15] Break the arm of the wicked and evildoer;\n        call his wickedness to account till you find none.\n    \n    \n    [16] The LORD is king forever and ever;\n        the nations perish from his land.\n    [17] O LORD, you hear the desire of the afflicted;\n        you will strengthen their heart; you will incline your ear\n    [18] to do justice to the fatherless and the oppressed,\n        so that man who is of the earth may strike terror no more.\n    \n\nFootnotes\n\n(1) 10:3 Or *and he blesses the one greedy for gain*\n\n(2) 10:4 Or *of his anger*\n\n(3) 10:4 Or *the wicked says, \u201cHe will not call to account\u201d*\n (ESV)"]}