{"query": "Psalm 147", "canonical": "Psalm 147", "parsed": [[19147001, 19147020]], "passage_meta": [{"canonical": "Psalm 147", "chapter_start": [19147001, 19147020], "chapter_end": [19147001, 19147020], "prev_verse": 19146010, "next_verse": 19148001, "prev_chapter": [19146001, 19146010], "next_chapter": [19148001, 19148014]}], "passages": ["Psalm 147\n\nHe Heals the Brokenhearted\n\n    [1] Praise the LORD!\n    For it is good to sing praises to our God;\n        for it is pleasant,(1) and a song of praise is fitting.\n    [2] The LORD builds up Jerusalem;\n        he gathers the outcasts of Israel.\n    [3] He heals the brokenhearted\n        and binds up their wounds.\n    [4] He determines the number of the stars;\n        he gives to all of them their names.\n    [5] Great is our Lord, and abundant in power;\n        his understanding is beyond measure.\n    [6] The LORD lifts up the humble;(2)\n        he casts the wicked to the ground.\n    \n    \n    [7] Sing to the LORD with thanksgiving;\n        make melody to our God on the lyre!\n    [8] He covers the heavens with clouds;\n        he prepares rain for the earth;\n        he makes grass grow on the hills.\n    [9] He gives to the beasts their food,\n        and to the young ravens that cry.\n    [10] His delight is not in the strength of the horse,\n        nor his pleasure in the legs of a man,\n    [11] but the LORD takes pleasure in those who fear him,\n        in those who hope in his steadfast love.\n    \n    \n    [12] Praise the LORD, O Jerusalem!\n        Praise your God, O Zion!\n    [13] For he strengthens the bars of your gates;\n        he blesses your children within you.\n    [14] He makes peace in your borders;\n        he fills you with the finest of the wheat.\n    [15] He sends out his command to the earth;\n        his word runs swiftly.\n    [16] He gives snow like wool;\n        he scatters frost like ashes.\n    [17] He hurls down his crystals of ice like crumbs;\n        who can stand before his cold?\n    [18] He sends out his word, and melts them;\n        he makes his wind blow and the waters flow.\n    [19] He declares his word to Jacob,\n        his statutes and rules(3) to Israel.\n    [20] He has not dealt thus with any other nation;\n        they do not know his rules.(4)\n    Praise the LORD!\n    \n\nFootnotes\n\n(1) 147:1 Or *for he is beautiful*\n\n(2) 147:6 Or *afflicted*\n\n(3) 147:19 Or *and just decrees*\n\n(4) 147:20 Or *his just decrees*\n (ESV)"]}