{"query": "Psalm 50", "canonical": "Psalm 50", "parsed": [[19050001, 19050023]], "passage_meta": [{"canonical": "Psalm 50", "chapter_start": [19050001, 19050023], "chapter_end": [19050001, 19050023], "prev_verse": 19049020, "next_verse": 19051001, "prev_chapter": [19049001, 19049020], "next_chapter": [19051001, 19051019]}], "passages": ["Psalm 50\n\nGod Himself Is Judge\n\nA Psalm of Asaph.\n\n    [1] The Mighty One, God the LORD,\n        speaks and summons the earth\n        from the rising of the sun to its setting.\n    [2] Out of Zion, the perfection of beauty,\n        God shines forth.\n    \n    \n    [3] Our God comes; he does not keep silence;(1)\n        before him is a devouring fire,\n        around him a mighty tempest.\n    [4] He calls to the heavens above\n        and to the earth, that he may judge his people:\n    [5] \u201cGather to me my faithful ones,\n        who made a covenant with me by sacrifice!\u201d\n    [6] The heavens declare his righteousness,\n        for God himself is judge! Selah\n    \n    \n    [7] \u201cHear, O my people, and I will speak;\n        O Israel, I will testify against you.\n        I am God, your God.\n    [8] Not for your sacrifices do I rebuke you;\n        your burnt offerings are continually before me.\n    [9] I will not accept a bull from your house\n        or goats from your folds.\n    [10] For every beast of the forest is mine,\n        the cattle on a thousand hills.\n    [11] I know all the birds of the hills,\n        and all that moves in the field is mine.\n    \n    \n    [12] \u201cIf I were hungry, I would not tell you,\n        for the world and its fullness are mine.\n    [13] Do I eat the flesh of bulls\n        or drink the blood of goats?\n    [14] Offer to God a sacrifice of thanksgiving,(2)\n        and perform your vows to the Most High,\n    [15] and call upon me in the day of trouble;\n        I will deliver you, and you shall glorify me.\u201d\n    \n    \n    [16] But to the wicked God says:\n        \u201cWhat right have you to recite my statutes\n        or take my covenant on your lips?\n    [17] For you hate discipline,\n        and you cast my words behind you.\n    [18] If you see a thief, you are pleased with him,\n        and you keep company with adulterers.\n    \n    \n    [19] \u201cYou give your mouth free rein for evil,\n        and your tongue frames deceit.\n    [20] You sit and speak against your brother;\n        you slander your own mother\u2019s son.\n    [21] These things you have done, and I have been silent;\n        you thought that I(3) was one like yourself.\n    But now I rebuke you and lay the charge before you.\n    \n    \n    [22] \u201cMark this, then, you who forget God,\n        lest I tear you apart, and there be none to deliver!\n    [23] The one who offers thanksgiving as his sacrifice glorifies me;\n        to one who orders his way rightly\n        I will show the salvation of God!\u201d\n    \n\nFootnotes\n\n(1) 50:3 Or *May our God come, and not keep silence*\n\n(2) 50:14 Or *Make thanksgiving your sacrifice to God*\n\n(3) 50:21 Or *that the I am*\n (ESV)"]}