{"query": "Psalm 111", "canonical": "Psalm 111", "parsed": [[19111001, 19111010]], "passage_meta": [{"canonical": "Psalm 111", "chapter_start": [19111001, 19111010], "chapter_end": [19111001, 19111010], "prev_verse": 19110007, "next_verse": 19112001, "prev_chapter": [19110001, 19110007], "next_chapter": [19112001, 19112010]}], "passages": ["Psalm 111\n\nGreat Are the LORD\u2019s Works\n\n    [1] (1) Praise the LORD!\n    I will give thanks to the LORD with my whole heart,\n        in the company of the upright, in the congregation.\n    [2] Great are the works of the LORD,\n        studied by all who delight in them.\n    [3] Full of splendor and majesty is his work,\n        and his righteousness endures forever.\n    [4] He has caused his wondrous works to be remembered;\n        the LORD is gracious and merciful.\n    [5] He provides food for those who fear him;\n        he remembers his covenant forever.\n    [6] He has shown his people the power of his works,\n        in giving them the inheritance of the nations.\n    [7] The works of his hands are faithful and just;\n        all his precepts are trustworthy;\n    [8] they are established forever and ever,\n        to be performed with faithfulness and uprightness.\n    [9] He sent redemption to his people;\n        he has commanded his covenant forever.\n        Holy and awesome is his name!\n    [10] The fear of the LORD is the beginning of wisdom;\n        all those who practice it have a good understanding.\n        His praise endures forever!\n    \n\nFootnotes\n\n(1) 111:1 This psalm is an acrostic poem, each line beginning with the successive letters of the Hebrew alphabet\n (ESV)"]}