{"query": "Psalm 100", "canonical": "Psalm 100", "parsed": [[19100001, 19100005]], "passage_meta": [{"canonical": "Psalm 100", "chapter_start": [19100001, 19100005], "chapter_end": [19100001, 19100005], "prev_verse": 19099009, "next_verse": 19101001, "prev_chapter": [19099001, 19099009], "next_chapter": [19101001, 19101008]}], "passages": ["Psalm 100\n\nHis Steadfast Love Endures Forever\n\nA Psalm for giving thanks.\n\n    [1] Make a joyful noise to the LORD, all the earth!\n    [2]     Serve the LORD with gladness!\n        Come into his presence with singing!\n    \n    \n    [3] Know that the LORD, he is God!\n        It is he who made us, and we are his;(1)\n        we are his people, and the sheep of his pasture.\n    \n    \n    [4] Enter his gates with thanksgiving,\n        and his courts with praise!\n        Give thanks to him; bless his name!\n    \n    \n    [5] For the LORD is good;\n        his steadfast love endures forever,\n        and his faithfulness to all generations.\n    \n\nFootnotes\n\n(1) 100:3 Or *and not we ourselves*\n (ESV)"]}