{"query": "Psalm 129", "canonical": "Psalm 129", "parsed": [[19129001, 19129008]], "passage_meta": [{"canonical": "Psalm 129", "chapter_start": [19129001, 19129008], "chapter_end": [19129001, 19129008], "prev_verse": 19128006, "next_verse": 19130001, "prev_chapter": [19128001, 19128006], "next_chapter": [19130001, 19130008]}], "passages": ["Psalm 129\n\nThey Have Afflicted Me from My Youth\n\nA Song of Ascents.\n\n    [1] \u201cGreatly(1) have they afflicted me from my youth\u201d\u2014\n        let Israel now say\u2014\n    [2] \u201cGreatly have they afflicted me from my youth,\n        yet they have not prevailed against me.\n    [3] The plowers plowed upon my back;\n        they made long their furrows.\u201d\n    [4] The LORD is righteous;\n        he has cut the cords of the wicked.\n    [5] May all who hate Zion\n        be put to shame and turned backward!\n    [6] Let them be like the grass on the housetops,\n        which withers before it grows up,\n    [7] with which the reaper does not fill his hand\n        nor the binder of sheaves his arms,\n    [8] nor do those who pass by say,\n        \u201cThe blessing of the LORD be upon you!\n        We bless you in the name of the LORD!\u201d\n    \n\nFootnotes\n\n(1) 129:1 Or *Often*; also verse 2\n (ESV)"]}