{"query": "Psalm 108", "canonical": "Psalm 108", "parsed": [[19108001, 19108013]], "passage_meta": [{"canonical": "Psalm 108", "chapter_start": [19108001, 19108013], "chapter_end": [19108001, 19108013], "prev_verse": 19107043, "next_verse": 19109001, "prev_chapter": [19107001, 19107043], "next_chapter": [19109001, 19109031]}], "passages": ["Psalm 108\n\nWith God We Shall Do Valiantly\n\nA Song. A Psalm of David.\n\n    [1] My heart is steadfast, O God!\n        I will sing and make melody with all my being!(1)\n    [2] Awake, O harp and lyre!\n        I will awake the dawn!\n    [3] I will give thanks to you, O LORD, among the peoples;\n        I will sing praises to you among the nations.\n    [4] For your steadfast love is great above the heavens;\n        your faithfulness reaches to the clouds.\n    \n    \n    [5] Be exalted, O God, above the heavens!\n        Let your glory be over all the earth!\n    [6] That your beloved ones may be delivered,\n        give salvation by your right hand and answer me!\n    \n    \n    [7] God has promised in his holiness:(2)\n        \u201cWith exultation I will divide up Shechem\n        and portion out the Valley of Succoth.\n    [8] Gilead is mine; Manasseh is mine;\n        Ephraim is my helmet,\n        Judah my scepter.\n    [9] Moab is my washbasin;\n        upon Edom I cast my shoe;\n        over Philistia I shout in triumph.\u201d\n    \n    \n    [10] Who will bring me to the fortified city?\n        Who will lead me to Edom?\n    [11] Have you not rejected us, O God?\n        You do not go out, O God, with our armies.\n    [12] Oh grant us help against the foe,\n        for vain is the salvation of man!\n    [13] With God we shall do valiantly;\n        it is he who will tread down our foes.\n    \n\nFootnotes\n\n(1) 108:1 Hebrew *with my glory*\n\n(2) 108:7 Or *sanctuary*\n (ESV)"]}