{"query": "Psalm 150", "canonical": "Psalm 150", "parsed": [[19150001, 19150006]], "passage_meta": [{"canonical": "Psalm 150", "chapter_start": [19150001, 19150006], "chapter_end": [19150001, 19150006], "prev_verse": 19149009, "next_verse": 20001001, "prev_chapter": [19149001, 19149009], "next_chapter": [20001001, 20001033]}], "passages": ["Psalm 150\n\nLet Everything Praise the LORD\n\n    [1] Praise the LORD!\n    Praise God in his sanctuary;\n        praise him in his mighty heavens!(1)\n    [2] Praise him for his mighty deeds;\n        praise him according to his excellent greatness!\n    \n    \n    [3] Praise him with trumpet sound;\n        praise him with lute and harp!\n    [4] Praise him with tambourine and dance;\n        praise him with strings and pipe!\n    [5] Praise him with sounding cymbals;\n        praise him with loud clashing cymbals!\n    [6] Let everything that has breath praise the LORD!\n    Praise the LORD!\n    \n\nFootnotes\n\n(1) 150:1 Hebrew *expanse* (compare Genesis 1:6\u20138)\n (ESV)"]}