{"query": "Psalm 37", "canonical": "Psalm 37", "parsed": [[19037001, 19037040]], "passage_meta": [{"canonical": "Psalm 37", "chapter_start": [19037001, 19037040], "chapter_end": [19037001, 19037040], "prev_verse": 19036012, "next_verse": 19038001, "prev_chapter": [19036001, 19036012], "next_chapter": [19038001, 19038022]}], "passages": ["Psalm 37\n\nHe Will Not Forsake His Saints\n\n(1) Of David.\n\n    [1] Fret not yourself because of evildoers;\n        be not envious of wrongdoers!\n    [2] For they will soon fade like the grass\n        and wither like the green herb.\n    \n    \n    [3] Trust in the LORD, and do good;\n        dwell in the land and befriend faithfulness.(2)\n    [4] Delight yourself in the LORD,\n        and he will give you the desires of your heart.\n    \n    \n    [5] Commit your way to the LORD;\n        trust in him, and he will act.\n    [6] He will bring forth your righteousness as the light,\n        and your justice as the noonday.\n    \n    \n    [7] Be still before the LORD and wait patiently for him;\n        fret not yourself over the one who prospers in his way,\n        over the man who carries out evil devices!\n    \n    \n    [8] Refrain from anger, and forsake wrath!\n        Fret not yourself; it tends only to evil.\n    [9] For the evildoers shall be cut off,\n        but those who wait for the LORD shall inherit the land.\n    \n    \n    [10] In just a little while, the wicked will be no more;\n        though you look carefully at his place, he will not be there.\n    [11] But the meek shall inherit the land\n        and delight themselves in abundant peace.\n    \n    \n    [12] The wicked plots against the righteous\n        and gnashes his teeth at him,\n    [13] but the Lord laughs at the wicked,\n        for he sees that his day is coming.\n    \n    \n    [14] The wicked draw the sword and bend their bows\n        to bring down the poor and needy,\n        to slay those whose way is upright;\n    [15] their sword shall enter their own heart,\n        and their bows shall be broken.\n    \n    \n    [16] Better is the little that the righteous has\n        than the abundance of many wicked.\n    [17] For the arms of the wicked shall be broken,\n        but the LORD upholds the righteous.\n    \n    \n    [18] The LORD knows the days of the blameless,\n        and their heritage will remain forever;\n    [19] they are not put to shame in evil times;\n        in the days of famine they have abundance.\n    \n    \n    [20] But the wicked will perish;\n        the enemies of the LORD are like the glory of the pastures;\n        they vanish\u2014like smoke they vanish away.\n    \n    \n    [21] The wicked borrows but does not pay back,\n        but the righteous is generous and gives;\n    [22] for those blessed by the LORD(3) shall inherit the land,\n        but those cursed by him shall be cut off.\n    \n    \n    [23] The steps of a man are established by the LORD,\n        when he delights in his way;\n    [24] though he fall, he shall not be cast headlong,\n        for the LORD upholds his hand.\n    \n    \n    [25] I have been young, and now am old,\n        yet I have not seen the righteous forsaken\n        or his children begging for bread.\n    [26] He is ever lending generously,\n        and his children become a blessing.\n    \n    \n    [27] Turn away from evil and do good;\n        so shall you dwell forever.\n    [28] For the LORD loves justice;\n        he will not forsake his saints.\n    They are preserved forever,\n        but the children of the wicked shall be cut off.\n    [29] The righteous shall inherit the land\n        and dwell upon it forever.\n    \n    \n    [30] The mouth of the righteous utters wisdom,\n        and his tongue speaks justice.\n    [31] The law of his God is in his heart;\n        his steps do not slip.\n    \n    \n    [32] The wicked watches for the righteous\n        and seeks to put him to death.\n    [33] The LORD will not abandon him to his power\n        or let him be condemned when he is brought to trial.\n    \n    \n    [34] Wait for the LORD and keep his way,\n        and he will exalt you to inherit the land;\n        you will look on when the wicked are cut off.\n    \n    \n    [35] I have seen a wicked, ruthless man,\n        spreading himself like a green laurel tree.(4)\n    [36] But he passed away,(5) and behold, he was no more;\n        though I sought him, he could not be found.\n    \n    \n    [37] Mark the blameless and behold the upright,\n        for there is a future for the man of peace.\n    [38] But transgressors shall be altogether destroyed;\n        the future of the wicked shall be cut off.\n    \n    \n    [39] The salvation of the righteous is from the LORD;\n        he is their stronghold in the time of trouble.\n    [40] The LORD helps them and delivers them;\n        he delivers them from the wicked and saves them,\n        because they take refuge in him.\n    \n\nFootnotes\n\n(1) 37:1 This psalm is an acrostic poem, each stanza beginning with the successive letters of the Hebrew alphabet\n\n(2) 37:3 Or *and feed on faithfulness*, or *and find safe pasture*\n\n(3) 37:22 Hebrew *by him*\n\n(4) 37:35 The identity of this tree is uncertain\n\n(5) 37:36 Or *But one passed by*\n (ESV)"]}