{"query": "Psalm 4", "canonical": "Psalm 4", "parsed": [[19004001, 19004008]], "passage_meta": [{"canonical": "Psalm 4", "chapter_start": [19004001, 19004008], "chapter_end": [19004001, 19004008], "prev_verse": 19003008, "next_verse": 19005001, "prev_chapter": [19003001, 19003008], "next_chapter": [19005001, 19005012]}], "passages": ["Psalm 4\n\nAnswer Me When I Call\n\nTo the choirmaster: with stringed instruments. A Psalm of David.\n\n    [1] Answer me when I call, O God of my righteousness!\n        You have given me relief when I was in distress.\n        Be gracious to me and hear my prayer!\n    \n    \n    [2] O men,(1) how long shall my honor be turned into shame?\n        How long will you love vain words and seek after lies? Selah\n    [3] But know that the LORD has set apart the godly for himself;\n        the LORD hears when I call to him.\n    \n    \n    [4] Be angry,(2) and do not sin;\n        ponder in your own hearts on your beds, and be silent. Selah\n    [5] Offer right sacrifices,\n        and put your trust in the LORD.\n    \n    \n    [6] There are many who say, \u201cWho will show us some good?\n        Lift up the light of your face upon us, O LORD!\u201d\n    [7] You have put more joy in my heart\n        than they have when their grain and wine abound.\n    \n    \n    [8] In peace I will both lie down and sleep;\n        for you alone, O LORD, make me dwell in safety.\n    \n\nFootnotes\n\n(1) 4:2 Or *O men of rank*\n\n(2) 4:4 Or *Be agitated*\n (ESV)"]}