{"query": "Psalm 143", "canonical": "Psalm 143", "parsed": [[19143001, 19143012]], "passage_meta": [{"canonical": "Psalm 143", "chapter_start": [19143001, 19143012], "chapter_end": [19143001, 19143012], "prev_verse": 19142007, "next_verse": 19144001, "prev_chapter": [19142001, 19142007], "next_chapter": [19144001, 19144015]}], "passages": ["Psalm 143\n\nMy Soul Thirsts for You\n\nA Psalm of David.\n\n    [1] Hear my prayer, O LORD;\n        give ear to my pleas for mercy!\n        In your faithfulness answer me, in your righteousness!\n    [2] Enter not into judgment with your servant,\n        for no one living is righteous before you.\n    \n    \n    [3] For the enemy has pursued my soul;\n        he has crushed my life to the ground;\n        he has made me sit in darkness like those long dead.\n    [4] Therefore my spirit faints within me;\n        my heart within me is appalled.\n    \n    \n    [5] I remember the days of old;\n        I meditate on all that you have done;\n        I ponder the work of your hands.\n    [6] I stretch out my hands to you;\n        my soul thirsts for you like a parched land. Selah\n    \n    \n    [7] Answer me quickly, O LORD!\n        My spirit fails!\n    Hide not your face from me,\n        lest I be like those who go down to the pit.\n    [8] Let me hear in the morning of your steadfast love,\n        for in you I trust.\n    Make me know the way I should go,\n        for to you I lift up my soul.\n    \n    \n    [9] Deliver me from my enemies, O LORD!\n        I have fled to you for refuge.(1)\n    [10] Teach me to do your will,\n        for you are my God!\n    Let your good Spirit lead me\n        on level ground!\n    \n    \n    [11] For your name\u2019s sake, O LORD, preserve my life!\n        In your righteousness bring my soul out of trouble!\n    [12] And in your steadfast love you will cut off my enemies,\n        and you will destroy all the adversaries of my soul,\n        for I am your servant.\n    \n\nFootnotes\n\n(1) 143:9 One Hebrew manuscript, Septuagint; most Hebrew manuscripts *To you I have covered*\n (ESV)"]}