{"query": "Psalm 17", "canonical": "Psalm 17", "parsed": [[19017001, 19017015]], "passage_meta": [{"canonical": "Psalm 17", "chapter_start": [19017001, 19017015], "chapter_end": [19017001, 19017015], "prev_verse": 19016011, "next_verse": 19018001, "prev_chapter": [19016001, 19016011], "next_chapter": [19018001, 19018050]}], "passages": ["Psalm 17\n\nIn the Shadow of Your Wings\n\nA Prayer of David.\n\n    [1] Hear a just cause, O LORD; attend to my cry!\n        Give ear to my prayer from lips free of deceit!\n    [2] From your presence let my vindication come!\n        Let your eyes behold the right!\n    \n    \n    [3] You have tried my heart, you have visited me by night,\n        you have tested me, and you will find nothing;\n        I have purposed that my mouth will not transgress.\n    [4] With regard to the works of man, by the word of your lips\n        I have avoided the ways of the violent.\n    [5] My steps have held fast to your paths;\n        my feet have not slipped.\n    \n    \n    [6] I call upon you, for you will answer me, O God;\n        incline your ear to me; hear my words.\n    [7] Wondrously show(1) your steadfast love,\n        O Savior of those who seek refuge\n        from their adversaries at your right hand.\n    \n    \n    [8] Keep me as the apple of your eye;\n        hide me in the shadow of your wings,\n    [9] from the wicked who do me violence,\n        my deadly enemies who surround me.\n    \n    \n    [10] They close their hearts to pity;\n        with their mouths they speak arrogantly.\n    [11] They have now surrounded our steps;\n        they set their eyes to cast us to the ground.\n    [12] He is like a lion eager to tear,\n        as a young lion lurking in ambush.\n    \n    \n    [13] Arise, O LORD! Confront him, subdue him!\n        Deliver my soul from the wicked by your sword,\n    [14] from men by your hand, O LORD,\n        from men of the world whose portion is in this life.(2)\n    You fill their womb with treasure;(3)\n        they are satisfied with children,\n        and they leave their abundance to their infants.\n    \n    \n    [15] As for me, I shall behold your face in righteousness;\n        when I awake, I shall be satisfied with your likeness.\n    \n\nFootnotes\n\n(1) 17:7 Or *Distinguish me by*\n\n(2) 17:14 Or *from men whose portion in life is of the world*\n\n(3) 17:14 Or *As for your treasured ones, you fill their womb*\n (ESV)"]}