{"query": "Psalm 72", "canonical": "Psalm 72", "parsed": [[19072001, 19072020]], "passage_meta": [{"canonical": "Psalm 72", "chapter_start": [19072001, 19072020], "chapter_end": [19072001, 19072020], "prev_verse": 19071024, "next_verse": 19073001, "prev_chapter": [19071001, 19071024], "next_chapter": [19073001, 19073028]}], "passages": ["Psalm 72\n\nGive the King Your Justice\n\nOf Solomon.\n\n    [1] Give the king your justice, O God,\n        and your righteousness to the royal son!\n    [2] May he judge your people with righteousness,\n        and your poor with justice!\n    [3] Let the mountains bear prosperity for the people,\n        and the hills, in righteousness!\n    [4] May he defend the cause of the poor of the people,\n        give deliverance to the children of the needy,\n        and crush the oppressor!\n    \n    \n    [5] May they fear you(1) while the sun endures,\n        and as long as the moon, throughout all generations!\n    [6] May he be like rain that falls on the mown grass,\n        like showers that water the earth!\n    [7] In his days may the righteous flourish,\n        and peace abound, till the moon be no more!\n    \n    \n    [8] May he have dominion from sea to sea,\n        and from the River(2) to the ends of the earth!\n    [9] May desert tribes bow down before him,\n        and his enemies lick the dust!\n    [10] May the kings of Tarshish and of the coastlands\n        render him tribute;\n    may the kings of Sheba and Seba\n        bring gifts!\n    [11] May all kings fall down before him,\n        all nations serve him!\n    \n    \n    [12] For he delivers the needy when he calls,\n        the poor and him who has no helper.\n    [13] He has pity on the weak and the needy,\n        and saves the lives of the needy.\n    [14] From oppression and violence he redeems their life,\n        and precious is their blood in his sight.\n    \n    \n    [15] Long may he live;\n        may gold of Sheba be given to him!\n    May prayer be made for him continually,\n        and blessings invoked for him all the day!\n    [16] May there be abundance of grain in the land;\n        on the tops of the mountains may it wave;\n        may its fruit be like Lebanon;\n    and may people blossom in the cities\n        like the grass of the field!\n    [17] May his name endure forever,\n        his fame continue as long as the sun!\n    May people be blessed in him,\n        all nations call him blessed!\n    \n    \n    [18] Blessed be the LORD, the God of Israel,\n        who alone does wondrous things.\n    [19] Blessed be his glorious name forever;\n        may the whole earth be filled with his glory!\n                                  Amen and Amen!\n    \n    \n    [20] The prayers of David, the son of Jesse, are ended.\n    \n\nFootnotes\n\n(1) 72:5 Septuagint *He shall endure*\n\n(2) 72:8 That is, the Euphrates\n (ESV)"]}