{"query": "Psalm 5", "canonical": "Psalm 5", "parsed": [[19005001, 19005012]], "passage_meta": [{"canonical": "Psalm 5", "chapter_start": [19005001, 19005012], "chapter_end": [19005001, 19005012], "prev_verse": 19004008, "next_verse": 19006001, "prev_chapter": [19004001, 19004008], "next_chapter": [19006001, 19006010]}], "passages": ["Psalm 5\n\nLead Me in Your Righteousness\n\nTo the choirmaster: for the flutes. A Psalm of David.\n\n    [1] Give ear to my words, O LORD;\n        consider my groaning.\n    [2] Give attention to the sound of my cry,\n        my King and my God,\n        for to you do I pray.\n    [3] O LORD, in the morning you hear my voice;\n        in the morning I prepare a sacrifice for you(1) and watch.\n    \n    \n    [4] For you are not a God who delights in wickedness;\n        evil may not dwell with you.\n    [5] The boastful shall not stand before your eyes;\n        you hate all evildoers.\n    [6] You destroy those who speak lies;\n        the LORD abhors the bloodthirsty and deceitful man.\n    \n    \n    [7] But I, through the abundance of your steadfast love,\n        will enter your house.\n    I will bow down toward your holy temple\n        in the fear of you.\n    [8] Lead me, O LORD, in your righteousness\n        because of my enemies;\n        make your way straight before me.\n    \n    \n    [9] For there is no truth in their mouth;\n        their inmost self is destruction;\n    their throat is an open grave;\n        they flatter with their tongue.\n    [10] Make them bear their guilt, O God;\n        let them fall by their own counsels;\n    because of the abundance of their transgressions cast them out,\n        for they have rebelled against you.\n    \n    \n    [11] But let all who take refuge in you rejoice;\n        let them ever sing for joy,\n    and spread your protection over them,\n        that those who love your name may exult in you.\n    [12] For you bless the righteous, O LORD;\n        you cover him with favor as with a shield.\n    \n\nFootnotes\n\n(1) 5:3 Or *I direct my prayer to you*\n (ESV)"]}