{"query": "Psalm 40", "canonical": "Psalm 40", "parsed": [[19040001, 19040017]], "passage_meta": [{"canonical": "Psalm 40", "chapter_start": [19040001, 19040017], "chapter_end": [19040001, 19040017], "prev_verse": 19039013, "next_verse": 19041001, "prev_chapter": [19039001, 19039013], "next_chapter": [19041001, 19041013]}], "passages": ["Psalm 40\n\nMy Help and My Deliverer\n\nTo the choirmaster. A Psalm of David.\n\n    [1] I waited patiently for the LORD;\n        he inclined to me and heard my cry.\n    [2] He drew me up from the pit of destruction,\n        out of the miry bog,\n    and set my feet upon a rock,\n        making my steps secure.\n    [3] He put a new song in my mouth,\n        a song of praise to our God.\n    Many will see and fear,\n        and put their trust in the LORD.\n    \n    \n    [4] Blessed is the man who makes\n        the LORD his trust,\n    who does not turn to the proud,\n        to those who go astray after a lie!\n    [5] You have multiplied, O LORD my God,\n        your wondrous deeds and your thoughts toward us;\n        none can compare with you!\n    I will proclaim and tell of them,\n        yet they are more than can be told.\n    \n    \n    [6] In sacrifice and offering you have not delighted,\n        but you have given me an open ear.(1)\n    Burnt offering and sin offering\n        you have not required.\n    [7] Then I said, \u201cBehold, I have come;\n        in the scroll of the book it is written of me:\n    [8] I delight to do your will, O my God;\n        your law is within my heart.\u201d\n    \n    \n    [9] I have told the glad news of deliverance(2)\n        in the great congregation;\n    behold, I have not restrained my lips,\n        as you know, O LORD.\n    [10] I have not hidden your deliverance within my heart;\n        I have spoken of your faithfulness and your salvation;\n    I have not concealed your steadfast love and your faithfulness\n        from the great congregation.\n    \n    \n    [11] As for you, O LORD, you will not restrain\n        your mercy from me;\n    your steadfast love and your faithfulness will\n        ever preserve me!\n    [12] For evils have encompassed me\n        beyond number;\n    my iniquities have overtaken me,\n        and I cannot see;\n    they are more than the hairs of my head;\n        my heart fails me.\n    \n    \n    [13] Be pleased, O LORD, to deliver me!\n        O LORD, make haste to help me!\n    [14] Let those be put to shame and disappointed altogether\n        who seek to snatch away my life;\n    let those be turned back and brought to dishonor\n        who delight in my hurt!\n    [15] Let those be appalled because of their shame\n        who say to me, \u201cAha, Aha!\u201d\n    \n    \n    [16] But may all who seek you\n        rejoice and be glad in you;\n    may those who love your salvation\n        say continually, \u201cGreat is the LORD!\u201d\n    [17] As for me, I am poor and needy,\n        but the Lord takes thought for me.\n    You are my help and my deliverer;\n        do not delay, O my God!\n    \n\nFootnotes\n\n(1) 40:6 Hebrew *ears you have dug for me*\n\n(2) 40:9 Hebrew *righteousness*; also verse 10\n (ESV)"]}