{"query": "Psalm 55", "canonical": "Psalm 55", "parsed": [[19055001, 19055023]], "passage_meta": [{"canonical": "Psalm 55", "chapter_start": [19055001, 19055023], "chapter_end": [19055001, 19055023], "prev_verse": 19054007, "next_verse": 19056001, "prev_chapter": [19054001, 19054007], "next_chapter": [19056001, 19056013]}], "passages": ["Psalm 55\n\nCast Your Burden on the LORD\n\nTo the choirmaster: with stringed instruments. A Maskil(1) of David.\n\n    [1] Give ear to my prayer, O God,\n        and hide not yourself from my plea for mercy!\n    [2] Attend to me, and answer me;\n        I am restless in my complaint and I moan,\n    [3] because of the noise of the enemy,\n        because of the oppression of the wicked.\n    For they drop trouble upon me,\n        and in anger they bear a grudge against me.\n    \n    \n    [4] My heart is in anguish within me;\n        the terrors of death have fallen upon me.\n    [5] Fear and trembling come upon me,\n        and horror overwhelms me.\n    [6] And I say, \u201cOh, that I had wings like a dove!\n        I would fly away and be at rest;\n    [7] yes, I would wander far away;\n        I would lodge in the wilderness; Selah\n    [8] I would hurry to find a shelter\n        from the raging wind and tempest.\u201d\n    \n    \n    [9] Destroy, O Lord, divide their tongues;\n        for I see violence and strife in the city.\n    [10] Day and night they go around it\n        on its walls,\n    and iniquity and trouble are within it;\n    [11]     ruin is in its midst;\n    oppression and fraud\n        do not depart from its marketplace.\n    \n    \n    [12] For it is not an enemy who taunts me\u2014\n        then I could bear it;\n    it is not an adversary who deals insolently with me\u2014\n        then I could hide from him.\n    [13] But it is you, a man, my equal,\n        my companion, my familiar friend.\n    [14] We used to take sweet counsel together;\n        within God\u2019s house we walked in the throng.\n    [15] Let death steal over them;\n        let them go down to Sheol alive;\n        for evil is in their dwelling place and in their heart.\n    \n    \n    [16] But I call to God,\n        and the LORD will save me.\n    [17] Evening and morning and at noon\n        I utter my complaint and moan,\n        and he hears my voice.\n    [18] He redeems my soul in safety\n        from the battle that I wage,\n        for many are arrayed against me.\n    [19] God will give ear and humble them,\n        he who is enthroned from of old, Selah\n    because they do not change\n        and do not fear God.\n    \n    \n    [20] My companion(2) stretched out his hand against his friends;\n        he violated his covenant.\n    [21] His speech was smooth as butter,\n        yet war was in his heart;\n    his words were softer than oil,\n        yet they were drawn swords.\n    \n    \n    [22] Cast your burden on the LORD,\n        and he will sustain you;\n    he will never permit\n        the righteous to be moved.\n    \n    \n    [23] But you, O God, will cast them down\n        into the pit of destruction;\n    men of blood and treachery\n        shall not live out half their days.\n    But I will trust in you.\n    \n\nFootnotes\n\n(1) 55:1 Probably a musical or liturgical term\n\n(2) 55:20 Hebrew *He*\n (ESV)"]}