{"query": "Psalm 85", "canonical": "Psalm 85", "parsed": [[19085001, 19085013]], "passage_meta": [{"canonical": "Psalm 85", "chapter_start": [19085001, 19085013], "chapter_end": [19085001, 19085013], "prev_verse": 19084012, "next_verse": 19086001, "prev_chapter": [19084001, 19084012], "next_chapter": [19086001, 19086017]}], "passages": ["Psalm 85\n\nRevive Us Again\n\nTo the choirmaster. A Psalm of the Sons of Korah.\n\n    [1] LORD, you were favorable to your land;\n        you restored the fortunes of Jacob.\n    [2] You forgave the iniquity of your people;\n        you covered all their sin. Selah\n    [3] You withdrew all your wrath;\n        you turned from your hot anger.\n    \n    \n    [4] Restore us again, O God of our salvation,\n        and put away your indignation toward us!\n    [5] Will you be angry with us forever?\n        Will you prolong your anger to all generations?\n    [6] Will you not revive us again,\n        that your people may rejoice in you?\n    [7] Show us your steadfast love, O LORD,\n        and grant us your salvation.\n    \n    \n    [8] Let me hear what God the LORD will speak,\n        for he will speak peace to his people, to his saints;\n        but let them not turn back to folly.\n    [9] Surely his salvation is near to those who fear him,\n        that glory may dwell in our land.\n    \n    \n    [10] Steadfast love and faithfulness meet;\n        righteousness and peace kiss each other.\n    [11] Faithfulness springs up from the ground,\n        and righteousness looks down from the sky.\n    [12] Yes, the LORD will give what is good,\n        and our land will yield its increase.\n    [13] Righteousness will go before him\n        and make his footsteps a way. (ESV)"]}