{"query": "Psalm 132", "canonical": "Psalm 132", "parsed": [[19132001, 19132018]], "passage_meta": [{"canonical": "Psalm 132", "chapter_start": [19132001, 19132018], "chapter_end": [19132001, 19132018], "prev_verse": 19131003, "next_verse": 19133001, "prev_chapter": [19131001, 19131003], "next_chapter": [19133001, 19133003]}], "passages": ["Psalm 132\n\nThe LORD Has Chosen Zion\n\nA Song of Ascents.\n\n    [1] Remember, O LORD, in David\u2019s favor,\n        all the hardships he endured,\n    [2] how he swore to the LORD\n        and vowed to the Mighty One of Jacob,\n    [3] \u201cI will not enter my house\n        or get into my bed,\n    [4] I will not give sleep to my eyes\n        or slumber to my eyelids,\n    [5] until I find a place for the LORD,\n        a dwelling place for the Mighty One of Jacob.\u201d\n    \n    \n    [6] Behold, we heard of it in Ephrathah;\n        we found it in the fields of Jaar.\n    [7] \u201cLet us go to his dwelling place;\n        let us worship at his footstool!\u201d\n    \n    \n    [8] Arise, O LORD, and go to your resting place,\n        you and the ark of your might.\n    [9] Let your priests be clothed with righteousness,\n        and let your saints shout for joy.\n    [10] For the sake of your servant David,\n        do not turn away the face of your anointed one.\n    \n    \n    [11] The LORD swore to David a sure oath\n        from which he will not turn back:\n    \u201cOne of the sons of your body(1)\n        I will set on your throne.\n    [12] If your sons keep my covenant\n        and my testimonies that I shall teach them,\n    their sons also forever\n        shall sit on your throne.\u201d\n    \n    \n    [13] For the LORD has chosen Zion;\n        he has desired it for his dwelling place:\n    [14] \u201cThis is my resting place forever;\n        here I will dwell, for I have desired it.\n    [15] I will abundantly bless her provisions;\n        I will satisfy her poor with bread.\n    [16] Her priests I will clothe with salvation,\n        and her saints will shout for joy.\n    [17] There I will make a horn to sprout for David;\n        I have prepared a lamp for my anointed.\n    [18] His enemies I will clothe with shame,\n        but on him his crown will shine.\u201d\n    \n\nFootnotes\n\n(1) 132:11 Hebrew *of your fruit of the womb*\n (ESV)"]}