{"query": "Psalm 124", "canonical": "Psalm 124", "parsed": [[19124001, 19124008]], "passage_meta": [{"canonical": "Psalm 124", "chapter_start": [19124001, 19124008], "chapter_end": [19124001, 19124008], "prev_verse": 19123004, "next_verse": 19125001, "prev_chapter": [19123001, 19123004], "next_chapter": [19125001, 19125005]}], "passages": ["Psalm 124\n\nOur Help Is in the Name of the LORD\n\nA Song of Ascents. Of David.\n\n    [1] If it had not been the LORD who was on our side\u2014\n        let Israel now say\u2014\n    [2] if it had not been the LORD who was on our side\n        when people rose up against us,\n    [3] then they would have swallowed us up alive,\n        when their anger was kindled against us;\n    [4] then the flood would have swept us away,\n        the torrent would have gone over us;\n    [5] then over us would have gone\n        the raging waters.\n    \n    \n    [6] Blessed be the LORD,\n        who has not given us\n        as prey to their teeth!\n    [7] We have escaped like a bird\n        from the snare of the fowlers;\n    the snare is broken,\n        and we have escaped!\n    \n    \n    [8] Our help is in the name of the LORD,\n        who made heaven and earth. (ESV)"]}