{"query": "Psalm 128", "canonical": "Psalm 128", "parsed": [[19128001, 19128006]], "passage_meta": [{"canonical": "Psalm 128", "chapter_start": [19128001, 19128006], "chapter_end": [19128001, 19128006], "prev_verse": 19127005, "next_verse": 19129001, "prev_chapter": [19127001, 19127005], "next_chapter": [19129001, 19129008]}], "passages": ["Psalm 128\n\nBlessed Is Everyone Who Fears the LORD\n\nA Song of Ascents.\n\n    [1] Blessed is everyone who fears the LORD,\n        who walks in his ways!\n    [2] You shall eat the fruit of the labor of your hands;\n        you shall be blessed, and it shall be well with you.\n    \n    \n    [3] Your wife will be like a fruitful vine\n        within your house;\n    your children will be like olive shoots\n        around your table.\n    [4] Behold, thus shall the man be blessed\n        who fears the LORD.\n    \n    \n    [5] The LORD bless you from Zion!\n        May you see the prosperity of Jerusalem\n        all the days of your life!\n    [6] May you see your children\u2019s children!\n        Peace be upon Israel! (ESV)"]}