{"query": "Psalm 67", "canonical": "Psalm 67", "parsed": [[19067001, 19067007]], "passage_meta": [{"canonical": "Psalm 67", "chapter_start": [19067001, 19067007], "chapter_end": [19067001, 19067007], "prev_verse": 19066020, "next_verse": 19068001, "prev_chapter": [19066001, 19066020], "next_chapter": [19068001, 19068035]}], "passages": ["Psalm 67\n\nMake Your Face Shine upon Us\n\nTo the choirmaster: with stringed instruments. A Psalm. A Song.\n\n    [1] May God be gracious to us and bless us\n        and make his face to shine upon us, Selah\n    [2] that your way may be known on earth,\n        your saving power among all nations.\n    [3] Let the peoples praise you, O God;\n        let all the peoples praise you!\n    \n    \n    [4] Let the nations be glad and sing for joy,\n        for you judge the peoples with equity\n        and guide the nations upon earth. Selah\n    [5] Let the peoples praise you, O God;\n        let all the peoples praise you!\n    \n    \n    [6] The earth has yielded its increase;\n        God, our God, shall bless us.\n    [7] God shall bless us;\n        let all the ends of the earth fear him! (ESV)"]}