{"query": "Psalm 65", "canonical": "Psalm 65", "parsed": [[19065001, 19065013]], "passage_meta": [{"canonical": "Psalm 65", "chapter_start": [19065001, 19065013], "chapter_end": [19065001, 19065013], "prev_verse": 19064010, "next_verse": 19066001, "prev_chapter": [19064001, 19064010], "next_chapter": [19066001, 19066020]}], "passages": ["Psalm 65\n\nO God of Our Salvation\n\nTo the choirmaster. A Psalm of David. A Song.\n\n    [1] Praise is due to you,(1) O God, in Zion,\n        and to you shall vows be performed.\n    [2] O you who hear prayer,\n        to you shall all flesh come.\n    [3] When iniquities prevail against me,\n        you atone for our transgressions.\n    [4] Blessed is the one you choose and bring near,\n        to dwell in your courts!\n    We shall be satisfied with the goodness of your house,\n        the holiness of your temple!\n    \n    \n    [5] By awesome deeds you answer us with righteousness,\n        O God of our salvation,\n    the hope of all the ends of the earth\n        and of the farthest seas;\n    [6] the one who by his strength established the mountains,\n        being girded with might;\n    [7] who stills the roaring of the seas,\n        the roaring of their waves,\n        the tumult of the peoples,\n    [8] so that those who dwell at the ends of the earth are in awe at your signs.\n    You make the going out of the morning and the evening to shout for joy.\n    \n    \n    [9] You visit the earth and water it;(2)\n        you greatly enrich it;\n    the river of God is full of water;\n        you provide their grain,\n        for so you have prepared it.\n    [10] You water its furrows abundantly,\n        settling its ridges,\n    softening it with showers,\n        and blessing its growth.\n    [11] You crown the year with your bounty;\n        your wagon tracks overflow with abundance.\n    [12] The pastures of the wilderness overflow,\n        the hills gird themselves with joy,\n    [13] the meadows clothe themselves with flocks,\n        the valleys deck themselves with grain,\n        they shout and sing together for joy.\n    \n\nFootnotes\n\n(1) 65:1 Or *Praise waits for you in silence*\n\n(2) 65:9 Or *and make it overflow*\n (ESV)"]}