{"query": "Psalm 113", "canonical": "Psalm 113", "parsed": [[19113001, 19113009]], "passage_meta": [{"canonical": "Psalm 113", "chapter_start": [19113001, 19113009], "chapter_end": [19113001, 19113009], "prev_verse": 19112010, "next_verse": 19114001, "prev_chapter": [19112001, 19112010], "next_chapter": [19114001, 19114008]}], "passages": ["Psalm 113\n\nWho Is like the LORD Our God?\n\n    [1] Praise the LORD!\n    Praise, O servants of the LORD,\n        praise the name of the LORD!\n    \n    \n    [2] Blessed be the name of the LORD\n        from this time forth and forevermore!\n    [3] From the rising of the sun to its setting,\n        the name of the LORD is to be praised!\n    \n    \n    [4] The LORD is high above all nations,\n        and his glory above the heavens!\n    [5] Who is like the LORD our God,\n        who is seated on high,\n    [6] who looks far down\n        on the heavens and the earth?\n    [7] He raises the poor from the dust\n        and lifts the needy from the ash heap,\n    [8] to make them sit with princes,\n        with the princes of his people.\n    [9] He gives the barren woman a home,\n        making her the joyous mother of children.\n    Praise the LORD! (ESV)"]}