{"query": "Psalm 77", "canonical": "Psalm 77", "parsed": [[19077001, 19077020]], "passage_meta": [{"canonical": "Psalm 77", "chapter_start": [19077001, 19077020], "chapter_end": [19077001, 19077020], "prev_verse": 19076012, "next_verse": 19078001, "prev_chapter": [19076001, 19076012], "next_chapter": [19078001, 19078072]}], "passages": ["Psalm 77\n\nIn the Day of Trouble I Seek the Lord\n\nTo the choirmaster: according to Jeduthun. A Psalm of Asaph.\n\n    [1] I cry aloud to God,\n        aloud to God, and he will hear me.\n    [2] In the day of my trouble I seek the Lord;\n        in the night my hand is stretched out without wearying;\n        my soul refuses to be comforted.\n    [3] When I remember God, I moan;\n        when I meditate, my spirit faints. Selah\n    \n    \n    [4] You hold my eyelids open;\n        I am so troubled that I cannot speak.\n    [5] I consider the days of old,\n        the years long ago.\n    [6] I said,(1) \u201cLet me remember my song in the night;\n        let me meditate in my heart.\u201d\n        Then my spirit made a diligent search:\n    [7] \u201cWill the Lord spurn forever,\n        and never again be favorable?\n    [8] Has his steadfast love forever ceased?\n        Are his promises at an end for all time?\n    [9] Has God forgotten to be gracious?\n        Has he in anger shut up his compassion?\u201d Selah\n    \n    \n    [10] Then I said, \u201cI will appeal to this,\n        to the years of the right hand of the Most High.\u201d(2)\n    \n    \n    [11] I will remember the deeds of the LORD;\n        yes, I will remember your wonders of old.\n    [12] I will ponder all your work,\n        and meditate on your mighty deeds.\n    [13] Your way, O God, is holy.\n        What god is great like our God?\n    [14] You are the God who works wonders;\n        you have made known your might among the peoples.\n    [15] You with your arm redeemed your people,\n        the children of Jacob and Joseph. Selah\n    \n    \n    [16] When the waters saw you, O God,\n        when the waters saw you, they were afraid;\n        indeed, the deep trembled.\n    [17] The clouds poured out water;\n        the skies gave forth thunder;\n        your arrows flashed on every side.\n    [18] The crash of your thunder was in the whirlwind;\n        your lightnings lighted up the world;\n        the earth trembled and shook.\n    [19] Your way was through the sea,\n        your path through the great waters;\n        yet your footprints were unseen.(3)\n    [20] You led your people like a flock\n        by the hand of Moses and Aaron.\n    \n\nFootnotes\n\n(1) 77:6 Hebrew lacks *I said*\n\n(2) 77:10 Or *This is my grief: that the right hand of the Most High has changed*\n\n(3) 77:19 Hebrew *unknown*\n (ESV)"]}