{"query": "Psalm 118", "canonical": "Psalm 118", "parsed": [[19118001, 19118029]], "passage_meta": [{"canonical": "Psalm 118", "chapter_start": [19118001, 19118029], "chapter_end": [19118001, 19118029], "prev_verse": 19117002, "next_verse": 19119001, "prev_chapter": [19117001, 19117002], "next_chapter": [19119001, 19119176]}], "passages": ["Psalm 118\n\nHis Steadfast Love Endures Forever\n\n    [1] Oh give thanks to the LORD, for he is good;\n        for his steadfast love endures forever!\n    \n    \n    [2] Let Israel say,\n        \u201cHis steadfast love endures forever.\u201d\n    [3] Let the house of Aaron say,\n        \u201cHis steadfast love endures forever.\u201d\n    [4] Let those who fear the LORD say,\n        \u201cHis steadfast love endures forever.\u201d\n    \n    \n    [5] Out of my distress I called on the LORD;\n        the LORD answered me and set me free.\n    [6] The LORD is on my side; I will not fear.\n        What can man do to me?\n    [7] The LORD is on my side as my helper;\n        I shall look in triumph on those who hate me.\n    \n    \n    [8] It is better to take refuge in the LORD\n        than to trust in man.\n    [9] It is better to take refuge in the LORD\n        than to trust in princes.\n    \n    \n    [10] All nations surrounded me;\n        in the name of the LORD I cut them off!\n    [11] They surrounded me, surrounded me on every side;\n        in the name of the LORD I cut them off!\n    [12] They surrounded me like bees;\n        they went out like a fire among thorns;\n        in the name of the LORD I cut them off!\n    [13] I was pushed hard,(1) so that I was falling,\n        but the LORD helped me.\n    \n    \n    [14] The LORD is my strength and my song;\n        he has become my salvation.\n    [15] Glad songs of salvation\n        are in the tents of the righteous:\n    \u201cThe right hand of the LORD does valiantly,\n    [16]     the right hand of the LORD exalts,\n        the right hand of the LORD does valiantly!\u201d\n    \n    \n    [17] I shall not die, but I shall live,\n        and recount the deeds of the LORD.\n    [18] The LORD has disciplined me severely,\n        but he has not given me over to death.\n    \n    \n    [19] Open to me the gates of righteousness,\n        that I may enter through them\n        and give thanks to the LORD.\n    [20] This is the gate of the LORD;\n        the righteous shall enter through it.\n    [21] I thank you that you have answered me\n        and have become my salvation.\n    [22] The stone that the builders rejected\n        has become the cornerstone.(2)\n    [23] This is the LORD\u2019s doing;\n        it is marvelous in our eyes.\n    [24] This is the day that the LORD has made;\n        let us rejoice and be glad in it.\n    \n    \n    [25] Save us, we pray, O LORD!\n        O LORD, we pray, give us success!\n    \n    \n    [26] Blessed is he who comes in the name of the LORD!\n        We bless you from the house of the LORD.\n    [27] The LORD is God,\n        and he has made his light to shine upon us.\n    Bind the festal sacrifice with cords,\n        up to the horns of the altar!\n    \n    \n    [28] You are my God, and I will give thanks to you;\n        you are my God; I will extol you.\n    [29] Oh give thanks to the LORD, for he is good;\n        for his steadfast love endures forever!\n    \n\nFootnotes\n\n(1) 118:13 Hebrew *You* (that is, the enemy) *pushed me hard*\n\n(2) 118:22 Hebrew *the head of the corner*\n (ESV)"]}