{"query": "Psalm 3", "canonical": "Psalm 3", "parsed": [[19003001, 19003008]], "passage_meta": [{"canonical": "Psalm 3", "chapter_start": [19003001, 19003008], "chapter_end": [19003001, 19003008], "prev_verse": 19002012, "next_verse": 19004001, "prev_chapter": [19002001, 19002012], "next_chapter": [19004001, 19004008]}], "passages": ["Psalm 3\n\nSave Me, O My God\n\nA Psalm of David, when he fled from Absalom his son.\n\n    [1] O LORD, how many are my foes!\n        Many are rising against me;\n    [2] many are saying of my soul,\n        \u201cThere is no salvation for him in God.\u201d Selah(1)\n    \n    \n    [3] But you, O LORD, are a shield about me,\n        my glory, and the lifter of my head.\n    [4] I cried aloud to the LORD,\n        and he answered me from his holy hill. Selah\n    \n    \n    [5] I lay down and slept;\n        I woke again, for the LORD sustained me.\n    [6] I will not be afraid of many thousands of people\n        who have set themselves against me all around.\n    \n    \n    [7] Arise, O LORD!\n        Save me, O my God!\n    For you strike all my enemies on the cheek;\n        you break the teeth of the wicked.\n    \n    \n    [8] Salvation belongs to the LORD;\n        your blessing be on your people! Selah\n    \n\nFootnotes\n\n(1) 3:2 The meaning of the Hebrew word *Selah*, used frequently in the Psalms, is uncertain. It may be a musical or liturgical direction\n (ESV)"]}