{"query": "Psalm 139", "canonical": "Psalm 139", "parsed": [[19139001, 19139024]], "passage_meta": [{"canonical": "Psalm 139", "chapter_start": [19139001, 19139024], "chapter_end": [19139001, 19139024], "prev_verse": 19138008, "next_verse": 19140001, "prev_chapter": [19138001, 19138008], "next_chapter": [19140001, 19140013]}], "passages": ["Psalm 139\n\nSearch Me, O God, and Know My Heart\n\nTo the choirmaster. A Psalm of David.\n\n    [1] O LORD, you have searched me and known me!\n    [2] You know when I sit down and when I rise up;\n        you discern my thoughts from afar.\n    [3] You search out my path and my lying down\n        and are acquainted with all my ways.\n    [4] Even before a word is on my tongue,\n        behold, O LORD, you know it altogether.\n    [5] You hem me in, behind and before,\n        and lay your hand upon me.\n    [6] Such knowledge is too wonderful for me;\n        it is high; I cannot attain it.\n    \n    \n    [7] Where shall I go from your Spirit?\n        Or where shall I flee from your presence?\n    [8] If I ascend to heaven, you are there!\n        If I make my bed in Sheol, you are there!\n    [9] If I take the wings of the morning\n        and dwell in the uttermost parts of the sea,\n    [10] even there your hand shall lead me,\n        and your right hand shall hold me.\n    [11] If I say, \u201cSurely the darkness shall cover me,\n        and the light about me be night,\u201d\n    [12] even the darkness is not dark to you;\n        the night is bright as the day,\n        for darkness is as light with you.\n    \n    \n    [13] For you formed my inward parts;\n        you knitted me together in my mother\u2019s womb.\n    [14] I praise you, for I am fearfully and wonderfully made.(1)\n    Wonderful are your works;\n        my soul knows it very well.\n    [15] My frame was not hidden from you,\n    when I was being made in secret,\n        intricately woven in the depths of the earth.\n    [16] Your eyes saw my unformed substance;\n    in your book were written, every one of them,\n        the days that were formed for me,\n        when as yet there was none of them.\n    \n    \n    [17] How precious to me are your thoughts, O God!\n        How vast is the sum of them!\n    [18] If I would count them, they are more than the sand.\n        I awake, and I am still with you.\n    \n    \n    [19] Oh that you would slay the wicked, O God!\n        O men of blood, depart from me!\n    [20] They speak against you with malicious intent;\n        your enemies take your name in vain.(2)\n    [21] Do I not hate those who hate you, O LORD?\n        And do I not loathe those who rise up against you?\n    [22] I hate them with complete hatred;\n        I count them my enemies.\n    \n    \n    [23] Search me, O God, and know my heart!\n        Try me and know my thoughts!(3)\n    [24] And see if there be any grievous way in me,\n        and lead me in the way everlasting!(4)\n    \n\nFootnotes\n\n(1) 139:14 Or *for I am fearfully set apart*\n\n(2) 139:20 Hebrew lacks *your name*\n\n(3) 139:23 Or *cares*\n\n(4) 139:24 Or *in the ancient way* (compare Jeremiah 6:16)\n (ESV)"]}