{"query": "Psalm 70", "canonical": "Psalm 70", "parsed": [[19070001, 19070005]], "passage_meta": [{"canonical": "Psalm 70", "chapter_start": [19070001, 19070005], "chapter_end": [19070001, 19070005], "prev_verse": 19069036, "next_verse": 19071001, "prev_chapter": [19069001, 19069036], "next_chapter": [19071001, 19071024]}], "passages": ["Psalm 70\n\nO LORD, Do Not Delay\n\nTo the choirmaster. Of David, for the memorial offering.\n\n    [1] Make haste, O God, to deliver me!\n        O LORD, make haste to help me!\n    [2] Let them be put to shame and confusion\n        who seek my life!\n    Let them be turned back and brought to dishonor\n        who delight in my hurt!\n    [3] Let them turn back because of their shame\n        who say, \u201cAha, Aha!\u201d\n    \n    \n    [4] May all who seek you\n        rejoice and be glad in you!\n    May those who love your salvation\n        say evermore, \u201cGod is great!\u201d\n    [5] But I am poor and needy;\n        hasten to me, O God!\n    You are my help and my deliverer;\n        O LORD, do not delay! (ESV)"]}