{"query": "Psalm 145", "canonical": "Psalm 145", "parsed": [[19145001, 19145021]], "passage_meta": [{"canonical": "Psalm 145", "chapter_start": [19145001, 19145021], "chapter_end": [19145001, 19145021], "prev_verse": 19144015, "next_verse": 19146001, "prev_chapter": [19144001, 19144015], "next_chapter": [19146001, 19146010]}], "passages": ["Psalm 145\n\nGreat Is the LORD\n\n(1) A Song of Praise. Of David.\n\n    [1] I will extol you, my God and King,\n        and bless your name forever and ever.\n    [2] Every day I will bless you\n        and praise your name forever and ever.\n    [3] Great is the LORD, and greatly to be praised,\n        and his greatness is unsearchable.\n    \n    \n    [4] One generation shall commend your works to another,\n        and shall declare your mighty acts.\n    [5] On the glorious splendor of your majesty,\n        and on your wondrous works, I will meditate.\n    [6] They shall speak of the might of your awesome deeds,\n        and I will declare your greatness.\n    [7] They shall pour forth the fame of your abundant goodness\n        and shall sing aloud of your righteousness.\n    \n    \n    [8] The LORD is gracious and merciful,\n        slow to anger and abounding in steadfast love.\n    [9] The LORD is good to all,\n        and his mercy is over all that he has made.\n    \n    \n    [10] All your works shall give thanks to you, O LORD,\n        and all your saints shall bless you!\n    [11] They shall speak of the glory of your kingdom\n        and tell of your power,\n    [12] to make known to the children of man your(2) mighty deeds,\n        and the glorious splendor of your kingdom.\n    [13] Your kingdom is an everlasting kingdom,\n        and your dominion endures throughout all generations.\n    \n    \n    [The LORD is faithful in all his words\n        and kind in all his works.](3)\n    [14] The LORD upholds all who are falling\n        and raises up all who are bowed down.\n    [15] The eyes of all look to you,\n        and you give them their food in due season.\n    [16] You open your hand;\n        you satisfy the desire of every living thing.\n    [17] The LORD is righteous in all his ways\n        and kind in all his works.\n    [18] The LORD is near to all who call on him,\n        to all who call on him in truth.\n    [19] He fulfills the desire of those who fear him;\n        he also hears their cry and saves them.\n    [20] The LORD preserves all who love him,\n        but all the wicked he will destroy.\n    \n    \n    [21] My mouth will speak the praise of the LORD,\n        and let all flesh bless his holy name forever and ever.\n    \n\nFootnotes\n\n(1) 145:1 This psalm is an acrostic poem, each verse beginning with the successive letters of the Hebrew alphabet\n\n(2) 145:12 Hebrew *his*; also next line\n\n(3) 145:13 These two lines are supplied by one Hebrew manuscript, Septuagint, Syriac (compare Dead Sea Scroll)\n (ESV)"]}