{"query": "Psalm 86", "canonical": "Psalm 86", "parsed": [[19086001, 19086017]], "passage_meta": [{"canonical": "Psalm 86", "chapter_start": [19086001, 19086017], "chapter_end": [19086001, 19086017], "prev_verse": 19085013, "next_verse": 19087001, "prev_chapter": [19085001, 19085013], "next_chapter": [19087001, 19087007]}], "passages": ["Psalm 86\n\nGreat Is Your Steadfast Love\n\nA Prayer of David.\n\n    [1] Incline your ear, O LORD, and answer me,\n        for I am poor and needy.\n    [2] Preserve my life, for I am godly;\n        save your servant, who trusts in you\u2014you are my God.\n    [3] Be gracious to me, O Lord,\n        for to you do I cry all the day.\n    [4] Gladden the soul of your servant,\n        for to you, O Lord, do I lift up my soul.\n    [5] For you, O Lord, are good and forgiving,\n        abounding in steadfast love to all who call upon you.\n    [6] Give ear, O LORD, to my prayer;\n        listen to my plea for grace.\n    [7] In the day of my trouble I call upon you,\n        for you answer me.\n    \n    \n    [8] There is none like you among the gods, O Lord,\n        nor are there any works like yours.\n    [9] All the nations you have made shall come\n        and worship before you, O Lord,\n        and shall glorify your name.\n    [10] For you are great and do wondrous things;\n        you alone are God.\n    [11] Teach me your way, O LORD,\n        that I may walk in your truth;\n        unite my heart to fear your name.\n    [12] I give thanks to you, O Lord my God, with my whole heart,\n        and I will glorify your name forever.\n    [13] For great is your steadfast love toward me;\n        you have delivered my soul from the depths of Sheol.\n    \n    \n    [14] O God, insolent men have risen up against me;\n        a band of ruthless men seeks my life,\n        and they do not set you before them.\n    [15] But you, O Lord, are a God merciful and gracious,\n        slow to anger and abounding in steadfast love and faithfulness.\n    [16] Turn to me and be gracious to me;\n        give your strength to your servant,\n        and save the son of your maidservant.\n    [17] Show me a sign of your favor,\n        that those who hate me may see and be put to shame\n        because you, LORD, have helped me and comforted me. (ESV)"]}