{"query": "Psalm 52", "canonical": "Psalm 52", "parsed": [[19052001, 19052009]], "passage_meta": [{"canonical": "Psalm 52", "chapter_start": [19052001, 19052009], "chapter_end": [19052001, 19052009], "prev_verse": 19051019, "next_verse": 19053001, "prev_chapter": [19051001, 19051019], "next_chapter": [19053001, 19053006]}], "passages": ["Psalm 52\n\nThe Steadfast Love of God Endures\n\nTo the choirmaster. A Maskil(1) of David, when Doeg, the Edomite, came and told Saul, \u201cDavid has come to the house of Ahimelech.\u201d\n\n    [1] Why do you boast of evil, O mighty man?\n        The steadfast love of God endures all the day.\n    [2] Your tongue plots destruction,\n        like a sharp razor, you worker of deceit.\n    [3] You love evil more than good,\n        and lying more than speaking what is right. Selah\n    [4] You love all words that devour,\n        O deceitful tongue.\n    \n    \n    [5] But God will break you down forever;\n        he will snatch and tear you from your tent;\n        he will uproot you from the land of the living. Selah\n    [6] The righteous shall see and fear,\n        and shall laugh at him, saying,\n    [7] \u201cSee the man who would not make\n        God his refuge,\n    but trusted in the abundance of his riches\n        and sought refuge in his own destruction!\u201d(2)\n    \n    \n    [8] But I am like a green olive tree\n        in the house of God.\n    I trust in the steadfast love of God\n        forever and ever.\n    [9] I will thank you forever,\n        because you have done it.\n    I will wait for your name, for it is good,\n        in the presence of the godly.\n    \n\nFootnotes\n\n(1) 52:1 Probably a musical or liturgical term\n\n(2) 52:7 Or *in his work of destruction*\n (ESV)"]}