{"query": "Psalm 121", "canonical": "Psalm 121", "parsed": [[19121001, 19121008]], "passage_meta": [{"canonical": "Psalm 121", "chapter_start": [19121001, 19121008], "chapter_end": [19121001, 19121008], "prev_verse": 19120007, "next_verse": 19122001, "prev_chapter": [19120001, 19120007], "next_chapter": [19122001, 19122009]}], "passages": ["Psalm 121\n\nMy Help Comes from the LORD\n\nA Song of Ascents.\n\n    [1] I lift up my eyes to the hills.\n        From where does my help come?\n    [2] My help comes from the LORD,\n        who made heaven and earth.\n    \n    \n    [3] He will not let your foot be moved;\n        he who keeps you will not slumber.\n    [4] Behold, he who keeps Israel\n        will neither slumber nor sleep.\n    \n    \n    [5] The LORD is your keeper;\n        the LORD is your shade on your right hand.\n    [6] The sun shall not strike you by day,\n        nor the moon by night.\n    \n    \n    [7] The LORD will keep you from all evil;\n        he will keep your life.\n    [8] The LORD will keep\n        your going out and your coming in\n        from this time forth and forevermore. (ESV)"]}