{"query": "Psalm 75", "canonical": "Psalm 75", "parsed": [[19075001, 19075010]], "passage_meta": [{"canonical": "Psalm 75", "chapter_start": [19075001, 19075010], "chapter_end": [19075001, 19075010], "prev_verse": 19074023, "next_verse": 19076001, "prev_chapter": [19074001, 19074023], "next_chapter": [19076001, 19076012]}], "passages": ["Psalm 75\n\nGod Will Judge with Equity\n\nTo the choirmaster: according to Do Not Destroy. A Psalm of Asaph. A Song.\n\n    [1] We give thanks to you, O God;\n        we give thanks, for your name is near.\n    We(1) recount your wondrous deeds.\n    \n    \n    [2] \u201cAt the set time that I appoint\n        I will judge with equity.\n    [3] When the earth totters, and all its inhabitants,\n        it is I who keep steady its pillars. Selah\n    [4] I say to the boastful, \u2018Do not boast,\u2019\n        and to the wicked, \u2018Do not lift up your horn;\n    [5] do not lift up your horn on high,\n        or speak with haughty neck.\u2019\u201d\n    \n    \n    [6] For not from the east or from the west\n        and not from the wilderness comes lifting up,\n    [7] but it is God who executes judgment,\n        putting down one and lifting up another.\n    [8] For in the hand of the LORD there is a cup\n        with foaming wine, well mixed,\n    and he pours out from it,\n        and all the wicked of the earth\n        shall drain it down to the dregs.\n    \n    \n    [9] But I will declare it forever;\n        I will sing praises to the God of Jacob.\n    [10] All the horns of the wicked I will cut off,\n        but the horns of the righteous shall be lifted up.\n    \n\nFootnotes\n\n(1) 75:1 Hebrew *They*\n (ESV)"]}