{"query": "Psalm 91", "canonical": "Psalm 91", "parsed": [[19091001, 19091016]], "passage_meta": [{"canonical": "Psalm 91", "chapter_start": [19091001, 19091016], "chapter_end": [19091001, 19091016], "prev_verse": 19090017, "next_verse": 19092001, "prev_chapter": [19090001, 19090017], "next_chapter": [19092001, 19092015]}], "passages": ["Psalm 91\n\nMy Refuge and My Fortress\n\n    [1] He who dwells in the shelter of the Most High\n        will abide in the shadow of the Almighty.\n    [2] I will say(1) to the LORD, \u201cMy refuge and my fortress,\n        my God, in whom I trust.\u201d\n    \n    \n    [3] For he will deliver you from the snare of the fowler\n        and from the deadly pestilence.\n    [4] He will cover you with his pinions,\n        and under his wings you will find refuge;\n        his faithfulness is a shield and buckler.\n    [5] You will not fear the terror of the night,\n        nor the arrow that flies by day,\n    [6] nor the pestilence that stalks in darkness,\n        nor the destruction that wastes at noonday.\n    \n    \n    [7] A thousand may fall at your side,\n        ten thousand at your right hand,\n        but it will not come near you.\n    [8] You will only look with your eyes\n        and see the recompense of the wicked.\n    \n    \n    [9] Because you have made the LORD your dwelling place\u2014\n        the Most High, who is my refuge(2)\u2014\n    [10] no evil shall be allowed to befall you,\n        no plague come near your tent.\n    \n    \n    [11] For he will command his angels concerning you\n        to guard you in all your ways.\n    [12] On their hands they will bear you up,\n        lest you strike your foot against a stone.\n    [13] You will tread on the lion and the adder;\n        the young lion and the serpent you will trample underfoot.\n    \n    \n    [14] \u201cBecause he holds fast to me in love, I will deliver him;\n        I will protect him, because he knows my name.\n    [15] When he calls to me, I will answer him;\n        I will be with him in trouble;\n        I will rescue him and honor him.\n    [16] With long life I will satisfy him\n        and show him my salvation.\u201d\n    \n\nFootnotes\n\n(1) 91:2 Septuagint *He will say*\n\n(2) 91:9 Or *For you, O Lord, are my refuge! You have made the Most High your dwelling place*\n (ESV)"]}