{"query": "Psalm 64", "canonical": "Psalm 64", "parsed": [[19064001, 19064010]], "passage_meta": [{"canonical": "Psalm 64", "chapter_start": [19064001, 19064010], "chapter_end": [19064001, 19064010], "prev_verse": 19063011, "next_verse": 19065001, "prev_chapter": [19063001, 19063011], "next_chapter": [19065001, 19065013]}], "passages": ["Psalm 64\n\nHide Me from the Wicked\n\nTo the choirmaster. A Psalm of David.\n\n    [1] Hear my voice, O God, in my complaint;\n        preserve my life from dread of the enemy.\n    [2] Hide me from the secret plots of the wicked,\n        from the throng of evildoers,\n    [3] who whet their tongues like swords,\n        who aim bitter words like arrows,\n    [4] shooting from ambush at the blameless,\n        shooting at him suddenly and without fear.\n    [5] They hold fast to their evil purpose;\n        they talk of laying snares secretly,\n    thinking, \u201cWho can see them?\u201d\n    [6]     They search out injustice,\n    saying, \u201cWe have accomplished a diligent search.\u201d\n        For the inward mind and heart of a man are deep.\n    \n    \n    [7] But God shoots his arrow at them;\n        they are wounded suddenly.\n    [8] They are brought to ruin, with their own tongues turned against them;\n        all who see them will wag their heads.\n    [9] Then all mankind fears;\n        they tell what God has brought about\n        and ponder what he has done.\n    \n    \n    [10] Let the righteous one rejoice in the LORD\n        and take refuge in him!\n    Let all the upright in heart exult! (ESV)"]}