{"query": "Psalm 79", "canonical": "Psalm 79", "parsed": [[19079001, 19079013]], "passage_meta": [{"canonical": "Psalm 79", "chapter_start": [19079001, 19079013], "chapter_end": [19079001, 19079013], "prev_verse": 19078072, "next_verse": 19080001, "prev_chapter": [19078001, 19078072], "next_chapter": [19080001, 19080019]}], "passages": ["Psalm 79\n\nHow Long, O LORD?\n\nA Psalm of Asaph.\n\n    [1] O God, the nations have come into your inheritance;\n        they have defiled your holy temple;\n        they have laid Jerusalem in ruins.\n    [2] They have given the bodies of your servants\n        to the birds of the heavens for food,\n        the flesh of your faithful to the beasts of the earth.\n    [3] They have poured out their blood like water\n        all around Jerusalem,\n        and there was no one to bury them.\n    [4] We have become a taunt to our neighbors,\n        mocked and derided by those around us.\n    \n    \n    [5] How long, O LORD? Will you be angry forever?\n        Will your jealousy burn like fire?\n    [6] Pour out your anger on the nations\n        that do not know you,\n    and on the kingdoms\n        that do not call upon your name!\n    [7] For they have devoured Jacob\n        and laid waste his habitation.\n    \n    \n    [8] Do not remember against us our former iniquities;(1)\n        let your compassion come speedily to meet us,\n        for we are brought very low.\n    [9] Help us, O God of our salvation,\n        for the glory of your name;\n    deliver us, and atone for our sins,\n        for your name\u2019s sake!\n    [10] Why should the nations say,\n        \u201cWhere is their God?\u201d\n    Let the avenging of the outpoured blood of your servants\n        be known among the nations before our eyes!\n    \n    \n    [11] Let the groans of the prisoners come before you;\n        according to your great power, preserve those doomed to die!\n    [12] Return sevenfold into the lap of our neighbors\n        the taunts with which they have taunted you, O Lord!\n    [13] But we your people, the sheep of your pasture,\n        will give thanks to you forever;\n        from generation to generation we will recount your praise.\n    \n\nFootnotes\n\n(1) 79:8 Or *the iniquities of former generations*\n (ESV)"]}