{"query": "Psalm 34", "canonical": "Psalm 34", "parsed": [[19034001, 19034022]], "passage_meta": [{"canonical": "Psalm 34", "chapter_start": [19034001, 19034022], "chapter_end": [19034001, 19034022], "prev_verse": 19033022, "next_verse": 19035001, "prev_chapter": [19033001, 19033022], "next_chapter": [19035001, 19035028]}], "passages": ["Psalm 34\n\nTaste and See That the LORD Is Good\n\n(1) Of David, when he changed his behavior before Abimelech, so that he drove him out, and he went away.\n\n    [1] I will bless the LORD at all times;\n        his praise shall continually be in my mouth.\n    [2] My soul makes its boast in the LORD;\n        let the humble hear and be glad.\n    [3] Oh, magnify the LORD with me,\n        and let us exalt his name together!\n    \n    \n    [4] I sought the LORD, and he answered me\n        and delivered me from all my fears.\n    [5] Those who look to him are radiant,\n        and their faces shall never be ashamed.\n    [6] This poor man cried, and the LORD heard him\n        and saved him out of all his troubles.\n    [7] The angel of the LORD encamps\n        around those who fear him, and delivers them.\n    \n    \n    [8] Oh, taste and see that the LORD is good!\n        Blessed is the man who takes refuge in him!\n    [9] Oh, fear the LORD, you his saints,\n        for those who fear him have no lack!\n    [10] The young lions suffer want and hunger;\n        but those who seek the LORD lack no good thing.\n    \n    \n    [11] Come, O children, listen to me;\n        I will teach you the fear of the LORD.\n    [12] What man is there who desires life\n        and loves many days, that he may see good?\n    [13] Keep your tongue from evil\n        and your lips from speaking deceit.\n    [14] Turn away from evil and do good;\n        seek peace and pursue it.\n    \n    \n    [15] The eyes of the LORD are toward the righteous\n        and his ears toward their cry.\n    [16] The face of the LORD is against those who do evil,\n        to cut off the memory of them from the earth.\n    [17] When the righteous cry for help, the LORD hears\n        and delivers them out of all their troubles.\n    [18] The LORD is near to the brokenhearted\n        and saves the crushed in spirit.\n    \n    \n    [19] Many are the afflictions of the righteous,\n        but the LORD delivers him out of them all.\n    [20] He keeps all his bones;\n        not one of them is broken.\n    [21] Affliction will slay the wicked,\n        and those who hate the righteous will be condemned.\n    [22] The LORD redeems the life of his servants;\n        none of those who take refuge in him will be condemned.\n    \n\nFootnotes\n\n(1) 34:1 This psalm is an acrostic poem, each verse beginning with the successive letters of the Hebrew alphabet\n (ESV)"]}