{"query": "Psalm 12", "canonical": "Psalm 12", "parsed": [[19012001, 19012008]], "passage_meta": [{"canonical": "Psalm 12", "chapter_start": [19012001, 19012008], "chapter_end": [19012001, 19012008], "prev_verse": 19011007, "next_verse": 19013001, "prev_chapter": [19011001, 19011007], "next_chapter": [19013001, 19013006]}], "passages": ["Psalm 12\n\nThe Faithful Have Vanished\n\nTo the choirmaster: according to The Sheminith.(1) A Psalm of David.\n\n    [1] Save, O LORD, for the godly one is gone;\n        for the faithful have vanished from among the children of man.\n    [2] Everyone utters lies to his neighbor;\n        with flattering lips and a double heart they speak.\n    \n    \n    [3] May the LORD cut off all flattering lips,\n        the tongue that makes great boasts,\n    [4] those who say, \u201cWith our tongue we will prevail,\n        our lips are with us; who is master over us?\u201d\n    \n    \n    [5] \u201cBecause the poor are plundered, because the needy groan,\n        I will now arise,\u201d says the LORD;\n        \u201cI will place him in the safety for which he longs.\u201d\n    [6] The words of the LORD are pure words,\n        like silver refined in a furnace on the ground,\n        purified seven times.\n    \n    \n    [7] You, O LORD, will keep them;\n        you will guard us(2) from this generation forever.\n    [8] On every side the wicked prowl,\n        as vileness is exalted among the children of man.\n    \n\nFootnotes\n\n(1) 12:1 Probably a musical or liturgical term\n\n(2) 12:7 Or *guard him*\n (ESV)"]}