{"query": "Psalm 97", "canonical": "Psalm 97", "parsed": [[19097001, 19097012]], "passage_meta": [{"canonical": "Psalm 97", "chapter_start": [19097001, 19097012], "chapter_end": [19097001, 19097012], "prev_verse": 19096013, "next_verse": 19098001, "prev_chapter": [19096001, 19096013], "next_chapter": [19098001, 19098009]}], "passages": ["Psalm 97\n\nThe LORD Reigns\n\n    [1] The LORD reigns, let the earth rejoice;\n        let the many coastlands be glad!\n    [2] Clouds and thick darkness are all around him;\n        righteousness and justice are the foundation of his throne.\n    [3] Fire goes before him\n        and burns up his adversaries all around.\n    [4] His lightnings light up the world;\n        the earth sees and trembles.\n    [5] The mountains melt like wax before the LORD,\n        before the Lord of all the earth.\n    \n    \n    [6] The heavens proclaim his righteousness,\n        and all the peoples see his glory.\n    [7] All worshipers of images are put to shame,\n        who make their boast in worthless idols;\n        worship him, all you gods!\n    \n    \n    [8] Zion hears and is glad,\n        and the daughters of Judah rejoice,\n        because of your judgments, O LORD.\n    [9] For you, O LORD, are most high over all the earth;\n        you are exalted far above all gods.\n    \n    \n    [10] O you who love the LORD, hate evil!\n        He preserves the lives of his saints;\n        he delivers them from the hand of the wicked.\n    [11] Light is sown(1) for the righteous,\n        and joy for the upright in heart.\n    [12] Rejoice in the LORD, O you righteous,\n        and give thanks to his holy name!\n    \n\nFootnotes\n\n(1) 97:11 Most Hebrew manuscripts; one Hebrew manuscript, Septuagint, Syriac, Jerome *Light dawns*\n (ESV)"]}