{"query": "Psalm 110", "canonical": "Psalm 110", "parsed": [[19110001, 19110007]], "passage_meta": [{"canonical": "Psalm 110", "chapter_start": [19110001, 19110007], "chapter_end": [19110001, 19110007], "prev_verse": 19109031, "next_verse": 19111001, "prev_chapter": [19109001, 19109031], "next_chapter": [19111001, 19111010]}], "passages": ["Psalm 110\n\nSit at My Right Hand\n\nA Psalm of David.\n\n    [1] The LORD says to my Lord:\n        \u201cSit at my right hand,\n    until I make your enemies your footstool.\u201d\n    \n    \n    [2] The LORD sends forth from Zion\n        your mighty scepter.\n        Rule in the midst of your enemies!\n    [3] Your people will offer themselves freely\n        on the day of your power,(1)\n        in holy garments;(2)\n    from the womb of the morning,\n        the dew of your youth will be yours.(3)\n    [4] The LORD has sworn\n        and will not change his mind,\n    \u201cYou are a priest forever\n        after the order of Melchizedek.\u201d\n    \n    \n    [5] The Lord is at your right hand;\n        he will shatter kings on the day of his wrath.\n    [6] He will execute judgment among the nations,\n        filling them with corpses;\n    he will shatter chiefs(4)\n        over the wide earth.\n    [7] He will drink from the brook by the way;\n        therefore he will lift up his head.\n    \n\nFootnotes\n\n(1) 110:3 Or *on the day you lead your forces*\n\n(2) 110:3 Masoretic Text; some Hebrew manuscripts and Jerome *on the holy mountains*\n\n(3) 110:3 The meaning of the Hebrew is uncertain\n\n(4) 110:6 Or *the head*\n (ESV)"]}