{"query": "Psalm 125", "canonical": "Psalm 125", "parsed": [[19125001, 19125005]], "passage_meta": [{"canonical": "Psalm 125", "chapter_start": [19125001, 19125005], "chapter_end": [19125001, 19125005], "prev_verse": 19124008, "next_verse": 19126001, "prev_chapter": [19124001, 19124008], "next_chapter": [19126001, 19126006]}], "passages": ["Psalm 125\n\nThe LORD Surrounds His People\n\nA Song of Ascents.\n\n    [1] Those who trust in the LORD are like Mount Zion,\n        which cannot be moved, but abides forever.\n    [2] As the mountains surround Jerusalem,\n        so the LORD surrounds his people,\n        from this time forth and forevermore.\n    [3] For the scepter of wickedness shall not rest\n        on the land allotted to the righteous,\n    lest the righteous stretch out\n        their hands to do wrong.\n    [4] Do good, O LORD, to those who are good,\n        and to those who are upright in their hearts!\n    [5] But those who turn aside to their crooked ways\n        the LORD will lead away with evildoers!\n        Peace be upon Israel! (ESV)"]}