{"query": "Psalm 69", "canonical": "Psalm 69", "parsed": [[19069001, 19069036]], "passage_meta": [{"canonical": "Psalm 69", "chapter_start": [19069001, 19069036], "chapter_end": [19069001, 19069036], "prev_verse": 19068035, "next_verse": 19070001, "prev_chapter": [19068001, 19068035], "next_chapter": [19070001, 19070005]}], "passages": ["Psalm 69\n\nSave Me, O God\n\nTo the choirmaster: according to Lilies. Of David.\n\n    [1] Save me, O God!\n        For the waters have come up to my neck.(1)\n    [2] I sink in deep mire,\n        where there is no foothold;\n    I have come into deep waters,\n        and the flood sweeps over me.\n    [3] I am weary with my crying out;\n        my throat is parched.\n    My eyes grow dim\n        with waiting for my God.\n    \n    \n    [4] More in number than the hairs of my head\n        are those who hate me without cause;\n    mighty are those who would destroy me,\n        those who attack me with lies.\n    What I did not steal\n        must I now restore?\n    [5] O God, you know my folly;\n        the wrongs I have done are not hidden from you.\n    \n    \n    [6] Let not those who hope in you be put to shame through me,\n        O Lord GOD of hosts;\n    let not those who seek you be brought to dishonor through me,\n        O God of Israel.\n    [7] For it is for your sake that I have borne reproach,\n        that dishonor has covered my face.\n    [8] I have become a stranger to my brothers,\n        an alien to my mother\u2019s sons.\n    \n    \n    [9] For zeal for your house has consumed me,\n        and the reproaches of those who reproach you have fallen on me.\n    [10] When I wept and humbled(2) my soul with fasting,\n        it became my reproach.\n    [11] When I made sackcloth my clothing,\n        I became a byword to them.\n    [12] I am the talk of those who sit in the gate,\n        and the drunkards make songs about me.\n    \n    \n    [13] But as for me, my prayer is to you, O LORD.\n        At an acceptable time, O God,\n        in the abundance of your steadfast love answer me in your saving faithfulness.\n    [14] Deliver me\n        from sinking in the mire;\n    let me be delivered from my enemies\n        and from the deep waters.\n    [15] Let not the flood sweep over me,\n        or the deep swallow me up,\n        or the pit close its mouth over me.\n    \n    \n    [16] Answer me, O LORD, for your steadfast love is good;\n        according to your abundant mercy, turn to me.\n    [17] Hide not your face from your servant,\n        for I am in distress; make haste to answer me.\n    [18] Draw near to my soul, redeem me;\n        ransom me because of my enemies!\n    \n    \n    [19] You know my reproach,\n        and my shame and my dishonor;\n        my foes are all known to you.\n    [20] Reproaches have broken my heart,\n        so that I am in despair.\n    I looked for pity, but there was none,\n        and for comforters, but I found none.\n    [21] They gave me poison for food,\n        and for my thirst they gave me sour wine to drink.\n    \n    \n    [22] Let their own table before them become a snare;\n        and when they are at peace, let it become a trap.(3)\n    [23] Let their eyes be darkened, so that they cannot see,\n        and make their loins tremble continually.\n    [24] Pour out your indignation upon them,\n        and let your burning anger overtake them.\n    [25] May their camp be a desolation;\n        let no one dwell in their tents.\n    [26] For they persecute him whom you have struck down,\n        and they recount the pain of those you have wounded.\n    [27] Add to them punishment upon punishment;\n        may they have no acquittal from you.(4)\n    [28] Let them be blotted out of the book of the living;\n        let them not be enrolled among the righteous.\n    \n    \n    [29] But I am afflicted and in pain;\n        let your salvation, O God, set me on high!\n    \n    \n    [30] I will praise the name of God with a song;\n        I will magnify him with thanksgiving.\n    [31] This will please the LORD more than an ox\n        or a bull with horns and hoofs.\n    [32] When the humble see it they will be glad;\n        you who seek God, let your hearts revive.\n    [33] For the LORD hears the needy\n        and does not despise his own people who are prisoners.\n    \n    \n    [34] Let heaven and earth praise him,\n        the seas and everything that moves in them.\n    [35] For God will save Zion\n        and build up the cities of Judah,\n    and people shall dwell there and possess it;\n    [36]     the offspring of his servants shall inherit it,\n        and those who love his name shall dwell in it.\n    \n\nFootnotes\n\n(1) 69:1 Or *waters threaten my life*\n\n(2) 69:10 Hebrew lacks *and humbled*\n\n(3) 69:22 Hebrew; a slight revocalization yields (compare Septuagint, Syriac, Jerome) *a snare, and retribution and a trap*\n\n(4) 69:27 Hebrew *may they not come into your righteousness*\n (ESV)"]}