{"query": "Psalm 120", "canonical": "Psalm 120", "parsed": [[19120001, 19120007]], "passage_meta": [{"canonical": "Psalm 120", "chapter_start": [19120001, 19120007], "chapter_end": [19120001, 19120007], "prev_verse": 19119176, "next_verse": 19121001, "prev_chapter": [19119001, 19119176], "next_chapter": [19121001, 19121008]}], "passages": ["Psalm 120\n\nDeliver Me, O LORD\n\nA Song of Ascents.\n\n    [1] In my distress I called to the LORD,\n        and he answered me.\n    [2] Deliver me, O LORD,\n        from lying lips,\n        from a deceitful tongue.\n    \n    \n    [3] What shall be given to you,\n        and what more shall be done to you,\n        you deceitful tongue?\n    [4] A warrior\u2019s sharp arrows,\n        with glowing coals of the broom tree!\n    \n    \n    [5] Woe to me, that I sojourn in Meshech,\n        that I dwell among the tents of Kedar!\n    [6] Too long have I had my dwelling\n        among those who hate peace.\n    [7] I am for peace,\n        but when I speak, they are for war! (ESV)"]}