{"query": "Psalm 82", "canonical": "Psalm 82", "parsed": [[19082001, 19082008]], "passage_meta": [{"canonical": "Psalm 82", "chapter_start": [19082001, 19082008], "chapter_end": [19082001, 19082008], "prev_verse": 19081016, "next_verse": 19083001, "prev_chapter": [19081001, 19081016], "next_chapter": [19083001, 19083018]}], "passages": ["Psalm 82\n\nRescue the Weak and Needy\n\nA Psalm of Asaph.\n\n    [1] God has taken his place in the divine council;\n        in the midst of the gods he holds judgment:\n    [2] \u201cHow long will you judge unjustly\n        and show partiality to the wicked? Selah\n    [3] Give justice to the weak and the fatherless;\n        maintain the right of the afflicted and the destitute.\n    [4] Rescue the weak and the needy;\n        deliver them from the hand of the wicked.\u201d\n    \n    \n    [5] They have neither knowledge nor understanding,\n        they walk about in darkness;\n        all the foundations of the earth are shaken.\n    \n    \n    [6] I said, \u201cYou are gods,\n        sons of the Most High, all of you;\n    [7] nevertheless, like men you shall die,\n        and fall like any prince.\u201d(1)\n    \n    \n    [8] Arise, O God, judge the earth;\n        for you shall inherit all the nations!\n    \n\nFootnotes\n\n(1) 82:7 Or *fall as one man, O princes*\n (ESV)"]}