{"query": "Psalm 54", "canonical": "Psalm 54", "parsed": [[19054001, 19054007]], "passage_meta": [{"canonical": "Psalm 54", "chapter_start": [19054001, 19054007], "chapter_end": [19054001, 19054007], "prev_verse": 19053006, "next_verse": 19055001, "prev_chapter": [19053001, 19053006], "next_chapter": [19055001, 19055023]}], "passages": ["Psalm 54\n\nThe Lord Upholds My Life\n\nTo the choirmaster: with stringed instruments. A Maskil(1) of David, when the Ziphites went and told Saul, \u201cIs not David hiding among us?\u201d\n\n    [1] O God, save me by your name,\n        and vindicate me by your might.\n    [2] O God, hear my prayer;\n        give ear to the words of my mouth.\n    \n    \n    [3] For strangers(2) have risen against me;\n        ruthless men seek my life;\n        they do not set God before themselves. Selah\n    \n    \n    [4] Behold, God is my helper;\n        the Lord is the upholder of my life.\n    [5] He will return the evil to my enemies;\n        in your faithfulness put an end to them.\n    \n    \n    [6] With a freewill offering I will sacrifice to you;\n        I will give thanks to your name, O LORD, for it is good.\n    [7] For he has delivered me from every trouble,\n        and my eye has looked in triumph on my enemies.\n    \n\nFootnotes\n\n(1) 54:1 Probably a musical or liturgical term\n\n(2) 54:3 Some Hebrew manuscripts and Targum *insolent men* (compare Psalm 86:14)\n (ESV)"]}