{"query": "Psalm 117", "canonical": "Psalm 117", "parsed": [[19117001, 19117002]], "passage_meta": [{"canonical": "Psalm 117", "chapter_start": [19117001, 19117002], "chapter_end": [19117001, 19117002], "prev_verse": 19116019, "next_verse": 19118001, "prev_chapter": [19116001, 19116019], "next_chapter": [19118001, 19118029]}], "passages": ["Psalm 117\n\nThe LORD\u2019s Faithfulness Endures Forever\n\n    [1] Praise the LORD, all nations!\n        Extol him, all peoples!\n    [2] For great is his steadfast love toward us,\n        and the faithfulness of the LORD endures forever.\n    Praise the LORD! (ESV)"]}