{"query": "Psalm 59", "canonical": "Psalm 59", "parsed": [[19059001, 19059017]], "passage_meta": [{"canonical": "Psalm 59", "chapter_start": [19059001, 19059017], "chapter_end": [19059001, 19059017], "prev_verse": 19058011, "next_verse": 19060001, "prev_chapter": [19058001, 19058011], "next_chapter": [19060001, 19060012]}], "passages": ["Psalm 59\n\nDeliver Me from My Enemies\n\nTo the choirmaster: according to Do Not Destroy. A Miktam(1) of David, when Saul sent men to watch his house in order to kill him.\n\n    [1] Deliver me from my enemies, O my God;\n        protect me from those who rise up against me;\n    [2] deliver me from those who work evil,\n        and save me from bloodthirsty men.\n    \n    \n    [3] For behold, they lie in wait for my life;\n        fierce men stir up strife against me.\n    For no transgression or sin of mine, O LORD,\n    [4]     for no fault of mine, they run and make ready.\n    Awake, come to meet me, and see!\n    [5]     You, LORD God of hosts, are God of Israel.\n    Rouse yourself to punish all the nations;\n        spare none of those who treacherously plot evil. Selah\n    \n    \n    [6] Each evening they come back,\n        howling like dogs\n        and prowling about the city.\n    [7] There they are, bellowing with their mouths\n        with swords in their lips\u2014\n        for \u201cWho,\u201d they think,(2) \u201cwill hear us?\u201d\n    \n    \n    [8] But you, O LORD, laugh at them;\n        you hold all the nations in derision.\n    [9] O my Strength, I will watch for you,\n        for you, O God, are my fortress.\n    [10] My God in his steadfast love(3) will meet me;\n        God will let me look in triumph on my enemies.\n    \n    \n    [11] Kill them not, lest my people forget;\n        make them totter(4) by your power and bring them down,\n        O Lord, our shield!\n    [12] For the sin of their mouths, the words of their lips,\n        let them be trapped in their pride.\n    For the cursing and lies that they utter,\n    [13]     consume them in wrath;\n        consume them till they are no more,\n    that they may know that God rules over Jacob\n        to the ends of the earth. Selah\n    \n    \n    [14] Each evening they come back,\n        howling like dogs\n        and prowling about the city.\n    [15] They wander about for food\n        and growl if they do not get their fill.\n    \n    \n    [16] But I will sing of your strength;\n        I will sing aloud of your steadfast love in the morning.\n    For you have been to me a fortress\n        and a refuge in the day of my distress.\n    [17] O my Strength, I will sing praises to you,\n        for you, O God, are my fortress,\n        the God who shows me steadfast love.\n    \n\nFootnotes\n\n(1) 59:1 Probably a musical or liturgical term\n\n(2) 59:7 Hebrew lacks *they think*\n\n(3) 59:10 Or *The God who shows me steadfast love*\n\n(4) 59:11 Or *wander*\n (ESV)"]}