{"query": "Psalm 141", "canonical": "Psalm 141", "parsed": [[19141001, 19141010]], "passage_meta": [{"canonical": "Psalm 141", "chapter_start": [19141001, 19141010], "chapter_end": [19141001, 19141010], "prev_verse": 19140013, "next_verse": 19142001, "prev_chapter": [19140001, 19140013], "next_chapter": [19142001, 19142007]}], "passages": ["Psalm 141\n\nGive Ear to My Voice\n\nA Psalm of David.\n\n    [1] O LORD, I call upon you; hasten to me!\n        Give ear to my voice when I call to you!\n    [2] Let my prayer be counted as incense before you,\n        and the lifting up of my hands as the evening sacrifice!\n    \n    \n    [3] Set a guard, O LORD, over my mouth;\n        keep watch over the door of my lips!\n    [4] Do not let my heart incline to any evil,\n        to busy myself with wicked deeds\n    in company with men who work iniquity,\n        and let me not eat of their delicacies!\n    \n    \n    [5] Let a righteous man strike me\u2014it is a kindness;\n        let him rebuke me\u2014it is oil for my head;\n        let my head not refuse it.\n    Yet my prayer is continually against their evil deeds.\n    [6] When their judges are thrown over the cliff,(1)\n        then they shall hear my words, for they are pleasant.\n    [7] As when one plows and breaks up the earth,\n        so shall our bones be scattered at the mouth of Sheol.(2)\n    \n    \n    [8] But my eyes are toward you, O GOD, my Lord;\n        in you I seek refuge; leave me not defenseless!(3)\n    [9] Keep me from the trap that they have laid for me\n        and from the snares of evildoers!\n    [10] Let the wicked fall into their own nets,\n        while I pass by safely.\n    \n\nFootnotes\n\n(1) 141:6 Or *When their judges fall into the hands of the Rock*\n\n(2) 141:7 The meaning of the Hebrew in verses 6, 7 is uncertain\n\n(3) 141:8 Hebrew *refuge; do not pour out my life!*\n (ESV)"]}