{"query": "Psalm 130", "canonical": "Psalm 130", "parsed": [[19130001, 19130008]], "passage_meta": [{"canonical": "Psalm 130", "chapter_start": [19130001, 19130008], "chapter_end": [19130001, 19130008], "prev_verse": 19129008, "next_verse": 19131001, "prev_chapter": [19129001, 19129008], "next_chapter": [19131001, 19131003]}], "passages": ["Psalm 130\n\nMy Soul Waits for the Lord\n\nA Song of Ascents.\n\n    [1] Out of the depths I cry to you, O LORD!\n    [2]     O Lord, hear my voice!\n    Let your ears be attentive\n        to the voice of my pleas for mercy!\n    \n    \n    [3] If you, O LORD, should mark iniquities,\n        O Lord, who could stand?\n    [4] But with you there is forgiveness,\n        that you may be feared.\n    \n    \n    [5] I wait for the LORD, my soul waits,\n        and in his word I hope;\n    [6] my soul waits for the Lord\n        more than watchmen for the morning,\n        more than watchmen for the morning.\n    \n    \n    [7] O Israel, hope in the LORD!\n        For with the LORD there is steadfast love,\n        and with him is plentiful redemption.\n    [8] And he will redeem Israel\n        from all his iniquities. (ESV)"]}