{"query": "Psalm 93", "canonical": "Psalm 93", "parsed": [[19093001, 19093005]], "passage_meta": [{"canonical": "Psalm 93", "chapter_start": [19093001, 19093005], "chapter_end": [19093001, 19093005], "prev_verse": 19092015, "next_verse": 19094001, "prev_chapter": [19092001, 19092015], "next_chapter": [19094001, 19094023]}], "passages": ["Psalm 93\n\nThe LORD Reigns\n\n    [1] The LORD reigns; he is robed in majesty;\n        the LORD is robed; he has put on strength as his belt.\n    Yes, the world is established; it shall never be moved.\n    [2] Your throne is established from of old;\n        you are from everlasting.\n    \n    \n    [3] The floods have lifted up, O LORD,\n        the floods have lifted up their voice;\n        the floods lift up their roaring.\n    [4] Mightier than the thunders of many waters,\n        mightier than the waves of the sea,\n        the LORD on high is mighty!\n    \n    \n    [5] Your decrees are very trustworthy;\n        holiness befits your house,\n        O LORD, forevermore. (ESV)"]}