{"query": "Psalm 16", "canonical": "Psalm 16", "parsed": [[19016001, 19016011]], "passage_meta": [{"canonical": "Psalm 16", "chapter_start": [19016001, 19016011], "chapter_end": [19016001, 19016011], "prev_verse": 19015005, "next_verse": 19017001, "prev_chapter": [19015001, 19015005], "next_chapter": [19017001, 19017015]}], "passages": ["Psalm 16\n\nYou Will Not Abandon My Soul\n\nA Miktam(1) of David.\n\n    [1] Preserve me, O God, for in you I take refuge.\n    [2] I say to the LORD, \u201cYou are my Lord;\n        I have no good apart from you.\u201d\n    \n    \n    [3] As for the saints in the land, they are the excellent ones,\n        in whom is all my delight.(2)\n    \n    \n    [4] The sorrows of those who run after(3) another god shall multiply;\n        their drink offerings of blood I will not pour out\n        or take their names on my lips.\n    \n    \n    [5] The LORD is my chosen portion and my cup;\n        you hold my lot.\n    [6] The lines have fallen for me in pleasant places;\n        indeed, I have a beautiful inheritance.\n    \n    \n    [7] I bless the LORD who gives me counsel;\n        in the night also my heart instructs me.(4)\n    [8] I have set the LORD always before me;\n        because he is at my right hand, I shall not be shaken.\n    \n    \n    [9] Therefore my heart is glad, and my whole being(5) rejoices;\n        my flesh also dwells secure.\n    [10] For you will not abandon my soul to Sheol,\n        or let your holy one see corruption.(6)\n    \n    \n    [11] You make known to me the path of life;\n        in your presence there is fullness of joy;\n        at your right hand are pleasures forevermore.\n    \n\nFootnotes\n\n(1) 16:1 Probably a musical or liturgical term\n\n(2) 16:3 Or *To the saints in the land, the excellent in whom is all my delight, I say:*\n\n(3) 16:4 Or *who acquire*\n\n(4) 16:7 Hebrew *my kidneys instruct me*\n\n(5) 16:9 Hebrew *my glory*\n\n(6) 16:10 Or *see the pit*\n (ESV)"]}