{"query": "Psalm 2", "canonical": "Psalm 2", "parsed": [[19002001, 19002012]], "passage_meta": [{"canonical": "Psalm 2", "chapter_start": [19002001, 19002012], "chapter_end": [19002001, 19002012], "prev_verse": 19001006, "next_verse": 19003001, "prev_chapter": [19001001, 19001006], "next_chapter": [19003001, 19003008]}], "passages": ["Psalm 2\n\nThe Reign of the LORD\u2019s Anointed\n\n    [1] Why do the nations rage(1)\n        and the peoples plot in vain?\n    [2] The kings of the earth set themselves,\n        and the rulers take counsel together,\n        against the LORD and against his Anointed, saying,\n    [3] \u201cLet us burst their bonds apart\n        and cast away their cords from us.\u201d\n    \n    \n    [4] He who sits in the heavens laughs;\n        the Lord holds them in derision.\n    [5] Then he will speak to them in his wrath,\n        and terrify them in his fury, saying,\n    [6] \u201cAs for me, I have set my King\n        on Zion, my holy hill.\u201d\n    \n    \n    [7] I will tell of the decree:\n    The LORD said to me, \u201cYou are my Son;\n        today I have begotten you.\n    [8] Ask of me, and I will make the nations your heritage,\n        and the ends of the earth your possession.\n    [9] You shall break(2) them with a rod of iron\n        and dash them in pieces like a potter\u2019s vessel.\u201d\n    \n    \n    [10] Now therefore, O kings, be wise;\n        be warned, O rulers of the earth.\n    [11] Serve the LORD with fear,\n        and rejoice with trembling.\n    [12] Kiss the Son,\n        lest he be angry, and you perish in the way,\n        for his wrath is quickly kindled.\n    Blessed are all who take refuge in him.\n    \n\nFootnotes\n\n(1) 2:1 Or *nations noisily assemble*\n\n(2) 2:9 Revocalization yields (compare Septuagint) *You shall rule*\n (ESV)"]}