{"query": "Psalm 49", "canonical": "Psalm 49", "parsed": [[19049001, 19049020]], "passage_meta": [{"canonical": "Psalm 49", "chapter_start": [19049001, 19049020], "chapter_end": [19049001, 19049020], "prev_verse": 19048014, "next_verse": 19050001, "prev_chapter": [19048001, 19048014], "next_chapter": [19050001, 19050023]}], "passages": ["Psalm 49\n\nWhy Should I Fear in Times of Trouble?\n\nTo the choirmaster. A Psalm of the Sons of Korah.\n\n    [1] Hear this, all peoples!\n        Give ear, all inhabitants of the world,\n    [2] both low and high,\n        rich and poor together!\n    [3] My mouth shall speak wisdom;\n        the meditation of my heart shall be understanding.\n    [4] I will incline my ear to a proverb;\n        I will solve my riddle to the music of the lyre.\n    \n    \n    [5] Why should I fear in times of trouble,\n        when the iniquity of those who cheat me surrounds me,\n    [6] those who trust in their wealth\n        and boast of the abundance of their riches?\n    [7] Truly no man can ransom another,\n        or give to God the price of his life,\n    [8] for the ransom of their life is costly\n        and can never suffice,\n    [9] that he should live on forever\n        and never see the pit.\n    \n    \n    [10] For he sees that even the wise die;\n        the fool and the stupid alike must perish\n        and leave their wealth to others.\n    [11] Their graves are their homes forever,(1)\n        their dwelling places to all generations,\n        though they called lands by their own names.\n    [12] Man in his pomp will not remain;\n        he is like the beasts that perish.\n    \n    \n    [13] This is the path of those who have foolish confidence;\n        yet after them people approve of their boasts.(2) Selah\n    [14] Like sheep they are appointed for Sheol;\n        death shall be their shepherd,\n    and the upright shall rule over them in the morning.\n        Their form shall be consumed in Sheol, with no place to dwell.\n    [15] But God will ransom my soul from the power of Sheol,\n        for he will receive me. Selah\n    \n    \n    [16] Be not afraid when a man becomes rich,\n        when the glory of his house increases.\n    [17] For when he dies he will carry nothing away;\n        his glory will not go down after him.\n    [18] For though, while he lives, he counts himself blessed\n        \u2014and though you get praise when you do well for yourself\u2014\n    [19] his soul will go to the generation of his fathers,\n        who will never again see light.\n    [20] Man in his pomp yet without understanding is like the beasts that perish.\n    \n\nFootnotes\n\n(1) 49:11 Septuagint, Syriac, Targum; Hebrew *Their inward thought was that their homes were forever*\n\n(2) 49:13 Or *and of those after them who approve of their boasts*\n (ESV)"]}