{"query": "Psalm 47", "canonical": "Psalm 47", "parsed": [[19047001, 19047009]], "passage_meta": [{"canonical": "Psalm 47", "chapter_start": [19047001, 19047009], "chapter_end": [19047001, 19047009], "prev_verse": 19046011, "next_verse": 19048001, "prev_chapter": [19046001, 19046011], "next_chapter": [19048001, 19048014]}], "passages": ["Psalm 47\n\nGod Is King over All the Earth\n\nTo the choirmaster. A Psalm of the Sons of Korah.\n\n    [1] Clap your hands, all peoples!\n        Shout to God with loud songs of joy!\n    [2] For the LORD, the Most High, is to be feared,\n        a great king over all the earth.\n    [3] He subdued peoples under us,\n        and nations under our feet.\n    [4] He chose our heritage for us,\n        the pride of Jacob whom he loves. Selah\n    \n    \n    [5] God has gone up with a shout,\n        the LORD with the sound of a trumpet.\n    [6] Sing praises to God, sing praises!\n        Sing praises to our King, sing praises!\n    [7] For God is the King of all the earth;\n        sing praises with a psalm!(1)\n    \n    \n    [8] God reigns over the nations;\n        God sits on his holy throne.\n    [9] The princes of the peoples gather\n        as the people of the God of Abraham.\n    For the shields of the earth belong to God;\n        he is highly exalted!\n    \n\nFootnotes\n\n(1) 47:7 Hebrew *maskil*\n (ESV)"]}