{"query": "Psalm 7", "canonical": "Psalm 7", "parsed": [[19007001, 19007017]], "passage_meta": [{"canonical": "Psalm 7", "chapter_start": [19007001, 19007017], "chapter_end": [19007001, 19007017], "prev_verse": 19006010, "next_verse": 19008001, "prev_chapter": [19006001, 19006010], "next_chapter": [19008001, 19008009]}], "passages": ["Psalm 7\n\nIn You Do I Take Refuge\n\nA Shiggaion(1) of David, which he sang to the LORD concerning the words of Cush, a Benjaminite.\n\n    [1] O LORD my God, in you do I take refuge;\n        save me from all my pursuers and deliver me,\n    [2] lest like a lion they tear my soul apart,\n        rending it in pieces, with none to deliver.\n    \n    \n    [3] O LORD my God, if I have done this,\n        if there is wrong in my hands,\n    [4] if I have repaid my friend(2) with evil\n        or plundered my enemy without cause,\n    [5] let the enemy pursue my soul and overtake it,\n        and let him trample my life to the ground\n        and lay my glory in the dust. Selah\n    \n    \n    [6] Arise, O LORD, in your anger;\n        lift yourself up against the fury of my enemies;\n        awake for me; you have appointed a judgment.\n    [7] Let the assembly of the peoples be gathered about you;\n        over it return on high.\n    \n    \n    [8] The LORD judges the peoples;\n        judge me, O LORD, according to my righteousness\n        and according to the integrity that is in me.\n    [9] Oh, let the evil of the wicked come to an end,\n        and may you establish the righteous\u2014\n    you who test the minds and hearts,(3)\n        O righteous God!\n    [10] My shield is with God,\n        who saves the upright in heart.\n    [11] God is a righteous judge,\n        and a God who feels indignation every day.\n    \n    \n    [12] If a man(4) does not repent, God(5) will whet his sword;\n        he has bent and readied his bow;\n    [13] he has prepared for him his deadly weapons,\n        making his arrows fiery shafts.\n    [14] Behold, the wicked man conceives evil\n        and is pregnant with mischief\n        and gives birth to lies.\n    [15] He makes a pit, digging it out,\n        and falls into the hole that he has made.\n    [16] His mischief returns upon his own head,\n        and on his own skull his violence descends.\n    \n    \n    [17] I will give to the LORD the thanks due to his righteousness,\n        and I will sing praise to the name of the LORD, the Most High.\n    \n\nFootnotes\n\n(1) 7:1 Probably a musical or liturgical term\n\n(2) 7:4 Hebrew *the one at peace with me*\n\n(3) 7:9 Hebrew *the hearts and kidneys*\n\n(4) 7:12 Hebrew *he*\n\n(5) 7:12 Hebrew *he*\n (ESV)"]}