{"query": "Psalm 25", "canonical": "Psalm 25", "parsed": [[19025001, 19025022]], "passage_meta": [{"canonical": "Psalm 25", "chapter_start": [19025001, 19025022], "chapter_end": [19025001, 19025022], "prev_verse": 19024010, "next_verse": 19026001, "prev_chapter": [19024001, 19024010], "next_chapter": [19026001, 19026012]}], "passages": ["Psalm 25\n\nTeach Me Your Paths\n\n(1) Of David.\n\n    [1] To you, O LORD, I lift up my soul.\n    [2] O my God, in you I trust;\n        let me not be put to shame;\n        let not my enemies exult over me.\n    [3] Indeed, none who wait for you shall be put to shame;\n        they shall be ashamed who are wantonly treacherous.\n    \n    \n    [4] Make me to know your ways, O LORD;\n        teach me your paths.\n    [5] Lead me in your truth and teach me,\n        for you are the God of my salvation;\n        for you I wait all the day long.\n    \n    \n    [6] Remember your mercy, O LORD, and your steadfast love,\n        for they have been from of old.\n    [7] Remember not the sins of my youth or my transgressions;\n        according to your steadfast love remember me,\n        for the sake of your goodness, O LORD!\n    \n    \n    [8] Good and upright is the LORD;\n        therefore he instructs sinners in the way.\n    [9] He leads the humble in what is right,\n        and teaches the humble his way.\n    [10] All the paths of the LORD are steadfast love and faithfulness,\n        for those who keep his covenant and his testimonies.\n    \n    \n    [11] For your name\u2019s sake, O LORD,\n        pardon my guilt, for it is great.\n    [12] Who is the man who fears the LORD?\n        Him will he instruct in the way that he should choose.\n    [13] His soul shall abide in well-being,\n        and his offspring shall inherit the land.\n    [14] The friendship(2) of the LORD is for those who fear him,\n        and he makes known to them his covenant.\n    [15] My eyes are ever toward the LORD,\n        for he will pluck my feet out of the net.\n    \n    \n    [16] Turn to me and be gracious to me,\n        for I am lonely and afflicted.\n    [17] The troubles of my heart are enlarged;\n        bring me out of my distresses.\n    [18] Consider my affliction and my trouble,\n        and forgive all my sins.\n    \n    \n    [19] Consider how many are my foes,\n        and with what violent hatred they hate me.\n    [20] Oh, guard my soul, and deliver me!\n        Let me not be put to shame, for I take refuge in you.\n    [21] May integrity and uprightness preserve me,\n        for I wait for you.\n    \n    \n    [22] Redeem Israel, O God,\n        out of all his troubles.\n    \n\nFootnotes\n\n(1) 25:1 This psalm is an acrostic poem, each verse beginning with the successive letters of the Hebrew alphabet\n\n(2) 25:14 Or *The secret counsel*\n (ESV)"]}