{"query": "Psalm 29", "canonical": "Psalm 29", "parsed": [[19029001, 19029011]], "passage_meta": [{"canonical": "Psalm 29", "chapter_start": [19029001, 19029011], "chapter_end": [19029001, 19029011], "prev_verse": 19028009, "next_verse": 19030001, "prev_chapter": [19028001, 19028009], "next_chapter": [19030001, 19030012]}], "passages": ["Psalm 29\n\nAscribe to the LORD Glory\n\nA Psalm of David.\n\n    [1] Ascribe to the LORD, O heavenly beings,(1)\n        ascribe to the LORD glory and strength.\n    [2] Ascribe to the LORD the glory due his name;\n        worship the LORD in the splendor of holiness.(2)\n    \n    \n    [3] The voice of the LORD is over the waters;\n        the God of glory thunders,\n        the LORD, over many waters.\n    [4] The voice of the LORD is powerful;\n        the voice of the LORD is full of majesty.\n    \n    \n    [5] The voice of the LORD breaks the cedars;\n        the LORD breaks the cedars of Lebanon.\n    [6] He makes Lebanon to skip like a calf,\n        and Sirion like a young wild ox.\n    \n    \n    [7] The voice of the LORD flashes forth flames of fire.\n    [8] The voice of the LORD shakes the wilderness;\n        the LORD shakes the wilderness of Kadesh.\n    \n    \n    [9] The voice of the LORD makes the deer give birth(3)\n        and strips the forests bare,\n        and in his temple all cry, \u201cGlory!\u201d\n    \n    \n    [10] The LORD sits enthroned over the flood;\n        the LORD sits enthroned as king forever.\n    [11] May the LORD give strength to his people!\n        May the LORD bless(4) his people with peace!\n    \n\nFootnotes\n\n(1) 29:1 Hebrew *sons of God*, or *sons of might*\n\n(2) 29:2 Or *in holy attire*\n\n(3) 29:9 Revocalization yields *makes the oaks to shake*\n\n(4) 29:11 Or *The Lord will give\u00a0.\u00a0.\u00a0. The Lord will bless*\n (ESV)"]}