{"query": "Psalm 78", "canonical": "Psalm 78", "parsed": [[19078001, 19078072]], "passage_meta": [{"canonical": "Psalm 78", "chapter_start": [19078001, 19078072], "chapter_end": [19078001, 19078072], "prev_verse": 19077020, "next_verse": 19079001, "prev_chapter": [19077001, 19077020], "next_chapter": [19079001, 19079013]}], "passages": ["Psalm 78\n\nTell the Coming Generation\n\nA Maskil(1) of Asaph.\n\n    [1] Give ear, O my people, to my teaching;\n        incline your ears to the words of my mouth!\n    [2] I will open my mouth in a parable;\n        I will utter dark sayings from of old,\n    [3] things that we have heard and known,\n        that our fathers have told us.\n    [4] We will not hide them from their children,\n        but tell to the coming generation\n    the glorious deeds of the LORD, and his might,\n        and the wonders that he has done.\n    \n    \n    [5] He established a testimony in Jacob\n        and appointed a law in Israel,\n    which he commanded our fathers\n        to teach to their children,\n    [6] that the next generation might know them,\n        the children yet unborn,\n    and arise and tell them to their children,\n    [7]     so that they should set their hope in God\n    and not forget the works of God,\n        but keep his commandments;\n    [8] and that they should not be like their fathers,\n        a stubborn and rebellious generation,\n    a generation whose heart was not steadfast,\n        whose spirit was not faithful to God.\n    \n    \n    [9] The Ephraimites, armed with(2) the bow,\n        turned back on the day of battle.\n    [10] They did not keep God\u2019s covenant,\n        but refused to walk according to his law.\n    [11] They forgot his works\n        and the wonders that he had shown them.\n    [12] In the sight of their fathers he performed wonders\n        in the land of Egypt, in the fields of Zoan.\n    [13] He divided the sea and let them pass through it,\n        and made the waters stand like a heap.\n    [14] In the daytime he led them with a cloud,\n        and all the night with a fiery light.\n    [15] He split rocks in the wilderness\n        and gave them drink abundantly as from the deep.\n    [16] He made streams come out of the rock\n        and caused waters to flow down like rivers.\n    \n    \n    [17] Yet they sinned still more against him,\n        rebelling against the Most High in the desert.\n    [18] They tested God in their heart\n        by demanding the food they craved.\n    [19] They spoke against God, saying,\n        \u201cCan God spread a table in the wilderness?\n    [20] He struck the rock so that water gushed out\n        and streams overflowed.\n    Can he also give bread\n        or provide meat for his people?\u201d\n    \n    \n    [21] Therefore, when the LORD heard, he was full of wrath;\n        a fire was kindled against Jacob;\n        his anger rose against Israel,\n    [22] because they did not believe in God\n        and did not trust his saving power.\n    [23] Yet he commanded the skies above\n        and opened the doors of heaven,\n    [24] and he rained down on them manna to eat\n        and gave them the grain of heaven.\n    [25] Man ate of the bread of the angels;\n        he sent them food in abundance.\n    [26] He caused the east wind to blow in the heavens,\n        and by his power he led out the south wind;\n    [27] he rained meat on them like dust,\n        winged birds like the sand of the seas;\n    [28] he let them fall in the midst of their camp,\n        all around their dwellings.\n    [29] And they ate and were well filled,\n        for he gave them what they craved.\n    [30] But before they had satisfied their craving,\n        while the food was still in their mouths,\n    [31] the anger of God rose against them,\n        and he killed the strongest of them\n        and laid low the young men of Israel.\n    \n    \n    [32] In spite of all this, they still sinned;\n        despite his wonders, they did not believe.\n    [33] So he made their days vanish like(3) a breath,(4)\n        and their years in terror.\n    [34] When he killed them, they sought him;\n        they repented and sought God earnestly.\n    [35] They remembered that God was their rock,\n        the Most High God their redeemer.\n    [36] But they flattered him with their mouths;\n        they lied to him with their tongues.\n    [37] Their heart was not steadfast toward him;\n        they were not faithful to his covenant.\n    [38] Yet he, being compassionate,\n        atoned for their iniquity\n        and did not destroy them;\n    he restrained his anger often\n        and did not stir up all his wrath.\n    [39] He remembered that they were but flesh,\n        a wind that passes and comes not again.\n    [40] How often they rebelled against him in the wilderness\n        and grieved him in the desert!\n    [41] They tested God again and again\n        and provoked the Holy One of Israel.\n    [42] They did not remember his power(5)\n        or the day when he redeemed them from the foe,\n    [43] when he performed his signs in Egypt\n        and his marvels in the fields of Zoan.\n    [44] He turned their rivers to blood,\n        so that they could not drink of their streams.\n    [45] He sent among them swarms of flies, which devoured them,\n        and frogs, which destroyed them.\n    [46] He gave their crops to the destroying locust\n        and the fruit of their labor to the locust.\n    [47] He destroyed their vines with hail\n        and their sycamores with frost.\n    [48] He gave over their cattle to the hail\n        and their flocks to thunderbolts.\n    [49] He let loose on them his burning anger,\n        wrath, indignation, and distress,\n        a company of destroying angels.\n    [50] He made a path for his anger;\n        he did not spare them from death,\n        but gave their lives over to the plague.\n    [51] He struck down every firstborn in Egypt,\n        the firstfruits of their strength in the tents of Ham.\n    [52] Then he led out his people like sheep\n        and guided them in the wilderness like a flock.\n    [53] He led them in safety, so that they were not afraid,\n        but the sea overwhelmed their enemies.\n    [54] And he brought them to his holy land,\n        to the mountain which his right hand had won.\n    [55] He drove out nations before them;\n        he apportioned them for a possession\n        and settled the tribes of Israel in their tents.\n    \n    \n    [56] Yet they tested and rebelled against the Most High God\n        and did not keep his testimonies,\n    [57] but turned away and acted treacherously like their fathers;\n        they twisted like a deceitful bow.\n    [58] For they provoked him to anger with their high places;\n        they moved him to jealousy with their idols.\n    [59] When God heard, he was full of wrath,\n        and he utterly rejected Israel.\n    [60] He forsook his dwelling at Shiloh,\n        the tent where he dwelt among mankind,\n    [61] and delivered his power to captivity,\n        his glory to the hand of the foe.\n    [62] He gave his people over to the sword\n        and vented his wrath on his heritage.\n    [63] Fire devoured their young men,\n        and their young women had no marriage song.\n    [64] Their priests fell by the sword,\n        and their widows made no lamentation.\n    [65] Then the Lord awoke as from sleep,\n        like a strong man shouting because of wine.\n    [66] And he put his adversaries to rout;\n        he put them to everlasting shame.\n    \n    \n    [67] He rejected the tent of Joseph;\n        he did not choose the tribe of Ephraim,\n    [68] but he chose the tribe of Judah,\n        Mount Zion, which he loves.\n    [69] He built his sanctuary like the high heavens,\n        like the earth, which he has founded forever.\n    [70] He chose David his servant\n        and took him from the sheepfolds;\n    [71] from following the nursing ewes he brought him\n        to shepherd Jacob his people,\n        Israel his inheritance.\n    [72] With upright heart he shepherded them\n        and guided them with his skillful hand.\n    \n\nFootnotes\n\n(1) 78:1 Probably a musical or liturgical term\n\n(2) 78:9 Hebrew *armed and shooting*\n\n(3) 78:33 Hebrew *in*\n\n(4) 78:33 Or *vapor*\n\n(5) 78:42 Hebrew *hand*\n (ESV)"]}