{"query": "Psalm 140", "canonical": "Psalm 140", "parsed": [[19140001, 19140013]], "passage_meta": [{"canonical": "Psalm 140", "chapter_start": [19140001, 19140013], "chapter_end": [19140001, 19140013], "prev_verse": 19139024, "next_verse": 19141001, "prev_chapter": [19139001, 19139024], "next_chapter": [19141001, 19141010]}], "passages": ["Psalm 140\n\nDeliver Me, O LORD, from Evil Men\n\nTo the choirmaster. A Psalm of David.\n\n    [1] Deliver me, O LORD, from evil men;\n        preserve me from violent men,\n    [2] who plan evil things in their heart\n        and stir up wars continually.\n    [3] They make their tongue sharp as a serpent\u2019s,\n        and under their lips is the venom of asps. Selah\n    \n    \n    [4] Guard me, O LORD, from the hands of the wicked;\n        preserve me from violent men,\n        who have planned to trip up my feet.\n    [5] The arrogant have hidden a trap for me,\n        and with cords they have spread a net;(1)\n        beside the way they have set snares for me. Selah\n    \n    \n    [6] I say to the LORD, You are my God;\n        give ear to the voice of my pleas for mercy, O LORD!\n    [7] O LORD, my Lord, the strength of my salvation,\n        you have covered my head in the day of battle.\n    [8] Grant not, O LORD, the desires of the wicked;\n        do not further their(2) evil plot, or they will be exalted! Selah\n    \n    \n    [9] As for the head of those who surround me,\n        let the mischief of their lips overwhelm them!\n    [10] Let burning coals fall upon them!\n        Let them be cast into fire,\n        into miry pits, no more to rise!\n    [11] Let not the slanderer be established in the land;\n        let evil hunt down the violent man speedily!\n    \n    \n    [12] I know that the LORD will maintain the cause of the afflicted,\n        and will execute justice for the needy.\n    [13] Surely the righteous shall give thanks to your name;\n        the upright shall dwell in your presence.\n    \n\nFootnotes\n\n(1) 140:5 Or *they have spread cords as a net*\n\n(2) 140:8 Hebrew *his*\n (ESV)"]}