{"query": "Psalm 115", "canonical": "Psalm 115", "parsed": [[19115001, 19115018]], "passage_meta": [{"canonical": "Psalm 115", "chapter_start": [19115001, 19115018], "chapter_end": [19115001, 19115018], "prev_verse": 19114008, "next_verse": 19116001, "prev_chapter": [19114001, 19114008], "next_chapter": [19116001, 19116019]}], "passages": ["Psalm 115\n\nTo Your Name Give Glory\n\n    [1] Not to us, O LORD, not to us, but to your name give glory,\n        for the sake of your steadfast love and your faithfulness!\n    \n    \n    [2] Why should the nations say,\n        \u201cWhere is their God?\u201d\n    [3] Our God is in the heavens;\n        he does all that he pleases.\n    \n    \n    [4] Their idols are silver and gold,\n        the work of human hands.\n    [5] They have mouths, but do not speak;\n        eyes, but do not see.\n    [6] They have ears, but do not hear;\n        noses, but do not smell.\n    [7] They have hands, but do not feel;\n        feet, but do not walk;\n        and they do not make a sound in their throat.\n    [8] Those who make them become like them;\n        so do all who trust in them.\n    \n    \n    [9] O Israel,(1) trust in the LORD!\n        He is their help and their shield.\n    [10] O house of Aaron, trust in the LORD!\n        He is their help and their shield.\n    [11] You who fear the LORD, trust in the LORD!\n        He is their help and their shield.\n    \n    \n    [12] The LORD has remembered us; he will bless us;\n        he will bless the house of Israel;\n        he will bless the house of Aaron;\n    [13] he will bless those who fear the LORD,\n        both the small and the great.\n    \n    \n    [14] May the LORD give you increase,\n        you and your children!\n    [15] May you be blessed by the LORD,\n        who made heaven and earth!\n    \n    \n    [16] The heavens are the LORD\u2019s heavens,\n        but the earth he has given to the children of man.\n    [17] The dead do not praise the LORD,\n        nor do any who go down into silence.\n    [18] But we will bless the LORD\n        from this time forth and forevermore.\n    Praise the LORD!\n    \n\nFootnotes\n\n(1) 115:9 Masoretic Text; many Hebrew manuscripts, Septuagint, Syriac *O house of Israel*\n (ESV)"]}