{"query": "Psalm 44", "canonical": "Psalm 44", "parsed": [[19044001, 19044026]], "passage_meta": [{"canonical": "Psalm 44", "chapter_start": [19044001, 19044026], "chapter_end": [19044001, 19044026], "prev_verse": 19043005, "next_verse": 19045001, "prev_chapter": [19043001, 19043005], "next_chapter": [19045001, 19045017]}], "passages": ["Psalm 44\n\nCome to Our Help\n\nTo the choirmaster. A Maskil(1) of the Sons of Korah.\n\n    [1] O God, we have heard with our ears,\n        our fathers have told us,\n    what deeds you performed in their days,\n        in the days of old:\n    [2] you with your own hand drove out the nations,\n        but them you planted;\n    you afflicted the peoples,\n        but them you set free;\n    [3] for not by their own sword did they win the land,\n        nor did their own arm save them,\n    but your right hand and your arm,\n        and the light of your face,\n        for you delighted in them.\n    \n    \n    [4] You are my King, O God;\n        ordain salvation for Jacob!\n    [5] Through you we push down our foes;\n        through your name we tread down those who rise up against us.\n    [6] For not in my bow do I trust,\n        nor can my sword save me.\n    [7] But you have saved us from our foes\n        and have put to shame those who hate us.\n    [8] In God we have boasted continually,\n        and we will give thanks to your name forever. Selah\n    \n    \n    [9] But you have rejected us and disgraced us\n        and have not gone out with our armies.\n    [10] You have made us turn back from the foe,\n        and those who hate us have gotten spoil.\n    [11] You have made us like sheep for slaughter\n        and have scattered us among the nations.\n    [12] You have sold your people for a trifle,\n        demanding no high price for them.\n    [13] You have made us the taunt of our neighbors,\n        the derision and scorn of those around us.\n    [14] You have made us a byword among the nations,\n        a laughingstock(2) among the peoples.\n    [15] All day long my disgrace is before me,\n        and shame has covered my face\n    [16] at the sound of the taunter and reviler,\n        at the sight of the enemy and the avenger.\n    \n    \n    [17] All this has come upon us,\n        though we have not forgotten you,\n        and we have not been false to your covenant.\n    [18] Our heart has not turned back,\n        nor have our steps departed from your way;\n    [19] yet you have broken us in the place of jackals\n        and covered us with the shadow of death.\n    [20] If we had forgotten the name of our God\n        or spread out our hands to a foreign god,\n    [21] would not God discover this?\n        For he knows the secrets of the heart.\n    [22] Yet for your sake we are killed all the day long;\n        we are regarded as sheep to be slaughtered.\n    \n    \n    [23] Awake! Why are you sleeping, O Lord?\n        Rouse yourself! Do not reject us forever!\n    [24] Why do you hide your face?\n        Why do you forget our affliction and oppression?\n    [25] For our soul is bowed down to the dust;\n        our belly clings to the ground.\n    [26] Rise up; come to our help!\n        Redeem us for the sake of your steadfast love!\n    \n\nFootnotes\n\n(1) 44:1 Probably a musical or liturgical term\n\n(2) 44:14 Hebrew *a shaking of the head*\n (ESV)"]}