{"query": "Psalm 43", "canonical": "Psalm 43", "parsed": [[19043001, 19043005]], "passage_meta": [{"canonical": "Psalm 43", "chapter_start": [19043001, 19043005], "chapter_end": [19043001, 19043005], "prev_verse": 19042011, "next_verse": 19044001, "prev_chapter": [19042001, 19042011], "next_chapter": [19044001, 19044026]}], "passages": ["Psalm 43\n\nSend Out Your Light and Your Truth\n\n    [1] Vindicate me, O God, and defend my cause\n        against an ungodly people,\n    from the deceitful and unjust man\n        deliver me!\n    [2] For you are the God in whom I take refuge;\n        why have you rejected me?\n    Why do I go about mourning\n        because of the oppression of the enemy?\n    \n    \n    [3] Send out your light and your truth;\n        let them lead me;\n    let them bring me to your holy hill\n        and to your dwelling!\n    [4] Then I will go to the altar of God,\n        to God my exceeding joy,\n    and I will praise you with the lyre,\n        O God, my God.\n    \n    \n    [5] Why are you cast down, O my soul,\n        and why are you in turmoil within me?\n    Hope in God; for I shall again praise him,\n        my salvation and my God. (ESV)"]}