{"query": "Psalm 22", "canonical": "Psalm 22", "parsed": [[19022001, 19022031]], "passage_meta": [{"canonical": "Psalm 22", "chapter_start": [19022001, 19022031], "chapter_end": [19022001, 19022031], "prev_verse": 19021013, "next_verse": 19023001, "prev_chapter": [19021001, 19021013], "next_chapter": [19023001, 19023006]}], "passages": ["Psalm 22\n\nWhy Have You Forsaken Me?\n\nTo the choirmaster: according to The Doe of the Dawn. A Psalm of David.\n\n    [1] My God, my God, why have you forsaken me?\n        Why are you so far from saving me, from the words of my groaning?\n    [2] O my God, I cry by day, but you do not answer,\n        and by night, but I find no rest.\n    \n    \n    [3] Yet you are holy,\n        enthroned on the praises(1) of Israel.\n    [4] In you our fathers trusted;\n        they trusted, and you delivered them.\n    [5] To you they cried and were rescued;\n        in you they trusted and were not put to shame.\n    \n    \n    [6] But I am a worm and not a man,\n        scorned by mankind and despised by the people.\n    [7] All who see me mock me;\n        they make mouths at me; they wag their heads;\n    [8] \u201cHe trusts in the LORD; let him deliver him;\n        let him rescue him, for he delights in him!\u201d\n    \n    \n    [9] Yet you are he who took me from the womb;\n        you made me trust you at my mother\u2019s breasts.\n    [10] On you was I cast from my birth,\n        and from my mother\u2019s womb you have been my God.\n    [11] Be not far from me,\n        for trouble is near,\n        and there is none to help.\n    \n    \n    [12] Many bulls encompass me;\n        strong bulls of Bashan surround me;\n    [13] they open wide their mouths at me,\n        like a ravening and roaring lion.\n    \n    \n    [14] I am poured out like water,\n        and all my bones are out of joint;\n    my heart is like wax;\n        it is melted within my breast;\n    [15] my strength is dried up like a potsherd,\n        and my tongue sticks to my jaws;\n        you lay me in the dust of death.\n    \n    \n    [16] For dogs encompass me;\n        a company of evildoers encircles me;\n    they have pierced my hands and feet(2)\u2014\n    [17] I can count all my bones\u2014\n    they stare and gloat over me;\n    [18] they divide my garments among them,\n        and for my clothing they cast lots.\n    \n    \n    [19] But you, O LORD, do not be far off!\n        O you my help, come quickly to my aid!\n    [20] Deliver my soul from the sword,\n        my precious life from the power of the dog!\n    [21]     Save me from the mouth of the lion!\n    You have rescued(3) me from the horns of the wild oxen!\n    \n    \n    [22] I will tell of your name to my brothers;\n        in the midst of the congregation I will praise you:\n    [23] You who fear the LORD, praise him!\n        All you offspring of Jacob, glorify him,\n        and stand in awe of him, all you offspring of Israel!\n    [24] For he has not despised or abhorred\n        the affliction of the afflicted,\n    and he has not hidden his face from him,\n        but has heard, when he cried to him.\n    \n    \n    [25] From you comes my praise in the great congregation;\n        my vows I will perform before those who fear him.\n    [26] The afflicted(4) shall eat and be satisfied;\n        those who seek him shall praise the LORD!\n        May your hearts live forever!\n    \n    \n    [27] All the ends of the earth shall remember\n        and turn to the LORD,\n    and all the families of the nations\n        shall worship before you.\n    [28] For kingship belongs to the LORD,\n        and he rules over the nations.\n    \n    \n    [29] All the prosperous of the earth eat and worship;\n        before him shall bow all who go down to the dust,\n        even the one who could not keep himself alive.\n    [30] Posterity shall serve him;\n        it shall be told of the Lord to the coming generation;\n    [31] they shall come and proclaim his righteousness to a people yet unborn,\n        that he has done it.\n    \n\nFootnotes\n\n(1) 22:3 Or *dwelling in the praises*\n\n(2) 22:16 Some Hebrew manuscripts, Septuagint, Vulgate, Syriac; most Hebrew manuscripts *like a lion* [they are at] *my hands and feet*\n\n(3) 22:21 Hebrew *answered*\n\n(4) 22:26 Or *The meek*\n (ESV)"]}