{"query": "Psalm 73", "canonical": "Psalm 73", "parsed": [[19073001, 19073028]], "passage_meta": [{"canonical": "Psalm 73", "chapter_start": [19073001, 19073028], "chapter_end": [19073001, 19073028], "prev_verse": 19072020, "next_verse": 19074001, "prev_chapter": [19072001, 19072020], "next_chapter": [19074001, 19074023]}], "passages": ["Psalm 73\n\nBook Three\n\nGod Is My Strength and Portion Forever\n\nA Psalm of Asaph.\n\n    [1] Truly God is good to Israel,\n        to those who are pure in heart.\n    [2] But as for me, my feet had almost stumbled,\n        my steps had nearly slipped.\n    [3] For I was envious of the arrogant\n        when I saw the prosperity of the wicked.\n    \n    \n    [4] For they have no pangs until death;\n        their bodies are fat and sleek.\n    [5] They are not in trouble as others are;\n        they are not stricken like the rest of mankind.\n    [6] Therefore pride is their necklace;\n        violence covers them as a garment.\n    [7] Their eyes swell out through fatness;\n        their hearts overflow with follies.\n    [8] They scoff and speak with malice;\n        loftily they threaten oppression.\n    [9] They set their mouths against the heavens,\n        and their tongue struts through the earth.\n    [10] Therefore his people turn back to them,\n        and find no fault in them.(1)\n    [11] And they say, \u201cHow can God know?\n        Is there knowledge in the Most High?\u201d\n    [12] Behold, these are the wicked;\n        always at ease, they increase in riches.\n    [13] All in vain have I kept my heart clean\n        and washed my hands in innocence.\n    [14] For all the day long I have been stricken\n        and rebuked every morning.\n    [15] If I had said, \u201cI will speak thus,\u201d\n        I would have betrayed the generation of your children.\n    \n    \n    [16] But when I thought how to understand this,\n        it seemed to me a wearisome task,\n    [17] until I went into the sanctuary of God;\n        then I discerned their end.\n    \n    \n    [18] Truly you set them in slippery places;\n        you make them fall to ruin.\n    [19] How they are destroyed in a moment,\n        swept away utterly by terrors!\n    [20] Like a dream when one awakes,\n        O Lord, when you rouse yourself, you despise them as phantoms.\n    [21] When my soul was embittered,\n        when I was pricked in heart,\n    [22] I was brutish and ignorant;\n        I was like a beast toward you.\n    \n    \n    [23] Nevertheless, I am continually with you;\n        you hold my right hand.\n    [24] You guide me with your counsel,\n        and afterward you will receive me to glory.\n    [25] Whom have I in heaven but you?\n        And there is nothing on earth that I desire besides you.\n    [26] My flesh and my heart may fail,\n        but God is the strength(2) of my heart and my portion forever.\n    \n    \n    [27] For behold, those who are far from you shall perish;\n        you put an end to everyone who is unfaithful to you.\n    [28] But for me it is good to be near God;\n        I have made the Lord GOD my refuge,\n        that I may tell of all your works.\n    \n\nFootnotes\n\n(1) 73:10 Probable reading; Hebrew *the waters of a full cup are drained by them*\n\n(2) 73:26 Hebrew *rock*\n (ESV)"]}