{"query": "Psalm 46", "canonical": "Psalm 46", "parsed": [[19046001, 19046011]], "passage_meta": [{"canonical": "Psalm 46", "chapter_start": [19046001, 19046011], "chapter_end": [19046001, 19046011], "prev_verse": 19045017, "next_verse": 19047001, "prev_chapter": [19045001, 19045017], "next_chapter": [19047001, 19047009]}], "passages": ["Psalm 46\n\nGod Is Our Fortress\n\nTo the choirmaster. Of the Sons of Korah. According to Alamoth.(1) A Song.\n\n    [1] God is our refuge and strength,\n        a very present(2) help in trouble.\n    [2] Therefore we will not fear though the earth gives way,\n        though the mountains be moved into the heart of the sea,\n    [3] though its waters roar and foam,\n        though the mountains tremble at its swelling. Selah\n    \n    \n    [4] There is a river whose streams make glad the city of God,\n        the holy habitation of the Most High.\n    [5] God is in the midst of her; she shall not be moved;\n        God will help her when morning dawns.\n    [6] The nations rage, the kingdoms totter;\n        he utters his voice, the earth melts.\n    [7] The LORD of hosts is with us;\n        the God of Jacob is our fortress. Selah\n    \n    \n    [8] Come, behold the works of the LORD,\n        how he has brought desolations on the earth.\n    [9] He makes wars cease to the end of the earth;\n        he breaks the bow and shatters the spear;\n        he burns the chariots with fire.\n    [10] \u201cBe still, and know that I am God.\n        I will be exalted among the nations,\n        I will be exalted in the earth!\u201d\n    [11] The LORD of hosts is with us;\n        the God of Jacob is our fortress. Selah\n    \n\nFootnotes\n\n(1) 46:1 Probably a musical or liturgical term\n\n(2) 46:1 Or *well proved*\n (ESV)"]}