{"query": "Psalm 101", "canonical": "Psalm 101", "parsed": [[19101001, 19101008]], "passage_meta": [{"canonical": "Psalm 101", "chapter_start": [19101001, 19101008], "chapter_end": [19101001, 19101008], "prev_verse": 19100005, "next_verse": 19102001, "prev_chapter": [19100001, 19100005], "next_chapter": [19102001, 19102028]}], "passages": ["Psalm 101\n\nI Will Walk with Integrity\n\nA Psalm of David.\n\n    [1] I will sing of steadfast love and justice;\n        to you, O LORD, I will make music.\n    [2] I will ponder the way that is blameless.\n        Oh when will you come to me?\n    I will walk with integrity of heart\n        within my house;\n    [3] I will not set before my eyes\n        anything that is worthless.\n    I hate the work of those who fall away;\n        it shall not cling to me.\n    [4] A perverse heart shall be far from me;\n        I will know nothing of evil.\n    \n    \n    [5] Whoever slanders his neighbor secretly\n        I will destroy.\n    Whoever has a haughty look and an arrogant heart\n        I will not endure.\n    \n    \n    [6] I will look with favor on the faithful in the land,\n        that they may dwell with me;\n    he who walks in the way that is blameless\n        shall minister to me.\n    \n    \n    [7] No one who practices deceit\n        shall dwell in my house;\n    no one who utters lies\n        shall continue before my eyes.\n    \n    \n    [8] Morning by morning I will destroy\n        all the wicked in the land,\n    cutting off all the evildoers\n        from the city of the LORD. (ESV)"]}