{"query": "Psalm 83", "canonical": "Psalm 83", "parsed": [[19083001, 19083018]], "passage_meta": [{"canonical": "Psalm 83", "chapter_start": [19083001, 19083018], "chapter_end": [19083001, 19083018], "prev_verse": 19082008, "next_verse": 19084001, "prev_chapter": [19082001, 19082008], "next_chapter": [19084001, 19084012]}], "passages": ["Psalm 83\n\nO God, Do Not Keep Silence\n\nA Song. A Psalm of Asaph.\n\n    [1] O God, do not keep silence;\n        do not hold your peace or be still, O God!\n    [2] For behold, your enemies make an uproar;\n        those who hate you have raised their heads.\n    [3] They lay crafty plans against your people;\n        they consult together against your treasured ones.\n    [4] They say, \u201cCome, let us wipe them out as a nation;\n        let the name of Israel be remembered no more!\u201d\n    [5] For they conspire with one accord;\n        against you they make a covenant\u2014\n    [6] the tents of Edom and the Ishmaelites,\n        Moab and the Hagrites,\n    [7] Gebal and Ammon and Amalek,\n        Philistia with the inhabitants of Tyre;\n    [8] Asshur also has joined them;\n        they are the strong arm of the children of Lot. Selah\n    \n    \n    [9] Do to them as you did to Midian,\n        as to Sisera and Jabin at the river Kishon,\n    [10] who were destroyed at En-dor,\n        who became dung for the ground.\n    [11] Make their nobles like Oreb and Zeeb,\n        all their princes like Zebah and Zalmunna,\n    [12] who said, \u201cLet us take possession for ourselves\n        of the pastures of God.\u201d\n    \n    \n    [13] O my God, make them like whirling dust,(1)\n        like chaff before the wind.\n    [14] As fire consumes the forest,\n        as the flame sets the mountains ablaze,\n    [15] so may you pursue them with your tempest\n        and terrify them with your hurricane!\n    [16] Fill their faces with shame,\n        that they may seek your name, O LORD.\n    [17] Let them be put to shame and dismayed forever;\n        let them perish in disgrace,\n    [18] that they may know that you alone,\n        whose name is the LORD,\n        are the Most High over all the earth.\n    \n\nFootnotes\n\n(1) 83:13 Or *like a tumbleweed*\n (ESV)"]}