{"query": "Psalm 142", "canonical": "Psalm 142", "parsed": [[19142001, 19142007]], "passage_meta": [{"canonical": "Psalm 142", "chapter_start": [19142001, 19142007], "chapter_end": [19142001, 19142007], "prev_verse": 19141010, "next_verse": 19143001, "prev_chapter": [19141001, 19141010], "next_chapter": [19143001, 19143012]}], "passages": ["Psalm 142\n\nYou Are My Refuge\n\nA Maskil(1) of David, when he was in the cave. A Prayer.\n\n    [1] With my voice I cry out to the LORD;\n        with my voice I plead for mercy to the LORD.\n    [2] I pour out my complaint before him;\n        I tell my trouble before him.\n    \n    \n    [3] When my spirit faints within me,\n        you know my way!\n    In the path where I walk\n        they have hidden a trap for me.\n    [4] Look to the right and see:\n        there is none who takes notice of me;\n    no refuge remains to me;\n        no one cares for my soul.\n    \n    \n    [5] I cry to you, O LORD;\n        I say, \u201cYou are my refuge,\n        my portion in the land of the living.\u201d\n    [6] Attend to my cry,\n        for I am brought very low!\n    Deliver me from my persecutors,\n        for they are too strong for me!\n    [7] Bring me out of prison,\n        that I may give thanks to your name!\n    The righteous will surround me,\n        for you will deal bountifully with me.\n    \n\nFootnotes\n\n(1) 142:1 Probably a musical or liturgical term\n (ESV)"]}