{"query": "Psalm 116", "canonical": "Psalm 116", "parsed": [[19116001, 19116019]], "passage_meta": [{"canonical": "Psalm 116", "chapter_start": [19116001, 19116019], "chapter_end": [19116001, 19116019], "prev_verse": 19115018, "next_verse": 19117001, "prev_chapter": [19115001, 19115018], "next_chapter": [19117001, 19117002]}], "passages": ["Psalm 116\n\nI Love the LORD\n\n    [1] I love the LORD, because he has heard\n        my voice and my pleas for mercy.\n    [2] Because he inclined his ear to me,\n        therefore I will call on him as long as I live.\n    [3] The snares of death encompassed me;\n        the pangs of Sheol laid hold on me;\n        I suffered distress and anguish.\n    [4] Then I called on the name of the LORD:\n        \u201cO LORD, I pray, deliver my soul!\u201d\n    \n    \n    [5] Gracious is the LORD, and righteous;\n        our God is merciful.\n    [6] The LORD preserves the simple;\n        when I was brought low, he saved me.\n    [7] Return, O my soul, to your rest;\n        for the LORD has dealt bountifully with you.\n    \n    \n    [8] For you have delivered my soul from death,\n        my eyes from tears,\n        my feet from stumbling;\n    [9] I will walk before the LORD\n        in the land of the living.\n    \n    \n    [10] I believed, even when(1) I spoke:\n        \u201cI am greatly afflicted\u201d;\n    [11] I said in my alarm,\n        \u201cAll mankind are liars.\u201d\n    \n    \n    [12] What shall I render to the LORD\n        for all his benefits to me?\n    [13] I will lift up the cup of salvation\n        and call on the name of the LORD,\n    [14] I will pay my vows to the LORD\n        in the presence of all his people.\n    \n    \n    [15] Precious in the sight of the LORD\n        is the death of his saints.\n    [16] O LORD, I am your servant;\n        I am your servant, the son of your maidservant.\n        You have loosed my bonds.\n    [17] I will offer to you the sacrifice of thanksgiving\n        and call on the name of the LORD.\n    [18] I will pay my vows to the LORD\n        in the presence of all his people,\n    [19] in the courts of the house of the LORD,\n        in your midst, O Jerusalem.\n    Praise the LORD!\n    \n\nFootnotes\n\n(1) 116:10 Or *believed, indeed*; Septuagint *believed, therefore*\n (ESV)"]}