{"query": "Psalm 31", "canonical": "Psalm 31", "parsed": [[19031001, 19031024]], "passage_meta": [{"canonical": "Psalm 31", "chapter_start": [19031001, 19031024], "chapter_end": [19031001, 19031024], "prev_verse": 19030012, "next_verse": 19032001, "prev_chapter": [19030001, 19030012], "next_chapter": [19032001, 19032011]}], "passages": ["Psalm 31\n\nInto Your Hand I Commit My Spirit\n\nTo the choirmaster. A Psalm of David.\n\n    [1] In you, O LORD, do I take refuge;\n        let me never be put to shame;\n        in your righteousness deliver me!\n    [2] Incline your ear to me;\n        rescue me speedily!\n    Be a rock of refuge for me,\n        a strong fortress to save me!\n    \n    \n    [3] For you are my rock and my fortress;\n        and for your name\u2019s sake you lead me and guide me;\n    [4] you take me out of the net they have hidden for me,\n        for you are my refuge.\n    [5] Into your hand I commit my spirit;\n        you have redeemed me, O LORD, faithful God.\n    \n    \n    [6] I hate(1) those who pay regard to worthless idols,\n        but I trust in the LORD.\n    [7] I will rejoice and be glad in your steadfast love,\n        because you have seen my affliction;\n        you have known the distress of my soul,\n    [8] and you have not delivered me into the hand of the enemy;\n        you have set my feet in a broad place.\n    \n    \n    [9] Be gracious to me, O LORD, for I am in distress;\n        my eye is wasted from grief;\n        my soul and my body also.\n    [10] For my life is spent with sorrow,\n        and my years with sighing;\n    my strength fails because of my iniquity,\n        and my bones waste away.\n    \n    \n    [11] Because of all my adversaries I have become a reproach,\n        especially to my neighbors,\n    and an object of dread to my acquaintances;\n        those who see me in the street flee from me.\n    [12] I have been forgotten like one who is dead;\n        I have become like a broken vessel.\n    [13] For I hear the whispering of many\u2014\n        terror on every side!\u2014\n    as they scheme together against me,\n        as they plot to take my life.\n    \n    \n    [14] But I trust in you, O LORD;\n        I say, \u201cYou are my God.\u201d\n    [15] My times are in your hand;\n        rescue me from the hand of my enemies and from my persecutors!\n    [16] Make your face shine on your servant;\n        save me in your steadfast love!\n    [17] O LORD, let me not be put to shame,\n        for I call upon you;\n    let the wicked be put to shame;\n        let them go silently to Sheol.\n    [18] Let the lying lips be mute,\n        which speak insolently against the righteous\n        in pride and contempt.\n    \n    \n    [19] Oh, how abundant is your goodness,\n        which you have stored up for those who fear you\n    and worked for those who take refuge in you,\n        in the sight of the children of mankind!\n    [20] In the cover of your presence you hide them\n        from the plots of men;\n    you store them in your shelter\n        from the strife of tongues.\n    \n    \n    [21] Blessed be the LORD,\n        for he has wondrously shown his steadfast love to me\n        when I was in a besieged city.\n    [22] I had said in my alarm,(2)\n        \u201cI am cut off from your sight.\u201d\n    But you heard the voice of my pleas for mercy\n        when I cried to you for help.\n    \n    \n    [23] Love the LORD, all you his saints!\n        The LORD preserves the faithful\n        but abundantly repays the one who acts in pride.\n    [24] Be strong, and let your heart take courage,\n        all you who wait for the LORD!\n    \n\nFootnotes\n\n(1) 31:6 Masoretic Text; one Hebrew manuscript, Septuagint, Syriac, Jerome *You hate*\n\n(2) 31:22 Or *in my haste*\n (ESV)"]}