{"query": "Psalm 41", "canonical": "Psalm 41", "parsed": [[19041001, 19041013]], "passage_meta": [{"canonical": "Psalm 41", "chapter_start": [19041001, 19041013], "chapter_end": [19041001, 19041013], "prev_verse": 19040017, "next_verse": 19042001, "prev_chapter": [19040001, 19040017], "next_chapter": [19042001, 19042011]}], "passages": ["Psalm 41\n\nO LORD, Be Gracious to Me\n\nTo the choirmaster. A Psalm of David.\n\n    [1] Blessed is the one who considers the poor!(1)\n        In the day of trouble the LORD delivers him;\n    [2] the LORD protects him and keeps him alive;\n        he is called blessed in the land;\n        you do not give him up to the will of his enemies.\n    [3] The LORD sustains him on his sickbed;\n        in his illness you restore him to full health.(2)\n    \n    \n    [4] As for me, I said, \u201cO LORD, be gracious to me;\n        heal me,(3) for I have sinned against you!\u201d\n    [5] My enemies say of me in malice,\n        \u201cWhen will he die, and his name perish?\u201d\n    [6] And when one comes to see me, he utters empty words,\n        while his heart gathers iniquity;\n        when he goes out, he tells it abroad.\n    [7] All who hate me whisper together about me;\n        they imagine the worst for me.(4)\n    \n    \n    [8] They say, \u201cA deadly thing is poured out(5) on him;\n        he will not rise again from where he lies.\u201d\n    [9] Even my close friend in whom I trusted,\n        who ate my bread, has lifted his heel against me.\n    [10] But you, O LORD, be gracious to me,\n        and raise me up, that I may repay them!\n    \n    \n    [11] By this I know that you delight in me:\n        my enemy will not shout in triumph over me.\n    [12] But you have upheld me because of my integrity,\n        and set me in your presence forever.\n    \n    \n    [13] Blessed be the LORD, the God of Israel,\n        from everlasting to everlasting!\n                                  Amen and Amen.\n    \n\nFootnotes\n\n(1) 41:1 Or *weak*\n\n(2) 41:3 Hebrew *you turn all his bed*\n\n(3) 41:4 Hebrew *my soul*\n\n(4) 41:7 Or *they devise evil against me*\n\n(5) 41:8 Or *has fastened*\n (ESV)"]}