{"query": "Psalm 102", "canonical": "Psalm 102", "parsed": [[19102001, 19102028]], "passage_meta": [{"canonical": "Psalm 102", "chapter_start": [19102001, 19102028], "chapter_end": [19102001, 19102028], "prev_verse": 19101008, "next_verse": 19103001, "prev_chapter": [19101001, 19101008], "next_chapter": [19103001, 19103022]}], "passages": ["Psalm 102\n\nDo Not Hide Your Face from Me\n\nA Prayer of one afflicted, when he is faint and pours out his complaint before the LORD.\n\n    [1] Hear my prayer, O LORD;\n    let my cry come to you!\n    [2] Do not hide your face from me\n        in the day of my distress!\n    Incline your ear to me;\n        answer me speedily in the day when I call!\n    \n    \n    [3] For my days pass away like smoke,\n        and my bones burn like a furnace.\n    [4] My heart is struck down like grass and has withered;\n        I forget to eat my bread.\n    [5] Because of my loud groaning\n        my bones cling to my flesh.\n    [6] I am like a desert owl of the wilderness,\n        like an owl(1) of the waste places;\n    [7] I lie awake;\n        I am like a lonely sparrow on the housetop.\n    [8] All the day my enemies taunt me;\n        those who deride me use my name for a curse.\n    [9] For I eat ashes like bread\n        and mingle tears with my drink,\n    [10] because of your indignation and anger;\n        for you have taken me up and thrown me down.\n    [11] My days are like an evening shadow;\n        I wither away like grass.\n    \n    \n    [12] But you, O LORD, are enthroned forever;\n        you are remembered throughout all generations.\n    [13] You will arise and have pity on Zion;\n        it is the time to favor her;\n        the appointed time has come.\n    [14] For your servants hold her stones dear\n        and have pity on her dust.\n    [15] Nations will fear the name of the LORD,\n        and all the kings of the earth will fear your glory.\n    [16] For the LORD builds up Zion;\n        he appears in his glory;\n    [17] he regards the prayer of the destitute\n        and does not despise their prayer.\n    \n    \n    [18] Let this be recorded for a generation to come,\n        so that a people yet to be created may praise the LORD:\n    [19] that he looked down from his holy height;\n        from heaven the LORD looked at the earth,\n    [20] to hear the groans of the prisoners,\n        to set free those who were doomed to die,\n    [21] that they may declare in Zion the name of the LORD,\n        and in Jerusalem his praise,\n    [22] when peoples gather together,\n        and kingdoms, to worship the LORD.\n    \n    \n    [23] He has broken my strength in midcourse;\n        he has shortened my days.\n    [24] \u201cO my God,\u201d I say, \u201ctake me not away\n        in the midst of my days\u2014\n    you whose years endure\n        throughout all generations!\u201d\n    \n    \n    [25] Of old you laid the foundation of the earth,\n        and the heavens are the work of your hands.\n    [26] They will perish, but you will remain;\n        they will all wear out like a garment.\n    You will change them like a robe, and they will pass away,\n    [27]     but you are the same, and your years have no end.\n    [28] The children of your servants shall dwell secure;\n        their offspring shall be established before you.\n    \n\nFootnotes\n\n(1) 102:6 The precise identity of these birds is uncertain\n (ESV)"]}