{"query": "Psalm 71", "canonical": "Psalm 71", "parsed": [[19071001, 19071024]], "passage_meta": [{"canonical": "Psalm 71", "chapter_start": [19071001, 19071024], "chapter_end": [19071001, 19071024], "prev_verse": 19070005, "next_verse": 19072001, "prev_chapter": [19070001, 19070005], "next_chapter": [19072001, 19072020]}], "passages": ["Psalm 71\n\nForsake Me Not When My Strength Is Spent\n\n    [1] In you, O LORD, do I take refuge;\n        let me never be put to shame!\n    [2] In your righteousness deliver me and rescue me;\n        incline your ear to me, and save me!\n    [3] Be to me a rock of refuge,\n        to which I may continually come;\n    you have given the command to save me,\n        for you are my rock and my fortress.\n    \n    \n    [4] Rescue me, O my God, from the hand of the wicked,\n        from the grasp of the unjust and cruel man.\n    [5] For you, O Lord, are my hope,\n        my trust, O LORD, from my youth.\n    [6] Upon you I have leaned from before my birth;\n        you are he who took me from my mother\u2019s womb.\n    My praise is continually of you.\n    \n    \n    [7] I have been as a portent to many,\n        but you are my strong refuge.\n    [8] My mouth is filled with your praise,\n        and with your glory all the day.\n    [9] Do not cast me off in the time of old age;\n        forsake me not when my strength is spent.\n    [10] For my enemies speak concerning me;\n        those who watch for my life consult together\n    [11] and say, \u201cGod has forsaken him;\n        pursue and seize him,\n        for there is none to deliver him.\u201d\n    \n    \n    [12] O God, be not far from me;\n        O my God, make haste to help me!\n    [13] May my accusers be put to shame and consumed;\n        with scorn and disgrace may they be covered\n        who seek my hurt.\n    [14] But I will hope continually\n        and will praise you yet more and more.\n    [15] My mouth will tell of your righteous acts,\n        of your deeds of salvation all the day,\n        for their number is past my knowledge.\n    [16] With the mighty deeds of the Lord GOD I will come;\n        I will remind them of your righteousness, yours alone.\n    \n    \n    [17] O God, from my youth you have taught me,\n        and I still proclaim your wondrous deeds.\n    [18] So even to old age and gray hairs,\n        O God, do not forsake me,\n    until I proclaim your might to another generation,\n        your power to all those to come.\n    [19] Your righteousness, O God,\n        reaches the high heavens.\n    You who have done great things,\n        O God, who is like you?\n    [20] You who have made me see many troubles and calamities\n        will revive me again;\n    from the depths of the earth\n        you will bring me up again.\n    [21] You will increase my greatness\n        and comfort me again.\n    \n    \n    [22] I will also praise you with the harp\n        for your faithfulness, O my God;\n    I will sing praises to you with the lyre,\n        O Holy One of Israel.\n    [23] My lips will shout for joy,\n        when I sing praises to you;\n        my soul also, which you have redeemed.\n    [24] And my tongue will talk of your righteous help all the day long,\n    for they have been put to shame and disappointed\n        who sought to do me hurt. (ESV)"]}