{"query": "Psalm 15", "canonical": "Psalm 15", "parsed": [[19015001, 19015005]], "passage_meta": [{"canonical": "Psalm 15", "chapter_start": [19015001, 19015005], "chapter_end": [19015001, 19015005], "prev_verse": 19014007, "next_verse": 19016001, "prev_chapter": [19014001, 19014007], "next_chapter": [19016001, 19016011]}], "passages": ["Psalm 15\n\nWho Shall Dwell on Your Holy Hill?\n\nA Psalm of David.\n\n    [1] O LORD, who shall sojourn in your tent?\n        Who shall dwell on your holy hill?\n    \n    \n    [2] He who walks blamelessly and does what is right\n        and speaks truth in his heart;\n    [3] who does not slander with his tongue\n        and does no evil to his neighbor,\n        nor takes up a reproach against his friend;\n    [4] in whose eyes a vile person is despised,\n        but who honors those who fear the LORD;\n    who swears to his own hurt and does not change;\n    [5] who does not put out his money at interest\n        and does not take a bribe against the innocent.\n    He who does these things shall never be moved. (ESV)"]}