{"query": "Psalm 107", "canonical": "Psalm 107", "parsed": [[19107001, 19107043]], "passage_meta": [{"canonical": "Psalm 107", "chapter_start": [19107001, 19107043], "chapter_end": [19107001, 19107043], "prev_verse": 19106048, "next_verse": 19108001, "prev_chapter": [19106001, 19106048], "next_chapter": [19108001, 19108013]}], "passages": ["Psalm 107\n\nBook Five\n\nLet the Redeemed of the LORD Say So\n\n    [1] Oh give thanks to the LORD, for he is good,\n        for his steadfast love endures forever!\n    [2] Let the redeemed of the LORD say so,\n        whom he has redeemed from trouble(1)\n    [3] and gathered in from the lands,\n        from the east and from the west,\n        from the north and from the south.\n    \n    \n    [4] Some wandered in desert wastes,\n        finding no way to a city to dwell in;\n    [5] hungry and thirsty,\n        their soul fainted within them.\n    [6] Then they cried to the LORD in their trouble,\n        and he delivered them from their distress.\n    [7] He led them by a straight way\n        till they reached a city to dwell in.\n    [8] Let them thank the LORD for his steadfast love,\n        for his wondrous works to the children of man!\n    [9] For he satisfies the longing soul,\n        and the hungry soul he fills with good things.\n    \n    \n    [10] Some sat in darkness and in the shadow of death,\n        prisoners in affliction and in irons,\n    [11] for they had rebelled against the words of God,\n        and spurned the counsel of the Most High.\n    [12] So he bowed their hearts down with hard labor;\n        they fell down, with none to help.\n    [13] Then they cried to the LORD in their trouble,\n        and he delivered them from their distress.\n    [14] He brought them out of darkness and the shadow of death,\n        and burst their bonds apart.\n    [15] Let them thank the LORD for his steadfast love,\n        for his wondrous works to the children of man!\n    [16] For he shatters the doors of bronze\n        and cuts in two the bars of iron.\n    \n    \n    [17] Some were fools through their sinful ways,\n        and because of their iniquities suffered affliction;\n    [18] they loathed any kind of food,\n        and they drew near to the gates of death.\n    [19] Then they cried to the LORD in their trouble,\n        and he delivered them from their distress.\n    [20] He sent out his word and healed them,\n        and delivered them from their destruction.\n    [21] Let them thank the LORD for his steadfast love,\n        for his wondrous works to the children of man!\n    [22] And let them offer sacrifices of thanksgiving,\n        and tell of his deeds in songs of joy!\n    \n    \n    [23] Some went down to the sea in ships,\n        doing business on the great waters;\n    [24] they saw the deeds of the LORD,\n        his wondrous works in the deep.\n    [25] For he commanded and raised the stormy wind,\n        which lifted up the waves of the sea.\n    [26] They mounted up to heaven; they went down to the depths;\n        their courage melted away in their evil plight;\n    [27] they reeled and staggered like drunken men\n        and were at their wits\u2019 end.(2)\n    [28] Then they cried to the LORD in their trouble,\n        and he delivered them from their distress.\n    [29] He made the storm be still,\n        and the waves of the sea were hushed.\n    [30] Then they were glad that the waters(3) were quiet,\n        and he brought them to their desired haven.\n    [31] Let them thank the LORD for his steadfast love,\n        for his wondrous works to the children of man!\n    [32] Let them extol him in the congregation of the people,\n        and praise him in the assembly of the elders.\n    \n    \n    [33] He turns rivers into a desert,\n        springs of water into thirsty ground,\n    [34] a fruitful land into a salty waste,\n        because of the evil of its inhabitants.\n    [35] He turns a desert into pools of water,\n        a parched land into springs of water.\n    [36] And there he lets the hungry dwell,\n        and they establish a city to live in;\n    [37] they sow fields and plant vineyards\n        and get a fruitful yield.\n    [38] By his blessing they multiply greatly,\n        and he does not let their livestock diminish.\n    \n    \n    [39] When they are diminished and brought low\n        through oppression, evil, and sorrow,\n    [40] he pours contempt on princes\n        and makes them wander in trackless wastes;\n    [41] but he raises up the needy out of affliction\n        and makes their families like flocks.\n    [42] The upright see it and are glad,\n        and all wickedness shuts its mouth.\n    \n    \n    [43] Whoever is wise, let him attend to these things;\n        let them consider the steadfast love of the LORD.\n    \n\nFootnotes\n\n(1) 107:2 Or *from the hand of the foe*\n\n(2) 107:27 Hebrew *and all their wisdom was swallowed up*\n\n(3) 107:30 Hebrew *they*\n (ESV)"]}