{"query": "Psalm 104", "canonical": "Psalm 104", "parsed": [[19104001, 19104035]], "passage_meta": [{"canonical": "Psalm 104", "chapter_start": [19104001, 19104035], "chapter_end": [19104001, 19104035], "prev_verse": 19103022, "next_verse": 19105001, "prev_chapter": [19103001, 19103022], "next_chapter": [19105001, 19105045]}], "passages": ["Psalm 104\n\nO LORD My God, You Are Very Great\n\n    [1] Bless the LORD, O my soul!\n        O LORD my God, you are very great!\n    You are clothed with splendor and majesty,\n    [2]     covering yourself with light as with a garment,\n        stretching out the heavens like a tent.\n    [3] He lays the beams of his chambers on the waters;\n    he makes the clouds his chariot;\n        he rides on the wings of the wind;\n    [4] he makes his messengers winds,\n        his ministers a flaming fire.\n    \n    \n    [5] He set the earth on its foundations,\n        so that it should never be moved.\n    [6] You covered it with the deep as with a garment;\n        the waters stood above the mountains.\n    [7] At your rebuke they fled;\n        at the sound of your thunder they took to flight.\n    [8] The mountains rose, the valleys sank down\n        to the place that you appointed for them.\n    [9] You set a boundary that they may not pass,\n        so that they might not again cover the earth.\n    \n    \n    [10] You make springs gush forth in the valleys;\n        they flow between the hills;\n    [11] they give drink to every beast of the field;\n        the wild donkeys quench their thirst.\n    [12] Beside them the birds of the heavens dwell;\n        they sing among the branches.\n    [13] From your lofty abode you water the mountains;\n        the earth is satisfied with the fruit of your work.\n    \n    \n    [14] You cause the grass to grow for the livestock\n        and plants for man to cultivate,\n    that he may bring forth food from the earth\n    [15]     and wine to gladden the heart of man,\n    oil to make his face shine\n        and bread to strengthen man\u2019s heart.\n    \n    \n    [16] The trees of the LORD are watered abundantly,\n        the cedars of Lebanon that he planted.\n    [17] In them the birds build their nests;\n        the stork has her home in the fir trees.\n    [18] The high mountains are for the wild goats;\n        the rocks are a refuge for the rock badgers.\n    \n    \n    [19] He made the moon to mark the seasons;(1)\n        the sun knows its time for setting.\n    [20] You make darkness, and it is night,\n        when all the beasts of the forest creep about.\n    [21] The young lions roar for their prey,\n        seeking their food from God.\n    [22] When the sun rises, they steal away\n        and lie down in their dens.\n    [23] Man goes out to his work\n        and to his labor until the evening.\n    \n    \n    [24] O LORD, how manifold are your works!\n        In wisdom have you made them all;\n        the earth is full of your creatures.\n    [25] Here is the sea, great and wide,\n        which teems with creatures innumerable,\n        living things both small and great.\n    [26] There go the ships,\n        and Leviathan, which you formed to play in it.(2)\n    \n    \n    [27] These all look to you,\n        to give them their food in due season.\n    [28] When you give it to them, they gather it up;\n        when you open your hand, they are filled with good things.\n    [29] When you hide your face, they are dismayed;\n        when you take away their breath, they die\n        and return to their dust.\n    [30] When you send forth your Spirit,(3) they are created,\n        and you renew the face of the ground.\n    \n    \n    [31] May the glory of the LORD endure forever;\n        may the LORD rejoice in his works,\n    [32] who looks on the earth and it trembles,\n        who touches the mountains and they smoke!\n    [33] I will sing to the LORD as long as I live;\n        I will sing praise to my God while I have being.\n    [34] May my meditation be pleasing to him,\n        for I rejoice in the LORD.\n    [35] Let sinners be consumed from the earth,\n        and let the wicked be no more!\n    Bless the LORD, O my soul!\n    Praise the LORD!\n    \n\nFootnotes\n\n(1) 104:19 Or *the appointed times* (compare Genesis 1:14)\n\n(2) 104:26 Or *you formed to play with*\n\n(3) 104:30 Or *breath*\n (ESV)"]}