{"query": "Psalm 32", "canonical": "Psalm 32", "parsed": [[19032001, 19032011]], "passage_meta": [{"canonical": "Psalm 32", "chapter_start": [19032001, 19032011], "chapter_end": [19032001, 19032011], "prev_verse": 19031024, "next_verse": 19033001, "prev_chapter": [19031001, 19031024], "next_chapter": [19033001, 19033022]}], "passages": ["Psalm 32\n\nBlessed Are the Forgiven\n\nA Maskil(1) of David.\n\n    [1] Blessed is the one whose transgression is forgiven,\n        whose sin is covered.\n    [2] Blessed is the man against whom the LORD counts no iniquity,\n        and in whose spirit there is no deceit.\n    \n    \n    [3] For when I kept silent, my bones wasted away\n        through my groaning all day long.\n    [4] For day and night your hand was heavy upon me;\n        my strength was dried up(2) as by the heat of summer. Selah\n    \n    \n    [5] I acknowledged my sin to you,\n        and I did not cover my iniquity;\n    I said, \u201cI will confess my transgressions to the LORD,\u201d\n        and you forgave the iniquity of my sin. Selah\n    \n    \n    [6] Therefore let everyone who is godly\n        offer prayer to you at a time when you may be found;\n    surely in the rush of great waters,\n        they shall not reach him.\n    [7] You are a hiding place for me;\n        you preserve me from trouble;\n        you surround me with shouts of deliverance. Selah\n    \n    \n    [8] I will instruct you and teach you in the way you should go;\n        I will counsel you with my eye upon you.\n    [9] Be not like a horse or a mule, without understanding,\n        which must be curbed with bit and bridle,\n        or it will not stay near you.\n    \n    \n    [10] Many are the sorrows of the wicked,\n        but steadfast love surrounds the one who trusts in the LORD.\n    [11] Be glad in the LORD, and rejoice, O righteous,\n        and shout for joy, all you upright in heart!\n    \n\nFootnotes\n\n(1) 32:1 Probably a musical or liturgical term\n\n(2) 32:4 Hebrew *my vitality was changed*\n (ESV)"]}