{"query": "Psalm 133", "canonical": "Psalm 133", "parsed": [[19133001, 19133003]], "passage_meta": [{"canonical": "Psalm 133", "chapter_start": [19133001, 19133003], "chapter_end": [19133001, 19133003], "prev_verse": 19132018, "next_verse": 19134001, "prev_chapter": [19132001, 19132018], "next_chapter": [19134001, 19134003]}], "passages": ["Psalm 133\n\nWhen Brothers Dwell in Unity\n\nA Song of Ascents. Of David.\n\n    [1] Behold, how good and pleasant it is\n        when brothers dwell in unity!(1)\n    [2] It is like the precious oil on the head,\n        running down on the beard,\n    on the beard of Aaron,\n        running down on the collar of his robes!\n    [3] It is like the dew of Hermon,\n        which falls on the mountains of Zion!\n    For there the LORD has commanded the blessing,\n        life forevermore.\n    \n\nFootnotes\n\n(1) 133:1 Or *dwell together*\n (ESV)"]}