{"query": "Psalm 94", "canonical": "Psalm 94", "parsed": [[19094001, 19094023]], "passage_meta": [{"canonical": "Psalm 94", "chapter_start": [19094001, 19094023], "chapter_end": [19094001, 19094023], "prev_verse": 19093005, "next_verse": 19095001, "prev_chapter": [19093001, 19093005], "next_chapter": [19095001, 19095011]}], "passages": ["Psalm 94\n\nThe LORD Will Not Forsake His People\n\n    [1] O LORD, God of vengeance,\n        O God of vengeance, shine forth!\n    [2] Rise up, O judge of the earth;\n        repay to the proud what they deserve!\n    [3] O LORD, how long shall the wicked,\n        how long shall the wicked exult?\n    [4] They pour out their arrogant words;\n        all the evildoers boast.\n    [5] They crush your people, O LORD,\n        and afflict your heritage.\n    [6] They kill the widow and the sojourner,\n        and murder the fatherless;\n    [7] and they say, \u201cThe LORD does not see;\n        the God of Jacob does not perceive.\u201d\n    \n    \n    [8] Understand, O dullest of the people!\n        Fools, when will you be wise?\n    [9] He who planted the ear, does he not hear?\n    He who formed the eye, does he not see?\n    [10] He who disciplines the nations, does he not rebuke?\n    He who teaches man knowledge\u2014\n    [11]     the LORD\u2014knows the thoughts of man,\n        that they are but a breath.(1)\n    \n    \n    [12] Blessed is the man whom you discipline, O LORD,\n        and whom you teach out of your law,\n    [13] to give him rest from days of trouble,\n        until a pit is dug for the wicked.\n    [14] For the LORD will not forsake his people;\n        he will not abandon his heritage;\n    [15] for justice will return to the righteous,\n        and all the upright in heart will follow it.\n    \n    \n    [16] Who rises up for me against the wicked?\n        Who stands up for me against evildoers?\n    [17] If the LORD had not been my help,\n        my soul would soon have lived in the land of silence.\n    [18] When I thought, \u201cMy foot slips,\u201d\n        your steadfast love, O LORD, held me up.\n    [19] When the cares of my heart are many,\n        your consolations cheer my soul.\n    [20] Can wicked rulers be allied with you,\n        those who frame(2) injustice by statute?\n    [21] They band together against the life of the righteous\n        and condemn the innocent to death.(3)\n    [22] But the LORD has become my stronghold,\n        and my God the rock of my refuge.\n    [23] He will bring back on them their iniquity\n        and wipe them out for their wickedness;\n        the LORD our God will wipe them out.\n    \n\nFootnotes\n\n(1) 94:11 Septuagint *they are futile*\n\n(2) 94:20 Or *fashion*\n\n(3) 94:21 Hebrew *condemn innocent blood*\n (ESV)"]}