{"query": "Psalm 149", "canonical": "Psalm 149", "parsed": [[19149001, 19149009]], "passage_meta": [{"canonical": "Psalm 149", "chapter_start": [19149001, 19149009], "chapter_end": [19149001, 19149009], "prev_verse": 19148014, "next_verse": 19150001, "prev_chapter": [19148001, 19148014], "next_chapter": [19150001, 19150006]}], "passages": ["Psalm 149\n\nSing to the LORD a New Song\n\n    [1] Praise the LORD!\n    Sing to the LORD a new song,\n        his praise in the assembly of the godly!\n    [2] Let Israel be glad in his Maker;\n        let the children of Zion rejoice in their King!\n    [3] Let them praise his name with dancing,\n        making melody to him with tambourine and lyre!\n    [4] For the LORD takes pleasure in his people;\n        he adorns the humble with salvation.\n    [5] Let the godly exult in glory;\n        let them sing for joy on their beds.\n    [6] Let the high praises of God be in their throats\n        and two-edged swords in their hands,\n    [7] to execute vengeance on the nations\n        and punishments on the peoples,\n    [8] to bind their kings with chains\n        and their nobles with fetters of iron,\n    [9] to execute on them the judgment written!\n        This is honor for all his godly ones.\n    Praise the LORD! (ESV)"]}