{"query": "Psalm 105", "canonical": "Psalm 105", "parsed": [[19105001, 19105045]], "passage_meta": [{"canonical": "Psalm 105", "chapter_start": [19105001, 19105045], "chapter_end": [19105001, 19105045], "prev_verse": 19104035, "next_verse": 19106001, "prev_chapter": [19104001, 19104035], "next_chapter": [19106001, 19106048]}], "passages": ["Psalm 105\n\nTell of All His Wondrous Works\n\n    [1] Oh give thanks to the LORD; call upon his name;\n        make known his deeds among the peoples!\n    [2] Sing to him, sing praises to him;\n        tell of all his wondrous works!\n    [3] Glory in his holy name;\n        let the hearts of those who seek the LORD rejoice!\n    [4] Seek the LORD and his strength;\n        seek his presence continually!\n    [5] Remember the wondrous works that he has done,\n        his miracles, and the judgments he uttered,\n    [6] O offspring of Abraham, his servant,\n        children of Jacob, his chosen ones!\n    \n    \n    [7] He is the LORD our God;\n        his judgments are in all the earth.\n    [8] He remembers his covenant forever,\n        the word that he commanded, for a thousand generations,\n    [9] the covenant that he made with Abraham,\n        his sworn promise to Isaac,\n    [10] which he confirmed to Jacob as a statute,\n        to Israel as an everlasting covenant,\n    [11] saying, \u201cTo you I will give the land of Canaan\n        as your portion for an inheritance.\u201d\n    \n    \n    [12] When they were few in number,\n        of little account, and sojourners in it,\n    [13] wandering from nation to nation,\n        from one kingdom to another people,\n    [14] he allowed no one to oppress them;\n        he rebuked kings on their account,\n    [15] saying, \u201cTouch not my anointed ones,\n        do my prophets no harm!\u201d\n    \n    \n    [16] When he summoned a famine on the land\n        and broke all supply(1) of bread,\n    [17] he had sent a man ahead of them,\n        Joseph, who was sold as a slave.\n    [18] His feet were hurt with fetters;\n        his neck was put in a collar of iron;\n    [19] until what he had said came to pass,\n        the word of the LORD tested him.\n    [20] The king sent and released him;\n        the ruler of the peoples set him free;\n    [21] he made him lord of his house\n        and ruler of all his possessions,\n    [22] to bind(2) his princes at his pleasure\n        and to teach his elders wisdom.\n    \n    \n    [23] Then Israel came to Egypt;\n        Jacob sojourned in the land of Ham.\n    [24] And the LORD made his people very fruitful\n        and made them stronger than their foes.\n    [25] He turned their hearts to hate his people,\n        to deal craftily with his servants.\n    \n    \n    [26] He sent Moses, his servant,\n        and Aaron, whom he had chosen.\n    [27] They performed his signs among them\n        and miracles in the land of Ham.\n    [28] He sent darkness, and made the land dark;\n        they did not rebel(3) against his words.\n    [29] He turned their waters into blood\n        and caused their fish to die.\n    [30] Their land swarmed with frogs,\n        even in the chambers of their kings.\n    [31] He spoke, and there came swarms of flies,\n        and gnats throughout their country.\n    [32] He gave them hail for rain,\n        and fiery lightning bolts through their land.\n    [33] He struck down their vines and fig trees,\n        and shattered the trees of their country.\n    [34] He spoke, and the locusts came,\n        young locusts without number,\n    [35] which devoured all the vegetation in their land\n        and ate up the fruit of their ground.\n    [36] He struck down all the firstborn in their land,\n        the firstfruits of all their strength.\n    \n    \n    [37] Then he brought out Israel with silver and gold,\n        and there was none among his tribes who stumbled.\n    [38] Egypt was glad when they departed,\n        for dread of them had fallen upon it.\n    \n    \n    [39] He spread a cloud for a covering,\n        and fire to give light by night.\n    [40] They asked, and he brought quail,\n        and gave them bread from heaven in abundance.\n    [41] He opened the rock, and water gushed out;\n        it flowed through the desert like a river.\n    [42] For he remembered his holy promise,\n        and Abraham, his servant.\n    \n    \n    [43] So he brought his people out with joy,\n        his chosen ones with singing.\n    [44] And he gave them the lands of the nations,\n        and they took possession of the fruit of the peoples\u2019 toil,\n    [45] that they might keep his statutes\n        and observe his laws.\n    Praise the LORD!\n    \n\nFootnotes\n\n(1) 105:16 Hebrew *staff*\n\n(2) 105:22 Septuagint, Syriac, Jerome *instruct*\n\n(3) 105:28 Septuagint, Syriac omit *not*\n (ESV)"]}