{"query": "Psalm 98", "canonical": "Psalm 98", "parsed": [[19098001, 19098009]], "passage_meta": [{"canonical": "Psalm 98", "chapter_start": [19098001, 19098009], "chapter_end": [19098001, 19098009], "prev_verse": 19097012, "next_verse": 19099001, "prev_chapter": [19097001, 19097012], "next_chapter": [19099001, 19099009]}], "passages": ["Psalm 98\n\nMake a Joyful Noise to the LORD\n\nA Psalm.\n\n    [1] Oh sing to the LORD a new song,\n        for he has done marvelous things!\n    His right hand and his holy arm\n        have worked salvation for him.\n    [2] The LORD has made known his salvation;\n        he has revealed his righteousness in the sight of the nations.\n    [3] He has remembered his steadfast love and faithfulness\n        to the house of Israel.\n    All the ends of the earth have seen\n        the salvation of our God.\n    \n    \n    [4] Make a joyful noise to the LORD, all the earth;\n        break forth into joyous song and sing praises!\n    [5] Sing praises to the LORD with the lyre,\n        with the lyre and the sound of melody!\n    [6] With trumpets and the sound of the horn\n        make a joyful noise before the King, the LORD!\n    \n    \n    [7] Let the sea roar, and all that fills it;\n        the world and those who dwell in it!\n    [8] Let the rivers clap their hands;\n        let the hills sing for joy together\n    [9] before the LORD, for he comes\n        to judge the earth.\n    He will judge the world with righteousness,\n        and the peoples with equity. (ESV)"]}