{"query": "Psalm 63", "canonical": "Psalm 63", "parsed": [[19063001, 19063011]], "passage_meta": [{"canonical": "Psalm 63", "chapter_start": [19063001, 19063011], "chapter_end": [19063001, 19063011], "prev_verse": 19062012, "next_verse": 19064001, "prev_chapter": [19062001, 19062012], "next_chapter": [19064001, 19064010]}], "passages": ["Psalm 63\n\nMy Soul Thirsts for You\n\nA Psalm of David, when he was in the wilderness of Judah.\n\n    [1] O God, you are my God; earnestly I seek you;\n        my soul thirsts for you;\n    my flesh faints for you,\n        as in a dry and weary land where there is no water.\n    [2] So I have looked upon you in the sanctuary,\n        beholding your power and glory.\n    [3] Because your steadfast love is better than life,\n        my lips will praise you.\n    [4] So I will bless you as long as I live;\n        in your name I will lift up my hands.\n    \n    \n    [5] My soul will be satisfied as with fat and rich food,\n        and my mouth will praise you with joyful lips,\n    [6] when I remember you upon my bed,\n        and meditate on you in the watches of the night;\n    [7] for you have been my help,\n        and in the shadow of your wings I will sing for joy.\n    [8] My soul clings to you;\n        your right hand upholds me.\n    \n    \n    [9] But those who seek to destroy my life\n        shall go down into the depths of the earth;\n    [10] they shall be given over to the power of the sword;\n        they shall be a portion for jackals.\n    [11] But the king shall rejoice in God;\n        all who swear by him shall exult,\n        for the mouths of liars will be stopped. (ESV)"]}