{"query": "Psalm 123", "canonical": "Psalm 123", "parsed": [[19123001, 19123004]], "passage_meta": [{"canonical": "Psalm 123", "chapter_start": [19123001, 19123004], "chapter_end": [19123001, 19123004], "prev_verse": 19122009, "next_verse": 19124001, "prev_chapter": [19122001, 19122009], "next_chapter": [19124001, 19124008]}], "passages": ["Psalm 123\n\nOur Eyes Look to the LORD Our God\n\nA Song of Ascents.\n\n    [1] To you I lift up my eyes,\n        O you who are enthroned in the heavens!\n    [2] Behold, as the eyes of servants\n        look to the hand of their master,\n    as the eyes of a maidservant\n        to the hand of her mistress,\n    so our eyes look to the LORD our God,\n        till he has mercy upon us.\n    \n    \n    [3] Have mercy upon us, O LORD, have mercy upon us,\n        for we have had more than enough of contempt.\n    [4] Our soul has had more than enough\n        of the scorn of those who are at ease,\n        of the contempt of the proud. (ESV)"]}