{"query": "Psalm 53", "canonical": "Psalm 53", "parsed": [[19053001, 19053006]], "passage_meta": [{"canonical": "Psalm 53", "chapter_start": [19053001, 19053006], "chapter_end": [19053001, 19053006], "prev_verse": 19052009, "next_verse": 19054001, "prev_chapter": [19052001, 19052009], "next_chapter": [19054001, 19054007]}], "passages": ["Psalm 53\n\nThere Is None Who Does Good\n\nTo the choirmaster: according to Mahalath. A Maskil(1) of David.\n\n    [1] The fool says in his heart, \u201cThere is no God.\u201d\n        They are corrupt, doing abominable iniquity;\n        there is none who does good.\n    \n    \n    [2] God looks down from heaven\n        on the children of man\n    to see if there are any who understand,(2)\n        who seek after God.\n    \n    \n    [3] They have all fallen away;\n        together they have become corrupt;\n    there is none who does good,\n        not even one.\n    \n    \n    [4] Have those who work evil no knowledge,\n        who eat up my people as they eat bread,\n        and do not call upon God?\n    \n    \n    [5] There they are, in great terror,\n        where there is no terror!\n    For God scatters the bones of him who encamps against you;\n        you put them to shame, for God has rejected them.\n    \n    \n    [6] Oh, that salvation for Israel would come out of Zion!\n        When God restores the fortunes of his people,\n        let Jacob rejoice, let Israel be glad.\n    \n\nFootnotes\n\n(1) 53:1 Probably musical or liturgical terms\n\n(2) 53:2 Or *who act wisely*\n (ESV)"]}