{"query": "Psalm 127", "canonical": "Psalm 127", "parsed": [[19127001, 19127005]], "passage_meta": [{"canonical": "Psalm 127", "chapter_start": [19127001, 19127005], "chapter_end": [19127001, 19127005], "prev_verse": 19126006, "next_verse": 19128001, "prev_chapter": [19126001, 19126006], "next_chapter": [19128001, 19128006]}], "passages": ["Psalm 127\n\nUnless the LORD Builds the House\n\nA Song of Ascents. Of Solomon.\n\n    [1] Unless the LORD builds the house,\n        those who build it labor in vain.\n    Unless the LORD watches over the city,\n        the watchman stays awake in vain.\n    [2] It is in vain that you rise up early\n        and go late to rest,\n    eating the bread of anxious toil;\n        for he gives to his beloved sleep.\n    \n    \n    [3] Behold, children are a heritage from the LORD,\n        the fruit of the womb a reward.\n    [4] Like arrows in the hand of a warrior\n        are the children(1) of one\u2019s youth.\n    [5] Blessed is the man\n        who fills his quiver with them!\n    He shall not be put to shame\n        when he speaks with his enemies in the gate.(2)\n    \n\nFootnotes\n\n(1) 127:4 Or *sons*\n\n(2) 127:5 Or *They shall not be put to shame when they speak with their enemies in the gate*\n (ESV)"]}