{"query": "Psalm 6", "canonical": "Psalm 6", "parsed": [[19006001, 19006010]], "passage_meta": [{"canonical": "Psalm 6", "chapter_start": [19006001, 19006010], "chapter_end": [19006001, 19006010], "prev_verse": 19005012, "next_verse": 19007001, "prev_chapter": [19005001, 19005012], "next_chapter": [19007001, 19007017]}], "passages": ["Psalm 6\n\nO LORD, Deliver My Life\n\nTo the choirmaster: with stringed instruments; according to The Sheminith.(1) A Psalm of David.\n\n    [1] O LORD, rebuke me not in your anger,\n        nor discipline me in your wrath.\n    [2] Be gracious to me, O LORD, for I am languishing;\n        heal me, O LORD, for my bones are troubled.\n    [3] My soul also is greatly troubled.\n        But you, O LORD\u2014how long?\n    \n    \n    [4] Turn, O LORD, deliver my life;\n        save me for the sake of your steadfast love.\n    [5] For in death there is no remembrance of you;\n        in Sheol who will give you praise?\n    \n    \n    [6] I am weary with my moaning;\n        every night I flood my bed with tears;\n        I drench my couch with my weeping.\n    [7] My eye wastes away because of grief;\n        it grows weak because of all my foes.\n    \n    \n    [8] Depart from me, all you workers of evil,\n        for the LORD has heard the sound of my weeping.\n    [9] The LORD has heard my plea;\n        the LORD accepts my prayer.\n    [10] All my enemies shall be ashamed and greatly troubled;\n        they shall turn back and be put to shame in a moment.\n    \n\nFootnotes\n\n(1) 6:1 Probably a musical or liturgical term\n (ESV)"]}