{"query": "Psalm 90", "canonical": "Psalm 90", "parsed": [[19090001, 19090017]], "passage_meta": [{"canonical": "Psalm 90", "chapter_start": [19090001, 19090017], "chapter_end": [19090001, 19090017], "prev_verse": 19089052, "next_verse": 19091001, "prev_chapter": [19089001, 19089052], "next_chapter": [19091001, 19091016]}], "passages": ["Psalm 90\n\nBook Four\n\nFrom Everlasting to Everlasting\n\nA Prayer of Moses, the man of God.\n\n    [1] Lord, you have been our dwelling place(1)\n        in all generations.\n    [2] Before the mountains were brought forth,\n        or ever you had formed the earth and the world,\n        from everlasting to everlasting you are God.\n    \n    \n    [3] You return man to dust\n        and say, \u201cReturn, O children of man!\u201d(2)\n    [4] For a thousand years in your sight\n        are but as yesterday when it is past,\n        or as a watch in the night.\n    \n    \n    [5] You sweep them away as with a flood; they are like a dream,\n        like grass that is renewed in the morning:\n    [6] in the morning it flourishes and is renewed;\n        in the evening it fades and withers.\n    \n    \n    [7] For we are brought to an end by your anger;\n        by your wrath we are dismayed.\n    [8] You have set our iniquities before you,\n        our secret sins in the light of your presence.\n    \n    \n    [9] For all our days pass away under your wrath;\n        we bring our years to an end like a sigh.\n    [10] The years of our life are seventy,\n        or even by reason of strength eighty;\n    yet their span(3) is but toil and trouble;\n        they are soon gone, and we fly away.\n    [11] Who considers the power of your anger,\n        and your wrath according to the fear of you?\n    \n    \n    [12] So teach us to number our days\n        that we may get a heart of wisdom.\n    [13] Return, O LORD! How long?\n        Have pity on your servants!\n    [14] Satisfy us in the morning with your steadfast love,\n        that we may rejoice and be glad all our days.\n    [15] Make us glad for as many days as you have afflicted us,\n        and for as many years as we have seen evil.\n    [16] Let your work be shown to your servants,\n        and your glorious power to their children.\n    [17] Let the favor(4) of the Lord our God be upon us,\n        and establish the work of our hands upon us;\n        yes, establish the work of our hands!\n    \n\nFootnotes\n\n(1) 90:1 Some Hebrew manuscripts (compare Septuagint) *our refuge*\n\n(2) 90:3 Or *of Adam*\n\n(3) 90:10 Or *pride*\n\n(4) 90:17 Or *beauty*\n (ESV)"]}