{"query": "Psalm 14", "canonical": "Psalm 14", "parsed": [[19014001, 19014007]], "passage_meta": [{"canonical": "Psalm 14", "chapter_start": [19014001, 19014007], "chapter_end": [19014001, 19014007], "prev_verse": 19013006, "next_verse": 19015001, "prev_chapter": [19013001, 19013006], "next_chapter": [19015001, 19015005]}], "passages": ["Psalm 14\n\nThe Fool Says, There Is No God\n\nTo the choirmaster. Of David.\n\n    [1] The fool says in his heart, \u201cThere is no God.\u201d\n        They are corrupt, they do abominable deeds;\n        there is none who does good.\n    \n    \n    [2] The LORD looks down from heaven on the children of man,\n        to see if there are any who understand,(1)\n        who seek after God.\n    \n    \n    [3] They have all turned aside; together they have become corrupt;\n        there is none who does good,\n        not even one.\n    \n    \n    [4] Have they no knowledge, all the evildoers\n        who eat up my people as they eat bread\n        and do not call upon the LORD?\n    \n    \n    [5] There they are in great terror,\n        for God is with the generation of the righteous.\n    [6] You would shame the plans of the poor,\n        but(2) the LORD is his refuge.\n    \n    \n    [7] Oh, that salvation for Israel would come out of Zion!\n        When the LORD restores the fortunes of his people,\n        let Jacob rejoice, let Israel be glad.\n    \n\nFootnotes\n\n(1) 14:2 Or *that act wisely*\n\n(2) 14:6 Or *for*\n (ESV)"]}