{"query": "Psalm 61", "canonical": "Psalm 61", "parsed": [[19061001, 19061008]], "passage_meta": [{"canonical": "Psalm 61", "chapter_start": [19061001, 19061008], "chapter_end": [19061001, 19061008], "prev_verse": 19060012, "next_verse": 19062001, "prev_chapter": [19060001, 19060012], "next_chapter": [19062001, 19062012]}], "passages": ["Psalm 61\n\nLead Me to the Rock\n\nTo the choirmaster: with stringed instruments. Of David.\n\n    [1] Hear my cry, O God,\n        listen to my prayer;\n    [2] from the end of the earth I call to you\n        when my heart is faint.\n    Lead me to the rock\n        that is higher than I,\n    [3] for you have been my refuge,\n        a strong tower against the enemy.\n    \n    \n    [4] Let me dwell in your tent forever!\n        Let me take refuge under the shelter of your wings! Selah\n    [5] For you, O God, have heard my vows;\n        you have given me the heritage of those who fear your name.\n    \n    \n    [6] Prolong the life of the king;\n        may his years endure to all generations!\n    [7] May he be enthroned forever before God;\n        appoint steadfast love and faithfulness to watch over him!\n    \n    \n    [8] So will I ever sing praises to your name,\n        as I perform my vows day after day. (ESV)"]}