{"query": "Psalm 68", "canonical": "Psalm 68", "parsed": [[19068001, 19068035]], "passage_meta": [{"canonical": "Psalm 68", "chapter_start": [19068001, 19068035], "chapter_end": [19068001, 19068035], "prev_verse": 19067007, "next_verse": 19069001, "prev_chapter": [19067001, 19067007], "next_chapter": [19069001, 19069036]}], "passages": ["Psalm 68\n\nGod Shall Scatter His Enemies\n\nTo the choirmaster. A Psalm of David. A Song.\n\n    [1] God shall arise, his enemies shall be scattered;\n        and those who hate him shall flee before him!\n    [2] As smoke is driven away, so you shall drive them away;\n        as wax melts before fire,\n        so the wicked shall perish before God!\n    [3] But the righteous shall be glad;\n        they shall exult before God;\n        they shall be jubilant with joy!\n    \n    \n    [4] Sing to God, sing praises to his name;\n        lift up a song to him who rides through the deserts;\n    his name is the LORD;\n        exult before him!\n    [5] Father of the fatherless and protector of widows\n        is God in his holy habitation.\n    [6] God settles the solitary in a home;\n        he leads out the prisoners to prosperity,\n        but the rebellious dwell in a parched land.\n    \n    \n    [7] O God, when you went out before your people,\n        when you marched through the wilderness, Selah\n    [8] the earth quaked, the heavens poured down rain,\n        before God, the One of Sinai,\n        before God,(1) the God of Israel.\n    [9] Rain in abundance, O God, you shed abroad;\n        you restored your inheritance as it languished;\n    [10] your flock(2) found a dwelling in it;\n        in your goodness, O God, you provided for the needy.\n    \n    \n    [11] The Lord gives the word;\n        the women who announce the news are a great host:\n    [12]     \u201cThe kings of the armies\u2014they flee, they flee!\u201d\n    The women at home divide the spoil\u2014\n    [13]     though you men lie among the sheepfolds\u2014\n    the wings of a dove covered with silver,\n        its pinions with shimmering gold.\n    [14] When the Almighty scatters kings there,\n        let snow fall on Zalmon.\n    \n    \n    [15] O mountain of God, mountain of Bashan;\n        O many-peaked(3) mountain, mountain of Bashan!\n    [16] Why do you look with hatred, O many-peaked mountain,\n        at the mount that God desired for his abode,\n        yes, where the LORD will dwell forever?\n    [17] The chariots of God are twice ten thousand,\n        thousands upon thousands;\n        the Lord is among them; Sinai is now in the sanctuary.\n    [18] You ascended on high,\n        leading a host of captives in your train\n        and receiving gifts among men,\n    even among the rebellious, that the LORD God may dwell there.\n    \n    \n    [19] Blessed be the Lord,\n        who daily bears us up;\n        God is our salvation. Selah\n    [20] Our God is a God of salvation,\n        and to GOD, the Lord, belong deliverances from death.\n    [21] But God will strike the heads of his enemies,\n        the hairy crown of him who walks in his guilty ways.\n    [22] The Lord said,\n        \u201cI will bring them back from Bashan,\n    I will bring them back from the depths of the sea,\n    [23] that you may strike your feet in their blood,\n        that the tongues of your dogs may have their portion from the foe.\u201d\n    \n    \n    [24] Your procession is(4) seen, O God,\n        the procession of my God, my King, into the sanctuary\u2014\n    [25] the singers in front, the musicians last,\n        between them virgins playing tambourines:\n    [26] \u201cBless God in the great congregation,\n        the LORD, O you(5) who are of Israel\u2019s fountain!\u201d\n    [27] There is Benjamin, the least of them, in the lead,\n        the princes of Judah in their throng,\n        the princes of Zebulun, the princes of Naphtali.\n    \n    \n    [28] Summon your power, O God,(6)\n        the power, O God, by which you have worked for us.\n    [29] Because of your temple at Jerusalem\n        kings shall bear gifts to you.\n    [30] Rebuke the beasts that dwell among the reeds,\n        the herd of bulls with the calves of the peoples.\n    Trample underfoot those who lust after tribute;\n        scatter the peoples who delight in war.(7)\n    [31] Nobles shall come from Egypt;\n        Cush shall hasten to stretch out her hands to God.\n    \n    \n    [32] O kingdoms of the earth, sing to God;\n        sing praises to the Lord, Selah\n    [33] to him who rides in the heavens, the ancient heavens;\n        behold, he sends out his voice, his mighty voice.\n    [34] Ascribe power to God,\n        whose majesty is over Israel,\n        and whose power is in the skies.\n    [35] Awesome is God from his(8) sanctuary;\n        the God of Israel\u2014he is the one who gives power and strength to his people.\n    Blessed be God!\n    \n\nFootnotes\n\n(1) 68:8 Or *before God, even Sinai before God*\n\n(2) 68:10 Or *your congregation*\n\n(3) 68:15 Or *hunch-backed*; also verse 16\n\n(4) 68:24 Or *has been*\n\n(5) 68:26 The Hebrew for *you* is plural here\n\n(6) 68:28 By revocalization (compare Septuagint); Hebrew *Your God has summoned your power*\n\n(7) 68:30 The meaning of the Hebrew verse is uncertain\n\n(8) 68:35 Septuagint; Hebrew *your*\n (ESV)"]}