{"query": "Psalm 38", "canonical": "Psalm 38", "parsed": [[19038001, 19038022]], "passage_meta": [{"canonical": "Psalm 38", "chapter_start": [19038001, 19038022], "chapter_end": [19038001, 19038022], "prev_verse": 19037040, "next_verse": 19039001, "prev_chapter": [19037001, 19037040], "next_chapter": [19039001, 19039013]}], "passages": ["Psalm 38\n\nDo Not Forsake Me, O LORD\n\nA Psalm of David, for the memorial offering.\n\n    [1] O LORD, rebuke me not in your anger,\n        nor discipline me in your wrath!\n    [2] For your arrows have sunk into me,\n        and your hand has come down on me.\n    \n    \n    [3] There is no soundness in my flesh\n        because of your indignation;\n    there is no health in my bones\n        because of my sin.\n    [4] For my iniquities have gone over my head;\n        like a heavy burden, they are too heavy for me.\n    \n    \n    [5] My wounds stink and fester\n        because of my foolishness,\n    [6] I am utterly bowed down and prostrate;\n        all the day I go about mourning.\n    [7] For my sides are filled with burning,\n        and there is no soundness in my flesh.\n    [8] I am feeble and crushed;\n        I groan because of the tumult of my heart.\n    \n    \n    [9] O Lord, all my longing is before you;\n        my sighing is not hidden from you.\n    [10] My heart throbs; my strength fails me,\n        and the light of my eyes\u2014it also has gone from me.\n    [11] My friends and companions stand aloof from my plague,\n        and my nearest kin stand far off.\n    \n    \n    [12] Those who seek my life lay their snares;\n        those who seek my hurt speak of ruin\n        and meditate treachery all day long.\n    \n    \n    [13] But I am like a deaf man; I do not hear,\n        like a mute man who does not open his mouth.\n    [14] I have become like a man who does not hear,\n        and in whose mouth are no rebukes.\n    \n    \n    [15] But for you, O LORD, do I wait;\n        it is you, O Lord my God, who will answer.\n    [16] For I said, \u201cOnly let them not rejoice over me,\n        who boast against me when my foot slips!\u201d\n    \n    \n    [17] For I am ready to fall,\n        and my pain is ever before me.\n    [18] I confess my iniquity;\n        I am sorry for my sin.\n    [19] But my foes are vigorous, they are mighty,\n        and many are those who hate me wrongfully.\n    [20] Those who render me evil for good\n        accuse me because I follow after good.\n    \n    \n    [21] Do not forsake me, O LORD!\n        O my God, be not far from me!\n    [22] Make haste to help me,\n        O Lord, my salvation! (ESV)"]}