{"query": "Psalm 58", "canonical": "Psalm 58", "parsed": [[19058001, 19058011]], "passage_meta": [{"canonical": "Psalm 58", "chapter_start": [19058001, 19058011], "chapter_end": [19058001, 19058011], "prev_verse": 19057011, "next_verse": 19059001, "prev_chapter": [19057001, 19057011], "next_chapter": [19059001, 19059017]}], "passages": ["Psalm 58\n\nGod Who Judges the Earth\n\nTo the choirmaster: according to Do Not Destroy. A Miktam(1) of David.\n\n    [1] Do you indeed decree what is right, you gods?(2)\n        Do you judge the children of man uprightly?\n    [2] No, in your hearts you devise wrongs;\n        your hands deal out violence on earth.\n    \n    \n    [3] The wicked are estranged from the womb;\n        they go astray from birth, speaking lies.\n    [4] They have venom like the venom of a serpent,\n        like the deaf adder that stops its ear,\n    [5] so that it does not hear the voice of charmers\n        or of the cunning enchanter.\n    \n    \n    [6] O God, break the teeth in their mouths;\n        tear out the fangs of the young lions, O LORD!\n    [7] Let them vanish like water that runs away;\n        when he aims his arrows, let them be blunted.\n    [8] Let them be like the snail that dissolves into slime,\n        like the stillborn child who never sees the sun.\n    [9] Sooner than your pots can feel the heat of thorns,\n        whether green or ablaze, may he sweep them away!(3)\n    \n    \n    [10] The righteous will rejoice when he sees the vengeance;\n        he will bathe his feet in the blood of the wicked.\n    [11] Mankind will say, \u201cSurely there is a reward for the righteous;\n        surely there is a God who judges on earth.\u201d\n    \n\nFootnotes\n\n(1) 58:1 Probably a musical or liturgical term\n\n(2) 58:1 Or *you mighty lords* (by revocalization; Hebrew *in silence*)\n\n(3) 58:9 The meaning of the Hebrew verse is uncertain\n (ESV)"]}