{"query": "Psalm 33", "canonical": "Psalm 33", "parsed": [[19033001, 19033022]], "passage_meta": [{"canonical": "Psalm 33", "chapter_start": [19033001, 19033022], "chapter_end": [19033001, 19033022], "prev_verse": 19032011, "next_verse": 19034001, "prev_chapter": [19032001, 19032011], "next_chapter": [19034001, 19034022]}], "passages": ["Psalm 33\n\nThe Steadfast Love of the LORD\n\n    [1] Shout for joy in the LORD, O you righteous!\n        Praise befits the upright.\n    [2] Give thanks to the LORD with the lyre;\n        make melody to him with the harp of ten strings!\n    [3] Sing to him a new song;\n        play skillfully on the strings, with loud shouts.\n    \n    \n    [4] For the word of the LORD is upright,\n        and all his work is done in faithfulness.\n    [5] He loves righteousness and justice;\n        the earth is full of the steadfast love of the LORD.\n    \n    \n    [6] By the word of the LORD the heavens were made,\n        and by the breath of his mouth all their host.\n    [7] He gathers the waters of the sea as a heap;\n        he puts the deeps in storehouses.\n    \n    \n    [8] Let all the earth fear the LORD;\n        let all the inhabitants of the world stand in awe of him!\n    [9] For he spoke, and it came to be;\n        he commanded, and it stood firm.\n    \n    \n    [10] The LORD brings the counsel of the nations to nothing;\n        he frustrates the plans of the peoples.\n    [11] The counsel of the LORD stands forever,\n        the plans of his heart to all generations.\n    [12] Blessed is the nation whose God is the LORD,\n        the people whom he has chosen as his heritage!\n    \n    \n    [13] The LORD looks down from heaven;\n        he sees all the children of man;\n    [14] from where he sits enthroned he looks out\n        on all the inhabitants of the earth,\n    [15] he who fashions the hearts of them all\n        and observes all their deeds.\n    [16] The king is not saved by his great army;\n        a warrior is not delivered by his great strength.\n    [17] The war horse is a false hope for salvation,\n        and by its great might it cannot rescue.\n    \n    \n    [18] Behold, the eye of the LORD is on those who fear him,\n        on those who hope in his steadfast love,\n    [19] that he may deliver their soul from death\n        and keep them alive in famine.\n    \n    \n    [20] Our soul waits for the LORD;\n        he is our help and our shield.\n    [21] For our heart is glad in him,\n        because we trust in his holy name.\n    [22] Let your steadfast love, O LORD, be upon us,\n        even as we hope in you. (ESV)"]}