{"query": "Psalm 26", "canonical": "Psalm 26", "parsed": [[19026001, 19026012]], "passage_meta": [{"canonical": "Psalm 26", "chapter_start": [19026001, 19026012], "chapter_end": [19026001, 19026012], "prev_verse": 19025022, "next_verse": 19027001, "prev_chapter": [19025001, 19025022], "next_chapter": [19027001, 19027014]}], "passages": ["Psalm 26\n\nI Will Bless the LORD\n\nOf David.\n\n    [1] Vindicate me, O LORD,\n        for I have walked in my integrity,\n        and I have trusted in the LORD without wavering.\n    [2] Prove me, O LORD, and try me;\n        test my heart and my mind.(1)\n    [3] For your steadfast love is before my eyes,\n        and I walk in your faithfulness.\n    \n    \n    [4] I do not sit with men of falsehood,\n        nor do I consort with hypocrites.\n    [5] I hate the assembly of evildoers,\n        and I will not sit with the wicked.\n    \n    \n    [6] I wash my hands in innocence\n        and go around your altar, O LORD,\n    [7] proclaiming thanksgiving aloud,\n        and telling all your wondrous deeds.\n    \n    \n    [8] O LORD, I love the habitation of your house\n        and the place where your glory dwells.\n    [9] Do not sweep my soul away with sinners,\n        nor my life with bloodthirsty men,\n    [10] in whose hands are evil devices,\n        and whose right hands are full of bribes.\n    \n    \n    [11] But as for me, I shall walk in my integrity;\n        redeem me, and be gracious to me.\n    [12] My foot stands on level ground;\n        in the great assembly I will bless the LORD.\n    \n\nFootnotes\n\n(1) 26:2 Hebrew *test my kidneys and my heart*\n (ESV)"]}