{"query": "Psalm 136", "canonical": "Psalm 136", "parsed": [[19136001, 19136026]], "passage_meta": [{"canonical": "Psalm 136", "chapter_start": [19136001, 19136026], "chapter_end": [19136001, 19136026], "prev_verse": 19135021, "next_verse": 19137001, "prev_chapter": [19135001, 19135021], "next_chapter": [19137001, 19137009]}], "passages": ["Psalm 136\n\nHis Steadfast Love Endures Forever\n\n    [1] Give thanks to the LORD, for he is good,\n        for his steadfast love endures forever.\n    [2] Give thanks to the God of gods,\n        for his steadfast love endures forever.\n    [3] Give thanks to the Lord of lords,\n        for his steadfast love endures forever;\n    \n    \n    [4] to him who alone does great wonders,\n        for his steadfast love endures forever;\n    [5] to him who by understanding made the heavens,\n        for his steadfast love endures forever;\n    [6] to him who spread out the earth above the waters,\n        for his steadfast love endures forever;\n    [7] to him who made the great lights,\n        for his steadfast love endures forever;\n    [8] the sun to rule over the day,\n        for his steadfast love endures forever;\n    [9] the moon and stars to rule over the night,\n        for his steadfast love endures forever;\n    \n    \n    [10] to him who struck down the firstborn of Egypt,\n        for his steadfast love endures forever;\n    [11] and brought Israel out from among them,\n        for his steadfast love endures forever;\n    [12] with a strong hand and an outstretched arm,\n        for his steadfast love endures forever;\n    [13] to him who divided the Red Sea in two,\n        for his steadfast love endures forever;\n    [14] and made Israel pass through the midst of it,\n        for his steadfast love endures forever;\n    [15] but overthrew(1) Pharaoh and his host in the Red Sea,\n        for his steadfast love endures forever;\n    [16] to him who led his people through the wilderness,\n        for his steadfast love endures forever;\n    \n    \n    [17] to him who struck down great kings,\n        for his steadfast love endures forever;\n    [18] and killed mighty kings,\n        for his steadfast love endures forever;\n    [19] Sihon, king of the Amorites,\n        for his steadfast love endures forever;\n    [20] and Og, king of Bashan,\n        for his steadfast love endures forever;\n    [21] and gave their land as a heritage,\n        for his steadfast love endures forever;\n    [22] a heritage to Israel his servant,\n        for his steadfast love endures forever.\n    \n    \n    [23] It is he who remembered us in our low estate,\n        for his steadfast love endures forever;\n    [24] and rescued us from our foes,\n        for his steadfast love endures forever;\n    [25] he who gives food to all flesh,\n        for his steadfast love endures forever.\n    \n    \n    [26] Give thanks to the God of heaven,\n        for his steadfast love endures forever.\n    \n\nFootnotes\n\n(1) 136:15 Hebrew *shook off*\n (ESV)"]}