{"query": "Psalm 30", "canonical": "Psalm 30", "parsed": [[19030001, 19030012]], "passage_meta": [{"canonical": "Psalm 30", "chapter_start": [19030001, 19030012], "chapter_end": [19030001, 19030012], "prev_verse": 19029011, "next_verse": 19031001, "prev_chapter": [19029001, 19029011], "next_chapter": [19031001, 19031024]}], "passages": ["Psalm 30\n\nJoy Comes with the Morning\n\nA Psalm of David. A song at the dedication of the temple.\n\n    [1] I will extol you, O LORD, for you have drawn me up\n        and have not let my foes rejoice over me.\n    [2] O LORD my God, I cried to you for help,\n        and you have healed me.\n    [3] O LORD, you have brought up my soul from Sheol;\n        you restored me to life from among those who go down to the pit.(1)\n    \n    \n    [4] Sing praises to the LORD, O you his saints,\n        and give thanks to his holy name.(2)\n    [5] For his anger is but for a moment,\n        and his favor is for a lifetime.(3)\n    Weeping may tarry for the night,\n        but joy comes with the morning.\n    \n    \n    [6] As for me, I said in my prosperity,\n        \u201cI shall never be moved.\u201d\n    [7] By your favor, O LORD,\n        you made my mountain stand strong;\n    you hid your face;\n        I was dismayed.\n    \n    \n    [8] To you, O LORD, I cry,\n        and to the Lord I plead for mercy:\n    [9] \u201cWhat profit is there in my death,(4)\n        if I go down to the pit?(5)\n    Will the dust praise you?\n        Will it tell of your faithfulness?\n    [10] Hear, O LORD, and be merciful to me!\n        O LORD, be my helper!\u201d\n    \n    \n    [11] You have turned for me my mourning into dancing;\n        you have loosed my sackcloth\n        and clothed me with gladness,\n    [12] that my glory may sing your praise and not be silent.\n        O LORD my God, I will give thanks to you forever!\n    \n\nFootnotes\n\n(1) 30:3 Or *to life, that I should not go down to the pit*\n\n(2) 30:4 Hebrew *to the memorial of his holiness* (see Exodus 3:15)\n\n(3) 30:5 Or *and in his favor is life*\n\n(4) 30:9 Hebrew *in my blood*\n\n(5) 30:9 Or *to corruption*\n (ESV)"]}