{"query": "Psalm 122", "canonical": "Psalm 122", "parsed": [[19122001, 19122009]], "passage_meta": [{"canonical": "Psalm 122", "chapter_start": [19122001, 19122009], "chapter_end": [19122001, 19122009], "prev_verse": 19121008, "next_verse": 19123001, "prev_chapter": [19121001, 19121008], "next_chapter": [19123001, 19123004]}], "passages": ["Psalm 122\n\nLet Us Go to the House of the LORD\n\nA Song of Ascents. Of David.\n\n    [1] I was glad when they said to me,\n        \u201cLet us go to the house of the LORD!\u201d\n    [2] Our feet have been standing\n        within your gates, O Jerusalem!\n    \n    \n    [3] Jerusalem\u2014built as a city\n        that is bound firmly together,\n    [4] to which the tribes go up,\n        the tribes of the LORD,\n    as was decreed for(1) Israel,\n        to give thanks to the name of the LORD.\n    [5] There thrones for judgment were set,\n        the thrones of the house of David.\n    \n    \n    [6] Pray for the peace of Jerusalem!\n        \u201cMay they be secure who love you!\n    [7] Peace be within your walls\n        and security within your towers!\u201d\n    [8] For my brothers and companions\u2019 sake\n        I will say, \u201cPeace be within you!\u201d\n    [9] For the sake of the house of the LORD our God,\n        I will seek your good.\n    \n\nFootnotes\n\n(1) 122:4 Or *as a testimony for*\n (ESV)"]}