{"query": "Psalm 24", "canonical": "Psalm 24", "parsed": [[19024001, 19024010]], "passage_meta": [{"canonical": "Psalm 24", "chapter_start": [19024001, 19024010], "chapter_end": [19024001, 19024010], "prev_verse": 19023006, "next_verse": 19025001, "prev_chapter": [19023001, 19023006], "next_chapter": [19025001, 19025022]}], "passages": ["Psalm 24\n\nThe King of Glory\n\nA Psalm of David.\n\n    [1] The earth is the LORD\u2019s and the fullness thereof,(1)\n        the world and those who dwell therein,\n    [2] for he has founded it upon the seas\n        and established it upon the rivers.\n    \n    \n    [3] Who shall ascend the hill of the LORD?\n        And who shall stand in his holy place?\n    [4] He who has clean hands and a pure heart,\n        who does not lift up his soul to what is false\n        and does not swear deceitfully.\n    [5] He will receive blessing from the LORD\n        and righteousness from the God of his salvation.\n    [6] Such is the generation of those who seek him,\n        who seek the face of the God of Jacob.(2) Selah\n    \n    \n    [7] Lift up your heads, O gates!\n        And be lifted up, O ancient doors,\n        that the King of glory may come in.\n    [8] Who is this King of glory?\n        The LORD, strong and mighty,\n        the LORD, mighty in battle!\n    [9] Lift up your heads, O gates!\n        And lift them up, O ancient doors,\n        that the King of glory may come in.\n    [10] Who is this King of glory?\n        The LORD of hosts,\n        he is the King of glory! Selah\n    \n\nFootnotes\n\n(1) 24:1 Or *and all that fills it*\n\n(2) 24:6 Septuagint, Syriac, and two Hebrew manuscripts; Masoretic Text *who seek your face, Jacob*\n (ESV)"]}