{"query": "Psalm 56", "canonical": "Psalm 56", "parsed": [[19056001, 19056013]], "passage_meta": [{"canonical": "Psalm 56", "chapter_start": [19056001, 19056013], "chapter_end": [19056001, 19056013], "prev_verse": 19055023, "next_verse": 19057001, "prev_chapter": [19055001, 19055023], "next_chapter": [19057001, 19057011]}], "passages": ["Psalm 56\n\nIn God I Trust\n\nTo the choirmaster: according to The Dove on Far-off Terebinths. A Miktam(1) of David, when the Philistines seized him in Gath.\n\n    [1] Be gracious to me, O God, for man tramples on me;\n        all day long an attacker oppresses me;\n    [2] my enemies trample on me all day long,\n        for many attack me proudly.\n    [3] When I am afraid,\n        I put my trust in you.\n    [4] In God, whose word I praise,\n        in God I trust; I shall not be afraid.\n        What can flesh do to me?\n    \n    \n    [5] All day long they injure my cause;(2)\n        all their thoughts are against me for evil.\n    [6] They stir up strife, they lurk;\n        they watch my steps,\n        as they have waited for my life.\n    [7] For their crime will they escape?\n        In wrath cast down the peoples, O God!\n    \n    \n    [8] You have kept count of my tossings;(3)\n        put my tears in your bottle.\n        Are they not in your book?\n    [9] Then my enemies will turn back\n        in the day when I call.\n        This I know, that(4) God is for me.\n    [10] In God, whose word I praise,\n        in the LORD, whose word I praise,\n    [11] in God I trust; I shall not be afraid.\n        What can man do to me?\n    \n    \n    [12] I must perform my vows to you, O God;\n        I will render thank offerings to you.\n    [13] For you have delivered my soul from death,\n        yes, my feet from falling,\n    that I may walk before God\n        in the light of life.\n    \n\nFootnotes\n\n(1) 56:1 Probably a musical or liturgical term\n\n(2) 56:5 Or *they twist my words*\n\n(3) 56:8 Or *wanderings*\n\n(4) 56:9 Or *because*\n (ESV)"]}