{"query": "Psalm 89", "canonical": "Psalm 89", "parsed": [[19089001, 19089052]], "passage_meta": [{"canonical": "Psalm 89", "chapter_start": [19089001, 19089052], "chapter_end": [19089001, 19089052], "prev_verse": 19088018, "next_verse": 19090001, "prev_chapter": [19088001, 19088018], "next_chapter": [19090001, 19090017]}], "passages": ["Psalm 89\n\nI Will Sing of the Steadfast Love of the LORD\n\nA Maskil(1) of Ethan the Ezrahite.\n\n    [1] I will sing of the steadfast love of the LORD, forever;\n        with my mouth I will make known your faithfulness to all generations.\n    [2] For I said, \u201cSteadfast love will be built up forever;\n        in the heavens you will establish your faithfulness.\u201d\n    [3] You have said, \u201cI have made a covenant with my chosen one;\n        I have sworn to David my servant:\n    [4] \u2018I will establish your offspring forever,\n        and build your throne for all generations.\u2019\u201d Selah\n    \n    \n    [5] Let the heavens praise your wonders, O LORD,\n        your faithfulness in the assembly of the holy ones!\n    [6] For who in the skies can be compared to the LORD?\n        Who among the heavenly beings(2) is like the LORD,\n    [7] a God greatly to be feared in the council of the holy ones,\n        and awesome above all who are around him?\n    [8] O LORD God of hosts,\n        who is mighty as you are, O LORD,\n        with your faithfulness all around you?\n    [9] You rule the raging of the sea;\n        when its waves rise, you still them.\n    [10] You crushed Rahab like a carcass;\n        you scattered your enemies with your mighty arm.\n    [11] The heavens are yours; the earth also is yours;\n        the world and all that is in it, you have founded them.\n    [12] The north and the south, you have created them;\n        Tabor and Hermon joyously praise your name.\n    [13] You have a mighty arm;\n        strong is your hand, high your right hand.\n    [14] Righteousness and justice are the foundation of your throne;\n        steadfast love and faithfulness go before you.\n    [15] Blessed are the people who know the festal shout,\n        who walk, O LORD, in the light of your face,\n    [16] who exult in your name all the day\n        and in your righteousness are exalted.\n    [17] For you are the glory of their strength;\n        by your favor our horn is exalted.\n    [18] For our shield belongs to the LORD,\n        our king to the Holy One of Israel.\n    \n    \n    [19] Of old you spoke in a vision to your godly one,(3) and said:\n        \u201cI have granted help to one who is mighty;\n        I have exalted one chosen from the people.\n    [20] I have found David, my servant;\n        with my holy oil I have anointed him,\n    [21] so that my hand shall be established with him;\n        my arm also shall strengthen him.\n    [22] The enemy shall not outwit him;\n        the wicked shall not humble him.\n    [23] I will crush his foes before him\n        and strike down those who hate him.\n    [24] My faithfulness and my steadfast love shall be with him,\n        and in my name shall his horn be exalted.\n    [25] I will set his hand on the sea\n        and his right hand on the rivers.\n    [26] He shall cry to me, \u2018You are my Father,\n        my God, and the Rock of my salvation.\u2019\n    [27] And I will make him the firstborn,\n        the highest of the kings of the earth.\n    [28] My steadfast love I will keep for him forever,\n        and my covenant will stand firm(4) for him.\n    [29] I will establish his offspring forever\n        and his throne as the days of the heavens.\n    [30] If his children forsake my law\n        and do not walk according to my rules,(5)\n    [31] if they violate my statutes\n        and do not keep my commandments,\n    [32] then I will punish their transgression with the rod\n        and their iniquity with stripes,\n    [33] but I will not remove from him my steadfast love\n        or be false to my faithfulness.\n    [34] I will not violate my covenant\n        or alter the word that went forth from my lips.\n    [35] Once for all I have sworn by my holiness;\n        I will not lie to David.\n    [36] His offspring shall endure forever,\n        his throne as long as the sun before me.\n    [37] Like the moon it shall be established forever,\n        a faithful witness in the skies.\u201d Selah\n    \n    \n    [38] But now you have cast off and rejected;\n        you are full of wrath against your anointed.\n    [39] You have renounced the covenant with your servant;\n        you have defiled his crown in the dust.\n    [40] You have breached all his walls;\n        you have laid his strongholds in ruins.\n    [41] All who pass by plunder him;\n        he has become the scorn of his neighbors.\n    [42] You have exalted the right hand of his foes;\n        you have made all his enemies rejoice.\n    [43] You have also turned back the edge of his sword,\n        and you have not made him stand in battle.\n    [44] You have made his splendor to cease\n        and cast his throne to the ground.\n    [45] You have cut short the days of his youth;\n        you have covered him with shame. Selah\n    \n    \n    [46] How long, O LORD? Will you hide yourself forever?\n        How long will your wrath burn like fire?\n    [47] Remember how short my time is!\n        For what vanity you have created all the children of man!\n    [48] What man can live and never see death?\n        Who can deliver his soul from the power of Sheol? Selah\n    \n    \n    [49] Lord, where is your steadfast love of old,\n        which by your faithfulness you swore to David?\n    [50] Remember, O Lord, how your servants are mocked,\n        and how I bear in my heart the insults(6) of all the many nations,\n    [51] with which your enemies mock, O LORD,\n        with which they mock the footsteps of your anointed.\n    \n    \n    [52] Blessed be the LORD forever!\n                                  Amen and Amen.\n    \n\nFootnotes\n\n(1) 89:1 Probably a musical or liturgical term\n\n(2) 89:6 Hebrew *the sons of God*, or *the sons of might*\n\n(3) 89:19 Some Hebrew manuscripts *godly ones*\n\n(4) 89:28 Or *will remain faithful*\n\n(5) 89:30 Or *my just decrees*\n\n(6) 89:50 Hebrew lacks *the insults*\n (ESV)"]}