{"query": "Psalm 45", "canonical": "Psalm 45", "parsed": [[19045001, 19045017]], "passage_meta": [{"canonical": "Psalm 45", "chapter_start": [19045001, 19045017], "chapter_end": [19045001, 19045017], "prev_verse": 19044026, "next_verse": 19046001, "prev_chapter": [19044001, 19044026], "next_chapter": [19046001, 19046011]}], "passages": ["Psalm 45\n\nYour Throne, O God, Is Forever\n\nTo the choirmaster: according to Lilies. A Maskil(1) of the Sons of Korah; a love song.\n\n    [1] My heart overflows with a pleasing theme;\n        I address my verses to the king;\n        my tongue is like the pen of a ready scribe.\n    \n    \n    [2] You are the most handsome of the sons of men;\n        grace is poured upon your lips;\n        therefore God has blessed you forever.\n    [3] Gird your sword on your thigh, O mighty one,\n        in your splendor and majesty!\n    \n    \n    [4] In your majesty ride out victoriously\n        for the cause of truth and meekness and righteousness;\n        let your right hand teach you awesome deeds!\n    [5] Your arrows are sharp\n        in the heart of the king\u2019s enemies;\n        the peoples fall under you.\n    \n    \n    [6] Your throne, O God, is forever and ever.\n        The scepter of your kingdom is a scepter of uprightness;\n    [7]     you have loved righteousness and hated wickedness.\n    Therefore God, your God, has anointed you\n        with the oil of gladness beyond your companions;\n    [8]     your robes are all fragrant with myrrh and aloes and cassia.\n    From ivory palaces stringed instruments make you glad;\n    [9]     daughters of kings are among your ladies of honor;\n        at your right hand stands the queen in gold of Ophir.\n    \n    \n    [10] Hear, O daughter, and consider, and incline your ear:\n        forget your people and your father\u2019s house,\n    [11]     and the king will desire your beauty.\n    Since he is your lord, bow to him.\n    [12]     The people(2) of Tyre will seek your favor with gifts,\n        the richest of the people.(3)\n    \n    \n    [13] All glorious is the princess in her chamber, with robes interwoven with gold.\n    [14]     In many-colored robes she is led to the king,\n        with her virgin companions following behind her.\n    [15] With joy and gladness they are led along\n        as they enter the palace of the king.\n    \n    \n    [16] In place of your fathers shall be your sons;\n        you will make them princes in all the earth.\n    [17] I will cause your name to be remembered in all generations;\n        therefore nations will praise you forever and ever.\n    \n\nFootnotes\n\n(1) 45:1 Probably a musical or liturgical term\n\n(2) 45:12 Hebrew *daughter*\n\n(3) 45:12 Or *The daughter of Tyre is here with gifts, the richest of people seek your favor*\n (ESV)"]}