{"query": "Psalm 57", "canonical": "Psalm 57", "parsed": [[19057001, 19057011]], "passage_meta": [{"canonical": "Psalm 57", "chapter_start": [19057001, 19057011], "chapter_end": [19057001, 19057011], "prev_verse": 19056013, "next_verse": 19058001, "prev_chapter": [19056001, 19056013], "next_chapter": [19058001, 19058011]}], "passages": ["Psalm 57\n\nLet Your Glory Be over All the Earth\n\nTo the choirmaster: according to Do Not Destroy. A Miktam(1) of David, when he fled from Saul, in the cave.\n\n    [1] Be merciful to me, O God, be merciful to me,\n        for in you my soul takes refuge;\n    in the shadow of your wings I will take refuge,\n        till the storms of destruction pass by.\n    [2] I cry out to God Most High,\n        to God who fulfills his purpose for me.\n    [3] He will send from heaven and save me;\n        he will put to shame him who tramples on me. Selah\n    God will send out his steadfast love and his faithfulness!\n    \n    \n    [4] My soul is in the midst of lions;\n        I lie down amid fiery beasts\u2014\n    the children of man, whose teeth are spears and arrows,\n        whose tongues are sharp swords.\n    \n    \n    [5] Be exalted, O God, above the heavens!\n        Let your glory be over all the earth!\n    \n    \n    [6] They set a net for my steps;\n        my soul was bowed down.\n    They dug a pit in my way,\n        but they have fallen into it themselves. Selah\n    [7] My heart is steadfast, O God,\n        my heart is steadfast!\n    I will sing and make melody!\n    [8]     Awake, my glory!(2)\n    Awake, O harp and lyre!\n        I will awake the dawn!\n    [9] I will give thanks to you, O Lord, among the peoples;\n        I will sing praises to you among the nations.\n    [10] For your steadfast love is great to the heavens,\n        your faithfulness to the clouds.\n    \n    \n    [11] Be exalted, O God, above the heavens!\n        Let your glory be over all the earth!\n    \n\nFootnotes\n\n(1) 57:1 Probably a musical or liturgical term\n\n(2) 57:8 Or *my whole being*\n (ESV)"]}