{"query": "Psalm 134", "canonical": "Psalm 134", "parsed": [[19134001, 19134003]], "passage_meta": [{"canonical": "Psalm 134", "chapter_start": [19134001, 19134003], "chapter_end": [19134001, 19134003], "prev_verse": 19133003, "next_verse": 19135001, "prev_chapter": [19133001, 19133003], "next_chapter": [19135001, 19135021]}], "passages": ["Psalm 134\n\nCome, Bless the LORD\n\nA Song of Ascents.\n\n    [1] Come, bless the LORD, all you servants of the LORD,\n        who stand by night in the house of the LORD!\n    [2] Lift up your hands to the holy place\n        and bless the LORD!\n    \n    \n    [3] May the LORD bless you from Zion,\n        he who made heaven and earth! (ESV)"]}