{"query": "Psalm 99", "canonical": "Psalm 99", "parsed": [[19099001, 19099009]], "passage_meta": [{"canonical": "Psalm 99", "chapter_start": [19099001, 19099009], "chapter_end": [19099001, 19099009], "prev_verse": 19098009, "next_verse": 19100001, "prev_chapter": [19098001, 19098009], "next_chapter": [19100001, 19100005]}], "passages": ["Psalm 99\n\nThe LORD Our God Is Holy\n\n    [1] The LORD reigns; let the peoples tremble!\n        He sits enthroned upon the cherubim; let the earth quake!\n    [2] The LORD is great in Zion;\n        he is exalted over all the peoples.\n    [3] Let them praise your great and awesome name!\n        Holy is he!\n    [4] The King in his might loves justice.(1)\n        You have established equity;\n    you have executed justice\n        and righteousness in Jacob.\n    [5] Exalt the LORD our God;\n        worship at his footstool!\n        Holy is he!\n    \n    \n    [6] Moses and Aaron were among his priests,\n        Samuel also was among those who called upon his name.\n        They called to the LORD, and he answered them.\n    [7] In the pillar of the cloud he spoke to them;\n        they kept his testimonies\n        and the statute that he gave them.\n    \n    \n    [8] O LORD our God, you answered them;\n        you were a forgiving God to them,\n        but an avenger of their wrongdoings.\n    [9] Exalt the LORD our God,\n        and worship at his holy mountain;\n        for the LORD our God is holy!\n    \n\nFootnotes\n\n(1) 99:4 Or *The might of the King loves justice*\n (ESV)"]}