{"query": "Psalm 148", "canonical": "Psalm 148", "parsed": [[19148001, 19148014]], "passage_meta": [{"canonical": "Psalm 148", "chapter_start": [19148001, 19148014], "chapter_end": [19148001, 19148014], "prev_verse": 19147020, "next_verse": 19149001, "prev_chapter": [19147001, 19147020], "next_chapter": [19149001, 19149009]}], "passages": ["Psalm 148\n\nPraise the Name of the LORD\n\n    [1] Praise the LORD!\n    Praise the LORD from the heavens;\n        praise him in the heights!\n    [2] Praise him, all his angels;\n        praise him, all his hosts!\n    \n    \n    [3] Praise him, sun and moon,\n        praise him, all you shining stars!\n    [4] Praise him, you highest heavens,\n        and you waters above the heavens!\n    \n    \n    [5] Let them praise the name of the LORD!\n        For he commanded and they were created.\n    [6] And he established them forever and ever;\n        he gave a decree, and it shall not pass away.(1)\n    \n    \n    [7] Praise the LORD from the earth,\n        you great sea creatures and all deeps,\n    [8] fire and hail, snow and mist,\n        stormy wind fulfilling his word!\n    \n    \n    [9] Mountains and all hills,\n        fruit trees and all cedars!\n    [10] Beasts and all livestock,\n        creeping things and flying birds!\n    \n    \n    [11] Kings of the earth and all peoples,\n        princes and all rulers of the earth!\n    [12] Young men and maidens together,\n        old men and children!\n    \n    \n    [13] Let them praise the name of the LORD,\n        for his name alone is exalted;\n        his majesty is above earth and heaven.\n    [14] He has raised up a horn for his people,\n        praise for all his saints,\n        for the people of Israel who are near to him.\n    Praise the LORD!\n    \n\nFootnotes\n\n(1) 148:6 Or *it shall not be transgressed*\n (ESV)"]}