{"query": "Psalm 137", "canonical": "Psalm 137", "parsed": [[19137001, 19137009]], "passage_meta": [{"canonical": "Psalm 137", "chapter_start": [19137001, 19137009], "chapter_end": [19137001, 19137009], "prev_verse": 19136026, "next_verse": 19138001, "prev_chapter": [19136001, 19136026], "next_chapter": [19138001, 19138008]}], "passages": ["Psalm 137\n\nHow Shall We Sing the LORD\u2019s Song?\n\n    [1] By the waters of Babylon,\n        there we sat down and wept,\n        when we remembered Zion.\n    [2] On the willows(1) there\n        we hung up our lyres.\n    [3] For there our captors\n        required of us songs,\n    and our tormentors, mirth, saying,\n        \u201cSing us one of the songs of Zion!\u201d\n    \n    \n    [4] How shall we sing the LORD\u2019s song\n        in a foreign land?\n    [5] If I forget you, O Jerusalem,\n        let my right hand forget its skill!\n    [6] Let my tongue stick to the roof of my mouth,\n        if I do not remember you,\n    if I do not set Jerusalem\n        above my highest joy!\n    \n    \n    [7] Remember, O LORD, against the Edomites\n        the day of Jerusalem,\n    how they said, \u201cLay it bare, lay it bare,\n        down to its foundations!\u201d\n    [8] O daughter of Babylon, doomed to be destroyed,\n        blessed shall he be who repays you\n        with what you have done to us!\n    [9] Blessed shall he be who takes your little ones\n        and dashes them against the rock!\n    \n\nFootnotes\n\n(1) 137:2 Or *poplars*\n (ESV)"]}