{"query": "Psalm 74", "canonical": "Psalm 74", "parsed": [[19074001, 19074023]], "passage_meta": [{"canonical": "Psalm 74", "chapter_start": [19074001, 19074023], "chapter_end": [19074001, 19074023], "prev_verse": 19073028, "next_verse": 19075001, "prev_chapter": [19073001, 19073028], "next_chapter": [19075001, 19075010]}], "passages": ["Psalm 74\n\nArise, O God, Defend Your Cause\n\nA Maskil(1) of Asaph.\n\n    [1] O God, why do you cast us off forever?\n        Why does your anger smoke against the sheep of your pasture?\n    [2] Remember your congregation, which you have purchased of old,\n        which you have redeemed to be the tribe of your heritage!\n        Remember Mount Zion, where you have dwelt.\n    [3] Direct your steps to the perpetual ruins;\n        the enemy has destroyed everything in the sanctuary!\n    \n    \n    [4] Your foes have roared in the midst of your meeting place;\n        they set up their own signs for signs.\n    [5] They were like those who swing axes\n        in a forest of trees.(2)\n    [6] And all its carved wood\n        they broke down with hatchets and hammers.\n    [7] They set your sanctuary on fire;\n        they profaned the dwelling place of your name,\n        bringing it down to the ground.\n    [8] They said to themselves, \u201cWe will utterly subdue them\u201d;\n        they burned all the meeting places of God in the land.\n    \n    \n    [9] We do not see our signs;\n        there is no longer any prophet,\n        and there is none among us who knows how long.\n    [10] How long, O God, is the foe to scoff?\n        Is the enemy to revile your name forever?\n    [11] Why do you hold back your hand, your right hand?\n        Take it from the fold of your garment(3) and destroy them!\n    \n    \n    [12] Yet God my King is from of old,\n        working salvation in the midst of the earth.\n    [13] You divided the sea by your might;\n        you broke the heads of the sea monsters(4) on the waters.\n    [14] You crushed the heads of Leviathan;\n        you gave him as food for the creatures of the wilderness.\n    [15] You split open springs and brooks;\n        you dried up ever-flowing streams.\n    [16] Yours is the day, yours also the night;\n        you have established the heavenly lights and the sun.\n    [17] You have fixed all the boundaries of the earth;\n        you have made summer and winter.\n    \n    \n    [18] Remember this, O LORD, how the enemy scoffs,\n        and a foolish people reviles your name.\n    [19] Do not deliver the soul of your dove to the wild beasts;\n        do not forget the life of your poor forever.\n    \n    \n    [20] Have regard for the covenant,\n        for the dark places of the land are full of the habitations of violence.\n    [21] Let not the downtrodden turn back in shame;\n        let the poor and needy praise your name.\n    \n    \n    [22] Arise, O God, defend your cause;\n        remember how the foolish scoff at you all the day!\n    [23] Do not forget the clamor of your foes,\n        the uproar of those who rise against you, which goes up continually!\n    \n\nFootnotes\n\n(1) 74:1 Probably a musical or liturgical term\n\n(2) 74:5 The meaning of the Hebrew is uncertain\n\n(3) 74:11 Hebrew *from your bosom*\n\n(4) 74:13 Or *the great sea creatures*\n (ESV)"]}