{"query": "Psalm 27", "canonical": "Psalm 27", "parsed": [[19027001, 19027014]], "passage_meta": [{"canonical": "Psalm 27", "chapter_start": [19027001, 19027014], "chapter_end": [19027001, 19027014], "prev_verse": 19026012, "next_verse": 19028001, "prev_chapter": [19026001, 19026012], "next_chapter": [19028001, 19028009]}], "passages": ["Psalm 27\n\nThe LORD Is My Light and My Salvation\n\nOf David.\n\n    [1] The LORD is my light and my salvation;\n        whom shall I fear?\n    The LORD is the stronghold(1) of my life;\n        of whom shall I be afraid?\n    \n    \n    [2] When evildoers assail me\n        to eat up my flesh,\n    my adversaries and foes,\n        it is they who stumble and fall.\n    \n    \n    [3] Though an army encamp against me,\n        my heart shall not fear;\n    though war arise against me,\n        yet(2) I will be confident.\n    \n    \n    [4] One thing have I asked of the LORD,\n        that will I seek after:\n    that I may dwell in the house of the LORD\n        all the days of my life,\n    to gaze upon the beauty of the LORD\n        and to inquire(3) in his temple.\n    \n    \n    [5] For he will hide me in his shelter\n        in the day of trouble;\n    he will conceal me under the cover of his tent;\n        he will lift me high upon a rock.\n    \n    \n    [6] And now my head shall be lifted up\n        above my enemies all around me,\n    and I will offer in his tent\n        sacrifices with shouts of joy;\n    I will sing and make melody to the LORD.\n    \n    \n    [7] Hear, O LORD, when I cry aloud;\n        be gracious to me and answer me!\n    [8] You have said, \u201cSeek(4) my face.\u201d\n    My heart says to you,\n        \u201cYour face, LORD, do I seek.\u201d(5)\n    [9]     Hide not your face from me.\n    Turn not your servant away in anger,\n        O you who have been my help.\n    Cast me not off; forsake me not,\n        O God of my salvation!\n    [10] For my father and my mother have forsaken me,\n        but the LORD will take me in.\n    \n    \n    [11] Teach me your way, O LORD,\n        and lead me on a level path\n        because of my enemies.\n    [12] Give me not up to the will of my adversaries;\n        for false witnesses have risen against me,\n        and they breathe out violence.\n    \n    \n    [13] I believe that I shall look(6) upon the goodness of the LORD\n        in the land of the living!\n    [14] Wait for the LORD;\n        be strong, and let your heart take courage;\n        wait for the LORD!\n    \n\nFootnotes\n\n(1) 27:1 Or *refuge*\n\n(2) 27:3 Or *in this*\n\n(3) 27:4 Or *meditate*\n\n(4) 27:8 The command (*seek*) is addressed to more than one person\n\n(5) 27:8 The meaning of the Hebrew verse is uncertain\n\n(6) 27:13 Other Hebrew manuscripts *Oh! Had I not believed that I would look*\n (ESV)"]}