{"query": "Psalm 35", "canonical": "Psalm 35", "parsed": [[19035001, 19035028]], "passage_meta": [{"canonical": "Psalm 35", "chapter_start": [19035001, 19035028], "chapter_end": [19035001, 19035028], "prev_verse": 19034022, "next_verse": 19036001, "prev_chapter": [19034001, 19034022], "next_chapter": [19036001, 19036012]}], "passages": ["Psalm 35\n\nGreat Is the LORD\n\nOf David.\n\n    [1] Contend, O LORD, with those who contend with me;\n        fight against those who fight against me!\n    [2] Take hold of shield and buckler\n        and rise for my help!\n    [3] Draw the spear and javelin(1)\n        against my pursuers!\n    Say to my soul,\n        \u201cI am your salvation!\u201d\n    \n    \n    [4] Let them be put to shame and dishonor\n        who seek after my life!\n    Let them be turned back and disappointed\n        who devise evil against me!\n    [5] Let them be like chaff before the wind,\n        with the angel of the LORD driving them away!\n    [6] Let their way be dark and slippery,\n        with the angel of the LORD pursuing them!\n    \n    \n    [7] For without cause they hid their net for me;\n        without cause they dug a pit for my life.(2)\n    [8] Let destruction come upon him when he does not know it!\n    And let the net that he hid ensnare him;\n        let him fall into it\u2014to his destruction!\n    \n    \n    [9] Then my soul will rejoice in the LORD,\n        exulting in his salvation.\n    [10] All my bones shall say,\n        \u201cO LORD, who is like you,\n    delivering the poor\n        from him who is too strong for him,\n        the poor and needy from him who robs him?\u201d\n    \n    \n    [11] Malicious(3) witnesses rise up;\n        they ask me of things that I do not know.\n    [12] They repay me evil for good;\n        my soul is bereft.(4)\n    [13] But I, when they were sick\u2014\n        I wore sackcloth;\n        I afflicted myself with fasting;\n    I prayed with head bowed(5) on my chest.\n    [14]     I went about as though I grieved for my friend or my brother;\n    as one who laments his mother,\n        I bowed down in mourning.\n    \n    \n    [15] But at my stumbling they rejoiced and gathered;\n        they gathered together against me;\n    wretches whom I did not know\n        tore at me without ceasing;\n    [16] like profane mockers at a feast,(6)\n        they gnash at me with their teeth.\n    \n    \n    [17] How long, O Lord, will you look on?\n        Rescue me from their destruction,\n        my precious life from the lions!\n    [18] I will thank you in the great congregation;\n        in the mighty throng I will praise you.\n    \n    \n    [19] Let not those rejoice over me\n        who are wrongfully my foes,\n    and let not those wink the eye\n        who hate me without cause.\n    [20] For they do not speak peace,\n        but against those who are quiet in the land\n        they devise words of deceit.\n    [21] They open wide their mouths against me;\n        they say, \u201cAha, Aha!\n        Our eyes have seen it!\u201d\n    \n    \n    [22] You have seen, O LORD; be not silent!\n        O Lord, be not far from me!\n    [23] Awake and rouse yourself for my vindication,\n        for my cause, my God and my Lord!\n    [24] Vindicate me, O LORD, my God,\n        according to your righteousness,\n        and let them not rejoice over me!\n    [25] Let them not say in their hearts,\n        \u201cAha, our heart\u2019s desire!\u201d\n    Let them not say, \u201cWe have swallowed him up.\u201d\n    \n    \n    [26] Let them be put to shame and disappointed altogether\n        who rejoice at my calamity!\n    Let them be clothed with shame and dishonor\n        who magnify themselves against me!\n    \n    \n    [27] Let those who delight in my righteousness\n        shout for joy and be glad\n        and say evermore,\n    \u201cGreat is the LORD,\n        who delights in the welfare of his servant!\u201d\n    [28] Then my tongue shall tell of your righteousness\n        and of your praise all the day long.\n    \n\nFootnotes\n\n(1) 35:3 Or *and close the way*\n\n(2) 35:7 The word *pit* is transposed from the preceding line; Hebrew *For without cause they hid the pit of their net for me; without cause they dug for my life*\n\n(3) 35:11 Or *Violent*\n\n(4) 35:12 Hebrew *it is bereavement to my soul*\n\n(5) 35:13 Or *my prayer shall turn back*\n\n(6) 35:16 The meaning of the Hebrew phrase is uncertain\n (ESV)"]}