{"query": "Psalm 88", "canonical": "Psalm 88", "parsed": [[19088001, 19088018]], "passage_meta": [{"canonical": "Psalm 88", "chapter_start": [19088001, 19088018], "chapter_end": [19088001, 19088018], "prev_verse": 19087007, "next_verse": 19089001, "prev_chapter": [19087001, 19087007], "next_chapter": [19089001, 19089052]}], "passages": ["Psalm 88\n\nI Cry Out Day and Night Before You\n\nA Song. A Psalm of the Sons of Korah. To the choirmaster: according to Mahalath Leannoth. A Maskil(1) of Heman the Ezrahite.\n\n    [1] O LORD, God of my salvation,\n        I cry out day and night before you.\n    [2] Let my prayer come before you;\n        incline your ear to my cry!\n    \n    \n    [3] For my soul is full of troubles,\n        and my life draws near to Sheol.\n    [4] I am counted among those who go down to the pit;\n        I am a man who has no strength,\n    [5] like one set loose among the dead,\n        like the slain that lie in the grave,\n    like those whom you remember no more,\n        for they are cut off from your hand.\n    [6] You have put me in the depths of the pit,\n        in the regions dark and deep.\n    [7] Your wrath lies heavy upon me,\n        and you overwhelm me with all your waves. Selah\n    \n    \n    [8] You have caused my companions to shun me;\n        you have made me a horror(2) to them.\n    I am shut in so that I cannot escape;\n    [9]     my eye grows dim through sorrow.\n    Every day I call upon you, O LORD;\n        I spread out my hands to you.\n    [10] Do you work wonders for the dead?\n        Do the departed rise up to praise you? Selah\n    [11] Is your steadfast love declared in the grave,\n        or your faithfulness in Abaddon?\n    [12] Are your wonders known in the darkness,\n        or your righteousness in the land of forgetfulness?\n    \n    \n    [13] But I, O LORD, cry to you;\n        in the morning my prayer comes before you.\n    [14] O LORD, why do you cast my soul away?\n        Why do you hide your face from me?\n    [15] Afflicted and close to death from my youth up,\n        I suffer your terrors; I am helpless.(3)\n    [16] Your wrath has swept over me;\n        your dreadful assaults destroy me.\n    [17] They surround me like a flood all day long;\n        they close in on me together.\n    [18] You have caused my beloved and my friend to shun me;\n        my companions have become darkness.(4)\n    \n\nFootnotes\n\n(1) 88:1 Probably musical or liturgical terms\n\n(2) 88:8 Or *an abomination*\n\n(3) 88:15 The meaning of the Hebrew word is uncertain\n\n(4) 88:18 Or *darkness has become my only companion*\n (ESV)"]}