{"query": "Psalm 51", "canonical": "Psalm 51", "parsed": [[19051001, 19051019]], "passage_meta": [{"canonical": "Psalm 51", "chapter_start": [19051001, 19051019], "chapter_end": [19051001, 19051019], "prev_verse": 19050023, "next_verse": 19052001, "prev_chapter": [19050001, 19050023], "next_chapter": [19052001, 19052009]}], "passages": ["Psalm 51\n\nCreate in Me a Clean Heart, O God\n\nTo the choirmaster. A Psalm of David, when Nathan the prophet went to him, after he had gone in to Bathsheba.\n\n    [1] Have mercy on me,(1) O God,\n        according to your steadfast love;\n    according to your abundant mercy\n        blot out my transgressions.\n    [2] Wash me thoroughly from my iniquity,\n        and cleanse me from my sin!\n    \n    \n    [3] For I know my transgressions,\n        and my sin is ever before me.\n    [4] Against you, you only, have I sinned\n        and done what is evil in your sight,\n    so that you may be justified in your words\n        and blameless in your judgment.\n    [5] Behold, I was brought forth in iniquity,\n        and in sin did my mother conceive me.\n    [6] Behold, you delight in truth in the inward being,\n        and you teach me wisdom in the secret heart.\n    \n    \n    [7] Purge me with hyssop, and I shall be clean;\n        wash me, and I shall be whiter than snow.\n    [8] Let me hear joy and gladness;\n        let the bones that you have broken rejoice.\n    [9] Hide your face from my sins,\n        and blot out all my iniquities.\n    [10] Create in me a clean heart, O God,\n        and renew a right(2) spirit within me.\n    [11] Cast me not away from your presence,\n        and take not your Holy Spirit from me.\n    [12] Restore to me the joy of your salvation,\n        and uphold me with a willing spirit.\n    \n    \n    [13] Then I will teach transgressors your ways,\n        and sinners will return to you.\n    [14] Deliver me from bloodguiltiness, O God,\n        O God of my salvation,\n        and my tongue will sing aloud of your righteousness.\n    [15] O Lord, open my lips,\n        and my mouth will declare your praise.\n    [16] For you will not delight in sacrifice, or I would give it;\n        you will not be pleased with a burnt offering.\n    [17] The sacrifices of God are a broken spirit;\n        a broken and contrite heart, O God, you will not despise.\n    \n    \n    [18] Do good to Zion in your good pleasure;\n        build up the walls of Jerusalem;\n    [19] then will you delight in right sacrifices,\n        in burnt offerings and whole burnt offerings;\n        then bulls will be offered on your altar.\n    \n\nFootnotes\n\n(1) 51:1 Or *Be gracious to me*\n\n(2) 51:10 Or *steadfast*\n (ESV)"]}