{"query": "Psalm 135", "canonical": "Psalm 135", "parsed": [[19135001, 19135021]], "passage_meta": [{"canonical": "Psalm 135", "chapter_start": [19135001, 19135021], "chapter_end": [19135001, 19135021], "prev_verse": 19134003, "next_verse": 19136001, "prev_chapter": [19134001, 19134003], "next_chapter": [19136001, 19136026]}], "passages": ["Psalm 135\n\nYour Name, O LORD, Endures Forever\n\n    [1] Praise the LORD!\n    Praise the name of the LORD,\n        give praise, O servants of the LORD,\n    [2] who stand in the house of the LORD,\n        in the courts of the house of our God!\n    [3] Praise the LORD, for the LORD is good;\n        sing to his name, for it is pleasant!(1)\n    [4] For the LORD has chosen Jacob for himself,\n        Israel as his own possession.\n    \n    \n    [5] For I know that the LORD is great,\n        and that our Lord is above all gods.\n    [6] Whatever the LORD pleases, he does,\n        in heaven and on earth,\n        in the seas and all deeps.\n    [7] He it is who makes the clouds rise at the end of the earth,\n        who makes lightnings for the rain\n        and brings forth the wind from his storehouses.\n    \n    \n    [8] He it was who struck down the firstborn of Egypt,\n        both of man and of beast;\n    [9] who in your midst, O Egypt,\n        sent signs and wonders\n        against Pharaoh and all his servants;\n    [10] who struck down many nations\n        and killed mighty kings,\n    [11] Sihon, king of the Amorites,\n        and Og, king of Bashan,\n        and all the kingdoms of Canaan,\n    [12] and gave their land as a heritage,\n        a heritage to his people Israel.\n    \n    \n    [13] Your name, O LORD, endures forever,\n        your renown,(2) O LORD, throughout all ages.\n    [14] For the LORD will vindicate his people\n        and have compassion on his servants.\n    \n    \n    [15] The idols of the nations are silver and gold,\n        the work of human hands.\n    [16] They have mouths, but do not speak;\n        they have eyes, but do not see;\n    [17] they have ears, but do not hear,\n        nor is there any breath in their mouths.\n    [18] Those who make them become like them,\n        so do all who trust in them.\n    \n    \n    [19] O house of Israel, bless the LORD!\n        O house of Aaron, bless the LORD!\n    [20] O house of Levi, bless the LORD!\n        You who fear the LORD, bless the LORD!\n    [21] Blessed be the LORD from Zion,\n        he who dwells in Jerusalem!\n    Praise the LORD!\n    \n\nFootnotes\n\n(1) 135:3 Or *for he is beautiful*\n\n(2) 135:13 Or *remembrance*\n (ESV)"]}