{"query": "Psalm 126", "canonical": "Psalm 126", "parsed": [[19126001, 19126006]], "passage_meta": [{"canonical": "Psalm 126", "chapter_start": [19126001, 19126006], "chapter_end": [19126001, 19126006], "prev_verse": 19125005, "next_verse": 19127001, "prev_chapter": [19125001, 19125005], "next_chapter": [19127001, 19127005]}], "passages": ["Psalm 126\n\nRestore Our Fortunes, O LORD\n\nA Song of Ascents.\n\n    [1] When the LORD restored the fortunes of Zion,\n        we were like those who dream.\n    [2] Then our mouth was filled with laughter,\n        and our tongue with shouts of joy;\n    then they said among the nations,\n        \u201cThe LORD has done great things for them.\u201d\n    [3] The LORD has done great things for us;\n        we are glad.\n    \n    \n    [4] Restore our fortunes, O LORD,\n        like streams in the Negeb!\n    [5] Those who sow in tears\n        shall reap with shouts of joy!\n    [6] He who goes out weeping,\n        bearing the seed for sowing,\n    shall come home with shouts of joy,\n        bringing his sheaves with him. (ESV)"]}