{"query": "Psalm 96", "canonical": "Psalm 96", "parsed": [[19096001, 19096013]], "passage_meta": [{"canonical": "Psalm 96", "chapter_start": [19096001, 19096013], "chapter_end": [19096001, 19096013], "prev_verse": 19095011, "next_verse": 19097001, "prev_chapter": [19095001, 19095011], "next_chapter": [19097001, 19097012]}], "passages": ["Psalm 96\n\nWorship in the Splendor of Holiness\n\n    [1] Oh sing to the LORD a new song;\n        sing to the LORD, all the earth!\n    [2] Sing to the LORD, bless his name;\n        tell of his salvation from day to day.\n    [3] Declare his glory among the nations,\n        his marvelous works among all the peoples!\n    [4] For great is the LORD, and greatly to be praised;\n        he is to be feared above all gods.\n    [5] For all the gods of the peoples are worthless idols,\n        but the LORD made the heavens.\n    [6] Splendor and majesty are before him;\n        strength and beauty are in his sanctuary.\n    \n    \n    [7] Ascribe to the LORD, O families of the peoples,\n        ascribe to the LORD glory and strength!\n    [8] Ascribe to the LORD the glory due his name;\n        bring an offering, and come into his courts!\n    [9] Worship the LORD in the splendor of holiness;(1)\n        tremble before him, all the earth!\n    \n    \n    [10] Say among the nations, \u201cThe LORD reigns!\n        Yes, the world is established; it shall never be moved;\n        he will judge the peoples with equity.\u201d\n    \n    \n    [11] Let the heavens be glad, and let the earth rejoice;\n        let the sea roar, and all that fills it;\n    [12]     let the field exult, and everything in it!\n    Then shall all the trees of the forest sing for joy\n    [13]     before the LORD, for he comes,\n        for he comes to judge the earth.\n    He will judge the world in righteousness,\n        and the peoples in his faithfulness.\n    \n\nFootnotes\n\n(1) 96:9 Or *in holy attire*\n (ESV)"]}