{"query": "Psalm 106", "canonical": "Psalm 106", "parsed": [[19106001, 19106048]], "passage_meta": [{"canonical": "Psalm 106", "chapter_start": [19106001, 19106048], "chapter_end": [19106001, 19106048], "prev_verse": 19105045, "next_verse": 19107001, "prev_chapter": [19105001, 19105045], "next_chapter": [19107001, 19107043]}], "passages": ["Psalm 106\n\nGive Thanks to the LORD, for He Is Good\n\n    [1] Praise the LORD!\n    Oh give thanks to the LORD, for he is good,\n        for his steadfast love endures forever!\n    [2] Who can utter the mighty deeds of the LORD,\n        or declare all his praise?\n    [3] Blessed are they who observe justice,\n        who do righteousness at all times!\n    \n    \n    [4] Remember me, O LORD, when you show favor to your people;\n        help me when you save them,(1)\n    [5] that I may look upon the prosperity of your chosen ones,\n        that I may rejoice in the gladness of your nation,\n        that I may glory with your inheritance.\n    \n    \n    [6] Both we and our fathers have sinned;\n        we have committed iniquity; we have done wickedness.\n    [7] Our fathers, when they were in Egypt,\n        did not consider your wondrous works;\n    they did not remember the abundance of your steadfast love,\n        but rebelled by the sea, at the Red Sea.\n    [8] Yet he saved them for his name\u2019s sake,\n        that he might make known his mighty power.\n    [9] He rebuked the Red Sea, and it became dry,\n        and he led them through the deep as through a desert.\n    [10] So he saved them from the hand of the foe\n        and redeemed them from the power of the enemy.\n    [11] And the waters covered their adversaries;\n        not one of them was left.\n    [12] Then they believed his words;\n        they sang his praise.\n    \n    \n    [13] But they soon forgot his works;\n        they did not wait for his counsel.\n    [14] But they had a wanton craving in the wilderness,\n        and put God to the test in the desert;\n    [15] he gave them what they asked,\n        but sent a wasting disease among them.\n    \n    \n    [16] When men in the camp were jealous of Moses\n        and Aaron, the holy one of the LORD,\n    [17] the earth opened and swallowed up Dathan,\n        and covered the company of Abiram.\n    [18] Fire also broke out in their company;\n        the flame burned up the wicked.\n    \n    \n    [19] They made a calf in Horeb\n        and worshiped a metal image.\n    [20] They exchanged the glory of God(2)\n        for the image of an ox that eats grass.\n    [21] They forgot God, their Savior,\n        who had done great things in Egypt,\n    [22] wondrous works in the land of Ham,\n        and awesome deeds by the Red Sea.\n    [23] Therefore he said he would destroy them\u2014\n        had not Moses, his chosen one,\n    stood in the breach before him,\n        to turn away his wrath from destroying them.\n    \n    \n    [24] Then they despised the pleasant land,\n        having no faith in his promise.\n    [25] They murmured in their tents,\n        and did not obey the voice of the LORD.\n    [26] Therefore he raised his hand and swore to them\n        that he would make them fall in the wilderness,\n    [27] and would make their offspring fall among the nations,\n        scattering them among the lands.\n    \n    \n    [28] Then they yoked themselves to the Baal of Peor,\n        and ate sacrifices offered to the dead;\n    [29] they provoked the LORD to anger with their deeds,\n        and a plague broke out among them.\n    [30] Then Phinehas stood up and intervened,\n        and the plague was stayed.\n    [31] And that was counted to him as righteousness\n        from generation to generation forever.\n    \n    \n    [32] They angered him at the waters of Meribah,\n        and it went ill with Moses on their account,\n    [33] for they made his spirit bitter,(3)\n        and he spoke rashly with his lips.\n    \n    \n    [34] They did not destroy the peoples,\n        as the LORD commanded them,\n    [35] but they mixed with the nations\n        and learned to do as they did.\n    [36] They served their idols,\n        which became a snare to them.\n    [37] They sacrificed their sons\n        and their daughters to the demons;\n    [38] they poured out innocent blood,\n        the blood of their sons and daughters,\n    whom they sacrificed to the idols of Canaan,\n        and the land was polluted with blood.\n    [39] Thus they became unclean by their acts,\n        and played the whore in their deeds.\n    \n    \n    [40] Then the anger of the LORD was kindled against his people,\n        and he abhorred his heritage;\n    [41] he gave them into the hand of the nations,\n        so that those who hated them ruled over them.\n    [42] Their enemies oppressed them,\n        and they were brought into subjection under their power.\n    [43] Many times he delivered them,\n        but they were rebellious in their purposes\n        and were brought low through their iniquity.\n    \n    \n    [44] Nevertheless, he looked upon their distress,\n        when he heard their cry.\n    [45] For their sake he remembered his covenant,\n        and relented according to the abundance of his steadfast love.\n    [46] He caused them to be pitied\n        by all those who held them captive.\n    \n    \n    [47] Save us, O LORD our God,\n        and gather us from among the nations,\n    that we may give thanks to your holy name\n        and glory in your praise.\n    \n    \n    [48] Blessed be the LORD, the God of Israel,\n        from everlasting to everlasting!\n    And let all the people say, \u201cAmen!\u201d\n        Praise the LORD!\n    \n\nFootnotes\n\n(1) 106:4 Or *Remember me, O Lord, with the favor you show to your people; help me with your salvation*\n\n(2) 106:20 Hebrew *exchanged their glory*\n\n(3) 106:33 Or *they rebelled against God\u2019s Spirit*\n (ESV)"]}