{"query": "Psalm 95", "canonical": "Psalm 95", "parsed": [[19095001, 19095011]], "passage_meta": [{"canonical": "Psalm 95", "chapter_start": [19095001, 19095011], "chapter_end": [19095001, 19095011], "prev_verse": 19094023, "next_verse": 19096001, "prev_chapter": [19094001, 19094023], "next_chapter": [19096001, 19096013]}], "passages": ["Psalm 95\n\nLet Us Sing Songs of Praise\n\n    [1] Oh come, let us sing to the LORD;\n        let us make a joyful noise to the rock of our salvation!\n    [2] Let us come into his presence with thanksgiving;\n        let us make a joyful noise to him with songs of praise!\n    [3] For the LORD is a great God,\n        and a great King above all gods.\n    [4] In his hand are the depths of the earth;\n        the heights of the mountains are his also.\n    [5] The sea is his, for he made it,\n        and his hands formed the dry land.\n    \n    \n    [6] Oh come, let us worship and bow down;\n        let us kneel before the LORD, our Maker!\n    [7] For he is our God,\n        and we are the people of his pasture,\n        and the sheep of his hand.\n    Today, if you hear his voice,\n    [8]     do not harden your hearts, as at Meribah,\n        as on the day at Massah in the wilderness,\n    [9] when your fathers put me to the test\n        and put me to the proof, though they had seen my work.\n    [10] For forty years I loathed that generation\n        and said, \u201cThey are a people who go astray in their heart,\n        and they have not known my ways.\u201d\n    [11] Therefore I swore in my wrath,\n        \u201cThey shall not enter my rest.\u201d (ESV)"]}