{"query": "Psalm 138", "canonical": "Psalm 138", "parsed": [[19138001, 19138008]], "passage_meta": [{"canonical": "Psalm 138", "chapter_start": [19138001, 19138008], "chapter_end": [19138001, 19138008], "prev_verse": 19137009, "next_verse": 19139001, "prev_chapter": [19137001, 19137009], "next_chapter": [19139001, 19139024]}], "passages": ["Psalm 138\n\nGive Thanks to the LORD\n\nOf David.\n\n    [1] I give you thanks, O LORD, with my whole heart;\n        before the gods I sing your praise;\n    [2] I bow down toward your holy temple\n        and give thanks to your name for your steadfast love and your faithfulness,\n        for you have exalted above all things\n        your name and your word.(1)\n    [3] On the day I called, you answered me;\n        my strength of soul you increased.(2)\n    \n    \n    [4] All the kings of the earth shall give you thanks, O LORD,\n        for they have heard the words of your mouth,\n    [5] and they shall sing of the ways of the LORD,\n        for great is the glory of the LORD.\n    [6] For though the LORD is high, he regards the lowly,\n        but the haughty he knows from afar.\n    \n    \n    [7] Though I walk in the midst of trouble,\n        you preserve my life;\n    you stretch out your hand against the wrath of my enemies,\n        and your right hand delivers me.\n    [8] The LORD will fulfill his purpose for me;\n        your steadfast love, O LORD, endures forever.\n        Do not forsake the work of your hands.\n    \n\nFootnotes\n\n(1) 138:2 Or *you have exalted your word above all your name*\n\n(2) 138:3 Hebrew *you made me bold in my soul with strength*\n (ESV)"]}