{"query": "Psalm 21", "canonical": "Psalm 21", "parsed": [[19021001, 19021013]], "passage_meta": [{"canonical": "Psalm 21", "chapter_start": [19021001, 19021013], "chapter_end": [19021001, 19021013], "prev_verse": 19020009, "next_verse": 19022001, "prev_chapter": [19020001, 19020009], "next_chapter": [19022001, 19022031]}], "passages": ["Psalm 21\n\nThe King Rejoices in the LORD\u2019s Strength\n\nTo the choirmaster. A Psalm of David.\n\n    [1] O LORD, in your strength the king rejoices,\n        and in your salvation how greatly he exults!\n    [2] You have given him his heart\u2019s desire\n        and have not withheld the request of his lips. Selah\n    [3] For you meet him with rich blessings;\n        you set a crown of fine gold upon his head.\n    [4] He asked life of you; you gave it to him,\n        length of days forever and ever.\n    [5] His glory is great through your salvation;\n        splendor and majesty you bestow on him.\n    [6] For you make him most blessed forever;(1)\n        you make him glad with the joy of your presence.\n    [7] For the king trusts in the LORD,\n        and through the steadfast love of the Most High he shall not be moved.\n    \n    \n    [8] Your hand will find out all your enemies;\n        your right hand will find out those who hate you.\n    [9] You will make them as a blazing oven\n        when you appear.\n    The LORD will swallow them up in his wrath,\n        and fire will consume them.\n    [10] You will destroy their descendants from the earth,\n        and their offspring from among the children of man.\n    [11] Though they plan evil against you,\n        though they devise mischief, they will not succeed.\n    [12] For you will put them to flight;\n        you will aim at their faces with your bows.\n    \n    \n    [13] Be exalted, O LORD, in your strength!\n        We will sing and praise your power.\n    \n\nFootnotes\n\n(1) 21:6 Or *make him a source of blessing forever*\n (ESV)"]}