{"query": "Psalm 112", "canonical": "Psalm 112", "parsed": [[19112001, 19112010]], "passage_meta": [{"canonical": "Psalm 112", "chapter_start": [19112001, 19112010], "chapter_end": [19112001, 19112010], "prev_verse": 19111010, "next_verse": 19113001, "prev_chapter": [19111001, 19111010], "next_chapter": [19113001, 19113009]}], "passages": ["Psalm 112\n\nThe Righteous Will Never Be Moved\n\n    [1] (1) Praise the LORD!\n    Blessed is the man who fears the LORD,\n        who greatly delights in his commandments!\n    [2] His offspring will be mighty in the land;\n        the generation of the upright will be blessed.\n    [3] Wealth and riches are in his house,\n        and his righteousness endures forever.\n    [4] Light dawns in the darkness for the upright;\n        he is gracious, merciful, and righteous.\n    [5] It is well with the man who deals generously and lends;\n        who conducts his affairs with justice.\n    [6] For the righteous will never be moved;\n        he will be remembered forever.\n    [7] He is not afraid of bad news;\n        his heart is firm, trusting in the LORD.\n    [8] His heart is steady;(2) he will not be afraid,\n        until he looks in triumph on his adversaries.\n    [9] He has distributed freely; he has given to the poor;\n        his righteousness endures forever;\n        his horn is exalted in honor.\n    [10] The wicked man sees it and is angry;\n        he gnashes his teeth and melts away;\n        the desire of the wicked will perish!\n    \n\nFootnotes\n\n(1) 112:1 This psalm is an acrostic poem, each line beginning with the successive letters of the Hebrew alphabet\n\n(2) 112:8 Or *established* (compare 111:8)\n (ESV)"]}