{"query": "Psalm 114", "canonical": "Psalm 114", "parsed": [[19114001, 19114008]], "passage_meta": [{"canonical": "Psalm 114", "chapter_start": [19114001, 19114008], "chapter_end": [19114001, 19114008], "prev_verse": 19113009, "next_verse": 19115001, "prev_chapter": [19113001, 19113009], "next_chapter": [19115001, 19115018]}], "passages": ["Psalm 114\n\nTremble at the Presence of the Lord\n\n    [1] When Israel went out from Egypt,\n        the house of Jacob from a people of strange language,\n    [2] Judah became his sanctuary,\n        Israel his dominion.\n    \n    \n    [3] The sea looked and fled;\n        Jordan turned back.\n    [4] The mountains skipped like rams,\n        the hills like lambs.\n    \n    \n    [5] What ails you, O sea, that you flee?\n        O Jordan, that you turn back?\n    [6] O mountains, that you skip like rams?\n        O hills, like lambs?\n    \n    \n    [7] Tremble, O earth, at the presence of the Lord,\n        at the presence of the God of Jacob,\n    [8] who turns the rock into a pool of water,\n        the flint into a spring of water. (ESV)"]}