{"query": "Psalm 36", "canonical": "Psalm 36", "parsed": [[19036001, 19036012]], "passage_meta": [{"canonical": "Psalm 36", "chapter_start": [19036001, 19036012], "chapter_end": [19036001, 19036012], "prev_verse": 19035028, "next_verse": 19037001, "prev_chapter": [19035001, 19035028], "next_chapter": [19037001, 19037040]}], "passages": ["Psalm 36\n\nHow Precious Is Your Steadfast Love\n\nTo the choirmaster. Of David, the servant of the LORD.\n\n    [1] Transgression speaks to the wicked\n        deep in his heart;(1)\n    there is no fear of God\n        before his eyes.\n    [2] For he flatters himself in his own eyes\n        that his iniquity cannot be found out and hated.\n    [3] The words of his mouth are trouble and deceit;\n        he has ceased to act wisely and do good.\n    [4] He plots trouble while on his bed;\n        he sets himself in a way that is not good;\n        he does not reject evil.\n    \n    \n    [5] Your steadfast love, O LORD, extends to the heavens,\n        your faithfulness to the clouds.\n    [6] Your righteousness is like the mountains of God;\n        your judgments are like the great deep;\n        man and beast you save, O LORD.\n    \n    \n    [7] How precious is your steadfast love, O God!\n        The children of mankind take refuge in the shadow of your wings.\n    [8] They feast on the abundance of your house,\n        and you give them drink from the river of your delights.\n    [9] For with you is the fountain of life;\n        in your light do we see light.\n    \n    \n    [10] Oh, continue your steadfast love to those who know you,\n        and your righteousness to the upright of heart!\n    [11] Let not the foot of arrogance come upon me,\n        nor the hand of the wicked drive me away.\n    [12] There the evildoers lie fallen;\n        they are thrust down, unable to rise.\n    \n\nFootnotes\n\n(1) 36:1 Some Hebrew manuscripts, Syriac, Jerome (compare Septuagint); most Hebrew manuscripts *in my heart*\n (ESV)"]}