{"query": "Exodus 15", "canonical": "Exodus 15", "parsed": [[2015001, 2015027]], "passage_meta": [{"canonical": "Exodus 15", "chapter_start": [2015001, 2015027], "chapter_end": [2015001, 2015027], "prev_verse": 2014031, "next_verse": 2016001, "prev_chapter": [2014001, 2014031], "next_chapter": [2016001, 2016036]}], "passages": ["Exodus 15\n\nThe Song of Moses\n\n  [1] Then Moses and the people of Israel sang this song to the LORD, saying,\n\n    \u201cI will sing to the LORD, for he has triumphed gloriously;\n        the horse and his rider(1) he has thrown into the sea.\n    [2] The LORD is my strength and my song,\n        and he has become my salvation;\n    this is my God, and I will praise him,\n        my father\u2019s God, and I will exalt him.\n    [3] The LORD is a man of war;\n        the LORD is his name.\n    \n    \n    [4] \u201cPharaoh\u2019s chariots and his host he cast into the sea,\n        and his chosen officers were sunk in the Red Sea.\n    [5] The floods covered them;\n        they went down into the depths like a stone.\n    [6] Your right hand, O LORD, glorious in power,\n        your right hand, O LORD, shatters the enemy.\n    [7] In the greatness of your majesty you overthrow your adversaries;\n        you send out your fury; it consumes them like stubble.\n    [8] At the blast of your nostrils the waters piled up;\n        the floods stood up in a heap;\n        the deeps congealed in the heart of the sea.\n    [9] The enemy said, \u2018I will pursue, I will overtake,\n        I will divide the spoil, my desire shall have its fill of them.\n        I will draw my sword; my hand shall destroy them.\u2019\n    [10] You blew with your wind; the sea covered them;\n        they sank like lead in the mighty waters.\n    \n    \n    [11] \u201cWho is like you, O LORD, among the gods?\n        Who is like you, majestic in holiness,\n        awesome in glorious deeds, doing wonders?\n    [12] You stretched out your right hand;\n        the earth swallowed them.\n    \n    \n    [13] \u201cYou have led in your steadfast love the people whom you have redeemed;\n        you have guided them by your strength to your holy abode.\n    [14] The peoples have heard; they tremble;\n        pangs have seized the inhabitants of Philistia.\n    [15] Now are the chiefs of Edom dismayed;\n        trembling seizes the leaders of Moab;\n        all the inhabitants of Canaan have melted away.\n    [16] Terror and dread fall upon them;\n        because of the greatness of your arm, they are still as a stone,\n    till your people, O LORD, pass by,\n        till the people pass by whom you have purchased.\n    [17] You will bring them in and plant them on your own mountain,\n        the place, O LORD, which you have made for your abode,\n        the sanctuary, O Lord, which your hands have established.\n    [18] The LORD will reign forever and ever.\u201d\n    \n    \n      [19] For when the horses of Pharaoh with his chariots and his horsemen went into the sea, the LORD brought back the waters of the sea upon them, but the people of Israel walked on dry ground in the midst of the sea. [20] Then Miriam the prophetess, the sister of Aaron, took a tambourine in her hand, and all the women went out after her with tambourines and dancing. [21] And Miriam sang to them:\n\n    \u201cSing to the LORD, for he has triumphed gloriously;\n    the horse and his rider he has thrown into the sea.\u201d\n    \n    \n    Bitter Water Made Sweet\n\n  [22] Then Moses made Israel set out from the Red Sea, and they went into the wilderness of Shur. They went three days in the wilderness and found no water. [23] When they came to Marah, they could not drink the water of Marah because it was bitter; therefore it was named Marah.(2) [24] And the people grumbled against Moses, saying, \u201cWhat shall we drink?\u201d [25] And he cried to the LORD, and the LORD showed him a log,(3) and he threw it into the water, and the water became sweet.\n\n  There the LORD(4) made for them a statute and a rule, and there he tested them, [26] saying, \u201cIf you will diligently listen to the voice of the LORD your God, and do that which is right in his eyes, and give ear to his commandments and keep all his statutes, I will put none of the diseases on you that I put on the Egyptians, for I am the LORD, your healer.\u201d\n\n  [27] Then they came to Elim, where there were twelve springs of water and seventy palm trees, and they encamped there by the water.\n\nFootnotes\n\n(1) 15:1 Or *its chariot*; also verse 21\n\n(2) 15:23 *Marah* means *bitterness*\n\n(3) 15:25 Or *tree*\n\n(4) 15:25 Hebrew *he*\n (ESV)"]}