{"query": "Exodus 2", "canonical": "Exodus 2", "parsed": [[2002001, 2002025]], "passage_meta": [{"canonical": "Exodus 2", "chapter_start": [2002001, 2002025], "chapter_end": [2002001, 2002025], "prev_verse": 2001022, "next_verse": 2003001, "prev_chapter": [2001001, 2001022], "next_chapter": [2003001, 2003022]}], "passages": ["Exodus 2\n\nThe Birth of Moses\n\n  [1] Now a man from the house of Levi went and took as his wife a Levite woman. [2] The woman conceived and bore a son, and when she saw that he was a fine child, she hid him three months. [3] When she could hide him no longer, she took for him a basket made of bulrushes(1) and daubed it with bitumen and pitch. She put the child in it and placed it among the reeds by the river bank. [4] And his sister stood at a distance to know what would be done to him. [5] Now the daughter of Pharaoh came down to bathe at the river, while her young women walked beside the river. She saw the basket among the reeds and sent her servant woman, and she took it. [6] When she opened it, she saw the child, and behold, the baby was crying. She took pity on him and said, \u201cThis is one of the Hebrews\u2019 children.\u201d [7] Then his sister said to Pharaoh\u2019s daughter, \u201cShall I go and call you a nurse from the Hebrew women to nurse the child for you?\u201d [8] And Pharaoh\u2019s daughter said to her, \u201cGo.\u201d So the girl went and called the child\u2019s mother. [9] And Pharaoh\u2019s daughter said to her, \u201cTake this child away and nurse him for me, and I will give you your wages.\u201d So the woman took the child and nursed him. [10] When the child grew older, she brought him to Pharaoh\u2019s daughter, and he became her son. She named him Moses, \u201cBecause,\u201d she said, \u201cI drew him out of the water.\u201d(2)\n\nMoses Flees to Midian\n\n  [11] One day, when Moses had grown up, he went out to his people and looked on their burdens, and he saw an Egyptian beating a Hebrew, one of his people.(3) [12] He looked this way and that, and seeing no one, he struck down the Egyptian and hid him in the sand. [13] When he went out the next day, behold, two Hebrews were struggling together. And he said to the man in the wrong, \u201cWhy do you strike your companion?\u201d [14] He answered, \u201cWho made you a prince and a judge over us? Do you mean to kill me as you killed the Egyptian?\u201d Then Moses was afraid, and thought, \u201cSurely the thing is known.\u201d [15] When Pharaoh heard of it, he sought to kill Moses. But Moses fled from Pharaoh and stayed in the land of Midian. And he sat down by a well.\n\n  [16] Now the priest of Midian had seven daughters, and they came and drew water and filled the troughs to water their father\u2019s flock. [17] The shepherds came and drove them away, but Moses stood up and saved them, and watered their flock. [18] When they came home to their father Reuel, he said, \u201cHow is it that you have come home so soon today?\u201d [19] They said, \u201cAn Egyptian delivered us out of the hand of the shepherds and even drew water for us and watered the flock.\u201d [20] He said to his daughters, \u201cThen where is he? Why have you left the man? Call him, that he may eat bread.\u201d [21] And Moses was content to dwell with the man, and he gave Moses his daughter Zipporah. [22] She gave birth to a son, and he called his name Gershom, for he said, \u201cI have been a sojourner(4) in a foreign land.\u201d\n\nGod Hears Israel\u2019s Groaning\n\n  [23] During those many days the king of Egypt died, and the people of Israel groaned because of their slavery and cried out for help. Their cry for rescue from slavery came up to God. [24] And God heard their groaning, and God remembered his covenant with Abraham, with Isaac, and with Jacob. [25] God saw the people of Israel\u2014and God knew.\n\nFootnotes\n\n(1) 2:3 Hebrew *papyrus reeds*\n\n(2) 2:10 *Moses* sounds like the Hebrew for *draw out*\n\n(3) 2:11 Hebrew *brothers*\n\n(4) 2:22 *Gershom* sounds like the Hebrew for *sojourner*\n (ESV)"]}