{"query": "Exodus 14", "canonical": "Exodus 14", "parsed": [[2014001, 2014031]], "passage_meta": [{"canonical": "Exodus 14", "chapter_start": [2014001, 2014031], "chapter_end": [2014001, 2014031], "prev_verse": 2013022, "next_verse": 2015001, "prev_chapter": [2013001, 2013022], "next_chapter": [2015001, 2015027]}], "passages": ["Exodus 14\n\nCrossing the Red Sea\n\n  [1] Then the LORD said to Moses, [2] \u201cTell the people of Israel to turn back and encamp in front of Pi-hahiroth, between Migdol and the sea, in front of Baal-zephon; you shall encamp facing it, by the sea. [3] For Pharaoh will say of the people of Israel, \u2018They are wandering in the land; the wilderness has shut them in.\u2019 [4] And I will harden Pharaoh\u2019s heart, and he will pursue them, and I will get glory over Pharaoh and all his host, and the Egyptians shall know that I am the LORD.\u201d And they did so.\n\n  [5] When the king of Egypt was told that the people had fled, the mind of Pharaoh and his servants was changed toward the people, and they said, \u201cWhat is this we have done, that we have let Israel go from serving us?\u201d [6] So he made ready his chariot and took his army with him, [7] and took six hundred chosen chariots and all the other chariots of Egypt with officers over all of them. [8] And the LORD hardened the heart of Pharaoh king of Egypt, and he pursued the people of Israel while the people of Israel were going out defiantly. [9] The Egyptians pursued them, all Pharaoh\u2019s horses and chariots and his horsemen and his army, and overtook them encamped at the sea, by Pi-hahiroth, in front of Baal-zephon.\n\n  [10] When Pharaoh drew near, the people of Israel lifted up their eyes, and behold, the Egyptians were marching after them, and they feared greatly. And the people of Israel cried out to the LORD. [11] They said to Moses, \u201cIs it because there are no graves in Egypt that you have taken us away to die in the wilderness? What have you done to us in bringing us out of Egypt? [12] Is not this what we said to you in Egypt: \u2018Leave us alone that we may serve the Egyptians\u2019? For it would have been better for us to serve the Egyptians than to die in the wilderness.\u201d [13] And Moses said to the people, \u201cFear not, stand firm, and see the salvation of the LORD, which he will work for you today. For the Egyptians whom you see today, you shall never see again. [14] The LORD will fight for you, and you have only to be silent.\u201d\n\n  [15] The LORD said to Moses, \u201cWhy do you cry to me? Tell the people of Israel to go forward. [16] Lift up your staff, and stretch out your hand over the sea and divide it, that the people of Israel may go through the sea on dry ground. [17] And I will harden the hearts of the Egyptians so that they shall go in after them, and I will get glory over Pharaoh and all his host, his chariots, and his horsemen. [18] And the Egyptians shall know that I am the LORD, when I have gotten glory over Pharaoh, his chariots, and his horsemen.\u201d\n\n  [19] Then the angel of God who was going before the host of Israel moved and went behind them, and the pillar of cloud moved from before them and stood behind them, [20] coming between the host of Egypt and the host of Israel. And there was the cloud and the darkness. And it lit up the night(1) without one coming near the other all night.\n\n  [21] Then Moses stretched out his hand over the sea, and the LORD drove the sea back by a strong east wind all night and made the sea dry land, and the waters were divided. [22] And the people of Israel went into the midst of the sea on dry ground, the waters being a wall to them on their right hand and on their left. [23] The Egyptians pursued and went in after them into the midst of the sea, all Pharaoh\u2019s horses, his chariots, and his horsemen. [24] And in the morning watch the LORD in the pillar of fire and of cloud looked down on the Egyptian forces and threw the Egyptian forces into a panic, [25] clogging(2) their chariot wheels so that they drove heavily. And the Egyptians said, \u201cLet us flee from before Israel, for the LORD fights for them against the Egyptians.\u201d\n\n  [26] Then the LORD said to Moses, \u201cStretch out your hand over the sea, that the water may come back upon the Egyptians, upon their chariots, and upon their horsemen.\u201d [27] So Moses stretched out his hand over the sea, and the sea returned to its normal course when the morning appeared. And as the Egyptians fled into it, the LORD threw(3) the Egyptians into the midst of the sea. [28] The waters returned and covered the chariots and the horsemen; of all the host of Pharaoh that had followed them into the sea, not one of them remained. [29] But the people of Israel walked on dry ground through the sea, the waters being a wall to them on their right hand and on their left.\n\n  [30] Thus the LORD saved Israel that day from the hand of the Egyptians, and Israel saw the Egyptians dead on the seashore. [31] Israel saw the great power that the LORD used against the Egyptians, so the people feared the LORD, and they believed in the LORD and in his servant Moses.\n\nFootnotes\n\n(1) 14:20 Septuagint *and the night passed*\n\n(2) 14:25 Or *binding* (compare Samaritan, Septuagint, Syriac); Hebrew *removing*\n\n(3) 14:27 Hebrew *shook off*\n (ESV)"]}