{"query": "Exodus 33", "canonical": "Exodus 33", "parsed": [[2033001, 2033023]], "passage_meta": [{"canonical": "Exodus 33", "chapter_start": [2033001, 2033023], "chapter_end": [2033001, 2033023], "prev_verse": 2032035, "next_verse": 2034001, "prev_chapter": [2032001, 2032035], "next_chapter": [2034001, 2034035]}], "passages": ["Exodus 33\n\nThe Command to Leave Sinai\n\n  [1] The LORD said to Moses, \u201cDepart; go up from here, you and the people whom you have brought up out of the land of Egypt, to the land of which I swore to Abraham, Isaac, and Jacob, saying, \u2018To your offspring I will give it.\u2019 [2] I will send an angel before you, and I will drive out the Canaanites, the Amorites, the Hittites, the Perizzites, the Hivites, and the Jebusites. [3] Go up to a land flowing with milk and honey; but I will not go up among you, lest I consume you on the way, for you are a stiff-necked people.\u201d\n\n  [4] When the people heard this disastrous word, they mourned, and no one put on his ornaments. [5] For the LORD had said to Moses, \u201cSay to the people of Israel, \u2018You are a stiff-necked people; if for a single moment I should go up among you, I would consume you. So now take off your ornaments, that I may know what to do with you.\u2019\u201d [6] Therefore the people of Israel stripped themselves of their ornaments, from Mount Horeb onward.\n\nThe Tent of Meeting\n\n  [7] Now Moses used to take the tent and pitch it outside the camp, far off from the camp, and he called it the tent of meeting. And everyone who sought the LORD would go out to the tent of meeting, which was outside the camp. [8] Whenever Moses went out to the tent, all the people would rise up, and each would stand at his tent door, and watch Moses until he had gone into the tent. [9] When Moses entered the tent, the pillar of cloud would descend and stand at the entrance of the tent, and the LORD(1) would speak with Moses. [10] And when all the people saw the pillar of cloud standing at the entrance of the tent, all the people would rise up and worship, each at his tent door. [11] Thus the LORD used to speak to Moses face to face, as a man speaks to his friend. When Moses turned again into the camp, his assistant Joshua the son of Nun, a young man, would not depart from the tent.\n\nMoses\u2019 Intercession\n\n  [12] Moses said to the LORD, \u201cSee, you say to me, \u2018Bring up this people,\u2019 but you have not let me know whom you will send with me. Yet you have said, \u2018I know you by name, and you have also found favor in my sight.\u2019 [13] Now therefore, if I have found favor in your sight, please show me now your ways, that I may know you in order to find favor in your sight. Consider too that this nation is your people.\u201d [14] And he said, \u201cMy presence will go with you, and I will give you rest.\u201d [15] And he said to him, \u201cIf your presence will not go with me, do not bring us up from here. [16] For how shall it be known that I have found favor in your sight, I and your people? Is it not in your going with us, so that we are distinct, I and your people, from every other people on the face of the earth?\u201d\n\n  [17] And the LORD said to Moses, \u201cThis very thing that you have spoken I will do, for you have found favor in my sight, and I know you by name.\u201d [18] Moses said, \u201cPlease show me your glory.\u201d [19] And he said, \u201cI will make all my goodness pass before you and will proclaim before you my name \u2018The LORD.\u2019 And I will be gracious to whom I will be gracious, and will show mercy on whom I will show mercy. [20] But,\u201d he said, \u201cyou cannot see my face, for man shall not see me and live.\u201d [21] And the LORD said, \u201cBehold, there is a place by me where you shall stand on the rock, [22] and while my glory passes by I will put you in a cleft of the rock, and I will cover you with my hand until I have passed by. [23] Then I will take away my hand, and you shall see my back, but my face shall not be seen.\u201d\n\nFootnotes\n\n(1) 33:9 Hebrew *he*\n (ESV)"]}