{"query": "Exodus 31", "canonical": "Exodus 31", "parsed": [[2031001, 2031018]], "passage_meta": [{"canonical": "Exodus 31", "chapter_start": [2031001, 2031018], "chapter_end": [2031001, 2031018], "prev_verse": 2030038, "next_verse": 2032001, "prev_chapter": [2030001, 2030038], "next_chapter": [2032001, 2032035]}], "passages": ["Exodus 31\n\nOholiab and Bezalel\n\n  [1] The LORD said to Moses, [2] \u201cSee, I have called by name Bezalel the son of Uri, son of Hur, of the tribe of Judah, [3] and I have filled him with the Spirit of God, with ability and intelligence, with knowledge and all craftsmanship, [4] to devise artistic designs, to work in gold, silver, and bronze, [5] in cutting stones for setting, and in carving wood, to work in every craft. [6] And behold, I have appointed with him Oholiab, the son of Ahisamach, of the tribe of Dan. And I have given to all able men ability, that they may make all that I have commanded you: [7] the tent of meeting, and the ark of the testimony, and the mercy seat that is on it, and all the furnishings of the tent, [8] the table and its utensils, and the pure lampstand with all its utensils, and the altar of incense, [9] and the altar of burnt offering with all its utensils, and the basin and its stand, [10] and the finely worked garments,(1) the holy garments for Aaron the priest and the garments of his sons, for their service as priests, [11] and the anointing oil and the fragrant incense for the Holy Place. According to all that I have commanded you, they shall do.\u201d\n\nThe Sabbath\n\n  [12] And the LORD said to Moses, [13] \u201cYou are to speak to the people of Israel and say, \u2018Above all you shall keep my Sabbaths, for this is a sign between me and you throughout your generations, that you may know that I, the LORD, sanctify you. [14] You shall keep the Sabbath, because it is holy for you. Everyone who profanes it shall be put to death. Whoever does any work on it, that soul shall be cut off from among his people. [15] Six days shall work be done, but the seventh day is a Sabbath of solemn rest, holy to the LORD. Whoever does any work on the Sabbath day shall be put to death. [16] Therefore the people of Israel shall keep the Sabbath, observing the Sabbath throughout their generations, as a covenant forever. [17] It is a sign forever between me and the people of Israel that in six days the LORD made heaven and earth, and on the seventh day he rested and was refreshed.\u2019\u201d\n\n  [18] And he gave to Moses, when he had finished speaking with him on Mount Sinai, the two tablets of the testimony, tablets of stone, written with the finger of God.\n\nFootnotes\n\n(1) 31:10 Or *garments for worship*\n (ESV)"]}