{"query": "Exodus 11", "canonical": "Exodus 11", "parsed": [[2011001, 2011010]], "passage_meta": [{"canonical": "Exodus 11", "chapter_start": [2011001, 2011010], "chapter_end": [2011001, 2011010], "prev_verse": 2010029, "next_verse": 2012001, "prev_chapter": [2010001, 2010029], "next_chapter": [2012001, 2012051]}], "passages": ["Exodus 11\n\nA Final Plague Threatened\n\n  [1] The LORD said to Moses, \u201cYet one plague more I will bring upon Pharaoh and upon Egypt. Afterward he will let you go from here. When he lets you go, he will drive you away completely. [2] Speak now in the hearing of the people, that they ask, every man of his neighbor and every woman of her neighbor, for silver and gold jewelry.\u201d [3] And the LORD gave the people favor in the sight of the Egyptians. Moreover, the man Moses was very great in the land of Egypt, in the sight of Pharaoh\u2019s servants and in the sight of the people.\n\n  [4] So Moses said, \u201cThus says the LORD: \u2018About midnight I will go out in the midst of Egypt, [5] and every firstborn in the land of Egypt shall die, from the firstborn of Pharaoh who sits on his throne, even to the firstborn of the slave girl who is behind the handmill, and all the firstborn of the cattle. [6] There shall be a great cry throughout all the land of Egypt, such as there has never been, nor ever will be again. [7] But not a dog shall growl against any of the people of Israel, either man or beast, that you may know that the LORD makes a distinction between Egypt and Israel.\u2019 [8] And all these your servants shall come down to me and bow down to me, saying, \u2018Get out, you and all the people who follow you.\u2019 And after that I will go out.\u201d And he went out from Pharaoh in hot anger. [9] Then the LORD said to Moses, \u201cPharaoh will not listen to you, that my wonders may be multiplied in the land of Egypt.\u201d\n\n  [10] Moses and Aaron did all these wonders before Pharaoh, and the LORD hardened Pharaoh\u2019s heart, and he did not let the people of Israel go out of his land. (ESV)"]}