{"query": "Exodus 18", "canonical": "Exodus 18", "parsed": [[2018001, 2018027]], "passage_meta": [{"canonical": "Exodus 18", "chapter_start": [2018001, 2018027], "chapter_end": [2018001, 2018027], "prev_verse": 2017016, "next_verse": 2019001, "prev_chapter": [2017001, 2017016], "next_chapter": [2019001, 2019025]}], "passages": ["Exodus 18\n\nJethro\u2019s Advice\n\n  [1] Jethro, the priest of Midian, Moses\u2019 father-in-law, heard of all that God had done for Moses and for Israel his people, how the LORD had brought Israel out of Egypt. [2] Now Jethro, Moses\u2019 father-in-law, had taken Zipporah, Moses\u2019 wife, after he had sent her home, [3] along with her two sons. The name of the one was Gershom (for he said, \u201cI have been a sojourner(1) in a foreign land\u201d), [4] and the name of the other, Eliezer(2) (for he said, \u201cThe God of my father was my help, and delivered me from the sword of Pharaoh\u201d). [5] Jethro, Moses\u2019 father-in-law, came with his sons and his wife to Moses in the wilderness where he was encamped at the mountain of God. [6] And when he sent word to Moses, \u201cI,(3) your father-in-law Jethro, am coming to you with your wife and her two sons with her,\u201d [7] Moses went out to meet his father-in-law and bowed down and kissed him. And they asked each other of their welfare and went into the tent. [8] Then Moses told his father-in-law all that the LORD had done to Pharaoh and to the Egyptians for Israel\u2019s sake, all the hardship that had come upon them in the way, and how the LORD had delivered them. [9] And Jethro rejoiced for all the good that the LORD had done to Israel, in that he had delivered them out of the hand of the Egyptians.\n\n  [10] Jethro said, \u201cBlessed be the LORD, who has delivered you out of the hand of the Egyptians and out of the hand of Pharaoh and has delivered the people from under the hand of the Egyptians. [11] Now I know that the LORD is greater than all gods, because in this affair they dealt arrogantly with the people.\u201d(4) [12] And Jethro, Moses\u2019 father-in-law, brought a burnt offering and sacrifices to God; and Aaron came with all the elders of Israel to eat bread with Moses\u2019 father-in-law before God.\n\n  [13] The next day Moses sat to judge the people, and the people stood around Moses from morning till evening. [14] When Moses\u2019 father-in-law saw all that he was doing for the people, he said, \u201cWhat is this that you are doing for the people? Why do you sit alone, and all the people stand around you from morning till evening?\u201d [15] And Moses said to his father-in-law, \u201cBecause the people come to me to inquire of God; [16] when they have a dispute, they come to me and I decide between one person and another, and I make them know the statutes of God and his laws.\u201d [17] Moses\u2019 father-in-law said to him, \u201cWhat you are doing is not good. [18] You and the people with you will certainly wear yourselves out, for the thing is too heavy for you. You are not able to do it alone. [19] Now obey my voice; I will give you advice, and God be with you! You shall represent the people before God and bring their cases to God, [20] and you shall warn them about the statutes and the laws, and make them know the way in which they must walk and what they must do. [21] Moreover, look for able men from all the people, men who fear God, who are trustworthy and hate a bribe, and place such men over the people as chiefs of thousands, of hundreds, of fifties, and of tens. [22] And let them judge the people at all times. Every great matter they shall bring to you, but any small matter they shall decide themselves. So it will be easier for you, and they will bear the burden with you. [23] If you do this, God will direct you, you will be able to endure, and all this people also will go to their place in peace.\u201d\n\n  [24] So Moses listened to the voice of his father-in-law and did all that he had said. [25] Moses chose able men out of all Israel and made them heads over the people, chiefs of thousands, of hundreds, of fifties, and of tens. [26] And they judged the people at all times. Any hard case they brought to Moses, but any small matter they decided themselves. [27] Then Moses let his father-in-law depart, and he went away to his own country.\n\nFootnotes\n\n(1) 18:3 *Gershom* sounds like the Hebrew for *sojourner*\n\n(2) 18:4 *Eliezer* means *My God is help*\n\n(3) 18:6 Hebrew; Samaritan, Septuagint, Syriac *behold*\n\n(4) 18:11 Hebrew *with them*\n (ESV)"]}