{"query": "Exodus 21", "canonical": "Exodus 21", "parsed": [[2021001, 2021036]], "passage_meta": [{"canonical": "Exodus 21", "chapter_start": [2021001, 2021036], "chapter_end": [2021001, 2021036], "prev_verse": 2020026, "next_verse": 2022001, "prev_chapter": [2020001, 2020026], "next_chapter": [2022001, 2022031]}], "passages": ["Exodus 21\n\nLaws About Slaves\n\n  [1] \u201cNow these are the rules that you shall set before them. [2] When you buy a Hebrew slave,(1) he shall serve six years, and in the seventh he shall go out free, for nothing. [3] If he comes in single, he shall go out single; if he comes in married, then his wife shall go out with him. [4] If his master gives him a wife and she bears him sons or daughters, the wife and her children shall be her master\u2019s, and he shall go out alone. [5] But if the slave plainly says, \u2018I love my master, my wife, and my children; I will not go out free,\u2019 [6] then his master shall bring him to God, and he shall bring him to the door or the doorpost. And his master shall bore his ear through with an awl, and he shall be his slave forever.\n\n  [7] \u201cWhen a man sells his daughter as a slave, she shall not go out as the male slaves do. [8] If she does not please her master, who has designated her(2) for himself, then he shall let her be redeemed. He shall have no right to sell her to a foreign people, since he has broken faith with her. [9] If he designates her for his son, he shall deal with her as with a daughter. [10] If he takes another wife to himself, he shall not diminish her food, her clothing, or her marital rights. [11] And if he does not do these three things for her, she shall go out for nothing, without payment of money.\n\n  [12] \u201cWhoever strikes a man so that he dies shall be put to death. [13] But if he did not lie in wait for him, but God let him fall into his hand, then I will appoint for you a place to which he may flee. [14] But if a man willfully attacks another to kill him by cunning, you shall take him from my altar, that he may die.\n\n  [15] \u201cWhoever strikes his father or his mother shall be put to death.\n\n  [16] \u201cWhoever steals a man and sells him, and anyone found in possession of him, shall be put to death.\n\n  [17] \u201cWhoever curses(3) his father or his mother shall be put to death.\n\n  [18] \u201cWhen men quarrel and one strikes the other with a stone or with his fist and the man does not die but takes to his bed, [19] then if the man rises again and walks outdoors with his staff, he who struck him shall be clear; only he shall pay for the loss of his time, and shall have him thoroughly healed.\n\n  [20] \u201cWhen a man strikes his slave, male or female, with a rod and the slave dies under his hand, he shall be avenged. [21] But if the slave survives a day or two, he is not to be avenged, for the slave is his money.\n\n  [22] \u201cWhen men strive together and hit a pregnant woman, so that her children come out, but there is no harm, the one who hit her shall surely be fined, as the woman\u2019s husband shall impose on him, and he shall pay as the judges determine. [23] But if there is harm,(4) then you shall pay life for life, [24] eye for eye, tooth for tooth, hand for hand, foot for foot, [25] burn for burn, wound for wound, stripe for stripe.\n\n  [26] \u201cWhen a man strikes the eye of his slave, male or female, and destroys it, he shall let the slave go free because of his eye. [27] If he knocks out the tooth of his slave, male or female, he shall let the slave go free because of his tooth.\n\n  [28] \u201cWhen an ox gores a man or a woman to death, the ox shall be stoned, and its flesh shall not be eaten, but the owner of the ox shall not be liable. [29] But if the ox has been accustomed to gore in the past, and its owner has been warned but has not kept it in, and it kills a man or a woman, the ox shall be stoned, and its owner also shall be put to death. [30] If a ransom is imposed on him, then he shall give for the redemption of his life whatever is imposed on him. [31] If it gores a man\u2019s son or daughter, he shall be dealt with according to this same rule. [32] If the ox gores a slave, male or female, the owner shall give to their master thirty shekels(5) of silver, and the ox shall be stoned.\n\nLaws About Restitution\n\n  [33] \u201cWhen a man opens a pit, or when a man digs a pit and does not cover it, and an ox or a donkey falls into it, [34] the owner of the pit shall make restoration. He shall give money to its owner, and the dead beast shall be his.\n\n  [35] \u201cWhen one man\u2019s ox butts another\u2019s, so that it dies, then they shall sell the live ox and share its price, and the dead beast also they shall share. [36] Or if it is known that the ox has been accustomed to gore in the past, and its owner has not kept it in, he shall repay ox for ox, and the dead beast shall be his.\n\nFootnotes\n\n(1) 21:2 Or *servant*; the Hebrew term *\u2018ebed* designates a range of social and economic roles; also verses 5, 6, 7, 20, 21, 26, 27, 32 (see Preface)\n\n(2) 21:8 Or *so that he has not designated her*\n\n(3) 21:17 Or *dishonors*; Septuagint *reviles*\n\n(4) 21:23 Or *so that her children come out and it is clear who was to blame, he shall be fined as the woman\u2019s husband shall impose on him, and he alone shall pay. [23] If it is unclear who was to blame\u00a0.\u00a0.\u00a0.*\n\n(5) 21:32 A *shekel* was about 2/5 ounce or 11 grams\n (ESV)"]}