{"query": "Exodus 34", "canonical": "Exodus 34", "parsed": [[2034001, 2034035]], "passage_meta": [{"canonical": "Exodus 34", "chapter_start": [2034001, 2034035], "chapter_end": [2034001, 2034035], "prev_verse": 2033023, "next_verse": 2035001, "prev_chapter": [2033001, 2033023], "next_chapter": [2035001, 2035035]}], "passages": ["Exodus 34\n\nMoses Makes New Tablets\n\n  [1] The LORD said to Moses, \u201cCut for yourself two tablets of stone like the first, and I will write on the tablets the words that were on the first tablets, which you broke. [2] Be ready by the morning, and come up in the morning to Mount Sinai, and present yourself there to me on the top of the mountain. [3] No one shall come up with you, and let no one be seen throughout all the mountain. Let no flocks or herds graze opposite that mountain.\u201d [4] So Moses cut two tablets of stone like the first. And he rose early in the morning and went up on Mount Sinai, as the LORD had commanded him, and took in his hand two tablets of stone. [5] The LORD descended in the cloud and stood with him there, and proclaimed the name of the LORD. [6] The LORD passed before him and proclaimed, \u201cThe LORD, the LORD, a God merciful and gracious, slow to anger, and abounding in steadfast love and faithfulness, [7] keeping steadfast love for thousands,(1) forgiving iniquity and transgression and sin, but who will by no means clear the guilty, visiting the iniquity of the fathers on the children and the children\u2019s children, to the third and the fourth generation.\u201d [8] And Moses quickly bowed his head toward the earth and worshiped. [9] And he said, \u201cIf now I have found favor in your sight, O Lord, please let the Lord go in the midst of us, for it is a stiff-necked people, and pardon our iniquity and our sin, and take us for your inheritance.\u201d\n\nThe Covenant Renewed\n\n  [10] And he said, \u201cBehold, I am making a covenant. Before all your people I will do marvels, such as have not been created in all the earth or in any nation. And all the people among whom you are shall see the work of the LORD, for it is an awesome thing that I will do with you.\n\n  [11] \u201cObserve what I command you this day. Behold, I will drive out before you the Amorites, the Canaanites, the Hittites, the Perizzites, the Hivites, and the Jebusites. [12] Take care, lest you make a covenant with the inhabitants of the land to which you go, lest it become a snare in your midst. [13] You shall tear down their altars and break their pillars and cut down their Asherim [14] (for you shall worship no other god, for the LORD, whose name is Jealous, is a jealous God), [15] lest you make a covenant with the inhabitants of the land, and when they whore after their gods and sacrifice to their gods and you are invited, you eat of his sacrifice, [16] and you take of their daughters for your sons, and their daughters whore after their gods and make your sons whore after their gods.\n\n  [17] \u201cYou shall not make for yourself any gods of cast metal.\n\n  [18] \u201cYou shall keep the Feast of Unleavened Bread. Seven days you shall eat unleavened bread, as I commanded you, at the time appointed in the month Abib, for in the month Abib you came out from Egypt. [19] All that open the womb are mine, all your male(2) livestock, the firstborn of cow and sheep. [20] The firstborn of a donkey you shall redeem with a lamb, or if you will not redeem it you shall break its neck. All the firstborn of your sons you shall redeem. And none shall appear before me empty-handed.\n\n  [21] \u201cSix days you shall work, but on the seventh day you shall rest. In plowing time and in harvest you shall rest. [22] You shall observe the Feast of Weeks, the firstfruits of wheat harvest, and the Feast of Ingathering at the year\u2019s end. [23] Three times in the year shall all your males appear before the LORD God, the God of Israel. [24] For I will cast out nations before you and enlarge your borders; no one shall covet your land, when you go up to appear before the LORD your God three times in the year.\n\n  [25] \u201cYou shall not offer the blood of my sacrifice with anything leavened, or let the sacrifice of the Feast of the Passover remain until the morning. [26] The best of the firstfruits of your ground you shall bring to the house of the LORD your God. You shall not boil a young goat in its mother\u2019s milk.\u201d\n\n  [27] And the LORD said to Moses, \u201cWrite these words, for in accordance with these words I have made a covenant with you and with Israel.\u201d [28] So he was there with the LORD forty days and forty nights. He neither ate bread nor drank water. And he wrote on the tablets the words of the covenant, the Ten Commandments.(3)\n\nThe Shining Face of Moses\n\n  [29] When Moses came down from Mount Sinai, with the two tablets of the testimony in his hand as he came down from the mountain, Moses did not know that the skin of his face shone because he had been talking with God.(4) [30] Aaron and all the people of Israel saw Moses, and behold, the skin of his face shone, and they were afraid to come near him. [31] But Moses called to them, and Aaron and all the leaders of the congregation returned to him, and Moses talked with them. [32] Afterward all the people of Israel came near, and he commanded them all that the LORD had spoken with him in Mount Sinai. [33] And when Moses had finished speaking with them, he put a veil over his face.\n\n  [34] Whenever Moses went in before the LORD to speak with him, he would remove the veil, until he came out. And when he came out and told the people of Israel what he was commanded, [35] the people of Israel would see the face of Moses, that the skin of Moses\u2019 face was shining. And Moses would put the veil over his face again, until he went in to speak with him.\n\nFootnotes\n\n(1) 34:7 Or *to the thousandth generation*\n\n(2) 34:19 Septuagint, Theodotion, Vulgate, Targum; the meaning of the Hebrew is uncertain\n\n(3) 34:28 Hebrew *the ten words*\n\n(4) 34:29 Hebrew *him*\n (ESV)"]}