{"query": "Exodus 8", "canonical": "Exodus 8", "parsed": [[2008001, 2008032]], "passage_meta": [{"canonical": "Exodus 8", "chapter_start": [2008001, 2008032], "chapter_end": [2008001, 2008032], "prev_verse": 2007025, "next_verse": 2009001, "prev_chapter": [2007001, 2007025], "next_chapter": [2009001, 2009035]}], "passages": ["Exodus 8\n\nThe Second Plague: Frogs\n\n  [1] (1) Then the LORD said to Moses, \u201cGo in to Pharaoh and say to him, \u2018Thus says the LORD, \u201cLet my people go, that they may serve me. [2] But if you refuse to let them go, behold, I will plague all your country with frogs. [3] The Nile shall swarm with frogs that shall come up into your house and into your bedroom and on your bed and into the houses of your servants and your people,(2) and into your ovens and your kneading bowls. [4] The frogs shall come up on you and on your people and on all your servants.\u201d\u2019\u201d [5] (3) And the LORD said to Moses, \u201cSay to Aaron, \u2018Stretch out your hand with your staff over the rivers, over the canals and over the pools, and make frogs come up on the land of Egypt!\u2019\u201d [6] So Aaron stretched out his hand over the waters of Egypt, and the frogs came up and covered the land of Egypt. [7] But the magicians did the same by their secret arts and made frogs come up on the land of Egypt.\n\n  [8] Then Pharaoh called Moses and Aaron and said, \u201cPlead with the LORD to take away the frogs from me and from my people, and I will let the people go to sacrifice to the LORD.\u201d [9] Moses said to Pharaoh, \u201cBe pleased to command me when I am to plead for you and for your servants and for your people, that the frogs be cut off from you and your houses and be left only in the Nile.\u201d [10] And he said, \u201cTomorrow.\u201d Moses said, \u201cBe it as you say, so that you may know that there is no one like the LORD our God. [11] The frogs shall go away from you and your houses and your servants and your people. They shall be left only in the Nile.\u201d [12] So Moses and Aaron went out from Pharaoh, and Moses cried to the LORD about the frogs, as he had agreed with Pharaoh.(4) [13] And the LORD did according to the word of Moses. The frogs died out in the houses, the courtyards, and the fields. [14] And they gathered them together in heaps, and the land stank. [15] But when Pharaoh saw that there was a respite, he hardened his heart and would not listen to them, as the LORD had said.\n\nThe Third Plague: Gnats\n\n  [16] Then the LORD said to Moses, \u201cSay to Aaron, \u2018Stretch out your staff and strike the dust of the earth, so that it may become gnats in all the land of Egypt.\u2019\u201d [17] And they did so. Aaron stretched out his hand with his staff and struck the dust of the earth, and there were gnats on man and beast. All the dust of the earth became gnats in all the land of Egypt. [18] The magicians tried by their secret arts to produce gnats, but they could not. So there were gnats on man and beast. [19] Then the magicians said to Pharaoh, \u201cThis is the finger of God.\u201d But Pharaoh\u2019s heart was hardened, and he would not listen to them, as the LORD had said.\n\nThe Fourth Plague: Flies\n\n  [20] Then the LORD said to Moses, \u201cRise up early in the morning and present yourself to Pharaoh, as he goes out to the water, and say to him, \u2018Thus says the LORD, \u201cLet my people go, that they may serve me. [21] Or else, if you will not let my people go, behold, I will send swarms of flies on you and your servants and your people, and into your houses. And the houses of the Egyptians shall be filled with swarms of flies, and also the ground on which they stand. [22] But on that day I will set apart the land of Goshen, where my people dwell, so that no swarms of flies shall be there, that you may know that I am the LORD in the midst of the earth.(5) [23] Thus I will put a division(6) between my people and your people. Tomorrow this sign shall happen.\u201d\u2019\u201d [24] And the LORD did so. There came great swarms of flies into the house of Pharaoh and into his servants\u2019 houses. Throughout all the land of Egypt the land was ruined by the swarms of flies.\n\n  [25] Then Pharaoh called Moses and Aaron and said, \u201cGo, sacrifice to your God within the land.\u201d [26] But Moses said, \u201cIt would not be right to do so, for the offerings we shall sacrifice to the LORD our God are an abomination to the Egyptians. If we sacrifice offerings abominable to the Egyptians before their eyes, will they not stone us? [27] We must go three days\u2019 journey into the wilderness and sacrifice to the LORD our God as he tells us.\u201d [28] So Pharaoh said, \u201cI will let you go to sacrifice to the LORD your God in the wilderness; only you must not go very far away. Plead for me.\u201d [29] Then Moses said, \u201cBehold, I am going out from you and I will plead with the LORD that the swarms of flies may depart from Pharaoh, from his servants, and from his people, tomorrow. Only let not Pharaoh cheat again by not letting the people go to sacrifice to the LORD.\u201d [30] So Moses went out from Pharaoh and prayed to the LORD. [31] And the LORD did as Moses asked, and removed the swarms of flies from Pharaoh, from his servants, and from his people; not one remained. [32] But Pharaoh hardened his heart this time also, and did not let the people go.\n\nFootnotes\n\n(1) 8:1 Ch 7:26 in Hebrew\n\n(2) 8:3 Or *among your people*\n\n(3) 8:5 Ch 8:1 in Hebrew\n\n(4) 8:12 Or *which he had brought upon Pharaoh*\n\n(5) 8:22 Or *that I the Lord am in the land*\n\n(6) 8:23 Septuagint, Vulgate; Hebrew *set redemption*\n (ESV)"]}