{"query": "Exodus 16", "canonical": "Exodus 16", "parsed": [[2016001, 2016036]], "passage_meta": [{"canonical": "Exodus 16", "chapter_start": [2016001, 2016036], "chapter_end": [2016001, 2016036], "prev_verse": 2015027, "next_verse": 2017001, "prev_chapter": [2015001, 2015027], "next_chapter": [2017001, 2017016]}], "passages": ["Exodus 16\n\nBread from Heaven\n\n  [1] They set out from Elim, and all the congregation of the people of Israel came to the wilderness of Sin, which is between Elim and Sinai, on the fifteenth day of the second month after they had departed from the land of Egypt. [2] And the whole congregation of the people of Israel grumbled against Moses and Aaron in the wilderness, [3] and the people of Israel said to them, \u201cWould that we had died by the hand of the LORD in the land of Egypt, when we sat by the meat pots and ate bread to the full, for you have brought us out into this wilderness to kill this whole assembly with hunger.\u201d\n\n  [4] Then the LORD said to Moses, \u201cBehold, I am about to rain bread from heaven for you, and the people shall go out and gather a day\u2019s portion every day, that I may test them, whether they will walk in my law or not. [5] On the sixth day, when they prepare what they bring in, it will be twice as much as they gather daily.\u201d [6] So Moses and Aaron said to all the people of Israel, \u201cAt evening you shall know that it was the LORD who brought you out of the land of Egypt, [7] and in the morning you shall see the glory of the LORD, because he has heard your grumbling against the LORD. For what are we, that you grumble against us?\u201d [8] And Moses said, \u201cWhen the LORD gives you in the evening meat to eat and in the morning bread to the full, because the LORD has heard your grumbling that you grumble against him\u2014what are we? Your grumbling is not against us but against the LORD.\u201d\n\n  [9] Then Moses said to Aaron, \u201cSay to the whole congregation of the people of Israel, \u2018Come near before the LORD, for he has heard your grumbling.\u2019\u201d [10] And as soon as Aaron spoke to the whole congregation of the people of Israel, they looked toward the wilderness, and behold, the glory of the LORD appeared in the cloud. [11] And the LORD said to Moses, [12] \u201cI have heard the grumbling of the people of Israel. Say to them, \u2018At twilight you shall eat meat, and in the morning you shall be filled with bread. Then you shall know that I am the LORD your God.\u2019\u201d\n\n  [13] In the evening quail came up and covered the camp, and in the morning dew lay around the camp. [14] And when the dew had gone up, there was on the face of the wilderness a fine, flake-like thing, fine as frost on the ground. [15] When the people of Israel saw it, they said to one another, \u201cWhat is it?\u201d(1) For they did not know what it was. And Moses said to them, \u201cIt is the bread that the LORD has given you to eat. [16] This is what the LORD has commanded: \u2018Gather of it, each one of you, as much as he can eat. You shall each take an omer,(2) according to the number of the persons that each of you has in his tent.\u2019\u201d [17] And the people of Israel did so. They gathered, some more, some less. [18] But when they measured it with an omer, whoever gathered much had nothing left over, and whoever gathered little had no lack. Each of them gathered as much as he could eat. [19] And Moses said to them, \u201cLet no one leave any of it over till the morning.\u201d [20] But they did not listen to Moses. Some left part of it till the morning, and it bred worms and stank. And Moses was angry with them. [21] Morning by morning they gathered it, each as much as he could eat; but when the sun grew hot, it melted.\n\n  [22] On the sixth day they gathered twice as much bread, two omers each. And when all the leaders of the congregation came and told Moses, [23] he said to them, \u201cThis is what the LORD has commanded: \u2018Tomorrow is a day of solemn rest, a holy Sabbath to the LORD; bake what you will bake and boil what you will boil, and all that is left over lay aside to be kept till the morning.\u2019\u201d [24] So they laid it aside till the morning, as Moses commanded them, and it did not stink, and there were no worms in it. [25] Moses said, \u201cEat it today, for today is a Sabbath to the LORD; today you will not find it in the field. [26] Six days you shall gather it, but on the seventh day, which is a Sabbath, there will be none.\u201d\n\n  [27] On the seventh day some of the people went out to gather, but they found none. [28] And the LORD said to Moses, \u201cHow long will you refuse to keep my commandments and my laws? [29] See! The LORD has given you the Sabbath; therefore on the sixth day he gives you bread for two days. Remain each of you in his place; let no one go out of his place on the seventh day.\u201d [30] So the people rested on the seventh day.\n\n  [31] Now the house of Israel called its name manna. It was like coriander seed, white, and the taste of it was like wafers made with honey. [32] Moses said, \u201cThis is what the LORD has commanded: \u2018Let an omer of it be kept throughout your generations, so that they may see the bread with which I fed you in the wilderness, when I brought you out of the land of Egypt.\u2019\u201d [33] And Moses said to Aaron, \u201cTake a jar, and put an omer of manna in it, and place it before the LORD to be kept throughout your generations.\u201d [34] As the LORD commanded Moses, so Aaron placed it before the testimony to be kept. [35] The people of Israel ate the manna forty years, till they came to a habitable land. They ate the manna till they came to the border of the land of Canaan. [36] (An omer is the tenth part of an ephah.)(3)\n\nFootnotes\n\n(1) 16:15 Or *\u201cIt is manna\u201d*; Hebrew *man hu*\n\n(2) 16:16 An *omer* was about 2 quarts or 2 liters\n\n(3) 16:36 An *ephah* was about 3/5 bushel or 22 liters\n (ESV)"]}