{"query": "Exodus 25", "canonical": "Exodus 25", "parsed": [[2025001, 2025040]], "passage_meta": [{"canonical": "Exodus 25", "chapter_start": [2025001, 2025040], "chapter_end": [2025001, 2025040], "prev_verse": 2024018, "next_verse": 2026001, "prev_chapter": [2024001, 2024018], "next_chapter": [2026001, 2026037]}], "passages": ["Exodus 25\n\nContributions for the Sanctuary\n\n  [1] The LORD said to Moses, [2] \u201cSpeak to the people of Israel, that they take for me a contribution. From every man whose heart moves him you shall receive the contribution for me. [3] And this is the contribution that you shall receive from them: gold, silver, and bronze, [4] blue and purple and scarlet yarns and fine twined linen, goats\u2019 hair, [5] tanned rams\u2019 skins, goatskins,(1) acacia wood, [6] oil for the lamps, spices for the anointing oil and for the fragrant incense, [7] onyx stones, and stones for setting, for the ephod and for the breastpiece. [8] And let them make me a sanctuary, that I may dwell in their midst. [9] Exactly as I show you concerning the pattern of the tabernacle, and of all its furniture, so you shall make it.\n\nThe Ark of the Covenant\n\n  [10] \u201cThey shall make an ark of acacia wood. Two cubits(2) and a half shall be its length, a cubit and a half its breadth, and a cubit and a half its height. [11] You shall overlay it with pure gold, inside and outside shall you overlay it, and you shall make on it a molding of gold around it. [12] You shall cast four rings of gold for it and put them on its four feet, two rings on the one side of it, and two rings on the other side of it. [13] You shall make poles of acacia wood and overlay them with gold. [14] And you shall put the poles into the rings on the sides of the ark to carry the ark by them. [15] The poles shall remain in the rings of the ark; they shall not be taken from it. [16] And you shall put into the ark the testimony that I shall give you.\n\n  [17] \u201cYou shall make a mercy seat(3) of pure gold. Two cubits and a half shall be its length, and a cubit and a half its breadth. [18] And you shall make two cherubim of gold; of hammered work shall you make them, on the two ends of the mercy seat. [19] Make one cherub on the one end, and one cherub on the other end. Of one piece with the mercy seat shall you make the cherubim on its two ends. [20] The cherubim shall spread out their wings above, overshadowing the mercy seat with their wings, their faces one to another; toward the mercy seat shall the faces of the cherubim be. [21] And you shall put the mercy seat on the top of the ark, and in the ark you shall put the testimony that I shall give you. [22] There I will meet with you, and from above the mercy seat, from between the two cherubim that are on the ark of the testimony, I will speak with you about all that I will give you in commandment for the people of Israel.\n\nThe Table for Bread\n\n  [23] \u201cYou shall make a table of acacia wood. Two cubits shall be its length, a cubit its breadth, and a cubit and a half its height. [24] You shall overlay it with pure gold and make a molding of gold around it. [25] And you shall make a rim around it a handbreadth(4) wide, and a molding of gold around the rim. [26] And you shall make for it four rings of gold, and fasten the rings to the four corners at its four legs. [27] Close to the frame the rings shall lie, as holders for the poles to carry the table. [28] You shall make the poles of acacia wood, and overlay them with gold, and the table shall be carried with these. [29] And you shall make its plates and dishes for incense, and its flagons and bowls with which to pour drink offerings; you shall make them of pure gold. [30] And you shall set the bread of the Presence on the table before me regularly.\n\nThe Golden Lampstand\n\n  [31] \u201cYou shall make a lampstand of pure gold. The lampstand shall be made of hammered work: its base, its stem, its cups, its calyxes, and its flowers shall be of one piece with it. [32] And there shall be six branches going out of its sides, three branches of the lampstand out of one side of it and three branches of the lampstand out of the other side of it; [33] three cups made like almond blossoms, each with calyx and flower, on one branch, and three cups made like almond blossoms, each with calyx and flower, on the other branch\u2014so for the six branches going out of the lampstand. [34] And on the lampstand itself there shall be four cups made like almond blossoms, with their calyxes and flowers, [35] and a calyx of one piece with it under each pair of the six branches going out from the lampstand. [36] Their calyxes and their branches shall be of one piece with it, the whole of it a single piece of hammered work of pure gold. [37] You shall make seven lamps for it. And the lamps shall be set up so as to give light on the space in front of it. [38] Its tongs and their trays shall be of pure gold. [39] It shall be made, with all these utensils, out of a talent(5) of pure gold. [40] And see that you make them after the pattern for them, which is being shown you on the mountain.\n\nFootnotes\n\n(1) 25:5 Uncertain; possibly *dolphin skins*, or *dugong skins*; compare 26:14\n\n(2) 25:10 A *cubit* was about 18 inches or 45 centimeters\n\n(3) 25:17 Or *cover*\n\n(4) 25:25 A *handbreadth* was about 3 inches or 7.5 centimeters\n\n(5) 25:39 A *talent* was about 75 pounds or 34 kilograms\n (ESV)"]}