{"query": "Exodus 22", "canonical": "Exodus 22", "parsed": [[2022001, 2022031]], "passage_meta": [{"canonical": "Exodus 22", "chapter_start": [2022001, 2022031], "chapter_end": [2022001, 2022031], "prev_verse": 2021036, "next_verse": 2023001, "prev_chapter": [2021001, 2021036], "next_chapter": [2023001, 2023033]}], "passages": ["Exodus 22\n\n  [1] \u201cIf a man steals an ox or a sheep, and kills it or sells it, he shall repay five oxen for an ox, and four sheep for a sheep. [2] (1) If a thief is found breaking in and is struck so that he dies, there shall be no bloodguilt for him, [3] but if the sun has risen on him, there shall be bloodguilt for him. He(2) shall surely pay. If he has nothing, then he shall be sold for his theft. [4] If the stolen beast is found alive in his possession, whether it is an ox or a donkey or a sheep, he shall pay double.\n\n  [5] \u201cIf a man causes a field or vineyard to be grazed over, or lets his beast loose and it feeds in another man\u2019s field, he shall make restitution from the best in his own field and in his own vineyard.\n\n  [6] \u201cIf fire breaks out and catches in thorns so that the stacked grain or the standing grain or the field is consumed, he who started the fire shall make full restitution.\n\n  [7] \u201cIf a man gives to his neighbor money or goods to keep safe, and it is stolen from the man\u2019s house, then, if the thief is found, he shall pay double. [8] If the thief is not found, the owner of the house shall come near to God to show whether or not he has put his hand to his neighbor\u2019s property. [9] For every breach of trust, whether it is for an ox, for a donkey, for a sheep, for a cloak, or for any kind of lost thing, of which one says, \u2018This is it,\u2019 the case of both parties shall come before God. The one whom God condemns shall pay double to his neighbor.\n\n  [10] \u201cIf a man gives to his neighbor a donkey or an ox or a sheep or any beast to keep safe, and it dies or is injured or is driven away, without anyone seeing it, [11] an oath by the LORD shall be between them both to see whether or not he has put his hand to his neighbor\u2019s property. The owner shall accept the oath, and he shall not make restitution. [12] But if it is stolen from him, he shall make restitution to its owner. [13] If it is torn by beasts, let him bring it as evidence. He shall not make restitution for what has been torn.\n\n  [14] \u201cIf a man borrows anything of his neighbor, and it is injured or dies, the owner not being with it, he shall make full restitution. [15] If the owner was with it, he shall not make restitution; if it was hired, it came for its hiring fee.(3)\n\nLaws About Social Justice\n\n  [16] \u201cIf a man seduces a virgin(4) who is not betrothed and lies with her, he shall give the bride-price(5) for her and make her his wife. [17] If her father utterly refuses to give her to him, he shall pay money equal to the bride-price for virgins.\n\n  [18] \u201cYou shall not permit a sorceress to live.\n\n  [19] \u201cWhoever lies with an animal shall be put to death.\n\n  [20] \u201cWhoever sacrifices to any god, other than the LORD alone, shall be devoted to destruction.(6)\n\n  [21] \u201cYou shall not wrong a sojourner or oppress him, for you were sojourners in the land of Egypt. [22] You shall not mistreat any widow or fatherless child. [23] If you do mistreat them, and they cry out to me, I will surely hear their cry, [24] and my wrath will burn, and I will kill you with the sword, and your wives shall become widows and your children fatherless.\n\n  [25] \u201cIf you lend money to any of my people with you who is poor, you shall not be like a moneylender to him, and you shall not exact interest from him. [26] If ever you take your neighbor\u2019s cloak in pledge, you shall return it to him before the sun goes down, [27] for that is his only covering, and it is his cloak for his body; in what else shall he sleep? And if he cries to me, I will hear, for I am compassionate.\n\n  [28] \u201cYou shall not revile God, nor curse a ruler of your people.\n\n  [29] \u201cYou shall not delay to offer from the fullness of your harvest and from the outflow of your presses. The firstborn of your sons you shall give to me. [30] You shall do the same with your oxen and with your sheep: seven days it shall be with its mother; on the eighth day you shall give it to me.\n\n  [31] \u201cYou shall be consecrated to me. Therefore you shall not eat any flesh that is torn by beasts in the field; you shall throw it to the dogs.\n\nFootnotes\n\n(1) 22:2 Ch 22:1 in Hebrew\n\n(2) 22:3 That is, the thief\n\n(3) 22:15 Or *it is reckoned in* (Hebrew *comes into*) *its hiring fee*\n\n(4) 22:16 Or *a girl of marriageable age*; also verse 17\n\n(5) 22:16 Or *engagement present*; also verse 17\n\n(6) 22:20 That is, set apart (devoted) as an offering to the Lord (for destruction)\n (ESV)"]}