{"query": "Exodus 35", "canonical": "Exodus 35", "parsed": [[2035001, 2035035]], "passage_meta": [{"canonical": "Exodus 35", "chapter_start": [2035001, 2035035], "chapter_end": [2035001, 2035035], "prev_verse": 2034035, "next_verse": 2036001, "prev_chapter": [2034001, 2034035], "next_chapter": [2036001, 2036038]}], "passages": ["Exodus 35\n\nSabbath Regulations\n\n  [1] Moses assembled all the congregation of the people of Israel and said to them, \u201cThese are the things that the LORD has commanded you to do. [2] Six days work shall be done, but on the seventh day you shall have a Sabbath of solemn rest, holy to the LORD. Whoever does any work on it shall be put to death. [3] You shall kindle no fire in all your dwelling places on the Sabbath day.\u201d\n\nContributions for the Tabernacle\n\n  [4] Moses said to all the congregation of the people of Israel, \u201cThis is the thing that the LORD has commanded. [5] Take from among you a contribution to the LORD. Whoever is of a generous heart, let him bring the LORD\u2019s contribution: gold, silver, and bronze; [6] blue and purple and scarlet yarns and fine twined linen; goats\u2019 hair, [7] tanned rams\u2019 skins, and goatskins;(1) acacia wood, [8] oil for the light, spices for the anointing oil and for the fragrant incense, [9] and onyx stones and stones for setting, for the ephod and for the breastpiece.\n\n  [10] \u201cLet every skillful craftsman among you come and make all that the LORD has commanded: [11] the tabernacle, its tent and its covering, its hooks and its frames, its bars, its pillars, and its bases; [12] the ark with its poles, the mercy seat, and the veil of the screen; [13] the table with its poles and all its utensils, and the bread of the Presence; [14] the lampstand also for the light, with its utensils and its lamps, and the oil for the light; [15] and the altar of incense, with its poles, and the anointing oil and the fragrant incense, and the screen for the door, at the door of the tabernacle; [16] the altar of burnt offering, with its grating of bronze, its poles, and all its utensils, the basin and its stand; [17] the hangings of the court, its pillars and its bases, and the screen for the gate of the court; [18] the pegs of the tabernacle and the pegs of the court, and their cords; [19] the finely worked garments for ministering(2) in the Holy Place, the holy garments for Aaron the priest, and the garments of his sons, for their service as priests.\u201d\n\n  [20] Then all the congregation of the people of Israel departed from the presence of Moses. [21] And they came, everyone whose heart stirred him, and everyone whose spirit moved him, and brought the LORD\u2019s contribution to be used for the tent of meeting, and for all its service, and for the holy garments. [22] So they came, both men and women. All who were of a willing heart brought brooches and earrings and signet rings and armlets, all sorts of gold objects, every man dedicating an offering of gold to the LORD. [23] And every one who possessed blue or purple or scarlet yarns or fine linen or goats\u2019 hair or tanned rams\u2019 skins or goatskins brought them. [24] Everyone who could make a contribution of silver or bronze brought it as the LORD\u2019s contribution. And every one who possessed acacia wood of any use in the work brought it. [25] And every skillful woman spun with her hands, and they all brought what they had spun in blue and purple and scarlet yarns and fine twined linen. [26] All the women whose hearts stirred them to use their skill spun the goats\u2019 hair. [27] And the leaders brought onyx stones and stones to be set, for the ephod and for the breastpiece, [28] and spices and oil for the light, and for the anointing oil, and for the fragrant incense. [29] All the men and women, the people of Israel, whose heart moved them to bring anything for the work that the LORD had commanded by Moses to be done brought it as a freewill offering to the LORD.\n\nConstruction of the Tabernacle\n\n  [30] Then Moses said to the people of Israel, \u201cSee, the LORD has called by name Bezalel the son of Uri, son of Hur, of the tribe of Judah; [31] and he has filled him with the Spirit of God, with skill, with intelligence, with knowledge, and with all craftsmanship, [32] to devise artistic designs, to work in gold and silver and bronze, [33] in cutting stones for setting, and in carving wood, for work in every skilled craft. [34] And he has inspired him to teach, both him and Oholiab the son of Ahisamach of the tribe of Dan. [35] He has filled them with skill to do every sort of work done by an engraver or by a designer or by an embroiderer in blue and purple and scarlet yarns and fine twined linen, or by a weaver\u2014by any sort of workman or skilled designer.\n\nFootnotes\n\n(1) 35:7 The meaning of the Hebrew word is uncertain; also verse 23; compare 25:5\n\n(2) 35:19 Or *garments for worship*; see 31:10\n (ESV)"]}