{"query": "Exodus 6", "canonical": "Exodus 6", "parsed": [[2006001, 2006030]], "passage_meta": [{"canonical": "Exodus 6", "chapter_start": [2006001, 2006030], "chapter_end": [2006001, 2006030], "prev_verse": 2005023, "next_verse": 2007001, "prev_chapter": [2005001, 2005023], "next_chapter": [2007001, 2007025]}], "passages": ["Exodus 6\n\nGod Promises Deliverance\n\n  [1] But the LORD said to Moses, \u201cNow you shall see what I will do to Pharaoh; for with a strong hand he will send them out, and with a strong hand he will drive them out of his land.\u201d\n\n  [2] God spoke to Moses and said to him, \u201cI am the LORD. [3] I appeared to Abraham, to Isaac, and to Jacob, as God Almighty,(1) but by my name the LORD I did not make myself known to them. [4] I also established my covenant with them to give them the land of Canaan, the land in which they lived as sojourners. [5] Moreover, I have heard the groaning of the people of Israel whom the Egyptians hold as slaves, and I have remembered my covenant. [6] Say therefore to the people of Israel, \u2018I am the LORD, and I will bring you out from under the burdens of the Egyptians, and I will deliver you from slavery to them, and I will redeem you with an outstretched arm and with great acts of judgment. [7] I will take you to be my people, and I will be your God, and you shall know that I am the LORD your God, who has brought you out from under the burdens of the Egyptians. [8] I will bring you into the land that I swore to give to Abraham, to Isaac, and to Jacob. I will give it to you for a possession. I am the LORD.\u2019\u201d [9] Moses spoke thus to the people of Israel, but they did not listen to Moses, because of their broken spirit and harsh slavery.\n\n  [10] So the LORD said to Moses, [11] \u201cGo in, tell Pharaoh king of Egypt to let the people of Israel go out of his land.\u201d [12] But Moses said to the LORD, \u201cBehold, the people of Israel have not listened to me. How then shall Pharaoh listen to me, for I am of uncircumcised lips?\u201d [13] But the LORD spoke to Moses and Aaron and gave them a charge about the people of Israel and about Pharaoh king of Egypt: to bring the people of Israel out of the land of Egypt.\n\nThe Genealogy of Moses and Aaron\n\n  [14] These are the heads of their fathers\u2019 houses: the sons of Reuben, the firstborn of Israel: Hanoch, Pallu, Hezron, and Carmi; these are the clans of Reuben. [15] The sons of Simeon: Jemuel, Jamin, Ohad, Jachin, Zohar, and Shaul, the son of a Canaanite woman; these are the clans of Simeon. [16] These are the names of the sons of Levi according to their generations: Gershon, Kohath, and Merari, the years of the life of Levi being 137 years. [17] The sons of Gershon: Libni and Shimei, by their clans. [18] The sons of Kohath: Amram, Izhar, Hebron, and Uzziel, the years of the life of Kohath being 133 years. [19] The sons of Merari: Mahli and Mushi. These are the clans of the Levites according to their generations. [20] Amram took as his wife Jochebed his father\u2019s sister, and she bore him Aaron and Moses, the years of the life of Amram being 137 years. [21] The sons of Izhar: Korah, Nepheg, and Zichri. [22] The sons of Uzziel: Mishael, Elzaphan, and Sithri. [23] Aaron took as his wife Elisheba, the daughter of Amminadab and the sister of Nahshon, and she bore him Nadab, Abihu, Eleazar, and Ithamar. [24] The sons of Korah: Assir, Elkanah, and Abiasaph; these are the clans of the Korahites. [25] Eleazar, Aaron\u2019s son, took as his wife one of the daughters of Putiel, and she bore him Phinehas. These are the heads of the fathers\u2019 houses of the Levites by their clans.\n\n  [26] These are the Aaron and Moses to whom the LORD said: \u201cBring out the people of Israel from the land of Egypt by their hosts.\u201d [27] It was they who spoke to Pharaoh king of Egypt about bringing out the people of Israel from Egypt, this Moses and this Aaron.\n\n  [28] On the day when the LORD spoke to Moses in the land of Egypt, [29] the LORD said to Moses, \u201cI am the LORD; tell Pharaoh king of Egypt all that I say to you.\u201d [30] But Moses said to the LORD, \u201cBehold, I am of uncircumcised lips. How will Pharaoh listen to me?\u201d\n\nFootnotes\n\n(1) 6:3 Hebrew *El Shaddai*\n (ESV)"]}