{"query": "Exodus 5", "canonical": "Exodus 5", "parsed": [[2005001, 2005023]], "passage_meta": [{"canonical": "Exodus 5", "chapter_start": [2005001, 2005023], "chapter_end": [2005001, 2005023], "prev_verse": 2004031, "next_verse": 2006001, "prev_chapter": [2004001, 2004031], "next_chapter": [2006001, 2006030]}], "passages": ["Exodus 5\n\nMaking Bricks Without Straw\n\n  [1] Afterward Moses and Aaron went and said to Pharaoh, \u201cThus says the LORD, the God of Israel, \u2018Let my people go, that they may hold a feast to me in the wilderness.\u2019\u201d [2] But Pharaoh said, \u201cWho is the LORD, that I should obey his voice and let Israel go? I do not know the LORD, and moreover, I will not let Israel go.\u201d [3] Then they said, \u201cThe God of the Hebrews has met with us. Please let us go a three days\u2019 journey into the wilderness that we may sacrifice to the LORD our God, lest he fall upon us with pestilence or with the sword.\u201d [4] But the king of Egypt said to them, \u201cMoses and Aaron, why do you take the people away from their work? Get back to your burdens.\u201d [5] And Pharaoh said, \u201cBehold, the people of the land are now many,(1) and you make them rest from their burdens!\u201d [6] The same day Pharaoh commanded the taskmasters of the people and their foremen, [7] \u201cYou shall no longer give the people straw to make bricks, as in the past; let them go and gather straw for themselves. [8] But the number of bricks that they made in the past you shall impose on them, you shall by no means reduce it, for they are idle. Therefore they cry, \u2018Let us go and offer sacrifice to our God.\u2019 [9] Let heavier work be laid on the men that they may labor at it and pay no regard to lying words.\u201d\n\n  [10] So the taskmasters and the foremen of the people went out and said to the people, \u201cThus says Pharaoh, \u2018I will not give you straw. [11] Go and get your straw yourselves wherever you can find it, but your work will not be reduced in the least.\u2019\u201d [12] So the people were scattered throughout all the land of Egypt to gather stubble for straw. [13] The taskmasters were urgent, saying, \u201cComplete your work, your daily task each day, as when there was straw.\u201d [14] And the foremen of the people of Israel, whom Pharaoh\u2019s taskmasters had set over them, were beaten and were asked, \u201cWhy have you not done all your task of making bricks today and yesterday, as in the past?\u201d\n\n  [15] Then the foremen of the people of Israel came and cried to Pharaoh, \u201cWhy do you treat your servants like this? [16] No straw is given to your servants, yet they say to us, \u2018Make bricks!\u2019 And behold, your servants are beaten; but the fault is in your own people.\u201d [17] But he said, \u201cYou are idle, you are idle; that is why you say, \u2018Let us go and sacrifice to the LORD.\u2019 [18] Go now and work. No straw will be given you, but you must still deliver the same number of bricks.\u201d [19] The foremen of the people of Israel saw that they were in trouble when they said, \u201cYou shall by no means reduce your number of bricks, your daily task each day.\u201d [20] They met Moses and Aaron, who were waiting for them, as they came out from Pharaoh; [21] and they said to them, \u201cThe LORD look on you and judge, because you have made us stink in the sight of Pharaoh and his servants, and have put a sword in their hand to kill us.\u201d\n\n  [22] Then Moses turned to the LORD and said, \u201cO Lord, why have you done evil to this people? Why did you ever send me? [23] For since I came to Pharaoh to speak in your name, he has done evil to this people, and you have not delivered your people at all.\u201d\n\nFootnotes\n\n(1) 5:5 Samaritan *they are now more numerous than the people of the land*\n (ESV)"]}