{"query": "Exodus 17", "canonical": "Exodus 17", "parsed": [[2017001, 2017016]], "passage_meta": [{"canonical": "Exodus 17", "chapter_start": [2017001, 2017016], "chapter_end": [2017001, 2017016], "prev_verse": 2016036, "next_verse": 2018001, "prev_chapter": [2016001, 2016036], "next_chapter": [2018001, 2018027]}], "passages": ["Exodus 17\n\nWater from the Rock\n\n  [1] All the congregation of the people of Israel moved on from the wilderness of Sin by stages, according to the commandment of the LORD, and camped at Rephidim, but there was no water for the people to drink. [2] Therefore the people quarreled with Moses and said, \u201cGive us water to drink.\u201d And Moses said to them, \u201cWhy do you quarrel with me? Why do you test the LORD?\u201d [3] But the people thirsted there for water, and the people grumbled against Moses and said, \u201cWhy did you bring us up out of Egypt, to kill us and our children and our livestock with thirst?\u201d [4] So Moses cried to the LORD, \u201cWhat shall I do with this people? They are almost ready to stone me.\u201d [5] And the LORD said to Moses, \u201cPass on before the people, taking with you some of the elders of Israel, and take in your hand the staff with which you struck the Nile, and go. [6] Behold, I will stand before you there on the rock at Horeb, and you shall strike the rock, and water shall come out of it, and the people will drink.\u201d And Moses did so, in the sight of the elders of Israel. [7] And he called the name of the place Massah(1) and Meribah,(2) because of the quarreling of the people of Israel, and because they tested the LORD by saying, \u201cIs the LORD among us or not?\u201d\n\nIsrael Defeats Amalek\n\n  [8] Then Amalek came and fought with Israel at Rephidim. [9] So Moses said to Joshua, \u201cChoose for us men, and go out and fight with Amalek. Tomorrow I will stand on the top of the hill with the staff of God in my hand.\u201d [10] So Joshua did as Moses told him, and fought with Amalek, while Moses, Aaron, and Hur went up to the top of the hill. [11] Whenever Moses held up his hand, Israel prevailed, and whenever he lowered his hand, Amalek prevailed. [12] But Moses\u2019 hands grew weary, so they took a stone and put it under him, and he sat on it, while Aaron and Hur held up his hands, one on one side, and the other on the other side. So his hands were steady until the going down of the sun. [13] And Joshua overwhelmed Amalek and his people with the sword.\n\n  [14] Then the LORD said to Moses, \u201cWrite this as a memorial in a book and recite it in the ears of Joshua, that I will utterly blot out the memory of Amalek from under heaven.\u201d [15] And Moses built an altar and called the name of it, The LORD Is My Banner, [16] saying, \u201cA hand upon the throne(3) of the LORD! The LORD will have war with Amalek from generation to generation.\u201d\n\nFootnotes\n\n(1) 17:7 *Massah* means *testing*\n\n(2) 17:7 *Meribah* means *quarreling*\n\n(3) 17:16 A slight change would yield *upon the banner*\n (ESV)"]}