{"query": "Exodus 24", "canonical": "Exodus 24", "parsed": [[2024001, 2024018]], "passage_meta": [{"canonical": "Exodus 24", "chapter_start": [2024001, 2024018], "chapter_end": [2024001, 2024018], "prev_verse": 2023033, "next_verse": 2025001, "prev_chapter": [2023001, 2023033], "next_chapter": [2025001, 2025040]}], "passages": ["Exodus 24\n\nThe Covenant Confirmed\n\n  [1] Then he said to Moses, \u201cCome up to the LORD, you and Aaron, Nadab, and Abihu, and seventy of the elders of Israel, and worship from afar. [2] Moses alone shall come near to the LORD, but the others shall not come near, and the people shall not come up with him.\u201d\n\n  [3] Moses came and told the people all the words of the LORD and all the rules.(1) And all the people answered with one voice and said, \u201cAll the words that the LORD has spoken we will do.\u201d [4] And Moses wrote down all the words of the LORD. He rose early in the morning and built an altar at the foot of the mountain, and twelve pillars, according to the twelve tribes of Israel. [5] And he sent young men of the people of Israel, who offered burnt offerings and sacrificed peace offerings of oxen to the LORD. [6] And Moses took half of the blood and put it in basins, and half of the blood he threw against the altar. [7] Then he took the Book of the Covenant and read it in the hearing of the people. And they said, \u201cAll that the LORD has spoken we will do, and we will be obedient.\u201d [8] And Moses took the blood and threw it on the people and said, \u201cBehold the blood of the covenant that the LORD has made with you in accordance with all these words.\u201d\n\n  [9] Then Moses and Aaron, Nadab, and Abihu, and seventy of the elders of Israel went up, [10] and they saw the God of Israel. There was under his feet as it were a pavement of sapphire stone, like the very heaven for clearness. [11] And he did not lay his hand on the chief men of the people of Israel; they beheld God, and ate and drank.\n\n  [12] The LORD said to Moses, \u201cCome up to me on the mountain and wait there, that I may give you the tablets of stone, with the law and the commandment, which I have written for their instruction.\u201d [13] So Moses rose with his assistant Joshua, and Moses went up into the mountain of God. [14] And he said to the elders, \u201cWait here for us until we return to you. And behold, Aaron and Hur are with you. Whoever has a dispute, let him go to them.\u201d\n\n  [15] Then Moses went up on the mountain, and the cloud covered the mountain. [16] The glory of the LORD dwelt on Mount Sinai, and the cloud covered it six days. And on the seventh day he called to Moses out of the midst of the cloud. [17] Now the appearance of the glory of the LORD was like a devouring fire on the top of the mountain in the sight of the people of Israel. [18] Moses entered the cloud and went up on the mountain. And Moses was on the mountain forty days and forty nights.\n\nFootnotes\n\n(1) 24:3 Or *all the just decrees*\n (ESV)"]}