{"query": "Exodus 30", "canonical": "Exodus 30", "parsed": [[2030001, 2030038]], "passage_meta": [{"canonical": "Exodus 30", "chapter_start": [2030001, 2030038], "chapter_end": [2030001, 2030038], "prev_verse": 2029046, "next_verse": 2031001, "prev_chapter": [2029001, 2029046], "next_chapter": [2031001, 2031018]}], "passages": ["Exodus 30\n\nThe Altar of Incense\n\n  [1] \u201cYou shall make an altar on which to burn incense; you shall make it of acacia wood. [2] A cubit(1) shall be its length, and a cubit its breadth. It shall be square, and two cubits shall be its height. Its horns shall be of one piece with it. [3] You shall overlay it with pure gold, its top and around its sides and its horns. And you shall make a molding of gold around it. [4] And you shall make two golden rings for it. Under its molding on two opposite sides of it you shall make them, and they shall be holders for poles with which to carry it. [5] You shall make the poles of acacia wood and overlay them with gold. [6] And you shall put it in front of the veil that is above the ark of the testimony, in front of the mercy seat that is above the testimony, where I will meet with you. [7] And Aaron shall burn fragrant incense on it. Every morning when he dresses the lamps he shall burn it, [8] and when Aaron sets up the lamps at twilight, he shall burn it, a regular incense offering before the LORD throughout your generations. [9] You shall not offer unauthorized incense on it, or a burnt offering, or a grain offering, and you shall not pour a drink offering on it. [10] Aaron shall make atonement on its horns once a year. With the blood of the sin offering of atonement he shall make atonement for it once in the year throughout your generations. It is most holy to the LORD.\u201d\n\nThe Census Tax\n\n  [11] The LORD said to Moses, [12] \u201cWhen you take the census of the people of Israel, then each shall give a ransom for his life to the LORD when you number them, that there be no plague among them when you number them. [13] Each one who is numbered in the census shall give this: half a shekel(2) according to the shekel of the sanctuary (the shekel is twenty gerahs),(3) half a shekel as an offering to the LORD. [14] Everyone who is numbered in the census, from twenty years old and upward, shall give the LORD\u2019s offering. [15] The rich shall not give more, and the poor shall not give less, than the half shekel, when you give the LORD\u2019s offering to make atonement for your lives. [16] You shall take the atonement money from the people of Israel and shall give it for the service of the tent of meeting, that it may bring the people of Israel to remembrance before the LORD, so as to make atonement for your lives.\u201d\n\nThe Bronze Basin\n\n  [17] The LORD said to Moses, [18] \u201cYou shall also make a basin of bronze, with its stand of bronze, for washing. You shall put it between the tent of meeting and the altar, and you shall put water in it, [19] with which Aaron and his sons shall wash their hands and their feet. [20] When they go into the tent of meeting, or when they come near the altar to minister, to burn a food offering(4) to the LORD, they shall wash with water, so that they may not die. [21] They shall wash their hands and their feet, so that they may not die. It shall be a statute forever to them, even to him and to his offspring throughout their generations.\u201d\n\nThe Anointing Oil and Incense\n\n  [22] The LORD said to Moses, [23] \u201cTake the finest spices: of liquid myrrh 500 shekels, and of sweet-smelling cinnamon half as much, that is, 250, and 250 of aromatic cane, [24] and 500 of cassia, according to the shekel of the sanctuary, and a hin(5) of olive oil. [25] And you shall make of these a sacred anointing oil blended as by the perfumer; it shall be a holy anointing oil. [26] With it you shall anoint the tent of meeting and the ark of the testimony, [27] and the table and all its utensils, and the lampstand and its utensils, and the altar of incense, [28] and the altar of burnt offering with all its utensils and the basin and its stand. [29] You shall consecrate them, that they may be most holy. Whatever touches them will become holy. [30] You shall anoint Aaron and his sons, and consecrate them, that they may serve me as priests. [31] And you shall say to the people of Israel, \u2018This shall be my holy anointing oil throughout your generations. [32] It shall not be poured on the body of an ordinary person, and you shall make no other like it in composition. It is holy, and it shall be holy to you. [33] Whoever compounds any like it or whoever puts any of it on an outsider shall be cut off from his people.\u2019\u201d\n\n  [34] The LORD said to Moses, \u201cTake sweet spices, stacte, and onycha, and galbanum, sweet spices with pure frankincense (of each shall there be an equal part), [35] and make an incense blended as by the perfumer, seasoned with salt, pure and holy. [36] You shall beat some of it very small, and put part of it before the testimony in the tent of meeting where I shall meet with you. It shall be most holy for you. [37] And the incense that you shall make according to its composition, you shall not make for yourselves. It shall be for you holy to the LORD. [38] Whoever makes any like it to use as perfume shall be cut off from his people.\u201d\n\nFootnotes\n\n(1) 30:2 A *cubit* was about 18 inches or 45 centimeters\n\n(2) 30:13 A *shekel* was about 2/5 ounce or 11 grams\n\n(3) 30:13 A *gerah* was about 1/50 ounce or 0.6 gram\n\n(4) 30:20 Or *an offering by fire*\n\n(5) 30:24 A *hin* was about 4 quarts or 3.5 liters\n (ESV)"]}