{"query": "Exodus 32", "canonical": "Exodus 32", "parsed": [[2032001, 2032035]], "passage_meta": [{"canonical": "Exodus 32", "chapter_start": [2032001, 2032035], "chapter_end": [2032001, 2032035], "prev_verse": 2031018, "next_verse": 2033001, "prev_chapter": [2031001, 2031018], "next_chapter": [2033001, 2033023]}], "passages": ["Exodus 32\n\nThe Golden Calf\n\n  [1] When the people saw that Moses delayed to come down from the mountain, the people gathered themselves together to Aaron and said to him, \u201cUp, make us gods who shall go before us. As for this Moses, the man who brought us up out of the land of Egypt, we do not know what has become of him.\u201d [2] So Aaron said to them, \u201cTake off the rings of gold that are in the ears of your wives, your sons, and your daughters, and bring them to me.\u201d [3] So all the people took off the rings of gold that were in their ears and brought them to Aaron. [4] And he received the gold from their hand and fashioned it with a graving tool and made a golden(1) calf. And they said, \u201cThese are your gods, O Israel, who brought you up out of the land of Egypt!\u201d [5] When Aaron saw this, he built an altar before it. And Aaron made a proclamation and said, \u201cTomorrow shall be a feast to the LORD.\u201d [6] And they rose up early the next day and offered burnt offerings and brought peace offerings. And the people sat down to eat and drink and rose up to play.\n\n  [7] And the LORD said to Moses, \u201cGo down, for your people, whom you brought up out of the land of Egypt, have corrupted themselves. [8] They have turned aside quickly out of the way that I commanded them. They have made for themselves a golden calf and have worshiped it and sacrificed to it and said, \u2018These are your gods, O Israel, who brought you up out of the land of Egypt!\u2019\u201d [9] And the LORD said to Moses, \u201cI have seen this people, and behold, it is a stiff-necked people. [10] Now therefore let me alone, that my wrath may burn hot against them and I may consume them, in order that I may make a great nation of you.\u201d\n\n  [11] But Moses implored the LORD his God and said, \u201cO LORD, why does your wrath burn hot against your people, whom you have brought out of the land of Egypt with great power and with a mighty hand? [12] Why should the Egyptians say, \u2018With evil intent did he bring them out, to kill them in the mountains and to consume them from the face of the earth\u2019? Turn from your burning anger and relent from this disaster against your people. [13] Remember Abraham, Isaac, and Israel, your servants, to whom you swore by your own self, and said to them, \u2018I will multiply your offspring as the stars of heaven, and all this land that I have promised I will give to your offspring, and they shall inherit it forever.\u2019\u201d [14] And the LORD relented from the disaster that he had spoken of bringing on his people.\n\n  [15] Then Moses turned and went down from the mountain with the two tablets of the testimony in his hand, tablets that were written on both sides; on the front and on the back they were written. [16] The tablets were the work of God, and the writing was the writing of God, engraved on the tablets. [17] When Joshua heard the noise of the people as they shouted, he said to Moses, \u201cThere is a noise of war in the camp.\u201d [18] But he said, \u201cIt is not the sound of shouting for victory, or the sound of the cry of defeat, but the sound of singing that I hear.\u201d [19] And as soon as he came near the camp and saw the calf and the dancing, Moses\u2019 anger burned hot, and he threw the tablets out of his hands and broke them at the foot of the mountain. [20] He took the calf that they had made and burned it with fire and ground it to powder and scattered it on the water and made the people of Israel drink it.\n\n  [21] And Moses said to Aaron, \u201cWhat did this people do to you that you have brought such a great sin upon them?\u201d [22] And Aaron said, \u201cLet not the anger of my lord burn hot. You know the people, that they are set on evil. [23] For they said to me, \u2018Make us gods who shall go before us. As for this Moses, the man who brought us up out of the land of Egypt, we do not know what has become of him.\u2019 [24] So I said to them, \u2018Let any who have gold take it off.\u2019 So they gave it to me, and I threw it into the fire, and out came this calf.\u201d\n\n  [25] And when Moses saw that the people had broken loose (for Aaron had let them break loose, to the derision of their enemies), [26] then Moses stood in the gate of the camp and said, \u201cWho is on the LORD\u2019s side? Come to me.\u201d And all the sons of Levi gathered around him. [27] And he said to them, \u201cThus says the LORD God of Israel, \u2018Put your sword on your side each of you, and go to and fro from gate to gate throughout the camp, and each of you kill his brother and his companion and his neighbor.\u2019\u201d [28] And the sons of Levi did according to the word of Moses. And that day about three thousand men of the people fell. [29] And Moses said, \u201cToday you have been ordained for the service of the LORD, each one at the cost of his son and of his brother, so that he might bestow a blessing upon you this day.\u201d\n\n  [30] The next day Moses said to the people, \u201cYou have sinned a great sin. And now I will go up to the LORD; perhaps I can make atonement for your sin.\u201d [31] So Moses returned to the LORD and said, \u201cAlas, this people has sinned a great sin. They have made for themselves gods of gold. [32] But now, if you will forgive their sin\u2014but if not, please blot me out of your book that you have written.\u201d [33] But the LORD said to Moses, \u201cWhoever has sinned against me, I will blot out of my book. [34] But now go, lead the people to the place about which I have spoken to you; behold, my angel shall go before you. Nevertheless, in the day when I visit, I will visit their sin upon them.\u201d\n\n  [35] Then the LORD sent a plague on the people, because they made the calf, the one that Aaron made.\n\nFootnotes\n\n(1) 32:4 Hebrew *cast metal*; also verse 8\n (ESV)"]}