{"query": "Exodus 20", "canonical": "Exodus 20", "parsed": [[2020001, 2020026]], "passage_meta": [{"canonical": "Exodus 20", "chapter_start": [2020001, 2020026], "chapter_end": [2020001, 2020026], "prev_verse": 2019025, "next_verse": 2021001, "prev_chapter": [2019001, 2019025], "next_chapter": [2021001, 2021036]}], "passages": ["Exodus 20\n\nThe Ten Commandments\n\n  [1] And God spoke all these words, saying,\n\n  [2] \u201cI am the LORD your God, who brought you out of the land of Egypt, out of the house of slavery.\n\n  [3] \u201cYou shall have no other gods before(1) me.\n\n  [4] \u201cYou shall not make for yourself a carved image, or any likeness of anything that is in heaven above, or that is in the earth beneath, or that is in the water under the earth. [5] You shall not bow down to them or serve them, for I the LORD your God am a jealous God, visiting the iniquity of the fathers on the children to the third and the fourth generation of those who hate me, [6] but showing steadfast love to thousands(2) of those who love me and keep my commandments.\n\n  [7] \u201cYou shall not take the name of the LORD your God in vain, for the LORD will not hold him guiltless who takes his name in vain.\n\n  [8] \u201cRemember the Sabbath day, to keep it holy. [9] Six days you shall labor, and do all your work, [10] but the seventh day is a Sabbath to the LORD your God. On it you shall not do any work, you, or your son, or your daughter, your male servant, or your female servant, or your livestock, or the sojourner who is within your gates. [11] For in six days the LORD made heaven and earth, the sea, and all that is in them, and rested on the seventh day. Therefore the LORD blessed the Sabbath day and made it holy.\n\n  [12] \u201cHonor your father and your mother, that your days may be long in the land that the LORD your God is giving you.\n\n  [13] \u201cYou shall not murder.(3)\n\n  [14] \u201cYou shall not commit adultery.\n\n  [15] \u201cYou shall not steal.\n\n  [16] \u201cYou shall not bear false witness against your neighbor.\n\n  [17] \u201cYou shall not covet your neighbor\u2019s house; you shall not covet your neighbor\u2019s wife, or his male servant, or his female servant, or his ox, or his donkey, or anything that is your neighbor\u2019s.\u201d\n\n  [18] Now when all the people saw the thunder and the flashes of lightning and the sound of the trumpet and the mountain smoking, the people were afraid(4) and trembled, and they stood far off [19] and said to Moses, \u201cYou speak to us, and we will listen; but do not let God speak to us, lest we die.\u201d [20] Moses said to the people, \u201cDo not fear, for God has come to test you, that the fear of him may be before you, that you may not sin.\u201d [21] The people stood far off, while Moses drew near to the thick darkness where God was.\n\nLaws About Altars\n\n  [22] And the LORD said to Moses, \u201cThus you shall say to the people of Israel: \u2018You have seen for yourselves that I have talked with you from heaven. [23] You shall not make gods of silver to be with me, nor shall you make for yourselves gods of gold. [24] An altar of earth you shall make for me and sacrifice on it your burnt offerings and your peace offerings, your sheep and your oxen. In every place where I cause my name to be remembered I will come to you and bless you. [25] If you make me an altar of stone, you shall not build it of hewn stones, for if you wield your tool on it you profane it. [26] And you shall not go up by steps to my altar, that your nakedness be not exposed on it.\u2019\n\nFootnotes\n\n(1) 20:3 Or *besides*\n\n(2) 20:6 Or *to the thousandth generation*\n\n(3) 20:13 The Hebrew word also covers causing human death through carelessness or negligence\n\n(4) 20:18 Samaritan, Septuagint, Syriac, Vulgate; Masoretic Text *the people saw*\n (ESV)"]}