{"query": "Exodus 4", "canonical": "Exodus 4", "parsed": [[2004001, 2004031]], "passage_meta": [{"canonical": "Exodus 4", "chapter_start": [2004001, 2004031], "chapter_end": [2004001, 2004031], "prev_verse": 2003022, "next_verse": 2005001, "prev_chapter": [2003001, 2003022], "next_chapter": [2005001, 2005023]}], "passages": ["Exodus 4\n\nMoses Given Powerful Signs\n\n  [1] Then Moses answered, \u201cBut behold, they will not believe me or listen to my voice, for they will say, \u2018The LORD did not appear to you.\u2019\u201d [2] The LORD said to him, \u201cWhat is that in your hand?\u201d He said, \u201cA staff.\u201d [3] And he said, \u201cThrow it on the ground.\u201d So he threw it on the ground, and it became a serpent, and Moses ran from it. [4] But the LORD said to Moses, \u201cPut out your hand and catch it by the tail\u201d\u2014so he put out his hand and caught it, and it became a staff in his hand\u2014[5] \u201cthat they may believe that the LORD, the God of their fathers, the God of Abraham, the God of Isaac, and the God of Jacob, has appeared to you.\u201d [6] Again, the LORD said to him, \u201cPut your hand inside your cloak.\u201d(1) And he put his hand inside his cloak, and when he took it out, behold, his hand was leprous(2) like snow. [7] Then God said, \u201cPut your hand back inside your cloak.\u201d So he put his hand back inside his cloak, and when he took it out, behold, it was restored like the rest of his flesh. [8] \u201cIf they will not believe you,\u201d God said, \u201cor listen to the first sign, they may believe the latter sign. [9] If they will not believe even these two signs or listen to your voice, you shall take some water from the Nile and pour it on the dry ground, and the water that you shall take from the Nile will become blood on the dry ground.\u201d\n\n  [10] But Moses said to the LORD, \u201cOh, my Lord, I am not eloquent, either in the past or since you have spoken to your servant, but I am slow of speech and of tongue.\u201d [11] Then the LORD said to him, \u201cWho has made man\u2019s mouth? Who makes him mute, or deaf, or seeing, or blind? Is it not I, the LORD? [12] Now therefore go, and I will be with your mouth and teach you what you shall speak.\u201d [13] But he said, \u201cOh, my Lord, please send someone else.\u201d [14] Then the anger of the LORD was kindled against Moses and he said, \u201cIs there not Aaron, your brother, the Levite? I know that he can speak well. Behold, he is coming out to meet you, and when he sees you, he will be glad in his heart. [15] You shall speak to him and put the words in his mouth, and I will be with your mouth and with his mouth and will teach you both what to do. [16] He shall speak for you to the people, and he shall be your mouth, and you shall be as God to him. [17] And take in your hand this staff, with which you shall do the signs.\u201d\n\nMoses Returns to Egypt\n\n  [18] Moses went back to Jethro his father-in-law and said to him, \u201cPlease let me go back to my brothers in Egypt to see whether they are still alive.\u201d And Jethro said to Moses, \u201cGo in peace.\u201d [19] And the LORD said to Moses in Midian, \u201cGo back to Egypt, for all the men who were seeking your life are dead.\u201d [20] So Moses took his wife and his sons and had them ride on a donkey, and went back to the land of Egypt. And Moses took the staff of God in his hand.\n\n  [21] And the LORD said to Moses, \u201cWhen you go back to Egypt, see that you do before Pharaoh all the miracles that I have put in your power. But I will harden his heart, so that he will not let the people go. [22] Then you shall say to Pharaoh, \u2018Thus says the LORD, Israel is my firstborn son, [23] and I say to you, \u201cLet my son go that he may serve me.\u201d If you refuse to let him go, behold, I will kill your firstborn son.\u2019\u201d\n\n  [24] At a lodging place on the way the LORD met him and sought to put him to death. [25] Then Zipporah took a flint and cut off her son\u2019s foreskin and touched Moses\u2019(3) feet with it and said, \u201cSurely you are a bridegroom of blood to me!\u201d [26] So he let him alone. It was then that she said, \u201cA bridegroom of blood,\u201d because of the circumcision.\n\n  [27] The LORD said to Aaron, \u201cGo into the wilderness to meet Moses.\u201d So he went and met him at the mountain of God and kissed him. [28] And Moses told Aaron all the words of the LORD with which he had sent him to speak, and all the signs that he had commanded him to do. [29] Then Moses and Aaron went and gathered together all the elders of the people of Israel. [30] Aaron spoke all the words that the LORD had spoken to Moses and did the signs in the sight of the people. [31] And the people believed; and when they heard that the LORD had visited the people of Israel and that he had seen their affliction, they bowed their heads and worshiped.\n\nFootnotes\n\n(1) 4:6 Hebrew *into your bosom*; also verse 7\n\n(2) 4:6 *Leprosy* was a term for several skin diseases; see Leviticus 13\n\n(3) 4:25 Hebrew *his*\n (ESV)"]}