{"query": "Exodus 3", "canonical": "Exodus 3", "parsed": [[2003001, 2003022]], "passage_meta": [{"canonical": "Exodus 3", "chapter_start": [2003001, 2003022], "chapter_end": [2003001, 2003022], "prev_verse": 2002025, "next_verse": 2004001, "prev_chapter": [2002001, 2002025], "next_chapter": [2004001, 2004031]}], "passages": ["Exodus 3\n\nThe Burning Bush\n\n  [1] Now Moses was keeping the flock of his father-in-law, Jethro, the priest of Midian, and he led his flock to the west side of the wilderness and came to Horeb, the mountain of God. [2] And the angel of the LORD appeared to him in a flame of fire out of the midst of a bush. He looked, and behold, the bush was burning, yet it was not consumed. [3] And Moses said, \u201cI will turn aside to see this great sight, why the bush is not burned.\u201d [4] When the LORD saw that he turned aside to see, God called to him out of the bush, \u201cMoses, Moses!\u201d And he said, \u201cHere I am.\u201d [5] Then he said, \u201cDo not come near; take your sandals off your feet, for the place on which you are standing is holy ground.\u201d [6] And he said, \u201cI am the God of your father, the God of Abraham, the God of Isaac, and the God of Jacob.\u201d And Moses hid his face, for he was afraid to look at God.\n\n  [7] Then the LORD said, \u201cI have surely seen the affliction of my people who are in Egypt and have heard their cry because of their taskmasters. I know their sufferings, [8] and I have come down to deliver them out of the hand of the Egyptians and to bring them up out of that land to a good and broad land, a land flowing with milk and honey, to the place of the Canaanites, the Hittites, the Amorites, the Perizzites, the Hivites, and the Jebusites. [9] And now, behold, the cry of the people of Israel has come to me, and I have also seen the oppression with which the Egyptians oppress them. [10] Come, I will send you to Pharaoh that you may bring my people, the children of Israel, out of Egypt.\u201d [11] But Moses said to God, \u201cWho am I that I should go to Pharaoh and bring the children of Israel out of Egypt?\u201d [12] He said, \u201cBut I will be with you, and this shall be the sign for you, that I have sent you: when you have brought the people out of Egypt, you shall serve God on this mountain.\u201d\n\n  [13] Then Moses said to God, \u201cIf I come to the people of Israel and say to them, \u2018The God of your fathers has sent me to you,\u2019 and they ask me, \u2018What is his name?\u2019 what shall I say to them?\u201d [14] God said to Moses, \u201cI AM WHO I AM.\u201d(1) And he said, \u201cSay this to the people of Israel: \u2018I AM has sent me to you.\u2019\u201d [15] God also said to Moses, \u201cSay this to the people of Israel: \u2018The LORD,(2) the God of your fathers, the God of Abraham, the God of Isaac, and the God of Jacob, has sent me to you.\u2019 This is my name forever, and thus I am to be remembered throughout all generations. [16] Go and gather the elders of Israel together and say to them, \u2018The LORD, the God of your fathers, the God of Abraham, of Isaac, and of Jacob, has appeared to me, saying, \u201cI have observed you and what has been done to you in Egypt, [17] and I promise that I will bring you up out of the affliction of Egypt to the land of the Canaanites, the Hittites, the Amorites, the Perizzites, the Hivites, and the Jebusites, a land flowing with milk and honey.\u201d\u2019 [18] And they will listen to your voice, and you and the elders of Israel shall go to the king of Egypt and say to him, \u2018The LORD, the God of the Hebrews, has met with us; and now, please let us go a three days\u2019 journey into the wilderness, that we may sacrifice to the LORD our God.\u2019 [19] But I know that the king of Egypt will not let you go unless compelled by a mighty hand.(3) [20] So I will stretch out my hand and strike Egypt with all the wonders that I will do in it; after that he will let you go. [21] And I will give this people favor in the sight of the Egyptians; and when you go, you shall not go empty, [22] but each woman shall ask of her neighbor, and any woman who lives in her house, for silver and gold jewelry, and for clothing. You shall put them on your sons and on your daughters. So you shall plunder the Egyptians.\u201d\n\nFootnotes\n\n(1) 3:14 Or *I am what I am*, or *I will be what I will be*\n\n(2) 3:15 The word *Lord*, when spelled with capital letters, stands for the divine name, *YHWH*, which is here connected with the verb *hayah*, \u201cto be\u201d in verse 14\n\n(3) 3:19 Septuagint, Vulgate; Hebrew *go, not by a mighty hand*\n (ESV)"]}