{"query": "Genesis 16", "canonical": "Genesis 16", "parsed": [[1016001, 1016016]], "passage_meta": [{"canonical": "Genesis 16", "chapter_start": [1016001, 1016016], "chapter_end": [1016001, 1016016], "prev_verse": 1015021, "next_verse": 1017001, "prev_chapter": [1015001, 1015021], "next_chapter": [1017001, 1017027]}], "passages": ["Genesis 16\n\nSarai and Hagar\n\n  [1] Now Sarai, Abram\u2019s wife, had borne him no children. She had a female Egyptian servant whose name was Hagar. [2] And Sarai said to Abram, \u201cBehold now, the LORD has prevented me from bearing children. Go in to my servant; it may be that I shall obtain children(1) by her.\u201d And Abram listened to the voice of Sarai. [3] So, after Abram had lived ten years in the land of Canaan, Sarai, Abram\u2019s wife, took Hagar the Egyptian, her servant, and gave her to Abram her husband as a wife. [4] And he went in to Hagar, and she conceived. And when she saw that she had conceived, she looked with contempt on her mistress.(2) [5] And Sarai said to Abram, \u201cMay the wrong done to me be on you! I gave my servant to your embrace, and when she saw that she had conceived, she looked on me with contempt. May the LORD judge between you and me!\u201d [6] But Abram said to Sarai, \u201cBehold, your servant is in your power; do to her as you please.\u201d Then Sarai dealt harshly with her, and she fled from her.\n\n  [7] The angel of the LORD found her by a spring of water in the wilderness, the spring on the way to Shur. [8] And he said, \u201cHagar, servant of Sarai, where have you come from and where are you going?\u201d She said, \u201cI am fleeing from my mistress Sarai.\u201d [9] The angel of the LORD said to her, \u201cReturn to your mistress and submit to her.\u201d [10] The angel of the LORD also said to her, \u201cI will surely multiply your offspring so that they cannot be numbered for multitude.\u201d [11] And the angel of the LORD said to her,\n\n    \u201cBehold, you are pregnant\n        and shall bear a son.\n    You shall call his name Ishmael,(3)\n        because the LORD has listened to your affliction.\n    [12] He shall be a wild donkey of a man,\n        his hand against everyone\n        and everyone\u2019s hand against him,\n    and he shall dwell over against all his kinsmen.\u201d\n    \n    \n      [13] So she called the name of the LORD who spoke to her, \u201cYou are a God of seeing,\u201d(4) for she said, \u201cTruly here I have seen him who looks after me.\u201d(5) [14] Therefore the well was called Beer-lahai-roi;(6) it lies between Kadesh and Bered.\n\n  [15] And Hagar bore Abram a son, and Abram called the name of his son, whom Hagar bore, Ishmael. [16] Abram was eighty-six years old when Hagar bore Ishmael to Abram.\n\nFootnotes\n\n(1) 16:2 Hebrew *be built up*, which sounds like the Hebrew for *children*\n\n(2) 16:4 Hebrew *her mistress was dishonorable in her eyes*; similarly in verse 5\n\n(3) 16:11 *Ishmael* means *God hears*\n\n(4) 16:13 Or *You are a God who sees me*\n\n(5) 16:13 Hebrew *Have I really seen him here who sees me?* or *Would I have looked here for the one who sees me?*\n\n(6) 16:14 *Beer-lahai-roi* means *the well of the Living One who sees me*\n (ESV)"]}