{"query": "Genesis 30", "canonical": "Genesis 30", "parsed": [[1030001, 1030043]], "passage_meta": [{"canonical": "Genesis 30", "chapter_start": [1030001, 1030043], "chapter_end": [1030001, 1030043], "prev_verse": 1029035, "next_verse": 1031001, "prev_chapter": [1029001, 1029035], "next_chapter": [1031001, 1031055]}], "passages": ["Genesis 30\n\n  [1] When Rachel saw that she bore Jacob no children, she envied her sister. She said to Jacob, \u201cGive me children, or I shall die!\u201d [2] Jacob\u2019s anger was kindled against Rachel, and he said, \u201cAm I in the place of God, who has withheld from you the fruit of the womb?\u201d [3] Then she said, \u201cHere is my servant Bilhah; go in to her, so that she may give birth on my behalf,(1) that even I may have children(2) through her.\u201d [4] So she gave him her servant Bilhah as a wife, and Jacob went in to her. [5] And Bilhah conceived and bore Jacob a son. [6] Then Rachel said, \u201cGod has judged me, and has also heard my voice and given me a son.\u201d Therefore she called his name Dan.(3) [7] Rachel\u2019s servant Bilhah conceived again and bore Jacob a second son. [8] Then Rachel said, \u201cWith mighty wrestlings(4) I have wrestled with my sister and have prevailed.\u201d So she called his name Naphtali.(5)\n\n  [9] When Leah saw that she had ceased bearing children, she took her servant Zilpah and gave her to Jacob as a wife. [10] Then Leah\u2019s servant Zilpah bore Jacob a son. [11] And Leah said, \u201cGood fortune has come!\u201d so she called his name Gad.(6) [12] Leah\u2019s servant Zilpah bore Jacob a second son. [13] And Leah said, \u201cHappy am I! For women have called me happy.\u201d So she called his name Asher.(7)\n\n  [14] In the days of wheat harvest Reuben went and found mandrakes in the field and brought them to his mother Leah. Then Rachel said to Leah, \u201cPlease give me some of your son\u2019s mandrakes.\u201d [15] But she said to her, \u201cIs it a small matter that you have taken away my husband? Would you take away my son\u2019s mandrakes also?\u201d Rachel said, \u201cThen he may lie with you tonight in exchange for your son\u2019s mandrakes.\u201d [16] When Jacob came from the field in the evening, Leah went out to meet him and said, \u201cYou must come in to me, for I have hired you with my son\u2019s mandrakes.\u201d So he lay with her that night. [17] And God listened to Leah, and she conceived and bore Jacob a fifth son. [18] Leah said, \u201cGod has given me my wages because I gave my servant to my husband.\u201d So she called his name Issachar.(8)\n\n  [19] And Leah conceived again, and she bore Jacob a sixth son. [20] Then Leah said, \u201cGod has endowed me with a good endowment; now my husband will honor me, because I have borne him six sons.\u201d So she called his name Zebulun.(9) [21] Afterward she bore a daughter and called her name Dinah.\n\n  [22] Then God remembered Rachel, and God listened to her and opened her womb. [23] She conceived and bore a son and said, \u201cGod has taken away my reproach.\u201d [24] And she called his name Joseph,(10) saying, \u201cMay the LORD add to me another son!\u201d\n\nJacob\u2019s Prosperity\n\n  [25] As soon as Rachel had borne Joseph, Jacob said to Laban, \u201cSend me away, that I may go to my own home and country. [26] Give me my wives and my children for whom I have served you, that I may go, for you know the service that I have given you.\u201d [27] But Laban said to him, \u201cIf I have found favor in your sight, I have learned by divination that(11) the LORD has blessed me because of you. [28] Name your wages, and I will give it.\u201d [29] Jacob said to him, \u201cYou yourself know how I have served you, and how your livestock has fared with me. [30] For you had little before I came, and it has increased abundantly, and the LORD has blessed you wherever I turned. But now when shall I provide for my own household also?\u201d [31] He said, \u201cWhat shall I give you?\u201d Jacob said, \u201cYou shall not give me anything. If you will do this for me, I will again pasture your flock and keep it: [32] let me pass through all your flock today, removing from it every speckled and spotted sheep and every black lamb, and the spotted and speckled among the goats, and they shall be my wages. [33] So my honesty will answer for me later, when you come to look into my wages with you. Every one that is not speckled and spotted among the goats and black among the lambs, if found with me, shall be counted stolen.\u201d [34] Laban said, \u201cGood! Let it be as you have said.\u201d [35] But that day Laban removed the male goats that were striped and spotted, and all the female goats that were speckled and spotted, every one that had white on it, and every lamb that was black, and put them in the charge of his sons. [36] And he set a distance of three days\u2019 journey between himself and Jacob, and Jacob pastured the rest of Laban\u2019s flock.\n\n  [37] Then Jacob took fresh sticks of poplar and almond and plane trees, and peeled white streaks in them, exposing the white of the sticks. [38] He set the sticks that he had peeled in front of the flocks in the troughs, that is, the watering places, where the flocks came to drink. And since they bred when they came to drink, [39] the flocks bred in front of the sticks and so the flocks brought forth striped, speckled, and spotted. [40] And Jacob separated the lambs and set the faces of the flocks toward the striped and all the black in the flock of Laban. He put his own droves apart and did not put them with Laban\u2019s flock. [41] Whenever the stronger of the flock were breeding, Jacob would lay the sticks in the troughs before the eyes of the flock, that they might breed among the sticks, [42] but for the feebler of the flock he would not lay them there. So the feebler would be Laban\u2019s, and the stronger Jacob\u2019s. [43] Thus the man increased greatly and had large flocks, female servants and male servants, and camels and donkeys.\n\nFootnotes\n\n(1) 30:3 Hebrew *on my knees*\n\n(2) 30:3 Hebrew *be built up*, which sounds like the Hebrew for *children*\n\n(3) 30:6 *Dan* sounds like the Hebrew for *judged*\n\n(4) 30:8 Hebrew *With wrestlings of God*\n\n(5) 30:8 *Naphtali* sounds like the Hebrew for *wrestling*\n\n(6) 30:11 *Gad* sounds like the Hebrew for *good fortune*\n\n(7) 30:13 *Asher* sounds like the Hebrew for *happy*\n\n(8) 30:18 *Issachar* sounds like the Hebrew for *wages*, or *hire*\n\n(9) 30:20 *Zebulun* sounds like the Hebrew for *honor*\n\n(10) 30:24 *Joseph* means *May he add*, and sounds like the Hebrew for *taken away*\n\n(11) 30:27 Or *have become rich and*\n (ESV)"]}