{"query": "Genesis 6", "canonical": "Genesis 6", "parsed": [[1006001, 1006022]], "passage_meta": [{"canonical": "Genesis 6", "chapter_start": [1006001, 1006022], "chapter_end": [1006001, 1006022], "prev_verse": 1005032, "next_verse": 1007001, "prev_chapter": [1005001, 1005032], "next_chapter": [1007001, 1007024]}], "passages": ["Genesis 6\n\nIncreasing Corruption on Earth\n\n  [1] When man began to multiply on the face of the land and daughters were born to them, [2] the sons of God saw that the daughters of man were attractive. And they took as their wives any they chose. [3] Then the LORD said, \u201cMy Spirit shall not abide in(1) man forever, for he is flesh: his days shall be 120 years.\u201d [4] The Nephilim(2) were on the earth in those days, and also afterward, when the sons of God came in to the daughters of man and they bore children to them. These were the mighty men who were of old, the men of renown.\n\n  [5] The LORD saw that the wickedness of man was great in the earth, and that every intention of the thoughts of his heart was only evil continually. [6] And the LORD regretted that he had made man on the earth, and it grieved him to his heart. [7] So the LORD said, \u201cI will blot out man whom I have created from the face of the land, man and animals and creeping things and birds of the heavens, for I am sorry that I have made them.\u201d [8] But Noah found favor in the eyes of the LORD.\n\nNoah and the Flood\n\n  [9] These are the generations of Noah. Noah was a righteous man, blameless in his generation. Noah walked with God. [10] And Noah had three sons, Shem, Ham, and Japheth.\n\n  [11] Now the earth was corrupt in God\u2019s sight, and the earth was filled with violence. [12] And God saw the earth, and behold, it was corrupt, for all flesh had corrupted their way on the earth. [13] And God said to Noah, \u201cI have determined to make an end of all flesh,(3) for the earth is filled with violence through them. Behold, I will destroy them with the earth. [14] Make yourself an ark of gopher wood.(4) Make rooms in the ark, and cover it inside and out with pitch. [15] This is how you are to make it: the length of the ark 300 cubits,(5) its breadth 50 cubits, and its height 30 cubits. [16] Make a roof(6) for the ark, and finish it to a cubit above, and set the door of the ark in its side. Make it with lower, second, and third decks. [17] For behold, I will bring a flood of waters upon the earth to destroy all flesh in which is the breath of life under heaven. Everything that is on the earth shall die. [18] But I will establish my covenant with you, and you shall come into the ark, you, your sons, your wife, and your sons\u2019 wives with you. [19] And of every living thing of all flesh, you shall bring two of every sort into the ark to keep them alive with you. They shall be male and female. [20] Of the birds according to their kinds, and of the animals according to their kinds, of every creeping thing of the ground, according to its kind, two of every sort shall come in to you to keep them alive. [21] Also take with you every sort of food that is eaten, and store it up. It shall serve as food for you and for them.\u201d [22] Noah did this; he did all that God commanded him.\n\nFootnotes\n\n(1) 6:3 Or *My Spirit shall not contend with*\n\n(2) 6:4 Or *giants*\n\n(3) 6:13 Hebrew *The end of all flesh has come before me*\n\n(4) 6:14 An unknown kind of tree; transliterated from Hebrew\n\n(5) 6:15 A *cubit* was about 18 inches or 45 centimeters\n\n(6) 6:16 Or *skylight*\n (ESV)"]}