{
    "query": "Genesis 1",
    "canonical": "Genesis 1",
    "parsed": [
        [
            1001001,
            1001031
        ]
    ],
    "passage_meta": [
        {
            "canonical": "Genesis 1",
            "chapter_start": [
                1001001,
                1001031
            ],
            "chapter_end": [
                1001001,
                1001031
            ],
            "prev_verse": null,
            "next_verse": 1002001,
            "prev_chapter": null,
            "next_chapter": [
                1002001,
                1002025
            ]
        }
    ],
    "passages": [
        "Genesis 1\n\nThe Creation of the World\n\n  [1] In the beginning, God created the heavens and the earth. [2] The earth was without form and void, and darkness was over the face of the deep. And the Spirit of God was hovering over the face of the waters.\n\n  [3] And God said, \u201cLet there be light,\u201d and there was light. [4] And God saw that the light was good. And God separated the light from the darkness. [5] God called the light Day, and the darkness he called Night. And there was evening and there was morning, the first day.\n\n  [6] And God said, \u201cLet there be an expanse(1) in the midst of the waters, and let it separate the waters from the waters.\u201d [7] And God made(2) the expanse and separated the waters that were under the expanse from the waters that were above the expanse. And it was so. [8] And God called the expanse Heaven.(3) And there was evening and there was morning, the second day.\n\n  [9] And God said, \u201cLet the waters under the heavens be gathered together into one place, and let the dry land appear.\u201d And it was so. [10] God called the dry land Earth,(4) and the waters that were gathered together he called Seas. And God saw that it was good.\n\n  [11] And God said, \u201cLet the earth sprout vegetation, plants(5) yielding seed, and fruit trees bearing fruit in which is their seed, each according to its kind, on the earth.\u201d And it was so. [12] The earth brought forth vegetation, plants yielding seed according to their own kinds, and trees bearing fruit in which is their seed, each according to its kind. And God saw that it was good. [13] And there was evening and there was morning, the third day.\n\n  [14] And God said, \u201cLet there be lights in the expanse of the heavens to separate the day from the night. And let them be for signs and for seasons,(6) and for days and years, [15] and let them be lights in the expanse of the heavens to give light upon the earth.\u201d And it was so. [16] And God made the two great lights\u2014the greater light to rule the day and the lesser light to rule the night\u2014and the stars. [17] And God set them in the expanse of the heavens to give light on the earth, [18] to rule over the day and over the night, and to separate the light from the darkness. And God saw that it was good. [19] And there was evening and there was morning, the fourth day.\n\n  [20] And God said, \u201cLet the waters swarm with swarms of living creatures, and let birds(7) fly above the earth across the expanse of the heavens.\u201d [21] So God created the great sea creatures and every living creature that moves, with which the waters swarm, according to their kinds, and every winged bird according to its kind. And God saw that it was good. [22] And God blessed them, saying, \u201cBe fruitful and multiply and fill the waters in the seas, and let birds multiply on the earth.\u201d [23] And there was evening and there was morning, the fifth day.\n\n  [24] And God said, \u201cLet the earth bring forth living creatures according to their kinds\u2014livestock and creeping things and beasts of the earth according to their kinds.\u201d And it was so. [25] And God made the beasts of the earth according to their kinds and the livestock according to their kinds, and everything that creeps on the ground according to its kind. And God saw that it was good.\n\n  [26] Then God said, \u201cLet us make man(8) in our image, after our likeness. And let them have dominion over the fish of the sea and over the birds of the heavens and over the livestock and over all the earth and over every creeping thing that creeps on the earth.\u201d\n\n    [27] So God created man in his own image,\n        in the image of God he created him;\n        male and female he created them.\n    \n    \n      [28] And God blessed them. And God said to them, \u201cBe fruitful and multiply and fill the earth and subdue it, and have dominion over the fish of the sea and over the birds of the heavens and over every living thing that moves on the earth.\u201d [29] And God said, \u201cBehold, I have given you every plant yielding seed that is on the face of all the earth, and every tree with seed in its fruit. You shall have them for food. [30] And to every beast of the earth and to every bird of the heavens and to everything that creeps on the earth, everything that has the breath of life, I have given every green plant for food.\u201d And it was so. [31] And God saw everything that he had made, and behold, it was very good. And there was evening and there was morning, the sixth day.\n\nFootnotes\n\n(1) 1:6 Or *a canopy*; also verses 7, 8, 14, 15, 17, 20\n\n(2) 1:7 Or *fashioned*; also verse 16\n\n(3) 1:8 Or *Sky*; also verses 9, 14, 15, 17, 20, 26, 28, 30; 2:1\n\n(4) 1:10 Or *Land*; also verses 11, 12, 22, 24, 25, 26, 28, 30; 2:1\n\n(5) 1:11 Or *small plants*; also verses 12, 29\n\n(6) 1:14 Or *appointed times*\n\n(7) 1:20 Or *flying things*; see Leviticus 11:19\u201320\n\n(8) 1:26 The Hebrew word for *man* (*adam*) is the generic term for mankind and becomes the proper name *Adam*\n (ESV)"
    ]
}