{"query": "Genesis 49", "canonical": "Genesis 49", "parsed": [[1049001, 1049033]], "passage_meta": [{"canonical": "Genesis 49", "chapter_start": [1049001, 1049033], "chapter_end": [1049001, 1049033], "prev_verse": 1048022, "next_verse": 1050001, "prev_chapter": [1048001, 1048022], "next_chapter": [1050001, 1050026]}], "passages": ["Genesis 49\n\nJacob Blesses His Sons\n\n  [1] Then Jacob called his sons and said, \u201cGather yourselves together, that I may tell you what shall happen to you in days to come.\n\n    [2] \u201cAssemble and listen, O sons of Jacob,\n        listen to Israel your father.\n    \n    \n    [3] \u201cReuben, you are my firstborn,\n        my might, and the firstfruits of my strength,\n        preeminent in dignity and preeminent in power.\n    [4] Unstable as water, you shall not have preeminence,\n        because you went up to your father\u2019s bed;\n        then you defiled it\u2014he went up to my couch!\n    \n    \n    [5] \u201cSimeon and Levi are brothers;\n        weapons of violence are their swords.\n    [6] Let my soul come not into their council;\n        O my glory, be not joined to their company.\n    For in their anger they killed men,\n        and in their willfulness they hamstrung oxen.\n    [7] Cursed be their anger, for it is fierce,\n        and their wrath, for it is cruel!\n    I will divide them in Jacob\n        and scatter them in Israel.\n    \n    \n    [8] \u201cJudah, your brothers shall praise you;\n        your hand shall be on the neck of your enemies;\n        your father\u2019s sons shall bow down before you.\n    [9] Judah is a lion\u2019s cub;\n        from the prey, my son, you have gone up.\n    He stooped down; he crouched as a lion\n        and as a lioness; who dares rouse him?\n    [10] The scepter shall not depart from Judah,\n        nor the ruler\u2019s staff from between his feet,\n    until tribute comes to him;(1)\n        and to him shall be the obedience of the peoples.\n    [11] Binding his foal to the vine\n        and his donkey\u2019s colt to the choice vine,\n    he has washed his garments in wine\n        and his vesture in the blood of grapes.\n    [12] His eyes are darker than wine,\n        and his teeth whiter than milk.\n    \n    \n    [13] \u201cZebulun shall dwell at the shore of the sea;\n        he shall become a haven for ships,\n        and his border shall be at Sidon.\n    \n    \n    [14] \u201cIssachar is a strong donkey,\n        crouching between the sheepfolds.(2)\n    [15] He saw that a resting place was good,\n        and that the land was pleasant,\n    so he bowed his shoulder to bear,\n        and became a servant at forced labor.\n    \n    \n    [16] \u201cDan shall judge his people\n        as one of the tribes of Israel.\n    [17] Dan shall be a serpent in the way,\n        a viper by the path,\n    that bites the horse\u2019s heels\n        so that his rider falls backward.\n    [18] I wait for your salvation, O LORD.\n    \n    \n    [19] \u201cRaiders shall raid Gad,(3)\n        but he shall raid at their heels.\n    \n    \n    [20] \u201cAsher\u2019s food shall be rich,\n        and he shall yield royal delicacies.\n    \n    \n    [21] \u201cNaphtali is a doe let loose\n        that bears beautiful fawns.(4)\n    \n    \n    [22] \u201cJoseph is a fruitful bough,\n        a fruitful bough by a spring;\n        his branches run over the wall.(5)\n    [23] The archers bitterly attacked him,\n        shot at him, and harassed him severely,\n    [24] yet his bow remained unmoved;\n        his arms(6) were made agile\n    by the hands of the Mighty One of Jacob\n        (from there is the Shepherd,(7) the Stone of Israel),\n    [25] by the God of your father who will help you,\n        by the Almighty(8) who will bless you\n        with blessings of heaven above,\n    blessings of the deep that crouches beneath,\n        blessings of the breasts and of the womb.\n    [26] The blessings of your father\n        are mighty beyond the blessings of my parents,\n        up to the bounties of the everlasting hills.(9)\n    May they be on the head of Joseph,\n        and on the brow of him who was set apart from his brothers.\n    \n    \n    [27] \u201cBenjamin is a ravenous wolf,\n        in the morning devouring the prey\n        and at evening dividing the spoil.\u201d\n    \n    \n    Jacob\u2019s Death and Burial\n\n  [28] All these are the twelve tribes of Israel. This is what their father said to them as he blessed them, blessing each with the blessing suitable to him. [29] Then he commanded them and said to them, \u201cI am to be gathered to my people; bury me with my fathers in the cave that is in the field of Ephron the Hittite, [30] in the cave that is in the field at Machpelah, to the east of Mamre, in the land of Canaan, which Abraham bought with the field from Ephron the Hittite to possess as a burying place. [31] There they buried Abraham and Sarah his wife. There they buried Isaac and Rebekah his wife, and there I buried Leah\u2014[32] the field and the cave that is in it were bought from the Hittites.\u201d [33] When Jacob finished commanding his sons, he drew up his feet into the bed and breathed his last and was gathered to his people.\n\nFootnotes\n\n(1) 49:10 By a slight revocalization; a slight emendation yields (compare Septuagint, Syriac, Targum) *until he comes to whom it belongs*; Hebrew *until Shiloh comes*, or *until he comes to Shiloh*\n\n(2) 49:14 Or *between its saddlebags*\n\n(3) 49:19 *Gad* sounds like the Hebrew for *raiders* and *raid*\n\n(4) 49:21 Or *he gives beautiful words*, or *that bears fawns of the fold*\n\n(5) 49:22 Or *Joseph is a wild donkey, a wild donkey beside a spring, his wild colts beside the wall*\n\n(6) 49:24 Hebrew *the arms of his hands*\n\n(7) 49:24 Or *by the name of the Shepherd*\n\n(8) 49:25 Hebrew *Shaddai*\n\n(9) 49:26 A slight emendation yields (compare Septuagint) *the blessings of the eternal mountains, the bounties of the everlasting hills*\n (ESV)"]}