{"query": "Genesis 20", "canonical": "Genesis 20", "parsed": [[1020001, 1020018]], "passage_meta": [{"canonical": "Genesis 20", "chapter_start": [1020001, 1020018], "chapter_end": [1020001, 1020018], "prev_verse": 1019038, "next_verse": 1021001, "prev_chapter": [1019001, 1019038], "next_chapter": [1021001, 1021034]}], "passages": ["Genesis 20\n\nAbraham and Abimelech\n\n  [1] From there Abraham journeyed toward the territory of the Negeb and lived between Kadesh and Shur; and he sojourned in Gerar. [2] And Abraham said of Sarah his wife, \u201cShe is my sister.\u201d And Abimelech king of Gerar sent and took Sarah. [3] But God came to Abimelech in a dream by night and said to him, \u201cBehold, you are a dead man because of the woman whom you have taken, for she is a man\u2019s wife.\u201d [4] Now Abimelech had not approached her. So he said, \u201cLord, will you kill an innocent people? [5] Did he not himself say to me, \u2018She is my sister\u2019? And she herself said, \u2018He is my brother.\u2019 In the integrity of my heart and the innocence of my hands I have done this.\u201d [6] Then God said to him in the dream, \u201cYes, I know that you have done this in the integrity of your heart, and it was I who kept you from sinning against me. Therefore I did not let you touch her. [7] Now then, return the man\u2019s wife, for he is a prophet, so that he will pray for you, and you shall live. But if you do not return her, know that you shall surely die, you and all who are yours.\u201d\n\n  [8] So Abimelech rose early in the morning and called all his servants and told them all these things. And the men were very much afraid. [9] Then Abimelech called Abraham and said to him, \u201cWhat have you done to us? And how have I sinned against you, that you have brought on me and my kingdom a great sin? You have done to me things that ought not to be done.\u201d [10] And Abimelech said to Abraham, \u201cWhat did you see, that you did this thing?\u201d [11] Abraham said, \u201cI did it because I thought, \u2018There is no fear of God at all in this place, and they will kill me because of my wife.\u2019 [12] Besides, she is indeed my sister, the daughter of my father though not the daughter of my mother, and she became my wife. [13] And when God caused me to wander from my father\u2019s house, I said to her, \u2018This is the kindness you must do me: at every place to which we come, say of me, \u201cHe is my brother.\u201d\u2019\u201d\n\n  [14] Then Abimelech took sheep and oxen, and male servants and female servants, and gave them to Abraham, and returned Sarah his wife to him. [15] And Abimelech said, \u201cBehold, my land is before you; dwell where it pleases you.\u201d [16] To Sarah he said, \u201cBehold, I have given your brother a thousand pieces of silver. It is a sign of your innocence in the eyes of all(1) who are with you, and before everyone you are vindicated.\u201d [17] Then Abraham prayed to God, and God healed Abimelech, and also healed his wife and female slaves so that they bore children. [18] For the LORD had closed all the wombs of the house of Abimelech because of Sarah, Abraham\u2019s wife.\n\nFootnotes\n\n(1) 20:16 Hebrew *It is a covering of eyes for all*\n (ESV)"]}