{"query": "Genesis 38", "canonical": "Genesis 38", "parsed": [[1038001, 1038030]], "passage_meta": [{"canonical": "Genesis 38", "chapter_start": [1038001, 1038030], "chapter_end": [1038001, 1038030], "prev_verse": 1037036, "next_verse": 1039001, "prev_chapter": [1037001, 1037036], "next_chapter": [1039001, 1039023]}], "passages": ["Genesis 38\n\nJudah and Tamar\n\n  [1] It happened at that time that Judah went down from his brothers and turned aside to a certain Adullamite, whose name was Hirah. [2] There Judah saw the daughter of a certain Canaanite whose name was Shua. He took her and went in to her, [3] and she conceived and bore a son, and he called his name Er. [4] She conceived again and bore a son, and she called his name Onan. [5] Yet again she bore a son, and she called his name Shelah. Judah(1) was in Chezib when she bore him.\n\n  [6] And Judah took a wife for Er his firstborn, and her name was Tamar. [7] But Er, Judah\u2019s firstborn, was wicked in the sight of the LORD, and the LORD put him to death. [8] Then Judah said to Onan, \u201cGo in to your brother\u2019s wife and perform the duty of a brother-in-law to her, and raise up offspring for your brother.\u201d [9] But Onan knew that the offspring would not be his. So whenever he went in to his brother\u2019s wife he would waste the semen on the ground, so as not to give offspring to his brother. [10] And what he did was wicked in the sight of the LORD, and he put him to death also. [11] Then Judah said to Tamar his daughter-in-law, \u201cRemain a widow in your father\u2019s house, till Shelah my son grows up\u201d\u2014for he feared that he would die, like his brothers. So Tamar went and remained in her father\u2019s house.\n\n  [12] In the course of time the wife of Judah, Shua\u2019s daughter, died. When Judah was comforted, he went up to Timnah to his sheepshearers, he and his friend Hirah the Adullamite. [13] And when Tamar was told, \u201cYour father-in-law is going up to Timnah to shear his sheep,\u201d [14] she took off her widow\u2019s garments and covered herself with a veil, wrapping herself up, and sat at the entrance to Enaim, which is on the road to Timnah. For she saw that Shelah was grown up, and she had not been given to him in marriage. [15] When Judah saw her, he thought she was a prostitute, for she had covered her face. [16] He turned to her at the roadside and said, \u201cCome, let me come in to you,\u201d for he did not know that she was his daughter-in-law. She said, \u201cWhat will you give me, that you may come in to me?\u201d [17] He answered, \u201cI will send you a young goat from the flock.\u201d And she said, \u201cIf you give me a pledge, until you send it\u2014\u201d [18] He said, \u201cWhat pledge shall I give you?\u201d She replied, \u201cYour signet and your cord and your staff that is in your hand.\u201d So he gave them to her and went in to her, and she conceived by him. [19] Then she arose and went away, and taking off her veil she put on the garments of her widowhood.\n\n  [20] When Judah sent the young goat by his friend the Adullamite to take back the pledge from the woman\u2019s hand, he did not find her. [21] And he asked the men of the place, \u201cWhere is the cult prostitute(2) who was at Enaim at the roadside?\u201d And they said, \u201cNo cult prostitute has been here.\u201d [22] So he returned to Judah and said, \u201cI have not found her. Also, the men of the place said, \u2018No cult prostitute has been here.\u2019\u201d [23] And Judah replied, \u201cLet her keep the things as her own, or we shall be laughed at. You see, I sent this young goat, and you did not find her.\u201d\n\n  [24] About three months later Judah was told, \u201cTamar your daughter-in-law has been immoral.(3) Moreover, she is pregnant by immorality.\u201d(4) And Judah said, \u201cBring her out, and let her be burned.\u201d [25] As she was being brought out, she sent word to her father-in-law, \u201cBy the man to whom these belong, I am pregnant.\u201d And she said, \u201cPlease identify whose these are, the signet and the cord and the staff.\u201d [26] Then Judah identified them and said, \u201cShe is more righteous than I, since I did not give her to my son Shelah.\u201d And he did not know her again.\n\n  [27] When the time of her labor came, there were twins in her womb. [28] And when she was in labor, one put out a hand, and the midwife took and tied a scarlet thread on his hand, saying, \u201cThis one came out first.\u201d [29] But as he drew back his hand, behold, his brother came out. And she said, \u201cWhat a breach you have made for yourself!\u201d Therefore his name was called Perez.(5) [30] Afterward his brother came out with the scarlet thread on his hand, and his name was called Zerah.\n\nFootnotes\n\n(1) 38:5 Hebrew *He*\n\n(2) 38:21 Hebrew *sacred woman*; a woman who served a pagan deity by prostitution; also verse 22\n\n(3) 38:24 Or *has committed prostitution*\n\n(4) 38:24 Or *by prostitution*\n\n(5) 38:29 *Perez* means *a breach*\n (ESV)"]}