{"query": "Genesis 47", "canonical": "Genesis 47", "parsed": [[1047001, 1047031]], "passage_meta": [{"canonical": "Genesis 47", "chapter_start": [1047001, 1047031], "chapter_end": [1047001, 1047031], "prev_verse": 1046034, "next_verse": 1048001, "prev_chapter": [1046001, 1046034], "next_chapter": [1048001, 1048022]}], "passages": ["Genesis 47\n\nJacob\u2019s Family Settles in Goshen\n\n  [1] So Joseph went in and told Pharaoh, \u201cMy father and my brothers, with their flocks and herds and all that they possess, have come from the land of Canaan. They are now in the land of Goshen.\u201d [2] And from among his brothers he took five men and presented them to Pharaoh. [3] Pharaoh said to his brothers, \u201cWhat is your occupation?\u201d And they said to Pharaoh, \u201cYour servants are shepherds, as our fathers were.\u201d [4] They said to Pharaoh, \u201cWe have come to sojourn in the land, for there is no pasture for your servants\u2019 flocks, for the famine is severe in the land of Canaan. And now, please let your servants dwell in the land of Goshen.\u201d [5] Then Pharaoh said to Joseph, \u201cYour father and your brothers have come to you. [6] The land of Egypt is before you. Settle your father and your brothers in the best of the land. Let them settle in the land of Goshen, and if you know any able men among them, put them in charge of my livestock.\u201d\n\n  [7] Then Joseph brought in Jacob his father and stood him before Pharaoh, and Jacob blessed Pharaoh. [8] And Pharaoh said to Jacob, \u201cHow many are the days of the years of your life?\u201d [9] And Jacob said to Pharaoh, \u201cThe days of the years of my sojourning are 130 years. Few and evil have been the days of the years of my life, and they have not attained to the days of the years of the life of my fathers in the days of their sojourning.\u201d [10] And Jacob blessed Pharaoh and went out from the presence of Pharaoh. [11] Then Joseph settled his father and his brothers and gave them a possession in the land of Egypt, in the best of the land, in the land of Rameses, as Pharaoh had commanded. [12] And Joseph provided his father, his brothers, and all his father\u2019s household with food, according to the number of their dependents.\n\nJoseph and the Famine\n\n  [13] Now there was no food in all the land, for the famine was very severe, so that the land of Egypt and the land of Canaan languished by reason of the famine. [14] And Joseph gathered up all the money that was found in the land of Egypt and in the land of Canaan, in exchange for the grain that they bought. And Joseph brought the money into Pharaoh\u2019s house. [15] And when the money was all spent in the land of Egypt and in the land of Canaan, all the Egyptians came to Joseph and said, \u201cGive us food. Why should we die before your eyes? For our money is gone.\u201d [16] And Joseph answered, \u201cGive your livestock, and I will give you food in exchange for your livestock, if your money is gone.\u201d [17] So they brought their livestock to Joseph, and Joseph gave them food in exchange for the horses, the flocks, the herds, and the donkeys. He supplied them with food in exchange for all their livestock that year. [18] And when that year was ended, they came to him the following year and said to him, \u201cWe will not hide from my lord that our money is all spent. The herds of livestock are my lord\u2019s. There is nothing left in the sight of my lord but our bodies and our land. [19] Why should we die before your eyes, both we and our land? Buy us and our land for food, and we with our land will be servants to Pharaoh. And give us seed that we may live and not die, and that the land may not be desolate.\u201d\n\n  [20] So Joseph bought all the land of Egypt for Pharaoh, for all the Egyptians sold their fields, because the famine was severe on them. The land became Pharaoh\u2019s. [21] As for the people, he made servants of them(1) from one end of Egypt to the other. [22] Only the land of the priests he did not buy, for the priests had a fixed allowance from Pharaoh and lived on the allowance that Pharaoh gave them; therefore they did not sell their land.\n\n  [23] Then Joseph said to the people, \u201cBehold, I have this day bought you and your land for Pharaoh. Now here is seed for you, and you shall sow the land. [24] And at the harvests you shall give a fifth to Pharaoh, and four fifths shall be your own, as seed for the field and as food for yourselves and your households, and as food for your little ones.\u201d [25] And they said, \u201cYou have saved our lives; may it please my lord, we will be servants to Pharaoh.\u201d [26] So Joseph made it a statute concerning the land of Egypt, and it stands to this day, that Pharaoh should have the fifth; the land of the priests alone did not become Pharaoh\u2019s.\n\n  [27] Thus Israel settled in the land of Egypt, in the land of Goshen. And they gained possessions in it, and were fruitful and multiplied greatly. [28] And Jacob lived in the land of Egypt seventeen years. So the days of Jacob, the years of his life, were 147 years.\n\n  [29] And when the time drew near that Israel must die, he called his son Joseph and said to him, \u201cIf now I have found favor in your sight, put your hand under my thigh and promise to deal kindly and truly with me. Do not bury me in Egypt, [30] but let me lie with my fathers. Carry me out of Egypt and bury me in their burying place.\u201d He answered, \u201cI will do as you have said.\u201d [31] And he said, \u201cSwear to me\u201d; and he swore to him. Then Israel bowed himself upon the head of his bed.(2)\n\nFootnotes\n\n(1) 47:21 Samaritan, Septuagint, Vulgate; Hebrew *he removed them to the cities*\n\n(2) 47:31 Hebrew; Septuagint *staff*\n (ESV)"]}