{"query": "Genesis 46", "canonical": "Genesis 46", "parsed": [[1046001, 1046034]], "passage_meta": [{"canonical": "Genesis 46", "chapter_start": [1046001, 1046034], "chapter_end": [1046001, 1046034], "prev_verse": 1045028, "next_verse": 1047001, "prev_chapter": [1045001, 1045028], "next_chapter": [1047001, 1047031]}], "passages": ["Genesis 46\n\nJoseph Brings His Family to Egypt\n\n  [1] So Israel took his journey with all that he had and came to Beersheba, and offered sacrifices to the God of his father Isaac. [2] And God spoke to Israel in visions of the night and said, \u201cJacob, Jacob.\u201d And he said, \u201cHere I am.\u201d [3] Then he said, \u201cI am God, the God of your father. Do not be afraid to go down to Egypt, for there I will make you into a great nation. [4] I myself will go down with you to Egypt, and I will also bring you up again, and Joseph\u2019s hand shall close your eyes.\u201d\n\n  [5] Then Jacob set out from Beersheba. The sons of Israel carried Jacob their father, their little ones, and their wives, in the wagons that Pharaoh had sent to carry him. [6] They also took their livestock and their goods, which they had gained in the land of Canaan, and came into Egypt, Jacob and all his offspring with him, [7] his sons, and his sons\u2019 sons with him, his daughters, and his sons\u2019 daughters. All his offspring he brought with him into Egypt.\n\n  [8] Now these are the names of the descendants of Israel, who came into Egypt, Jacob and his sons. Reuben, Jacob\u2019s firstborn, [9] and the sons of Reuben: Hanoch, Pallu, Hezron, and Carmi. [10] The sons of Simeon: Jemuel, Jamin, Ohad, Jachin, Zohar, and Shaul, the son of a Canaanite woman. [11] The sons of Levi: Gershon, Kohath, and Merari. [12] The sons of Judah: Er, Onan, Shelah, Perez, and Zerah (but Er and Onan died in the land of Canaan); and the sons of Perez were Hezron and Hamul. [13] The sons of Issachar: Tola, Puvah, Yob, and Shimron. [14] The sons of Zebulun: Sered, Elon, and Jahleel. [15] These are the sons of Leah, whom she bore to Jacob in Paddan-aram, together with his daughter Dinah; altogether his sons and his daughters numbered thirty-three.\n\n  [16] The sons of Gad: Ziphion, Haggi, Shuni, Ezbon, Eri, Arodi, and Areli. [17] The sons of Asher: Imnah, Ishvah, Ishvi, Beriah, with Serah their sister. And the sons of Beriah: Heber and Malchiel. [18] These are the sons of Zilpah, whom Laban gave to Leah his daughter; and these she bore to Jacob\u2014sixteen persons.\n\n  [19] The sons of Rachel, Jacob\u2019s wife: Joseph and Benjamin. [20] And to Joseph in the land of Egypt were born Manasseh and Ephraim, whom Asenath, the daughter of Potiphera the priest of On, bore to him. [21] And the sons of Benjamin: Bela, Becher, Ashbel, Gera, Naaman, Ehi, Rosh, Muppim, Huppim, and Ard. [22] These are the sons of Rachel, who were born to Jacob\u2014fourteen persons in all.\n\n  [23] The son(1) of Dan: Hushim. [24] The sons of Naphtali: Jahzeel, Guni, Jezer, and Shillem. [25] These are the sons of Bilhah, whom Laban gave to Rachel his daughter, and these she bore to Jacob\u2014seven persons in all.\n\n  [26] All the persons belonging to Jacob who came into Egypt, who were his own descendants, not including Jacob\u2019s sons\u2019 wives, were sixty-six persons in all. [27] And the sons of Joseph, who were born to him in Egypt, were two. All the persons of the house of Jacob who came into Egypt were seventy.\n\nJacob and Joseph Reunited\n\n  [28] He had sent Judah ahead of him to Joseph to show the way before him in Goshen, and they came into the land of Goshen. [29] Then Joseph prepared his chariot and went up to meet Israel his father in Goshen. He presented himself to him and fell on his neck and wept on his neck a good while. [30] Israel said to Joseph, \u201cNow let me die, since I have seen your face and know that you are still alive.\u201d [31] Joseph said to his brothers and to his father\u2019s household, \u201cI will go up and tell Pharaoh and will say to him, \u2018My brothers and my father\u2019s household, who were in the land of Canaan, have come to me. [32] And the men are shepherds, for they have been keepers of livestock, and they have brought their flocks and their herds and all that they have.\u2019 [33] When Pharaoh calls you and says, \u2018What is your occupation?\u2019 [34] you shall say, \u2018Your servants have been keepers of livestock from our youth even until now, both we and our fathers,\u2019 in order that you may dwell in the land of Goshen, for every shepherd is an abomination to the Egyptians.\u201d\n\nFootnotes\n\n(1) 46:23 Hebrew *sons*\n (ESV)"]}