{"query": "Genesis 18", "canonical": "Genesis 18", "parsed": [[1018001, 1018033]], "passage_meta": [{"canonical": "Genesis 18", "chapter_start": [1018001, 1018033], "chapter_end": [1018001, 1018033], "prev_verse": 1017027, "next_verse": 1019001, "prev_chapter": [1017001, 1017027], "next_chapter": [1019001, 1019038]}], "passages": ["Genesis 18\n\n  [1] And the LORD appeared to him by the oaks(1) of Mamre, as he sat at the door of his tent in the heat of the day. [2] He lifted up his eyes and looked, and behold, three men were standing in front of him. When he saw them, he ran from the tent door to meet them and bowed himself to the earth [3] and said, \u201cO Lord,(2) if I have found favor in your sight, do not pass by your servant. [4] Let a little water be brought, and wash your feet, and rest yourselves under the tree, [5] while I bring a morsel of bread, that you may refresh yourselves, and after that you may pass on\u2014since you have come to your servant.\u201d So they said, \u201cDo as you have said.\u201d [6] And Abraham went quickly into the tent to Sarah and said, \u201cQuick! Three seahs(3) of fine flour! Knead it, and make cakes.\u201d [7] And Abraham ran to the herd and took a calf, tender and good, and gave it to a young man, who prepared it quickly. [8] Then he took curds and milk and the calf that he had prepared, and set it before them. And he stood by them under the tree while they ate.\n\n  [9] They said to him, \u201cWhere is Sarah your wife?\u201d And he said, \u201cShe is in the tent.\u201d [10] The LORD said, \u201cI will surely return to you about this time next year, and Sarah your wife shall have a son.\u201d And Sarah was listening at the tent door behind him. [11] Now Abraham and Sarah were old, advanced in years. The way of women had ceased to be with Sarah. [12] So Sarah laughed to herself, saying, \u201cAfter I am worn out, and my lord is old, shall I have pleasure?\u201d [13] The LORD said to Abraham, \u201cWhy did Sarah laugh and say, \u2018Shall I indeed bear a child, now that I am old?\u2019 [14] Is anything too hard(4) for the LORD? At the appointed time I will return to you, about this time next year, and Sarah shall have a son.\u201d [15] But Sarah denied it,(5) saying, \u201cI did not laugh,\u201d for she was afraid. He said, \u201cNo, but you did laugh.\u201d\n\n  [16] Then the men set out from there, and they looked down toward Sodom. And Abraham went with them to set them on their way. [17] The LORD said, \u201cShall I hide from Abraham what I am about to do, [18] seeing that Abraham shall surely become a great and mighty nation, and all the nations of the earth shall be blessed in him? [19] For I have chosen(6) him, that he may command his children and his household after him to keep the way of the LORD by doing righteousness and justice, so that the LORD may bring to Abraham what he has promised him.\u201d [20] Then the LORD said, \u201cBecause the outcry against Sodom and Gomorrah is great and their sin is very grave, [21] I will go down to see whether they have done altogether(7) according to the outcry that has come to me. And if not, I will know.\u201d\n\nAbraham Intercedes for Sodom\n\n  [22] So the men turned from there and went toward Sodom, but Abraham still stood before the LORD. [23] Then Abraham drew near and said, \u201cWill you indeed sweep away the righteous with the wicked? [24] Suppose there are fifty righteous within the city. Will you then sweep away the place and not spare it for the fifty righteous who are in it? [25] Far be it from you to do such a thing, to put the righteous to death with the wicked, so that the righteous fare as the wicked! Far be that from you! Shall not the Judge of all the earth do what is just?\u201d [26] And the LORD said, \u201cIf I find at Sodom fifty righteous in the city, I will spare the whole place for their sake.\u201d\n\n  [27] Abraham answered and said, \u201cBehold, I have undertaken to speak to the Lord, I who am but dust and ashes. [28] Suppose five of the fifty righteous are lacking. Will you destroy the whole city for lack of five?\u201d And he said, \u201cI will not destroy it if I find forty-five there.\u201d [29] Again he spoke to him and said, \u201cSuppose forty are found there.\u201d He answered, \u201cFor the sake of forty I will not do it.\u201d [30] Then he said, \u201cOh let not the Lord be angry, and I will speak. Suppose thirty are found there.\u201d He answered, \u201cI will not do it, if I find thirty there.\u201d [31] He said, \u201cBehold, I have undertaken to speak to the Lord. Suppose twenty are found there.\u201d He answered, \u201cFor the sake of twenty I will not destroy it.\u201d [32] Then he said, \u201cOh let not the Lord be angry, and I will speak again but this once. Suppose ten are found there.\u201d He answered, \u201cFor the sake of ten I will not destroy it.\u201d [33] And the LORD went his way, when he had finished speaking to Abraham, and Abraham returned to his place.\n\nFootnotes\n\n(1) 18:1 Or *terebinths*\n\n(2) 18:3 Or *My lord*\n\n(3) 18:6 A *seah* was about 7 quarts or 7.3 liters\n\n(4) 18:14 Or *wonderful*\n\n(5) 18:15 Or *acted falsely*\n\n(6) 18:19 Hebrew *known*\n\n(7) 18:21 Or *they deserve destruction*; Hebrew *they have made a complete end*\n (ESV)"]}