{"query": "Genesis 33", "canonical": "Genesis 33", "parsed": [[1033001, 1033020]], "passage_meta": [{"canonical": "Genesis 33", "chapter_start": [1033001, 1033020], "chapter_end": [1033001, 1033020], "prev_verse": 1032032, "next_verse": 1034001, "prev_chapter": [1032001, 1032032], "next_chapter": [1034001, 1034031]}], "passages": ["Genesis 33\n\nJacob Meets Esau\n\n  [1] And Jacob lifted up his eyes and looked, and behold, Esau was coming, and four hundred men with him. So he divided the children among Leah and Rachel and the two female servants. [2] And he put the servants with their children in front, then Leah with her children, and Rachel and Joseph last of all. [3] He himself went on before them, bowing himself to the ground seven times, until he came near to his brother.\n\n  [4] But Esau ran to meet him and embraced him and fell on his neck and kissed him, and they wept. [5] And when Esau lifted up his eyes and saw the women and children, he said, \u201cWho are these with you?\u201d Jacob said, \u201cThe children whom God has graciously given your servant.\u201d [6] Then the servants drew near, they and their children, and bowed down. [7] Leah likewise and her children drew near and bowed down. And last Joseph and Rachel drew near, and they bowed down. [8] Esau said, \u201cWhat do you mean by all this company(1) that I met?\u201d Jacob answered, \u201cTo find favor in the sight of my lord.\u201d [9] But Esau said, \u201cI have enough, my brother; keep what you have for yourself.\u201d [10] Jacob said, \u201cNo, please, if I have found favor in your sight, then accept my present from my hand. For I have seen your face, which is like seeing the face of God, and you have accepted me. [11] Please accept my blessing that is brought to you, because God has dealt graciously with me, and because I have enough.\u201d Thus he urged him, and he took it.\n\n  [12] Then Esau said, \u201cLet us journey on our way, and I will go ahead of(2) you.\u201d [13] But Jacob said to him, \u201cMy lord knows that the children are frail, and that the nursing flocks and herds are a care to me. If they are driven hard for one day, all the flocks will die. [14] Let my lord pass on ahead of his servant, and I will lead on slowly, at the pace of the livestock that are ahead of me and at the pace of the children, until I come to my lord in Seir.\u201d\n\n  [15] So Esau said, \u201cLet me leave with you some of the people who are with me.\u201d But he said, \u201cWhat need is there? Let me find favor in the sight of my lord.\u201d [16] So Esau returned that day on his way to Seir. [17] But Jacob journeyed to Succoth, and built himself a house and made booths for his livestock. Therefore the name of the place is called Succoth.(3)\n\n  [18] And Jacob came safely(4) to the city of Shechem, which is in the land of Canaan, on his way from Paddan-aram, and he camped before the city. [19] And from the sons of Hamor, Shechem\u2019s father, he bought for a hundred pieces of money(5) the piece of land on which he had pitched his tent. [20] There he erected an altar and called it El-Elohe-Israel.(6)\n\nFootnotes\n\n(1) 33:8 Hebrew *camp*\n\n(2) 33:12 Or *along with*\n\n(3) 33:17 *Succoth* means *booths*\n\n(4) 33:18 Or *peacefully*\n\n(5) 33:19 Hebrew *a hundred qesitah*; a unit of money of unknown value\n\n(6) 33:20 *El-Elohe-Israel* means *God, the God of Israel*\n (ESV)"]}