{"query": "Genesis 12", "canonical": "Genesis 12", "parsed": [[1012001, 1012020]], "passage_meta": [{"canonical": "Genesis 12", "chapter_start": [1012001, 1012020], "chapter_end": [1012001, 1012020], "prev_verse": 1011032, "next_verse": 1013001, "prev_chapter": [1011001, 1011032], "next_chapter": [1013001, 1013018]}], "passages": ["Genesis 12\n\nThe Call of Abram\n\n  [1] Now the LORD said(1) to Abram, \u201cGo from your country(2) and your kindred and your father\u2019s house to the land that I will show you. [2] And I will make of you a great nation, and I will bless you and make your name great, so that you will be a blessing. [3] I will bless those who bless you, and him who dishonors you I will curse, and in you all the families of the earth shall be blessed.\u201d(3)\n\n  [4] So Abram went, as the LORD had told him, and Lot went with him. Abram was seventy-five years old when he departed from Haran. [5] And Abram took Sarai his wife, and Lot his brother\u2019s son, and all their possessions that they had gathered, and the people that they had acquired in Haran, and they set out to go to the land of Canaan. When they came to the land of Canaan, [6] Abram passed through the land to the place at Shechem, to the oak(4) of Moreh. At that time the Canaanites were in the land. [7] Then the LORD appeared to Abram and said, \u201cTo your offspring I will give this land.\u201d So he built there an altar to the LORD, who had appeared to him. [8] From there he moved to the hill country on the east of Bethel and pitched his tent, with Bethel on the west and Ai on the east. And there he built an altar to the LORD and called upon the name of the LORD. [9] And Abram journeyed on, still going toward the Negeb.\n\nAbram and Sarai in Egypt\n\n  [10] Now there was a famine in the land. So Abram went down to Egypt to sojourn there, for the famine was severe in the land. [11] When he was about to enter Egypt, he said to Sarai his wife, \u201cI know that you are a woman beautiful in appearance, [12] and when the Egyptians see you, they will say, \u2018This is his wife.\u2019 Then they will kill me, but they will let you live. [13] Say you are my sister, that it may go well with me because of you, and that my life may be spared for your sake.\u201d [14] When Abram entered Egypt, the Egyptians saw that the woman was very beautiful. [15] And when the princes of Pharaoh saw her, they praised her to Pharaoh. And the woman was taken into Pharaoh\u2019s house. [16] And for her sake he dealt well with Abram; and he had sheep, oxen, male donkeys, male servants, female servants, female donkeys, and camels.\n\n  [17] But the LORD afflicted Pharaoh and his house with great plagues because of Sarai, Abram\u2019s wife. [18] So Pharaoh called Abram and said, \u201cWhat is this you have done to me? Why did you not tell me that she was your wife? [19] Why did you say, \u2018She is my sister,\u2019 so that I took her for my wife? Now then, here is your wife; take her, and go.\u201d [20] And Pharaoh gave men orders concerning him, and they sent him away with his wife and all that he had.\n\nFootnotes\n\n(1) 12:1 Or *had said*\n\n(2) 12:1 Or *land*\n\n(3) 12:3 Or *by you all the families of the earth shall bless themselves*\n\n(4) 12:6 Or *terebinth*\n (ESV)"]}