{"query": "Genesis 3", "canonical": "Genesis 3", "parsed": [[1003001, 1003024]], "passage_meta": [{"canonical": "Genesis 3", "chapter_start": [1003001, 1003024], "chapter_end": [1003001, 1003024], "prev_verse": 1002025, "next_verse": 1004001, "prev_chapter": [1002001, 1002025], "next_chapter": [1004001, 1004026]}], "passages": ["Genesis 3\n\nThe Fall\n\n  [1] Now the serpent was more crafty than any other beast of the field that the LORD God had made.\n\n  He said to the woman, \u201cDid God actually say, \u2018You(1) shall not eat of any tree in the garden\u2019?\u201d [2] And the woman said to the serpent, \u201cWe may eat of the fruit of the trees in the garden, [3] but God said, \u2018You shall not eat of the fruit of the tree that is in the midst of the garden, neither shall you touch it, lest you die.\u2019\u201d [4] But the serpent said to the woman, \u201cYou will not surely die. [5] For God knows that when you eat of it your eyes will be opened, and you will be like God, knowing good and evil.\u201d [6] So when the woman saw that the tree was good for food, and that it was a delight to the eyes, and that the tree was to be desired to make one wise,(2) she took of its fruit and ate, and she also gave some to her husband who was with her, and he ate. [7] Then the eyes of both were opened, and they knew that they were naked. And they sewed fig leaves together and made themselves loincloths.\n\n  [8] And they heard the sound of the LORD God walking in the garden in the cool(3) of the day, and the man and his wife hid themselves from the presence of the LORD God among the trees of the garden. [9] But the LORD God called to the man and said to him, \u201cWhere are you?\u201d(4) [10] And he said, \u201cI heard the sound of you in the garden, and I was afraid, because I was naked, and I hid myself.\u201d [11] He said, \u201cWho told you that you were naked? Have you eaten of the tree of which I commanded you not to eat?\u201d [12] The man said, \u201cThe woman whom you gave to be with me, she gave me fruit of the tree, and I ate.\u201d [13] Then the LORD God said to the woman, \u201cWhat is this that you have done?\u201d The woman said, \u201cThe serpent deceived me, and I ate.\u201d\n\n  [14] The LORD God said to the serpent,\n\n    \u201cBecause you have done this,\n        cursed are you above all livestock\n        and above all beasts of the field;\n    on your belly you shall go,\n        and dust you shall eat\n        all the days of your life.\n    [15] I will put enmity between you and the woman,\n        and between your offspring(5) and her offspring;\n    he shall bruise your head,\n        and you shall bruise his heel.\u201d\n    \n    \n      [16] To the woman he said,\n\n    \u201cI will surely multiply your pain in childbearing;\n        in pain you shall bring forth children.\n    Your desire shall be contrary to(6) your husband,\n        but he shall rule over you.\u201d\n    \n    \n      [17] And to Adam he said,\n\n    \u201cBecause you have listened to the voice of your wife\n        and have eaten of the tree\n    of which I commanded you,\n        \u2018You shall not eat of it,\u2019\n    cursed is the ground because of you;\n        in pain you shall eat of it all the days of your life;\n    [18] thorns and thistles it shall bring forth for you;\n        and you shall eat the plants of the field.\n    [19] By the sweat of your face\n        you shall eat bread,\n    till you return to the ground,\n        for out of it you were taken;\n    for you are dust,\n        and to dust you shall return.\u201d\n    \n    \n      [20] The man called his wife\u2019s name Eve, because she was the mother of all living.(7) [21] And the LORD God made for Adam and for his wife garments of skins and clothed them.\n\n  [22] Then the LORD God said, \u201cBehold, the man has become like one of us in knowing good and evil. Now, lest he reach out his hand and take also of the tree of life and eat, and live forever\u2014\u201d [23] therefore the LORD God sent him out from the garden of Eden to work the ground from which he was taken. [24] He drove out the man, and at the east of the garden of Eden he placed the cherubim and a flaming sword that turned every way to guard the way to the tree of life.\n\nFootnotes\n\n(1) 3:1 In Hebrew *you* is plural in verses 1\u20135\n\n(2) 3:6 Or *to give insight*\n\n(3) 3:8 Hebrew *wind*\n\n(4) 3:9 In Hebrew *you* is singular in verses 9 and 11\n\n(5) 3:15 Hebrew *seed*; so throughout Genesis\n\n(6) 3:16 Or *shall be toward* (see 4:7)\n\n(7) 3:20 *Eve* sounds like the Hebrew for *life-giver* and resembles the word for *living*\n (ESV)"]}