{"query": "Genesis 10", "canonical": "Genesis 10", "parsed": [[1010001, 1010032]], "passage_meta": [{"canonical": "Genesis 10", "chapter_start": [1010001, 1010032], "chapter_end": [1010001, 1010032], "prev_verse": 1009029, "next_verse": 1011001, "prev_chapter": [1009001, 1009029], "next_chapter": [1011001, 1011032]}], "passages": ["Genesis 10\n\nNations Descended from Noah\n\n  [1] These are the generations of the sons of Noah, Shem, Ham, and Japheth. Sons were born to them after the flood.\n\n  [2] The sons of Japheth: Gomer, Magog, Madai, Javan, Tubal, Meshech, and Tiras. [3] The sons of Gomer: Ashkenaz, Riphath, and Togarmah. [4] The sons of Javan: Elishah, Tarshish, Kittim, and Dodanim. [5] From these the coastland peoples spread in their lands, each with his own language, by their clans, in their nations.\n\n  [6] The sons of Ham: Cush, Egypt, Put, and Canaan. [7] The sons of Cush: Seba, Havilah, Sabtah, Raamah, and Sabteca. The sons of Raamah: Sheba and Dedan. [8] Cush fathered Nimrod; he was the first on earth to be a mighty man.(1) [9] He was a mighty hunter before the LORD. Therefore it is said, \u201cLike Nimrod a mighty hunter before the LORD.\u201d [10] The beginning of his kingdom was Babel, Erech, Accad, and Calneh, in the land of Shinar. [11] From that land he went into Assyria and built Nineveh, Rehoboth-Ir, Calah, and [12] Resen between Nineveh and Calah; that is the great city. [13] Egypt fathered Ludim, Anamim, Lehabim, Naphtuhim, [14] Pathrusim, Casluhim (from whom(2) the Philistines came), and Caphtorim.\n\n  [15] Canaan fathered Sidon his firstborn and Heth, [16] and the Jebusites, the Amorites, the Girgashites, [17] the Hivites, the Arkites, the Sinites, [18] the Arvadites, the Zemarites, and the Hamathites. Afterward the clans of the Canaanites dispersed. [19] And the territory of the Canaanites extended from Sidon in the direction of Gerar as far as Gaza, and in the direction of Sodom, Gomorrah, Admah, and Zeboiim, as far as Lasha. [20] These are the sons of Ham, by their clans, their languages, their lands, and their nations.\n\n  [21] To Shem also, the father of all the children of Eber, the elder brother of Japheth, children were born. [22] The sons of Shem: Elam, Asshur, Arpachshad, Lud, and Aram. [23] The sons of Aram: Uz, Hul, Gether, and Mash. [24] Arpachshad fathered Shelah; and Shelah fathered Eber. [25] To Eber were born two sons: the name of the one was Peleg,(3) for in his days the earth was divided, and his brother\u2019s name was Joktan. [26] Joktan fathered Almodad, Sheleph, Hazarmaveth, Jerah, [27] Hadoram, Uzal, Diklah, [28] Obal, Abimael, Sheba, [29] Ophir, Havilah, and Jobab; all these were the sons of Joktan. [30] The territory in which they lived extended from Mesha in the direction of Sephar to the hill country of the east. [31] These are the sons of Shem, by their clans, their languages, their lands, and their nations.\n\n  [32] These are the clans of the sons of Noah, according to their genealogies, in their nations, and from these the nations spread abroad on the earth after the flood.\n\nFootnotes\n\n(1) 10:8 Or *he began to be a mighty man on the earth*\n\n(2) 10:14 Or *from where*\n\n(3) 10:25 *Peleg* means *division*\n (ESV)"]}