{"query": "Genesis 9", "canonical": "Genesis 9", "parsed": [[1009001, 1009029]], "passage_meta": [{"canonical": "Genesis 9", "chapter_start": [1009001, 1009029], "chapter_end": [1009001, 1009029], "prev_verse": 1008022, "next_verse": 1010001, "prev_chapter": [1008001, 1008022], "next_chapter": [1010001, 1010032]}], "passages": ["Genesis 9\n\n  [1] And God blessed Noah and his sons and said to them, \u201cBe fruitful and multiply and fill the earth. [2] The fear of you and the dread of you shall be upon every beast of the earth and upon every bird of the heavens, upon everything that creeps on the ground and all the fish of the sea. Into your hand they are delivered. [3] Every moving thing that lives shall be food for you. And as I gave you the green plants, I give you everything. [4] But you shall not eat flesh with its life, that is, its blood. [5] And for your lifeblood I will require a reckoning: from every beast I will require it and from man. From his fellow man I will require a reckoning for the life of man.\n\n    [6] \u201cWhoever sheds the blood of man,\n        by man shall his blood be shed,\n    for God made man in his own image.\n    \n    \n      [7] And you,(1) be fruitful and multiply, increase greatly on the earth and multiply in it.\u201d\n\n  [8] Then God said to Noah and to his sons with him, [9] \u201cBehold, I establish my covenant with you and your offspring after you, [10] and with every living creature that is with you, the birds, the livestock, and every beast of the earth with you, as many as came out of the ark; it is for every beast of the earth. [11] I establish my covenant with you, that never again shall all flesh be cut off by the waters of the flood, and never again shall there be a flood to destroy the earth.\u201d [12] And God said, \u201cThis is the sign of the covenant that I make between me and you and every living creature that is with you, for all future generations: [13] I have set my bow in the cloud, and it shall be a sign of the covenant between me and the earth. [14] When I bring clouds over the earth and the bow is seen in the clouds, [15] I will remember my covenant that is between me and you and every living creature of all flesh. And the waters shall never again become a flood to destroy all flesh. [16] When the bow is in the clouds, I will see it and remember the everlasting covenant between God and every living creature of all flesh that is on the earth.\u201d [17] God said to Noah, \u201cThis is the sign of the covenant that I have established between me and all flesh that is on the earth.\u201d\n\nNoah\u2019s Descendants\n\n  [18] The sons of Noah who went forth from the ark were Shem, Ham, and Japheth. (Ham was the father of Canaan.) [19] These three were the sons of Noah, and from these the people of the whole earth were dispersed.(2)\n\n  [20] Noah began to be a man of the soil, and he planted a vineyard.(3) [21] He drank of the wine and became drunk and lay uncovered in his tent. [22] And Ham, the father of Canaan, saw the nakedness of his father and told his two brothers outside. [23] Then Shem and Japheth took a garment, laid it on both their shoulders, and walked backward and covered the nakedness of their father. Their faces were turned backward, and they did not see their father\u2019s nakedness. [24] When Noah awoke from his wine and knew what his youngest son had done to him, [25] he said,\n\n    \u201cCursed be Canaan;\n        a servant of servants shall he be to his brothers.\u201d\n    \n    \n      [26] He also said,\n\n    \u201cBlessed be the LORD, the God of Shem;\n        and let Canaan be his servant.\n    [27] May God enlarge Japheth,(4)\n        and let him dwell in the tents of Shem,\n        and let Canaan be his servant.\u201d\n    \n    \n      [28] After the flood Noah lived 350 years. [29] All the days of Noah were 950 years, and he died.\n\nFootnotes\n\n(1) 9:7 In Hebrew *you* is plural\n\n(2) 9:19 Or *from these the whole earth was populated*\n\n(3) 9:20 Or *Noah, a man of the soil, was the first to plant a vineyard*\n\n(4) 9:27 *Japheth* sounds like the Hebrew for *enlarge*\n (ESV)"]}