{"query": "Genesis 5", "canonical": "Genesis 5", "parsed": [[1005001, 1005032]], "passage_meta": [{"canonical": "Genesis 5", "chapter_start": [1005001, 1005032], "chapter_end": [1005001, 1005032], "prev_verse": 1004026, "next_verse": 1006001, "prev_chapter": [1004001, 1004026], "next_chapter": [1006001, 1006022]}], "passages": ["Genesis 5\n\nAdam\u2019s Descendants to Noah\n\n  [1] This is the book of the generations of Adam. When God created man, he made him in the likeness of God. [2] Male and female he created them, and he blessed them and named them Man(1) when they were created. [3] When Adam had lived 130 years, he fathered a son in his own likeness, after his image, and named him Seth. [4] The days of Adam after he fathered Seth were 800 years; and he had other sons and daughters. [5] Thus all the days that Adam lived were 930 years, and he died.\n\n  [6] When Seth had lived 105 years, he fathered Enosh. [7] Seth lived after he fathered Enosh 807 years and had other sons and daughters. [8] Thus all the days of Seth were 912 years, and he died.\n\n  [9] When Enosh had lived 90 years, he fathered Kenan. [10] Enosh lived after he fathered Kenan 815 years and had other sons and daughters. [11] Thus all the days of Enosh were 905 years, and he died.\n\n  [12] When Kenan had lived 70 years, he fathered Mahalalel. [13] Kenan lived after he fathered Mahalalel 840 years and had other sons and daughters. [14] Thus all the days of Kenan were 910 years, and he died.\n\n  [15] When Mahalalel had lived 65 years, he fathered Jared. [16] Mahalalel lived after he fathered Jared 830 years and had other sons and daughters. [17] Thus all the days of Mahalalel were 895 years, and he died.\n\n  [18] When Jared had lived 162 years, he fathered Enoch. [19] Jared lived after he fathered Enoch 800 years and had other sons and daughters. [20] Thus all the days of Jared were 962 years, and he died.\n\n  [21] When Enoch had lived 65 years, he fathered Methuselah. [22] Enoch walked with God(2) after he fathered Methuselah 300 years and had other sons and daughters. [23] Thus all the days of Enoch were 365 years. [24] Enoch walked with God, and he was not,(3) for God took him.\n\n  [25] When Methuselah had lived 187 years, he fathered Lamech. [26] Methuselah lived after he fathered Lamech 782 years and had other sons and daughters. [27] Thus all the days of Methuselah were 969 years, and he died.\n\n  [28] When Lamech had lived 182 years, he fathered a son [29] and called his name Noah, saying, \u201cOut of the ground that the LORD has cursed, this one shall bring us relief(4) from our work and from the painful toil of our hands.\u201d [30] Lamech lived after he fathered Noah 595 years and had other sons and daughters. [31] Thus all the days of Lamech were 777 years, and he died.\n\n  [32] After Noah was 500 years old, Noah fathered Shem, Ham, and Japheth.\n\nFootnotes\n\n(1) 5:2 Hebrew *adam*\n\n(2) 5:22 Septuagint *pleased God*; also verse 24\n\n(3) 5:24 Septuagint *was not found*\n\n(4) 5:29 *Noah* sounds like the Hebrew for *rest*\n (ESV)"]}