{
    "query": "Genesis 2",
    "canonical": "Genesis 2",
    "parsed": [
        [
            1002001,
            1002025
        ]
    ],
    "passage_meta": [
        {
            "canonical": "Genesis 2",
            "chapter_start": [
                1002001,
                1002025
            ],
            "chapter_end": [
                1002001,
                1002025
            ],
            "prev_verse": 1001031,
            "next_verse": 1003001,
            "prev_chapter": [
                1001001,
                1001031
            ],
            "next_chapter": [
                1003001,
                1003024
            ]
        }
    ],
    "passages": [
        "Genesis 2\n\nThe Seventh Day, God Rests\n\n  [1] Thus the heavens and the earth were finished, and all the host of them. [2] And on the seventh day God finished his work that he had done, and he rested on the seventh day from all his work that he had done. [3] So God blessed the seventh day and made it holy, because on it God rested from all his work that he had done in creation.\n\nThe Creation of Man and Woman\n\n    [4] These are the generations\n    of the heavens and the earth when they were created,\n    in the day that the LORD God made the earth and the heavens.\n    \n    \n      [5] When no bush of the field(1) was yet in the land(2) and no small plant of the field had yet sprung up\u2014for the LORD God had not caused it to rain on the land, and there was no man to work the ground, [6] and a mist(3) was going up from the land and was watering the whole face of the ground\u2014[7] then the LORD God formed the man of dust from the ground and breathed into his nostrils the breath of life, and the man became a living creature. [8] And the LORD God planted a garden in Eden, in the east, and there he put the man whom he had formed. [9] And out of the ground the LORD God made to spring up every tree that is pleasant to the sight and good for food. The tree of life was in the midst of the garden, and the tree of the knowledge of good and evil.\n\n  [10] A river flowed out of Eden to water the garden, and there it divided and became four rivers. [11] The name of the first is the Pishon. It is the one that flowed around the whole land of Havilah, where there is gold. [12] And the gold of that land is good; bdellium and onyx stone are there. [13] The name of the second river is the Gihon. It is the one that flowed around the whole land of Cush. [14] And the name of the third river is the Tigris, which flows east of Assyria. And the fourth river is the Euphrates.\n\n  [15] The LORD God took the man and put him in the garden of Eden to work it and keep it. [16] And the LORD God commanded the man, saying, \u201cYou may surely eat of every tree of the garden, [17] but of the tree of the knowledge of good and evil you shall not eat, for in the day that you eat(4) of it you shall surely die.\u201d\n\n  [18] Then the LORD God said, \u201cIt is not good that the man should be alone; I will make him a helper fit for(5) him.\u201d [19] Now out of the ground the LORD God had formed(6) every beast of the field and every bird of the heavens and brought them to the man to see what he would call them. And whatever the man called every living creature, that was its name. [20] The man gave names to all livestock and to the birds of the heavens and to every beast of the field. But for Adam(7) there was not found a helper fit for him. [21] So the LORD God caused a deep sleep to fall upon the man, and while he slept took one of his ribs and closed up its place with flesh. [22] And the rib that the LORD God had taken from the man he made(8) into a woman and brought her to the man. [23] Then the man said,\n\n    \u201cThis at last is bone of my bones\n        and flesh of my flesh;\n    she shall be called Woman,\n        because she was taken out of Man.\u201d(9)\n    \n    \n      [24] Therefore a man shall leave his father and his mother and hold fast to his wife, and they shall become one flesh. [25] And the man and his wife were both naked and were not ashamed.\n\nFootnotes\n\n(1) 2:5 Or *open country*\n\n(2) 2:5 Or *earth*; also verse 6\n\n(3) 2:6 Or *spring*\n\n(4) 2:17 Or *when you eat*\n\n(5) 2:18 Or *corresponding to*; also verse 20\n\n(6) 2:19 Or *And out of the ground the Lord God formed*\n\n(7) 2:20 Or *the man*\n\n(8) 2:22 Hebrew *built*\n\n(9) 2:23 The Hebrew words for *woman* (*ishshah*) and *man* (*ish*) sound alike\n (ESV)"
    ]
}