{"query": "Genesis 29", "canonical": "Genesis 29", "parsed": [[1029001, 1029035]], "passage_meta": [{"canonical": "Genesis 29", "chapter_start": [1029001, 1029035], "chapter_end": [1029001, 1029035], "prev_verse": 1028022, "next_verse": 1030001, "prev_chapter": [1028001, 1028022], "next_chapter": [1030001, 1030043]}], "passages": ["Genesis 29\n\nJacob Marries Leah and Rachel\n\n  [1] Then Jacob went on his journey and came to the land of the people of the east. [2] As he looked, he saw a well in the field, and behold, three flocks of sheep lying beside it, for out of that well the flocks were watered. The stone on the well\u2019s mouth was large, [3] and when all the flocks were gathered there, the shepherds would roll the stone from the mouth of the well and water the sheep, and put the stone back in its place over the mouth of the well.\n\n  [4] Jacob said to them, \u201cMy brothers, where do you come from?\u201d They said, \u201cWe are from Haran.\u201d [5] He said to them, \u201cDo you know Laban the son of Nahor?\u201d They said, \u201cWe know him.\u201d [6] He said to them, \u201cIs it well with him?\u201d They said, \u201cIt is well; and see, Rachel his daughter is coming with the sheep!\u201d [7] He said, \u201cBehold, it is still high day; it is not time for the livestock to be gathered together. Water the sheep and go, pasture them.\u201d [8] But they said, \u201cWe cannot until all the flocks are gathered together and the stone is rolled from the mouth of the well; then we water the sheep.\u201d\n\n  [9] While he was still speaking with them, Rachel came with her father\u2019s sheep, for she was a shepherdess. [10] Now as soon as Jacob saw Rachel the daughter of Laban his mother\u2019s brother, and the sheep of Laban his mother\u2019s brother, Jacob came near and rolled the stone from the well\u2019s mouth and watered the flock of Laban his mother\u2019s brother. [11] Then Jacob kissed Rachel and wept aloud. [12] And Jacob told Rachel that he was her father\u2019s kinsman, and that he was Rebekah\u2019s son, and she ran and told her father.\n\n  [13] As soon as Laban heard the news about Jacob, his sister\u2019s son, he ran to meet him and embraced him and kissed him and brought him to his house. Jacob told Laban all these things, [14] and Laban said to him, \u201cSurely you are my bone and my flesh!\u201d And he stayed with him a month.\n\n  [15] Then Laban said to Jacob, \u201cBecause you are my kinsman, should you therefore serve me for nothing? Tell me, what shall your wages be?\u201d [16] Now Laban had two daughters. The name of the older was Leah, and the name of the younger was Rachel. [17] Leah\u2019s eyes were weak,(1) but Rachel was beautiful in form and appearance. [18] Jacob loved Rachel. And he said, \u201cI will serve you seven years for your younger daughter Rachel.\u201d [19] Laban said, \u201cIt is better that I give her to you than that I should give her to any other man; stay with me.\u201d [20] So Jacob served seven years for Rachel, and they seemed to him but a few days because of the love he had for her.\n\n  [21] Then Jacob said to Laban, \u201cGive me my wife that I may go in to her, for my time is completed.\u201d [22] So Laban gathered together all the people of the place and made a feast. [23] But in the evening he took his daughter Leah and brought her to Jacob, and he went in to her. [24] (Laban gave(2) his female servant Zilpah to his daughter Leah to be her servant.) [25] And in the morning, behold, it was Leah! And Jacob said to Laban, \u201cWhat is this you have done to me? Did I not serve with you for Rachel? Why then have you deceived me?\u201d [26] Laban said, \u201cIt is not so done in our country, to give the younger before the firstborn. [27] Complete the week of this one, and we will give you the other also in return for serving me another seven years.\u201d [28] Jacob did so, and completed her week. Then Laban gave him his daughter Rachel to be his wife. [29] (Laban gave his female servant Bilhah to his daughter Rachel to be her servant.) [30] So Jacob went in to Rachel also, and he loved Rachel more than Leah, and served Laban for another seven years.\n\nJacob\u2019s Children\n\n  [31] When the LORD saw that Leah was hated, he opened her womb, but Rachel was barren. [32] And Leah conceived and bore a son, and she called his name Reuben,(3) for she said, \u201cBecause the LORD has looked upon my affliction; for now my husband will love me.\u201d [33] She conceived again and bore a son, and said, \u201cBecause the LORD has heard that I am hated, he has given me this son also.\u201d And she called his name Simeon.(4) [34] Again she conceived and bore a son, and said, \u201cNow this time my husband will be attached to me, because I have borne him three sons.\u201d Therefore his name was called Levi.(5) [35] And she conceived again and bore a son, and said, \u201cThis time I will praise the LORD.\u201d Therefore she called his name Judah.(6) Then she ceased bearing.\n\nFootnotes\n\n(1) 29:17 Or *soft*\n\n(2) 29:24 Or *had given*; also verse 29\n\n(3) 29:32 *Reuben* means *See, a son*\n\n(4) 29:33 *Simeon* sounds like the Hebrew for *heard*\n\n(5) 29:34 *Levi* sounds like the Hebrew for *attached*\n\n(6) 29:35 *Judah* sounds like the Hebrew for *praise*\n (ESV)"]}