{"query": "Genesis 48", "canonical": "Genesis 48", "parsed": [[1048001, 1048022]], "passage_meta": [{"canonical": "Genesis 48", "chapter_start": [1048001, 1048022], "chapter_end": [1048001, 1048022], "prev_verse": 1047031, "next_verse": 1049001, "prev_chapter": [1047001, 1047031], "next_chapter": [1049001, 1049033]}], "passages": ["Genesis 48\n\nJacob Blesses Ephraim and Manasseh\n\n  [1] After this, Joseph was told, \u201cBehold, your father is ill.\u201d So he took with him his two sons, Manasseh and Ephraim. [2] And it was told to Jacob, \u201cYour son Joseph has come to you.\u201d Then Israel summoned his strength and sat up in bed. [3] And Jacob said to Joseph, \u201cGod Almighty(1) appeared to me at Luz in the land of Canaan and blessed me, [4] and said to me, \u2018Behold, I will make you fruitful and multiply you, and I will make of you a company of peoples and will give this land to your offspring after you for an everlasting possession.\u2019 [5] And now your two sons, who were born to you in the land of Egypt before I came to you in Egypt, are mine; Ephraim and Manasseh shall be mine, as Reuben and Simeon are. [6] And the children that you fathered after them shall be yours. They shall be called by the name of their brothers in their inheritance. [7] As for me, when I came from Paddan, to my sorrow Rachel died in the land of Canaan on the way, when there was still some distance(2) to go to Ephrath, and I buried her there on the way to Ephrath (that is, Bethlehem).\u201d\n\n  [8] When Israel saw Joseph\u2019s sons, he said, \u201cWho are these?\u201d [9] Joseph said to his father, \u201cThey are my sons, whom God has given me here.\u201d And he said, \u201cBring them to me, please, that I may bless them.\u201d [10] Now the eyes of Israel were dim with age, so that he could not see. So Joseph brought them near him, and he kissed them and embraced them. [11] And Israel said to Joseph, \u201cI never expected to see your face; and behold, God has let me see your offspring also.\u201d [12] Then Joseph removed them from his knees, and he bowed himself with his face to the earth. [13] And Joseph took them both, Ephraim in his right hand toward Israel\u2019s left hand, and Manasseh in his left hand toward Israel\u2019s right hand, and brought them near him. [14] And Israel stretched out his right hand and laid it on the head of Ephraim, who was the younger, and his left hand on the head of Manasseh, crossing his hands (for Manasseh was the firstborn). [15] And he blessed Joseph and said,\n\n    \u201cThe God before whom my fathers Abraham and Isaac walked,\n        the God who has been my shepherd all my life long to this day,\n    [16] the angel who has redeemed me from all evil, bless the boys;\n        and in them let my name be carried on, and the name of my fathers Abraham and Isaac;\n        and let them grow into a multitude(3) in the midst of the earth.\u201d\n    \n    \n      [17] When Joseph saw that his father laid his right hand on the head of Ephraim, it displeased him, and he took his father\u2019s hand to move it from Ephraim\u2019s head to Manasseh\u2019s head. [18] And Joseph said to his father, \u201cNot this way, my father; since this one is the firstborn, put your right hand on his head.\u201d [19] But his father refused and said, \u201cI know, my son, I know. He also shall become a people, and he also shall be great. Nevertheless, his younger brother shall be greater than he, and his offspring shall become a multitude(4) of nations.\u201d [20] So he blessed them that day, saying,\n\n    \u201cBy you Israel will pronounce blessings, saying,\n    \u2018God make you as Ephraim and as Manasseh.\u2019\u201d\n    \n    \n      Thus he put Ephraim before Manasseh. [21] Then Israel said to Joseph, \u201cBehold, I am about to die, but God will be with you and will bring you again to the land of your fathers. [22] Moreover, I have given to you rather than to your brothers one mountain slope(5) that I took from the hand of the Amorites with my sword and with my bow.\u201d\n\nFootnotes\n\n(1) 48:3 Hebrew *El Shaddai*\n\n(2) 48:7 Or *about two hours\u2019 distance*\n\n(3) 48:16 Or *let them be like fish for multitude*\n\n(4) 48:19 Hebrew *fullness*\n\n(5) 48:22 Or *one portion of the land*; Hebrew *shekem*, which sounds like the town and district called *Shechem*\n (ESV)"]}