{"query": "Genesis 40", "canonical": "Genesis 40", "parsed": [[1040001, 1040023]], "passage_meta": [{"canonical": "Genesis 40", "chapter_start": [1040001, 1040023], "chapter_end": [1040001, 1040023], "prev_verse": 1039023, "next_verse": 1041001, "prev_chapter": [1039001, 1039023], "next_chapter": [1041001, 1041057]}], "passages": ["Genesis 40\n\nJoseph Interprets Two Prisoners\u2019 Dreams\n\n  [1] Some time after this, the cupbearer of the king of Egypt and his baker committed an offense against their lord the king of Egypt. [2] And Pharaoh was angry with his two officers, the chief cupbearer and the chief baker, [3] and he put them in custody in the house of the captain of the guard, in the prison where Joseph was confined. [4] The captain of the guard appointed Joseph to be with them, and he attended them. They continued for some time in custody.\n\n  [5] And one night they both dreamed\u2014the cupbearer and the baker of the king of Egypt, who were confined in the prison\u2014each his own dream, and each dream with its own interpretation. [6] When Joseph came to them in the morning, he saw that they were troubled. [7] So he asked Pharaoh\u2019s officers who were with him in custody in his master\u2019s house, \u201cWhy are your faces downcast today?\u201d [8] They said to him, \u201cWe have had dreams, and there is no one to interpret them.\u201d And Joseph said to them, \u201cDo not interpretations belong to God? Please tell them to me.\u201d\n\n  [9] So the chief cupbearer told his dream to Joseph and said to him, \u201cIn my dream there was a vine before me, [10] and on the vine there were three branches. As soon as it budded, its blossoms shot forth, and the clusters ripened into grapes. [11] Pharaoh\u2019s cup was in my hand, and I took the grapes and pressed them into Pharaoh\u2019s cup and placed the cup in Pharaoh\u2019s hand.\u201d [12] Then Joseph said to him, \u201cThis is its interpretation: the three branches are three days. [13] In three days Pharaoh will lift up your head and restore you to your office, and you shall place Pharaoh\u2019s cup in his hand as formerly, when you were his cupbearer. [14] Only remember me, when it is well with you, and please do me the kindness to mention me to Pharaoh, and so get me out of this house. [15] For I was indeed stolen out of the land of the Hebrews, and here also I have done nothing that they should put me into the pit.\u201d\n\n  [16] When the chief baker saw that the interpretation was favorable, he said to Joseph, \u201cI also had a dream: there were three cake baskets on my head, [17] and in the uppermost basket there were all sorts of baked food for Pharaoh, but the birds were eating it out of the basket on my head.\u201d [18] And Joseph answered and said, \u201cThis is its interpretation: the three baskets are three days. [19] In three days Pharaoh will lift up your head\u2014from you!\u2014and hang you on a tree. And the birds will eat the flesh from you.\u201d\n\n  [20] On the third day, which was Pharaoh\u2019s birthday, he made a feast for all his servants and lifted up the head of the chief cupbearer and the head of the chief baker among his servants. [21] He restored the chief cupbearer to his position, and he placed the cup in Pharaoh\u2019s hand. [22] But he hanged the chief baker, as Joseph had interpreted to them. [23] Yet the chief cupbearer did not remember Joseph, but forgot him. (ESV)"]}