{"query": "Genesis 22", "canonical": "Genesis 22", "parsed": [[1022001, 1022024]], "passage_meta": [{"canonical": "Genesis 22", "chapter_start": [1022001, 1022024], "chapter_end": [1022001, 1022024], "prev_verse": 1021034, "next_verse": 1023001, "prev_chapter": [1021001, 1021034], "next_chapter": [1023001, 1023020]}], "passages": ["Genesis 22\n\nThe Sacrifice of Isaac\n\n  [1] After these things God tested Abraham and said to him, \u201cAbraham!\u201d And he said, \u201cHere I am.\u201d [2] He said, \u201cTake your son, your only son Isaac, whom you love, and go to the land of Moriah, and offer him there as a burnt offering on one of the mountains of which I shall tell you.\u201d [3] So Abraham rose early in the morning, saddled his donkey, and took two of his young men with him, and his son Isaac. And he cut the wood for the burnt offering and arose and went to the place of which God had told him. [4] On the third day Abraham lifted up his eyes and saw the place from afar. [5] Then Abraham said to his young men, \u201cStay here with the donkey; I and the boy(1) will go over there and worship and come again to you.\u201d [6] And Abraham took the wood of the burnt offering and laid it on Isaac his son. And he took in his hand the fire and the knife. So they went both of them together. [7] And Isaac said to his father Abraham, \u201cMy father!\u201d And he said, \u201cHere I am, my son.\u201d He said, \u201cBehold, the fire and the wood, but where is the lamb for a burnt offering?\u201d [8] Abraham said, \u201cGod will provide for himself the lamb for a burnt offering, my son.\u201d So they went both of them together.\n\n  [9] When they came to the place of which God had told him, Abraham built the altar there and laid the wood in order and bound Isaac his son and laid him on the altar, on top of the wood. [10] Then Abraham reached out his hand and took the knife to slaughter his son. [11] But the angel of the LORD called to him from heaven and said, \u201cAbraham, Abraham!\u201d And he said, \u201cHere I am.\u201d [12] He said, \u201cDo not lay your hand on the boy or do anything to him, for now I know that you fear God, seeing you have not withheld your son, your only son, from me.\u201d [13] And Abraham lifted up his eyes and looked, and behold, behind him was a ram, caught in a thicket by his horns. And Abraham went and took the ram and offered it up as a burnt offering instead of his son. [14] So Abraham called the name of that place, \u201cThe LORD will provide\u201d;(2) as it is said to this day, \u201cOn the mount of the LORD it shall be provided.\u201d(3)\n\n  [15] And the angel of the LORD called to Abraham a second time from heaven [16] and said, \u201cBy myself I have sworn, declares the LORD, because you have done this and have not withheld your son, your only son, [17] I will surely bless you, and I will surely multiply your offspring as the stars of heaven and as the sand that is on the seashore. And your offspring shall possess the gate of his(4) enemies, [18] and in your offspring shall all the nations of the earth be blessed, because you have obeyed my voice.\u201d [19] So Abraham returned to his young men, and they arose and went together to Beersheba. And Abraham lived at Beersheba.\n\n  [20] Now after these things it was told to Abraham, \u201cBehold, Milcah also has borne children to your brother Nahor: [21] Uz his firstborn, Buz his brother, Kemuel the father of Aram, [22] Chesed, Hazo, Pildash, Jidlaph, and Bethuel.\u201d [23] (Bethuel fathered Rebekah.) These eight Milcah bore to Nahor, Abraham\u2019s brother. [24] Moreover, his concubine, whose name was Reumah, bore Tebah, Gaham, Tahash, and Maacah.\n\nFootnotes\n\n(1) 22:5 Or *young man*; also verse 12\n\n(2) 22:14 Or *will see*\n\n(3) 22:14 Or *he will be seen*\n\n(4) 22:17 Or *their*\n (ESV)"]}