{"query": "Genesis 17", "canonical": "Genesis 17", "parsed": [[1017001, 1017027]], "passage_meta": [{"canonical": "Genesis 17", "chapter_start": [1017001, 1017027], "chapter_end": [1017001, 1017027], "prev_verse": 1016016, "next_verse": 1018001, "prev_chapter": [1016001, 1016016], "next_chapter": [1018001, 1018033]}], "passages": ["Genesis 17\n\nAbraham and the Covenant of Circumcision\n\n  [1] When Abram was ninety-nine years old the LORD appeared to Abram and said to him, \u201cI am God Almighty;(1) walk before me, and be blameless, [2] that I may make my covenant between me and you, and may multiply you greatly.\u201d [3] Then Abram fell on his face. And God said to him, [4] \u201cBehold, my covenant is with you, and you shall be the father of a multitude of nations. [5] No longer shall your name be called Abram,(2) but your name shall be Abraham,(3) for I have made you the father of a multitude of nations. [6] I will make you exceedingly fruitful, and I will make you into nations, and kings shall come from you. [7] And I will establish my covenant between me and you and your offspring after you throughout their generations for an everlasting covenant, to be God to you and to your offspring after you. [8] And I will give to you and to your offspring after you the land of your sojournings, all the land of Canaan, for an everlasting possession, and I will be their God.\u201d\n\n  [9] And God said to Abraham, \u201cAs for you, you shall keep my covenant, you and your offspring after you throughout their generations. [10] This is my covenant, which you shall keep, between me and you and your offspring after you: Every male among you shall be circumcised. [11] You shall be circumcised in the flesh of your foreskins, and it shall be a sign of the covenant between me and you. [12] He who is eight days old among you shall be circumcised. Every male throughout your generations, whether born in your house or bought with your money from any foreigner who is not of your offspring, [13] both he who is born in your house and he who is bought with your money, shall surely be circumcised. So shall my covenant be in your flesh an everlasting covenant. [14] Any uncircumcised male who is not circumcised in the flesh of his foreskin shall be cut off from his people; he has broken my covenant.\u201d\n\nIsaac\u2019s Birth Promised\n\n  [15] And God said to Abraham, \u201cAs for Sarai your wife, you shall not call her name Sarai, but Sarah(4) shall be her name. [16] I will bless her, and moreover, I will give(5) you a son by her. I will bless her, and she shall become nations; kings of peoples shall come from her.\u201d [17] Then Abraham fell on his face and laughed and said to himself, \u201cShall a child be born to a man who is a hundred years old? Shall Sarah, who is ninety years old, bear a child?\u201d [18] And Abraham said to God, \u201cOh that Ishmael might live before you!\u201d [19] God said, \u201cNo, but Sarah your wife shall bear you a son, and you shall call his name Isaac.(6) I will establish my covenant with him as an everlasting covenant for his offspring after him. [20] As for Ishmael, I have heard you; behold, I have blessed him and will make him fruitful and multiply him greatly. He shall father twelve princes, and I will make him into a great nation. [21] But I will establish my covenant with Isaac, whom Sarah shall bear to you at this time next year.\u201d\n\n  [22] When he had finished talking with him, God went up from Abraham. [23] Then Abraham took Ishmael his son and all those born in his house or bought with his money, every male among the men of Abraham\u2019s house, and he circumcised the flesh of their foreskins that very day, as God had said to him. [24] Abraham was ninety-nine years old when he was circumcised in the flesh of his foreskin. [25] And Ishmael his son was thirteen years old when he was circumcised in the flesh of his foreskin. [26] That very day Abraham and his son Ishmael were circumcised. [27] And all the men of his house, those born in the house and those bought with money from a foreigner, were circumcised with him.\n\nFootnotes\n\n(1) 17:1 Hebrew *El Shaddai*\n\n(2) 17:5 *Abram* means *exalted father*\n\n(3) 17:5 *Abraham* means *father of a multitude*\n\n(4) 17:15 *Sarai* and *Sarah* mean *princess*\n\n(5) 17:16 Hebrew *have given*\n\n(6) 17:19 *Isaac* means *he laughs*\n (ESV)"]}