{"query": "Genesis 45", "canonical": "Genesis 45", "parsed": [[1045001, 1045028]], "passage_meta": [{"canonical": "Genesis 45", "chapter_start": [1045001, 1045028], "chapter_end": [1045001, 1045028], "prev_verse": 1044034, "next_verse": 1046001, "prev_chapter": [1044001, 1044034], "next_chapter": [1046001, 1046034]}], "passages": ["Genesis 45\n\nJoseph Provides for His Brothers and Family\n\n  [1] Then Joseph could not control himself before all those who stood by him. He cried, \u201cMake everyone go out from me.\u201d So no one stayed with him when Joseph made himself known to his brothers. [2] And he wept aloud, so that the Egyptians heard it, and the household of Pharaoh heard it. [3] And Joseph said to his brothers, \u201cI am Joseph! Is my father still alive?\u201d But his brothers could not answer him, for they were dismayed at his presence.\n\n  [4] So Joseph said to his brothers, \u201cCome near to me, please.\u201d And they came near. And he said, \u201cI am your brother, Joseph, whom you sold into Egypt. [5] And now do not be distressed or angry with yourselves because you sold me here, for God sent me before you to preserve life. [6] For the famine has been in the land these two years, and there are yet five years in which there will be neither plowing nor harvest. [7] And God sent me before you to preserve for you a remnant on earth, and to keep alive for you many survivors. [8] So it was not you who sent me here, but God. He has made me a father to Pharaoh, and lord of all his house and ruler over all the land of Egypt. [9] Hurry and go up to my father and say to him, \u2018Thus says your son Joseph, God has made me lord of all Egypt. Come down to me; do not tarry. [10] You shall dwell in the land of Goshen, and you shall be near me, you and your children and your children\u2019s children, and your flocks, your herds, and all that you have. [11] There I will provide for you, for there are yet five years of famine to come, so that you and your household, and all that you have, do not come to poverty.\u2019 [12] And now your eyes see, and the eyes of my brother Benjamin see, that it is my mouth that speaks to you. [13] You must tell my father of all my honor in Egypt, and of all that you have seen. Hurry and bring my father down here.\u201d [14] Then he fell upon his brother Benjamin\u2019s neck and wept, and Benjamin wept upon his neck. [15] And he kissed all his brothers and wept upon them. After that his brothers talked with him.\n\n  [16] When the report was heard in Pharaoh\u2019s house, \u201cJoseph\u2019s brothers have come,\u201d it pleased Pharaoh and his servants. [17] And Pharaoh said to Joseph, \u201cSay to your brothers, \u2018Do this: load your beasts and go back to the land of Canaan, [18] and take your father and your households, and come to me, and I will give you the best of the land of Egypt, and you shall eat the fat of the land.\u2019 [19] And you, Joseph, are commanded to say, \u2018Do this: take wagons from the land of Egypt for your little ones and for your wives, and bring your father, and come. [20] Have no concern for(1) your goods, for the best of all the land of Egypt is yours.\u2019\u201d\n\n  [21] The sons of Israel did so: and Joseph gave them wagons, according to the command of Pharaoh, and gave them provisions for the journey. [22] To each and all of them he gave a change of clothes, but to Benjamin he gave three hundred shekels(2) of silver and five changes of clothes. [23] To his father he sent as follows: ten donkeys loaded with the good things of Egypt, and ten female donkeys loaded with grain, bread, and provision for his father on the journey. [24] Then he sent his brothers away, and as they departed, he said to them, \u201cDo not quarrel on the way.\u201d\n\n  [25] So they went up out of Egypt and came to the land of Canaan to their father Jacob. [26] And they told him, \u201cJoseph is still alive, and he is ruler over all the land of Egypt.\u201d And his heart became numb, for he did not believe them. [27] But when they told him all the words of Joseph, which he had said to them, and when he saw the wagons that Joseph had sent to carry him, the spirit of their father Jacob revived. [28] And Israel said, \u201cIt is enough; Joseph my son is still alive. I will go and see him before I die.\u201d\n\nFootnotes\n\n(1) 45:20 Hebrew *Let your eye not pity*\n\n(2) 45:22 A *shekel* was about 2/5 ounce or 11 grams\n (ESV)"]}