{"query": "Genesis 28", "canonical": "Genesis 28", "parsed": [[1028001, 1028022]], "passage_meta": [{"canonical": "Genesis 28", "chapter_start": [1028001, 1028022], "chapter_end": [1028001, 1028022], "prev_verse": 1027046, "next_verse": 1029001, "prev_chapter": [1027001, 1027046], "next_chapter": [1029001, 1029035]}], "passages": ["Genesis 28\n\nJacob Sent to Laban\n\n  [1] Then Isaac called Jacob and blessed him and directed him, \u201cYou must not take a wife from the Canaanite women. [2] Arise, go to Paddan-aram to the house of Bethuel your mother\u2019s father, and take as your wife from there one of the daughters of Laban your mother\u2019s brother. [3] God Almighty(1) bless you and make you fruitful and multiply you, that you may become a company of peoples. [4] May he give the blessing of Abraham to you and to your offspring with you, that you may take possession of the land of your sojournings that God gave to Abraham!\u201d [5] Thus Isaac sent Jacob away. And he went to Paddan-aram, to Laban, the son of Bethuel the Aramean, the brother of Rebekah, Jacob\u2019s and Esau\u2019s mother.\n\nEsau Marries an Ishmaelite\n\n  [6] Now Esau saw that Isaac had blessed Jacob and sent him away to Paddan-aram to take a wife from there, and that as he blessed him he directed him, \u201cYou must not take a wife from the Canaanite women,\u201d [7] and that Jacob had obeyed his father and his mother and gone to Paddan-aram. [8] So when Esau saw that the Canaanite women did not please Isaac his father, [9] Esau went to Ishmael and took as his wife, besides the wives he had, Mahalath the daughter of Ishmael, Abraham\u2019s son, the sister of Nebaioth.\n\nJacob\u2019s Dream\n\n  [10] Jacob left Beersheba and went toward Haran. [11] And he came to a certain place and stayed there that night, because the sun had set. Taking one of the stones of the place, he put it under his head and lay down in that place to sleep. [12] And he dreamed, and behold, there was a ladder(2) set up on the earth, and the top of it reached to heaven. And behold, the angels of God were ascending and descending on it! [13] And behold, the LORD stood above it(3) and said, \u201cI am the LORD, the God of Abraham your father and the God of Isaac. The land on which you lie I will give to you and to your offspring. [14] Your offspring shall be like the dust of the earth, and you shall spread abroad to the west and to the east and to the north and to the south, and in you and your offspring shall all the families of the earth be blessed. [15] Behold, I am with you and will keep you wherever you go, and will bring you back to this land. For I will not leave you until I have done what I have promised you.\u201d [16] Then Jacob awoke from his sleep and said, \u201cSurely the LORD is in this place, and I did not know it.\u201d [17] And he was afraid and said, \u201cHow awesome is this place! This is none other than the house of God, and this is the gate of heaven.\u201d\n\n  [18] So early in the morning Jacob took the stone that he had put under his head and set it up for a pillar and poured oil on the top of it. [19] He called the name of that place Bethel,(4) but the name of the city was Luz at the first. [20] Then Jacob made a vow, saying, \u201cIf God will be with me and will keep me in this way that I go, and will give me bread to eat and clothing to wear, [21] so that I come again to my father\u2019s house in peace, then the LORD shall be my God, [22] and this stone, which I have set up for a pillar, shall be God\u2019s house. And of all that you give me I will give a full tenth to you.\u201d\n\nFootnotes\n\n(1) 28:3 Hebrew *El Shaddai*\n\n(2) 28:12 Or *a flight of steps*\n\n(3) 28:13 Or *beside him*\n\n(4) 28:19 *Bethel* means *the house of God*\n (ESV)"]}