{"query": "Genesis 37", "canonical": "Genesis 37", "parsed": [[1037001, 1037036]], "passage_meta": [{"canonical": "Genesis 37", "chapter_start": [1037001, 1037036], "chapter_end": [1037001, 1037036], "prev_verse": 1036043, "next_verse": 1038001, "prev_chapter": [1036001, 1036043], "next_chapter": [1038001, 1038030]}], "passages": ["Genesis 37\n\nJoseph\u2019s Dreams\n\n  [1] Jacob lived in the land of his father\u2019s sojournings, in the land of Canaan.\n\n  [2] These are the generations of Jacob.\n\n  Joseph, being seventeen years old, was pasturing the flock with his brothers. He was a boy with the sons of Bilhah and Zilpah, his father\u2019s wives. And Joseph brought a bad report of them to their father. [3] Now Israel loved Joseph more than any other of his sons, because he was the son of his old age. And he made him a robe of many colors.(1) [4] But when his brothers saw that their father loved him more than all his brothers, they hated him and could not speak peacefully to him.\n\n  [5] Now Joseph had a dream, and when he told it to his brothers they hated him even more. [6] He said to them, \u201cHear this dream that I have dreamed: [7] Behold, we were binding sheaves in the field, and behold, my sheaf arose and stood upright. And behold, your sheaves gathered around it and bowed down to my sheaf.\u201d [8] His brothers said to him, \u201cAre you indeed to reign over us? Or are you indeed to rule over us?\u201d So they hated him even more for his dreams and for his words.\n\n  [9] Then he dreamed another dream and told it to his brothers and said, \u201cBehold, I have dreamed another dream. Behold, the sun, the moon, and eleven stars were bowing down to me.\u201d [10] But when he told it to his father and to his brothers, his father rebuked him and said to him, \u201cWhat is this dream that you have dreamed? Shall I and your mother and your brothers indeed come to bow ourselves to the ground before you?\u201d [11] And his brothers were jealous of him, but his father kept the saying in mind.\n\nJoseph Sold by His Brothers\n\n  [12] Now his brothers went to pasture their father\u2019s flock near Shechem. [13] And Israel said to Joseph, \u201cAre not your brothers pasturing the flock at Shechem? Come, I will send you to them.\u201d And he said to him, \u201cHere I am.\u201d [14] So he said to him, \u201cGo now, see if it is well with your brothers and with the flock, and bring me word.\u201d So he sent him from the Valley of Hebron, and he came to Shechem. [15] And a man found him wandering in the fields. And the man asked him, \u201cWhat are you seeking?\u201d [16] \u201cI am seeking my brothers,\u201d he said. \u201cTell me, please, where they are pasturing the flock.\u201d [17] And the man said, \u201cThey have gone away, for I heard them say, \u2018Let us go to Dothan.\u2019\u201d So Joseph went after his brothers and found them at Dothan.\n\n  [18] They saw him from afar, and before he came near to them they conspired against him to kill him. [19] They said to one another, \u201cHere comes this dreamer. [20] Come now, let us kill him and throw him into one of the pits.(2) Then we will say that a fierce animal has devoured him, and we will see what will become of his dreams.\u201d [21] But when Reuben heard it, he rescued him out of their hands, saying, \u201cLet us not take his life.\u201d [22] And Reuben said to them, \u201cShed no blood; throw him into this pit here in the wilderness, but do not lay a hand on him\u201d\u2014that he might rescue him out of their hand to restore him to his father. [23] So when Joseph came to his brothers, they stripped him of his robe, the robe of many colors that he wore. [24] And they took him and threw him into a pit. The pit was empty; there was no water in it.\n\n  [25] Then they sat down to eat. And looking up they saw a caravan of Ishmaelites coming from Gilead, with their camels bearing gum, balm, and myrrh, on their way to carry it down to Egypt. [26] Then Judah said to his brothers, \u201cWhat profit is it if we kill our brother and conceal his blood? [27] Come, let us sell him to the Ishmaelites, and let not our hand be upon him, for he is our brother, our own flesh.\u201d And his brothers listened to him. [28] Then Midianite traders passed by. And they drew Joseph up and lifted him out of the pit, and sold him to the Ishmaelites for twenty shekels(3) of silver. They took Joseph to Egypt.\n\n  [29] When Reuben returned to the pit and saw that Joseph was not in the pit, he tore his clothes [30] and returned to his brothers and said, \u201cThe boy is gone, and I, where shall I go?\u201d [31] Then they took Joseph\u2019s robe and slaughtered a goat and dipped the robe in the blood. [32] And they sent the robe of many colors and brought it to their father and said, \u201cThis we have found; please identify whether it is your son\u2019s robe or not.\u201d [33] And he identified it and said, \u201cIt is my son\u2019s robe. A fierce animal has devoured him. Joseph is without doubt torn to pieces.\u201d [34] Then Jacob tore his garments and put sackcloth on his loins and mourned for his son many days. [35] All his sons and all his daughters rose up to comfort him, but he refused to be comforted and said, \u201cNo, I shall go down to Sheol to my son, mourning.\u201d Thus his father wept for him. [36] Meanwhile the Midianites had sold him in Egypt to Potiphar, an officer of Pharaoh, the captain of the guard.\n\nFootnotes\n\n(1) 37:3 See Septuagint, Vulgate; or (with Syriac) *a robe with long sleeves*. The meaning of the Hebrew is uncertain; also verses 23, 32\n\n(2) 37:20 Or *cisterns*; also verses 22, 24\n\n(3) 37:28 A *shekel* was about 2/5 ounce or 11 grams\n (ESV)"]}