{"query": "Genesis 26", "canonical": "Genesis 26", "parsed": [[1026001, 1026035]], "passage_meta": [{"canonical": "Genesis 26", "chapter_start": [1026001, 1026035], "chapter_end": [1026001, 1026035], "prev_verse": 1025034, "next_verse": 1027001, "prev_chapter": [1025001, 1025034], "next_chapter": [1027001, 1027046]}], "passages": ["Genesis 26\n\nGod\u2019s Promise to Isaac\n\n  [1] Now there was a famine in the land, besides the former famine that was in the days of Abraham. And Isaac went to Gerar to Abimelech king of the Philistines. [2] And the LORD appeared to him and said, \u201cDo not go down to Egypt; dwell in the land of which I shall tell you. [3] Sojourn in this land, and I will be with you and will bless you, for to you and to your offspring I will give all these lands, and I will establish the oath that I swore to Abraham your father. [4] I will multiply your offspring as the stars of heaven and will give to your offspring all these lands. And in your offspring all the nations of the earth shall be blessed, [5] because Abraham obeyed my voice and kept my charge, my commandments, my statutes, and my laws.\u201d\n\nIsaac and Abimelech\n\n  [6] So Isaac settled in Gerar. [7] When the men of the place asked him about his wife, he said, \u201cShe is my sister,\u201d for he feared to say, \u201cMy wife,\u201d thinking, \u201clest the men of the place should kill me because of Rebekah,\u201d because she was attractive in appearance. [8] When he had been there a long time, Abimelech king of the Philistines looked out of a window and saw Isaac laughing with(1) Rebekah his wife. [9] So Abimelech called Isaac and said, \u201cBehold, she is your wife. How then could you say, \u2018She is my sister\u2019?\u201d Isaac said to him, \u201cBecause I thought, \u2018Lest I die because of her.\u2019\u201d [10] Abimelech said, \u201cWhat is this you have done to us? One of the people might easily have lain with your wife, and you would have brought guilt upon us.\u201d [11] So Abimelech warned all the people, saying, \u201cWhoever touches this man or his wife shall surely be put to death.\u201d\n\n  [12] And Isaac sowed in that land and reaped in the same year a hundredfold. The LORD blessed him, [13] and the man became rich, and gained more and more until he became very wealthy. [14] He had possessions of flocks and herds and many servants, so that the Philistines envied him. [15] (Now the Philistines had stopped and filled with earth all the wells that his father\u2019s servants had dug in the days of Abraham his father.) [16] And Abimelech said to Isaac, \u201cGo away from us, for you are much mightier than we.\u201d\n\n  [17] So Isaac departed from there and encamped in the Valley of Gerar and settled there. [18] And Isaac dug again the wells of water that had been dug in the days of Abraham his father, which the Philistines had stopped after the death of Abraham. And he gave them the names that his father had given them. [19] But when Isaac\u2019s servants dug in the valley and found there a well of spring water, [20] the herdsmen of Gerar quarreled with Isaac\u2019s herdsmen, saying, \u201cThe water is ours.\u201d So he called the name of the well Esek,(2) because they contended with him. [21] Then they dug another well, and they quarreled over that also, so he called its name Sitnah.(3) [22] And he moved from there and dug another well, and they did not quarrel over it. So he called its name Rehoboth,(4) saying, \u201cFor now the LORD has made room for us, and we shall be fruitful in the land.\u201d\n\n  [23] From there he went up to Beersheba. [24] And the LORD appeared to him the same night and said, \u201cI am the God of Abraham your father. Fear not, for I am with you and will bless you and multiply your offspring for my servant Abraham\u2019s sake.\u201d [25] So he built an altar there and called upon the name of the LORD and pitched his tent there. And there Isaac\u2019s servants dug a well.\n\n  [26] When Abimelech went to him from Gerar with Ahuzzath his adviser and Phicol the commander of his army, [27] Isaac said to them, \u201cWhy have you come to me, seeing that you hate me and have sent me away from you?\u201d [28] They said, \u201cWe see plainly that the LORD has been with you. So we said, let there be a sworn pact between us, between you and us, and let us make a covenant with you, [29] that you will do us no harm, just as we have not touched you and have done to you nothing but good and have sent you away in peace. You are now the blessed of the LORD.\u201d [30] So he made them a feast, and they ate and drank. [31] In the morning they rose early and exchanged oaths. And Isaac sent them on their way, and they departed from him in peace. [32] That same day Isaac\u2019s servants came and told him about the well that they had dug and said to him, \u201cWe have found water.\u201d [33] He called it Shibah;(5) therefore the name of the city is Beersheba to this day.\n\n  [34] When Esau was forty years old, he took Judith the daughter of Beeri the Hittite to be his wife, and Basemath the daughter of Elon the Hittite, [35] and they made life bitter(6) for Isaac and Rebekah.\n\nFootnotes\n\n(1) 26:8 Hebrew may suggest an intimate relationship\n\n(2) 26:20 *Esek* means *contention*\n\n(3) 26:21 *Sitnah* means *enmity*\n\n(4) 26:22 *Rehoboth* means *broad places*, or *room*\n\n(5) 26:33 *Shibah* sounds like the Hebrew for *oath*\n\n(6) 26:35 Hebrew *they were bitterness of spirit*\n (ESV)"]}