{"query": "Genesis 32", "canonical": "Genesis 32", "parsed": [[1032001, 1032032]], "passage_meta": [{"canonical": "Genesis 32", "chapter_start": [1032001, 1032032], "chapter_end": [1032001, 1032032], "prev_verse": 1031055, "next_verse": 1033001, "prev_chapter": [1031001, 1031055], "next_chapter": [1033001, 1033020]}], "passages": ["Genesis 32\n\nJacob Fears Esau\n\n  [1] Jacob went on his way, and the angels of God met him. [2] And when Jacob saw them he said, \u201cThis is God\u2019s camp!\u201d So he called the name of that place Mahanaim.(1)\n\n  [3] And Jacob sent(2) messengers before him to Esau his brother in the land of Seir, the country of Edom, [4] instructing them, \u201cThus you shall say to my lord Esau: Thus says your servant Jacob, \u2018I have sojourned with Laban and stayed until now. [5] I have oxen, donkeys, flocks, male servants, and female servants. I have sent to tell my lord, in order that I may find favor in your sight.\u2019\u201d\n\n  [6] And the messengers returned to Jacob, saying, \u201cWe came to your brother Esau, and he is coming to meet you, and there are four hundred men with him.\u201d [7] Then Jacob was greatly afraid and distressed. He divided the people who were with him, and the flocks and herds and camels, into two camps, [8] thinking, \u201cIf Esau comes to the one camp and attacks it, then the camp that is left will escape.\u201d\n\n  [9] And Jacob said, \u201cO God of my father Abraham and God of my father Isaac, O LORD who said to me, \u2018Return to your country and to your kindred, that I may do you good,\u2019 [10] I am not worthy of the least of all the deeds of steadfast love and all the faithfulness that you have shown to your servant, for with only my staff I crossed this Jordan, and now I have become two camps. [11] Please deliver me from the hand of my brother, from the hand of Esau, for I fear him, that he may come and attack me, the mothers with the children. [12] But you said, \u2018I will surely do you good, and make your offspring as the sand of the sea, which cannot be numbered for multitude.\u2019\u201d\n\n  [13] So he stayed there that night, and from what he had with him he took a present for his brother Esau, [14] two hundred female goats and twenty male goats, two hundred ewes and twenty rams, [15] thirty milking camels and their calves, forty cows and ten bulls, twenty female donkeys and ten male donkeys. [16] These he handed over to his servants, every drove by itself, and said to his servants, \u201cPass on ahead of me and put a space between drove and drove.\u201d [17] He instructed the first, \u201cWhen Esau my brother meets you and asks you, \u2018To whom do you belong? Where are you going? And whose are these ahead of you?\u2019 [18] then you shall say, \u2018They belong to your servant Jacob. They are a present sent to my lord Esau. And moreover, he is behind us.\u2019\u201d [19] He likewise instructed the second and the third and all who followed the droves, \u201cYou shall say the same thing to Esau when you find him, [20] and you shall say, \u2018Moreover, your servant Jacob is behind us.\u2019\u201d For he thought, \u201cI may appease him(3) with the present that goes ahead of me, and afterward I shall see his face. Perhaps he will accept me.\u201d(4) [21] So the present passed on ahead of him, and he himself stayed that night in the camp.\n\nJacob Wrestles with God\n\n  [22] The same night he arose and took his two wives, his two female servants, and his eleven children,(5) and crossed the ford of the Jabbok. [23] He took them and sent them across the stream, and everything else that he had. [24] And Jacob was left alone. And a man wrestled with him until the breaking of the day. [25] When the man saw that he did not prevail against Jacob, he touched his hip socket, and Jacob\u2019s hip was put out of joint as he wrestled with him. [26] Then he said, \u201cLet me go, for the day has broken.\u201d But Jacob said, \u201cI will not let you go unless you bless me.\u201d [27] And he said to him, \u201cWhat is your name?\u201d And he said, \u201cJacob.\u201d [28] Then he said, \u201cYour name shall no longer be called Jacob, but Israel,(6) for you have striven with God and with men, and have prevailed.\u201d [29] Then Jacob asked him, \u201cPlease tell me your name.\u201d But he said, \u201cWhy is it that you ask my name?\u201d And there he blessed him. [30] So Jacob called the name of the place Peniel,(7) saying, \u201cFor I have seen God face to face, and yet my life has been delivered.\u201d [31] The sun rose upon him as he passed Penuel, limping because of his hip. [32] Therefore to this day the people of Israel do not eat the sinew of the thigh that is on the hip socket, because he touched the socket of Jacob\u2019s hip on the sinew of the thigh.\n\nFootnotes\n\n(1) 32:2 *Mahanaim* means *two camps*\n\n(2) 32:3 Or *had sent*\n\n(3) 32:20 Hebrew *appease his face*\n\n(4) 32:20 Hebrew *he will lift my face*\n\n(5) 32:22 Or *sons*\n\n(6) 32:28 *Israel* means *He strives with God*, or *God strives*\n\n(7) 32:30 *Peniel* means *the face of God*\n (ESV)"]}