{"query": "Genesis 27", "canonical": "Genesis 27", "parsed": [[1027001, 1027046]], "passage_meta": [{"canonical": "Genesis 27", "chapter_start": [1027001, 1027046], "chapter_end": [1027001, 1027046], "prev_verse": 1026035, "next_verse": 1028001, "prev_chapter": [1026001, 1026035], "next_chapter": [1028001, 1028022]}], "passages": ["Genesis 27\n\nIsaac Blesses Jacob\n\n  [1] When Isaac was old and his eyes were dim so that he could not see, he called Esau his older son and said to him, \u201cMy son\u201d; and he answered, \u201cHere I am.\u201d [2] He said, \u201cBehold, I am old; I do not know the day of my death. [3] Now then, take your weapons, your quiver and your bow, and go out to the field and hunt game for me, [4] and prepare for me delicious food, such as I love, and bring it to me so that I may eat, that my soul may bless you before I die.\u201d\n\n  [5] Now Rebekah was listening when Isaac spoke to his son Esau. So when Esau went to the field to hunt for game and bring it, [6] Rebekah said to her son Jacob, \u201cI heard your father speak to your brother Esau, [7] \u2018Bring me game and prepare for me delicious food, that I may eat it and bless you before the LORD before I die.\u2019 [8] Now therefore, my son, obey my voice as I command you. [9] Go to the flock and bring me two good young goats, so that I may prepare from them delicious food for your father, such as he loves. [10] And you shall bring it to your father to eat, so that he may bless you before he dies.\u201d [11] But Jacob said to Rebekah his mother, \u201cBehold, my brother Esau is a hairy man, and I am a smooth man. [12] Perhaps my father will feel me, and I shall seem to be mocking him and bring a curse upon myself and not a blessing.\u201d [13] His mother said to him, \u201cLet your curse be on me, my son; only obey my voice, and go, bring them to me.\u201d\n\n  [14] So he went and took them and brought them to his mother, and his mother prepared delicious food, such as his father loved. [15] Then Rebekah took the best garments of Esau her older son, which were with her in the house, and put them on Jacob her younger son. [16] And the skins of the young goats she put on his hands and on the smooth part of his neck. [17] And she put the delicious food and the bread, which she had prepared, into the hand of her son Jacob.\n\n  [18] So he went in to his father and said, \u201cMy father.\u201d And he said, \u201cHere I am. Who are you, my son?\u201d [19] Jacob said to his father, \u201cI am Esau your firstborn. I have done as you told me; now sit up and eat of my game, that your soul may bless me.\u201d [20] But Isaac said to his son, \u201cHow is it that you have found it so quickly, my son?\u201d He answered, \u201cBecause the LORD your God granted me success.\u201d [21] Then Isaac said to Jacob, \u201cPlease come near, that I may feel you, my son, to know whether you are really my son Esau or not.\u201d [22] So Jacob went near to Isaac his father, who felt him and said, \u201cThe voice is Jacob\u2019s voice, but the hands are the hands of Esau.\u201d [23] And he did not recognize him, because his hands were hairy like his brother Esau\u2019s hands. So he blessed him. [24] He said, \u201cAre you really my son Esau?\u201d He answered, \u201cI am.\u201d [25] Then he said, \u201cBring it near to me, that I may eat of my son\u2019s game and bless you.\u201d So he brought it near to him, and he ate; and he brought him wine, and he drank.\n\n  [26] Then his father Isaac said to him, \u201cCome near and kiss me, my son.\u201d [27] So he came near and kissed him. And Isaac smelled the smell of his garments and blessed him and said,\n\n    \u201cSee, the smell of my son\n        is as the smell of a field that the LORD has blessed!\n    [28] May God give you of the dew of heaven\n        and of the fatness of the earth\n        and plenty of grain and wine.\n    [29] Let peoples serve you,\n        and nations bow down to you.\n    Be lord over your brothers,\n        and may your mother\u2019s sons bow down to you.\n    Cursed be everyone who curses you,\n        and blessed be everyone who blesses you!\u201d\n    \n    \n      [30] As soon as Isaac had finished blessing Jacob, when Jacob had scarcely gone out from the presence of Isaac his father, Esau his brother came in from his hunting. [31] He also prepared delicious food and brought it to his father. And he said to his father, \u201cLet my father arise and eat of his son\u2019s game, that you may bless me.\u201d [32] His father Isaac said to him, \u201cWho are you?\u201d He answered, \u201cI am your son, your firstborn, Esau.\u201d [33] Then Isaac trembled very violently and said, \u201cWho was it then that hunted game and brought it to me, and I ate it all before you came, and I have blessed him? Yes, and he shall be blessed.\u201d [34] As soon as Esau heard the words of his father, he cried out with an exceedingly great and bitter cry and said to his father, \u201cBless me, even me also, O my father!\u201d [35] But he said, \u201cYour brother came deceitfully, and he has taken away your blessing.\u201d [36] Esau said, \u201cIs he not rightly named Jacob?(1) For he has cheated me these two times. He took away my birthright, and behold, now he has taken away my blessing.\u201d Then he said, \u201cHave you not reserved a blessing for me?\u201d [37] Isaac answered and said to Esau, \u201cBehold, I have made him lord over you, and all his brothers I have given to him for servants, and with grain and wine I have sustained him. What then can I do for you, my son?\u201d [38] Esau said to his father, \u201cHave you but one blessing, my father? Bless me, even me also, O my father.\u201d And Esau lifted up his voice and wept.\n\n  [39] Then Isaac his father answered and said to him:\n\n    \u201cBehold, away from(2) the fatness of the earth shall your dwelling be,\n        and away from(3) the dew of heaven on high.\n    [40] By your sword you shall live,\n        and you shall serve your brother;\n    but when you grow restless\n        you shall break his yoke from your neck.\u201d\n    \n    \n      [41] Now Esau hated Jacob because of the blessing with which his father had blessed him, and Esau said to himself, \u201cThe days of mourning for my father are approaching; then I will kill my brother Jacob.\u201d [42] But the words of Esau her older son were told to Rebekah. So she sent and called Jacob her younger son and said to him, \u201cBehold, your brother Esau comforts himself about you by planning to kill you. [43] Now therefore, my son, obey my voice. Arise, flee to Laban my brother in Haran [44] and stay with him a while, until your brother\u2019s fury turns away\u2014[45] until your brother\u2019s anger turns away from you, and he forgets what you have done to him. Then I will send and bring you from there. Why should I be bereft of you both in one day?\u201d\n\n  [46] Then Rebekah said to Isaac, \u201cI loathe my life because of the Hittite women.(4) If Jacob marries one of the Hittite women like these, one of the women of the land, what good will my life be to me?\u201d\n\nFootnotes\n\n(1) 27:36 *Jacob* means *He takes by the heel*, or *He cheats*\n\n(2) 27:39 Or *Behold, of*\n\n(3) 27:39 Or *and of*\n\n(4) 27:46 Hebrew *daughters of Heth*\n (ESV)"]}