{"query": "Genesis 8", "canonical": "Genesis 8", "parsed": [[1008001, 1008022]], "passage_meta": [{"canonical": "Genesis 8", "chapter_start": [1008001, 1008022], "chapter_end": [1008001, 1008022], "prev_verse": 1007024, "next_verse": 1009001, "prev_chapter": [1007001, 1007024], "next_chapter": [1009001, 1009029]}], "passages": ["Genesis 8\n\nThe Flood Subsides\n\n  [1] But God remembered Noah and all the beasts and all the livestock that were with him in the ark. And God made a wind blow over the earth, and the waters subsided. [2] The fountains of the deep and the windows of the heavens were closed, the rain from the heavens was restrained, [3] and the waters receded from the earth continually. At the end of 150 days the waters had abated, [4] and in the seventh month, on the seventeenth day of the month, the ark came to rest on the mountains of Ararat. [5] And the waters continued to abate until the tenth month; in the tenth month, on the first day of the month, the tops of the mountains were seen.\n\n  [6] At the end of forty days Noah opened the window of the ark that he had made [7] and sent forth a raven. It went to and fro until the waters were dried up from the earth. [8] Then he sent forth a dove from him, to see if the waters had subsided from the face of the ground. [9] But the dove found no place to set her foot, and she returned to him to the ark, for the waters were still on the face of the whole earth. So he put out his hand and took her and brought her into the ark with him. [10] He waited another seven days, and again he sent forth the dove out of the ark. [11] And the dove came back to him in the evening, and behold, in her mouth was a freshly plucked olive leaf. So Noah knew that the waters had subsided from the earth. [12] Then he waited another seven days and sent forth the dove, and she did not return to him anymore.\n\n  [13] In the six hundred and first year, in the first month, the first day of the month, the waters were dried from off the earth. And Noah removed the covering of the ark and looked, and behold, the face of the ground was dry. [14] In the second month, on the twenty-seventh day of the month, the earth had dried out. [15] Then God said to Noah, [16] \u201cGo out from the ark, you and your wife, and your sons and your sons\u2019 wives with you. [17] Bring out with you every living thing that is with you of all flesh\u2014birds and animals and every creeping thing that creeps on the earth\u2014that they may swarm on the earth, and be fruitful and multiply on the earth.\u201d [18] So Noah went out, and his sons and his wife and his sons\u2019 wives with him. [19] Every beast, every creeping thing, and every bird, everything that moves on the earth, went out by families from the ark.\n\nGod\u2019s Covenant with Noah\n\n  [20] Then Noah built an altar to the LORD and took some of every clean animal and some of every clean bird and offered burnt offerings on the altar. [21] And when the LORD smelled the pleasing aroma, the LORD said in his heart, \u201cI will never again curse(1) the ground because of man, for the intention of man\u2019s heart is evil from his youth. Neither will I ever again strike down every living creature as I have done. [22] While the earth remains, seedtime and harvest, cold and heat, summer and winter, day and night, shall not cease.\u201d\n\nFootnotes\n\n(1) 8:21 Or *dishonor*\n (ESV)"]}