{"query": "Genesis 4", "canonical": "Genesis 4", "parsed": [[1004001, 1004026]], "passage_meta": [{"canonical": "Genesis 4", "chapter_start": [1004001, 1004026], "chapter_end": [1004001, 1004026], "prev_verse": 1003024, "next_verse": 1005001, "prev_chapter": [1003001, 1003024], "next_chapter": [1005001, 1005032]}], "passages": ["Genesis 4\n\nCain and Abel\n\n  [1] Now Adam knew Eve his wife, and she conceived and bore Cain, saying, \u201cI have gotten(1) a man with the help of the LORD.\u201d [2] And again, she bore his brother Abel. Now Abel was a keeper of sheep, and Cain a worker of the ground. [3] In the course of time Cain brought to the LORD an offering of the fruit of the ground, [4] and Abel also brought of the firstborn of his flock and of their fat portions. And the LORD had regard for Abel and his offering, [5] but for Cain and his offering he had no regard. So Cain was very angry, and his face fell. [6] The LORD said to Cain, \u201cWhy are you angry, and why has your face fallen? [7] If you do well, will you not be accepted?(2) And if you do not do well, sin is crouching at the door. Its desire is contrary to(3) you, but you must rule over it.\u201d\n\n  [8] Cain spoke to Abel his brother.(4) And when they were in the field, Cain rose up against his brother Abel and killed him. [9] Then the LORD said to Cain, \u201cWhere is Abel your brother?\u201d He said, \u201cI do not know; am I my brother\u2019s keeper?\u201d [10] And the LORD said, \u201cWhat have you done? The voice of your brother\u2019s blood is crying to me from the ground. [11] And now you are cursed from the ground, which has opened its mouth to receive your brother\u2019s blood from your hand. [12] When you work the ground, it shall no longer yield to you its strength. You shall be a fugitive and a wanderer on the earth.\u201d [13] Cain said to the LORD, \u201cMy punishment is greater than I can bear.(5) [14] Behold, you have driven me today away from the ground, and from your face I shall be hidden. I shall be a fugitive and a wanderer on the earth, and whoever finds me will kill me.\u201d [15] Then the LORD said to him, \u201cNot so! If anyone kills Cain, vengeance shall be taken on him sevenfold.\u201d And the LORD put a mark on Cain, lest any who found him should attack him. [16] Then Cain went away from the presence of the LORD and settled in the land of Nod,(6) east of Eden.\n\n  [17] Cain knew his wife, and she conceived and bore Enoch. When he built a city, he called the name of the city after the name of his son, Enoch. [18] To Enoch was born Irad, and Irad fathered Mehujael, and Mehujael fathered Methushael, and Methushael fathered Lamech. [19] And Lamech took two wives. The name of the one was Adah, and the name of the other Zillah. [20] Adah bore Jabal; he was the father of those who dwell in tents and have livestock. [21] His brother\u2019s name was Jubal; he was the father of all those who play the lyre and pipe. [22] Zillah also bore Tubal-cain; he was the forger of all instruments of bronze and iron. The sister of Tubal-cain was Naamah.\n\n  [23] Lamech said to his wives:\n\n    \u201cAdah and Zillah, hear my voice;\n        you wives of Lamech, listen to what I say:\n    I have killed a man for wounding me,\n        a young man for striking me.\n    [24] If Cain\u2019s revenge is sevenfold,\n        then Lamech\u2019s is seventy-sevenfold.\u201d\n    \n    \n      [25] And Adam knew his wife again, and she bore a son and called his name Seth, for she said, \u201cGod has appointed(7) for me another offspring instead of Abel, for Cain killed him.\u201d [26] To Seth also a son was born, and he called his name Enosh. At that time people began to call upon the name of the LORD.\n\nFootnotes\n\n(1) 4:1 *Cain* sounds like the Hebrew for *gotten*\n\n(2) 4:7 Hebrew *will there not be a lifting up* [of your face]?\n\n(3) 4:7 Or *is toward*\n\n(4) 4:8 Hebrew; Samaritan, Septuagint, Syriac, Vulgate add *Let us go out to the field*\n\n(5) 4:13 Or *My guilt is too great to bear*\n\n(6) 4:16 *Nod* means *wandering*\n\n(7) 4:25 *Seth* sounds like the Hebrew for *he appointed*\n (ESV)"]}