{"query": "Genesis 43", "canonical": "Genesis 43", "parsed": [[1043001, 1043034]], "passage_meta": [{"canonical": "Genesis 43", "chapter_start": [1043001, 1043034], "chapter_end": [1043001, 1043034], "prev_verse": 1042038, "next_verse": 1044001, "prev_chapter": [1042001, 1042038], "next_chapter": [1044001, 1044034]}], "passages": ["Genesis 43\n\nJoseph\u2019s Brothers Return to Egypt\n\n  [1] Now the famine was severe in the land. [2] And when they had eaten the grain that they had brought from Egypt, their father said to them, \u201cGo again, buy us a little food.\u201d [3] But Judah said to him, \u201cThe man solemnly warned us, saying, \u2018You shall not see my face unless your brother is with you.\u2019 [4] If you will send our brother with us, we will go down and buy you food. [5] But if you will not send him, we will not go down, for the man said to us, \u2018You shall not see my face, unless your brother is with you.\u2019\u201d [6] Israel said, \u201cWhy did you treat me so badly as to tell the man that you had another brother?\u201d [7] They replied, \u201cThe man questioned us carefully about ourselves and our kindred, saying, \u2018Is your father still alive? Do you have another brother?\u2019 What we told him was in answer to these questions. Could we in any way know that he would say, \u2018Bring your brother down\u2019?\u201d [8] And Judah said to Israel his father, \u201cSend the boy with me, and we will arise and go, that we may live and not die, both we and you and also our little ones. [9] I will be a pledge of his safety. From my hand you shall require him. If I do not bring him back to you and set him before you, then let me bear the blame forever. [10] If we had not delayed, we would now have returned twice.\u201d\n\n  [11] Then their father Israel said to them, \u201cIf it must be so, then do this: take some of the choice fruits of the land in your bags, and carry a present down to the man, a little balm and a little honey, gum, myrrh, pistachio nuts, and almonds. [12] Take double the money with you. Carry back with you the money that was returned in the mouth of your sacks. Perhaps it was an oversight. [13] Take also your brother, and arise, go again to the man. [14] May God Almighty(1) grant you mercy before the man, and may he send back your other brother and Benjamin. And as for me, if I am bereaved of my children, I am bereaved.\u201d\n\n  [15] So the men took this present, and they took double the money with them, and Benjamin. They arose and went down to Egypt and stood before Joseph.\n\n  [16] When Joseph saw Benjamin with them, he said to the steward of his house, \u201cBring the men into the house, and slaughter an animal and make ready, for the men are to dine with me at noon.\u201d [17] The man did as Joseph told him and brought the men to Joseph\u2019s house. [18] And the men were afraid because they were brought to Joseph\u2019s house, and they said, \u201cIt is because of the money, which was replaced in our sacks the first time, that we are brought in, so that he may assault us and fall upon us to make us servants and seize our donkeys.\u201d [19] So they went up to the steward of Joseph\u2019s house and spoke with him at the door of the house, [20] and said, \u201cOh, my lord, we came down the first time to buy food. [21] And when we came to the lodging place we opened our sacks, and there was each man\u2019s money in the mouth of his sack, our money in full weight. So we have brought it again with us, [22] and we have brought other money down with us to buy food. We do not know who put our money in our sacks.\u201d [23] He replied, \u201cPeace to you, do not be afraid. Your God and the God of your father has put treasure in your sacks for you. I received your money.\u201d Then he brought Simeon out to them. [24] And when the man had brought the men into Joseph\u2019s house and given them water, and they had washed their feet, and when he had given their donkeys fodder, [25] they prepared the present for Joseph\u2019s coming at noon, for they heard that they should eat bread there.\n\n  [26] When Joseph came home, they brought into the house to him the present that they had with them and bowed down to him to the ground. [27] And he inquired about their welfare and said, \u201cIs your father well, the old man of whom you spoke? Is he still alive?\u201d [28] They said, \u201cYour servant our father is well; he is still alive.\u201d And they bowed their heads and prostrated themselves. [29] And he lifted up his eyes and saw his brother Benjamin, his mother\u2019s son, and said, \u201cIs this your youngest brother, of whom you spoke to me? God be gracious to you, my son!\u201d [30] Then Joseph hurried out, for his compassion grew warm for his brother, and he sought a place to weep. And he entered his chamber and wept there. [31] Then he washed his face and came out. And controlling himself he said, \u201cServe the food.\u201d [32] They served him by himself, and them by themselves, and the Egyptians who ate with him by themselves, because the Egyptians could not eat with the Hebrews, for that is an abomination to the Egyptians. [33] And they sat before him, the firstborn according to his birthright and the youngest according to his youth. And the men looked at one another in amazement. [34] Portions were taken to them from Joseph\u2019s table, but Benjamin\u2019s portion was five times as much as any of theirs. And they drank and were merry(2) with him.\n\nFootnotes\n\n(1) 43:14 Hebrew *El Shaddai*\n\n(2) 43:34 Hebrew *and became intoxicated*\n (ESV)"]}