{"query": "Genesis 42", "canonical": "Genesis 42", "parsed": [[1042001, 1042038]], "passage_meta": [{"canonical": "Genesis 42", "chapter_start": [1042001, 1042038], "chapter_end": [1042001, 1042038], "prev_verse": 1041057, "next_verse": 1043001, "prev_chapter": [1041001, 1041057], "next_chapter": [1043001, 1043034]}], "passages": ["Genesis 42\n\nJoseph\u2019s Brothers Go to Egypt\n\n  [1] When Jacob learned that there was grain for sale in Egypt, he said to his sons, \u201cWhy do you look at one another?\u201d [2] And he said, \u201cBehold, I have heard that there is grain for sale in Egypt. Go down and buy grain for us there, that we may live and not die.\u201d [3] So ten of Joseph\u2019s brothers went down to buy grain in Egypt. [4] But Jacob did not send Benjamin, Joseph\u2019s brother, with his brothers, for he feared that harm might happen to him. [5] Thus the sons of Israel came to buy among the others who came, for the famine was in the land of Canaan.\n\n  [6] Now Joseph was governor over the land. He was the one who sold to all the people of the land. And Joseph\u2019s brothers came and bowed themselves before him with their faces to the ground. [7] Joseph saw his brothers and recognized them, but he treated them like strangers and spoke roughly to them. \u201cWhere do you come from?\u201d he said. They said, \u201cFrom the land of Canaan, to buy food.\u201d [8] And Joseph recognized his brothers, but they did not recognize him. [9] And Joseph remembered the dreams that he had dreamed of them. And he said to them, \u201cYou are spies; you have come to see the nakedness of the land.\u201d [10] They said to him, \u201cNo, my lord, your servants have come to buy food. [11] We are all sons of one man. We are honest men. Your servants have never been spies.\u201d\n\n  [12] He said to them, \u201cNo, it is the nakedness of the land that you have come to see.\u201d [13] And they said, \u201cWe, your servants, are twelve brothers, the sons of one man in the land of Canaan, and behold, the youngest is this day with our father, and one is no more.\u201d [14] But Joseph said to them, \u201cIt is as I said to you. You are spies. [15] By this you shall be tested: by the life of Pharaoh, you shall not go from this place unless your youngest brother comes here. [16] Send one of you, and let him bring your brother, while you remain confined, that your words may be tested, whether there is truth in you. Or else, by the life of Pharaoh, surely you are spies.\u201d [17] And he put them all together in custody for three days.\n\n  [18] On the third day Joseph said to them, \u201cDo this and you will live, for I fear God: [19] if you are honest men, let one of your brothers remain confined where you are in custody, and let the rest go and carry grain for the famine of your households, [20] and bring your youngest brother to me. So your words will be verified, and you shall not die.\u201d And they did so. [21] Then they said to one another, \u201cIn truth we are guilty concerning our brother, in that we saw the distress of his soul, when he begged us and we did not listen. That is why this distress has come upon us.\u201d [22] And Reuben answered them, \u201cDid I not tell you not to sin against the boy? But you did not listen. So now there comes a reckoning for his blood.\u201d [23] They did not know that Joseph understood them, for there was an interpreter between them. [24] Then he turned away from them and wept. And he returned to them and spoke to them. And he took Simeon from them and bound him before their eyes. [25] And Joseph gave orders to fill their bags with grain, and to replace every man\u2019s money in his sack, and to give them provisions for the journey. This was done for them.\n\n  [26] Then they loaded their donkeys with their grain and departed. [27] And as one of them opened his sack to give his donkey fodder at the lodging place, he saw his money in the mouth of his sack. [28] He said to his brothers, \u201cMy money has been put back; here it is in the mouth of my sack!\u201d At this their hearts failed them, and they turned trembling to one another, saying, \u201cWhat is this that God has done to us?\u201d\n\n  [29] When they came to Jacob their father in the land of Canaan, they told him all that had happened to them, saying, [30] \u201cThe man, the lord of the land, spoke roughly to us and took us to be spies of the land. [31] But we said to him, \u2018We are honest men; we have never been spies. [32] We are twelve brothers, sons of our father. One is no more, and the youngest is this day with our father in the land of Canaan.\u2019 [33] Then the man, the lord of the land, said to us, \u2018By this I shall know that you are honest men: leave one of your brothers with me, and take grain for the famine of your households, and go your way. [34] Bring your youngest brother to me. Then I shall know that you are not spies but honest men, and I will deliver your brother to you, and you shall trade in the land.\u2019\u201d\n\n  [35] As they emptied their sacks, behold, every man\u2019s bundle of money was in his sack. And when they and their father saw their bundles of money, they were afraid. [36] And Jacob their father said to them, \u201cYou have bereaved me of my children: Joseph is no more, and Simeon is no more, and now you would take Benjamin. All this has come against me.\u201d [37] Then Reuben said to his father, \u201cKill my two sons if I do not bring him back to you. Put him in my hands, and I will bring him back to you.\u201d [38] But he said, \u201cMy son shall not go down with you, for his brother is dead, and he is the only one left. If harm should happen to him on the journey that you are to make, you would bring down my gray hairs with sorrow to Sheol.\u201d (ESV)"]}