{"query": "Genesis 35", "canonical": "Genesis 35", "parsed": [[1035001, 1035029]], "passage_meta": [{"canonical": "Genesis 35", "chapter_start": [1035001, 1035029], "chapter_end": [1035001, 1035029], "prev_verse": 1034031, "next_verse": 1036001, "prev_chapter": [1034001, 1034031], "next_chapter": [1036001, 1036043]}], "passages": ["Genesis 35\n\nGod Blesses and Renames Jacob\n\n  [1] God said to Jacob, \u201cArise, go up to Bethel and dwell there. Make an altar there to the God who appeared to you when you fled from your brother Esau.\u201d [2] So Jacob said to his household and to all who were with him, \u201cPut away the foreign gods that are among you and purify yourselves and change your garments. [3] Then let us arise and go up to Bethel, so that I may make there an altar to the God who answers me in the day of my distress and has been with me wherever I have gone.\u201d [4] So they gave to Jacob all the foreign gods that they had, and the rings that were in their ears. Jacob hid them under the terebinth tree that was near Shechem.\n\n  [5] And as they journeyed, a terror from God fell upon the cities that were around them, so that they did not pursue the sons of Jacob. [6] And Jacob came to Luz (that is, Bethel), which is in the land of Canaan, he and all the people who were with him, [7] and there he built an altar and called the place El-bethel,(1) because there God had revealed himself to him when he fled from his brother. [8] And Deborah, Rebekah\u2019s nurse, died, and she was buried under an oak below Bethel. So he called its name Allon-bacuth.(2)\n\n  [9] God appeared(3) to Jacob again, when he came from Paddan-aram, and blessed him. [10] And God said to him, \u201cYour name is Jacob; no longer shall your name be called Jacob, but Israel shall be your name.\u201d So he called his name Israel. [11] And God said to him, \u201cI am God Almighty:(4) be fruitful and multiply. A nation and a company of nations shall come from you, and kings shall come from your own body.(5) [12] The land that I gave to Abraham and Isaac I will give to you, and I will give the land to your offspring after you.\u201d [13] Then God went up from him in the place where he had spoken with him. [14] And Jacob set up a pillar in the place where he had spoken with him, a pillar of stone. He poured out a drink offering on it and poured oil on it. [15] So Jacob called the name of the place where God had spoken with him Bethel.\n\nThe Deaths of Rachel and Isaac\n\n  [16] Then they journeyed from Bethel. When they were still some distance(6) from Ephrath, Rachel went into labor, and she had hard labor. [17] And when her labor was at its hardest, the midwife said to her, \u201cDo not fear, for you have another son.\u201d [18] And as her soul was departing (for she was dying), she called his name Ben-oni;(7) but his father called him Benjamin.(8) [19] So Rachel died, and she was buried on the way to Ephrath (that is, Bethlehem), [20] and Jacob set up a pillar over her tomb. It is the pillar of Rachel\u2019s tomb, which is there to this day. [21] Israel journeyed on and pitched his tent beyond the tower of Eder.\n\n  [22] While Israel lived in that land, Reuben went and lay with Bilhah his father\u2019s concubine. And Israel heard of it.\n\n  Now the sons of Jacob were twelve. [23] The sons of Leah: Reuben (Jacob\u2019s firstborn), Simeon, Levi, Judah, Issachar, and Zebulun. [24] The sons of Rachel: Joseph and Benjamin. [25] The sons of Bilhah, Rachel\u2019s servant: Dan and Naphtali. [26] The sons of Zilpah, Leah\u2019s servant: Gad and Asher. These were the sons of Jacob who were born to him in Paddan-aram.\n\n  [27] And Jacob came to his father Isaac at Mamre, or Kiriath-arba (that is, Hebron), where Abraham and Isaac had sojourned. [28] Now the days of Isaac were 180 years. [29] And Isaac breathed his last, and he died and was gathered to his people, old and full of days. And his sons Esau and Jacob buried him.\n\nFootnotes\n\n(1) 35:7 *El-bethel* means *God of Bethel*\n\n(2) 35:8 *Allon-bacuth* means *oak of weeping*\n\n(3) 35:9 Or *had appeared*\n\n(4) 35:11 Hebrew *El Shaddai*\n\n(5) 35:11 Hebrew *from your loins*\n\n(6) 35:16 Or *about two hours\u2019 distance*\n\n(7) 35:18 *Ben-oni* could mean *son of my sorrow*, or *son of my strength*\n\n(8) 35:18 *Benjamin* means *son of the right hand*\n (ESV)"]}