{"query": "Genesis 7", "canonical": "Genesis 7", "parsed": [[1007001, 1007024]], "passage_meta": [{"canonical": "Genesis 7", "chapter_start": [1007001, 1007024], "chapter_end": [1007001, 1007024], "prev_verse": 1006022, "next_verse": 1008001, "prev_chapter": [1006001, 1006022], "next_chapter": [1008001, 1008022]}], "passages": ["Genesis 7\n\n  [1] Then the LORD said to Noah, \u201cGo into the ark, you and all your household, for I have seen that you are righteous before me in this generation. [2] Take with you seven pairs of all clean animals,(1) the male and his mate, and a pair of the animals that are not clean, the male and his mate, [3] and seven pairs(2) of the birds of the heavens also, male and female, to keep their offspring alive on the face of all the earth. [4] For in seven days I will send rain on the earth forty days and forty nights, and every living thing(3) that I have made I will blot out from the face of the ground.\u201d [5] And Noah did all that the LORD had commanded him.\n\n  [6] Noah was six hundred years old when the flood of waters came upon the earth. [7] And Noah and his sons and his wife and his sons\u2019 wives with him went into the ark to escape the waters of the flood. [8] Of clean animals, and of animals that are not clean, and of birds, and of everything that creeps on the ground, [9] two and two, male and female, went into the ark with Noah, as God had commanded Noah. [10] And after seven days the waters of the flood came upon the earth.\n\n  [11] In the six hundredth year of Noah\u2019s life, in the second month, on the seventeenth day of the month, on that day all the fountains of the great deep burst forth, and the windows of the heavens were opened. [12] And rain fell upon the earth forty days and forty nights. [13] On the very same day Noah and his sons, Shem and Ham and Japheth, and Noah\u2019s wife and the three wives of his sons with them entered the ark, [14] they and every beast, according to its kind, and all the livestock according to their kinds, and every creeping thing that creeps on the earth, according to its kind, and every bird, according to its kind, every winged creature. [15] They went into the ark with Noah, two and two of all flesh in which there was the breath of life. [16] And those that entered, male and female of all flesh, went in as God had commanded him. And the LORD shut him in.\n\n  [17] The flood continued forty days on the earth. The waters increased and bore up the ark, and it rose high above the earth. [18] The waters prevailed and increased greatly on the earth, and the ark floated on the face of the waters. [19] And the waters prevailed so mightily on the earth that all the high mountains under the whole heaven were covered. [20] The waters prevailed above the mountains, covering them fifteen cubits(4) deep. [21] And all flesh died that moved on the earth, birds, livestock, beasts, all swarming creatures that swarm on the earth, and all mankind. [22] Everything on the dry land in whose nostrils was the breath of life died. [23] He blotted out every living thing that was on the face of the ground, man and animals and creeping things and birds of the heavens. They were blotted out from the earth. Only Noah was left, and those who were with him in the ark. [24] And the waters prevailed on the earth 150 days.\n\nFootnotes\n\n(1) 7:2 Or *seven of each kind of clean animal*\n\n(2) 7:3 Or *seven of each kind*\n\n(3) 7:4 Hebrew *all existence*; also verse 23\n\n(4) 7:20 A *cubit* was about 18 inches or 45 centimeters\n (ESV)"]}