{"query": "Genesis 39", "canonical": "Genesis 39", "parsed": [[1039001, 1039023]], "passage_meta": [{"canonical": "Genesis 39", "chapter_start": [1039001, 1039023], "chapter_end": [1039001, 1039023], "prev_verse": 1038030, "next_verse": 1040001, "prev_chapter": [1038001, 1038030], "next_chapter": [1040001, 1040023]}], "passages": ["Genesis 39\n\nJoseph and Potiphar\u2019s Wife\n\n  [1] Now Joseph had been brought down to Egypt, and Potiphar, an officer of Pharaoh, the captain of the guard, an Egyptian, had bought him from the Ishmaelites who had brought him down there. [2] The LORD was with Joseph, and he became a successful man, and he was in the house of his Egyptian master. [3] His master saw that the LORD was with him and that the LORD caused all that he did to succeed in his hands. [4] So Joseph found favor in his sight and attended him, and he made him overseer of his house and put him in charge of all that he had. [5] From the time that he made him overseer in his house and over all that he had, the LORD blessed the Egyptian\u2019s house for Joseph\u2019s sake; the blessing of the LORD was on all that he had, in house and field. [6] So he left all that he had in Joseph\u2019s charge, and because of him he had no concern about anything but the food he ate.\n\n  Now Joseph was handsome in form and appearance. [7] And after a time his master\u2019s wife cast her eyes on Joseph and said, \u201cLie with me.\u201d [8] But he refused and said to his master\u2019s wife, \u201cBehold, because of me my master has no concern about anything in the house, and he has put everything that he has in my charge. [9] He is not greater in this house than I am, nor has he kept back anything from me except you, because you are his wife. How then can I do this great wickedness and sin against God?\u201d [10] And as she spoke to Joseph day after day, he would not listen to her, to lie beside her or to be with her.\n\n  [11] But one day, when he went into the house to do his work and none of the men of the house was there in the house, [12] she caught him by his garment, saying, \u201cLie with me.\u201d But he left his garment in her hand and fled and got out of the house. [13] And as soon as she saw that he had left his garment in her hand and had fled out of the house, [14] she called to the men of her household and said to them, \u201cSee, he has brought among us a Hebrew to laugh at us. He came in to me to lie with me, and I cried out with a loud voice. [15] And as soon as he heard that I lifted up my voice and cried out, he left his garment beside me and fled and got out of the house.\u201d [16] Then she laid up his garment by her until his master came home, [17] and she told him the same story, saying, \u201cThe Hebrew servant, whom you have brought among us, came in to me to laugh at me. [18] But as soon as I lifted up my voice and cried, he left his garment beside me and fled out of the house.\u201d\n\n  [19] As soon as his master heard the words that his wife spoke to him, \u201cThis is the way your servant treated me,\u201d his anger was kindled. [20] And Joseph\u2019s master took him and put him into the prison, the place where the king\u2019s prisoners were confined, and he was there in prison. [21] But the LORD was with Joseph and showed him steadfast love and gave him favor in the sight of the keeper of the prison. [22] And the keeper of the prison put Joseph in charge of all the prisoners who were in the prison. Whatever was done there, he was the one who did it. [23] The keeper of the prison paid no attention to anything that was in Joseph\u2019s charge, because the LORD was with him. And whatever he did, the LORD made it succeed. (ESV)"]}