{"query": "Genesis 44", "canonical": "Genesis 44", "parsed": [[1044001, 1044034]], "passage_meta": [{"canonical": "Genesis 44", "chapter_start": [1044001, 1044034], "chapter_end": [1044001, 1044034], "prev_verse": 1043034, "next_verse": 1045001, "prev_chapter": [1043001, 1043034], "next_chapter": [1045001, 1045028]}], "passages": ["Genesis 44\n\nJoseph Tests His Brothers\n\n  [1] Then he commanded the steward of his house, \u201cFill the men\u2019s sacks with food, as much as they can carry, and put each man\u2019s money in the mouth of his sack, [2] and put my cup, the silver cup, in the mouth of the sack of the youngest, with his money for the grain.\u201d And he did as Joseph told him.\n\n  [3] As soon as the morning was light, the men were sent away with their donkeys. [4] They had gone only a short distance from the city. Now Joseph said to his steward, \u201cUp, follow after the men, and when you overtake them, say to them, \u2018Why have you repaid evil for good?(1) [5] Is it not from this that my lord drinks, and by this that he practices divination? You have done evil in doing this.\u2019\u201d\n\n  [6] When he overtook them, he spoke to them these words. [7] They said to him, \u201cWhy does my lord speak such words as these? Far be it from your servants to do such a thing! [8] Behold, the money that we found in the mouths of our sacks we brought back to you from the land of Canaan. How then could we steal silver or gold from your lord\u2019s house? [9] Whichever of your servants is found with it shall die, and we also will be my lord\u2019s servants.\u201d [10] He said, \u201cLet it be as you say: he who is found with it shall be my servant, and the rest of you shall be innocent.\u201d [11] Then each man quickly lowered his sack to the ground, and each man opened his sack. [12] And he searched, beginning with the eldest and ending with the youngest. And the cup was found in Benjamin\u2019s sack. [13] Then they tore their clothes, and every man loaded his donkey, and they returned to the city.\n\n  [14] When Judah and his brothers came to Joseph\u2019s house, he was still there. They fell before him to the ground. [15] Joseph said to them, \u201cWhat deed is this that you have done? Do you not know that a man like me can indeed practice divination?\u201d [16] And Judah said, \u201cWhat shall we say to my lord? What shall we speak? Or how can we clear ourselves? God has found out the guilt of your servants; behold, we are my lord\u2019s servants, both we and he also in whose hand the cup has been found.\u201d [17] But he said, \u201cFar be it from me that I should do so! Only the man in whose hand the cup was found shall be my servant. But as for you, go up in peace to your father.\u201d\n\n  [18] Then Judah went up to him and said, \u201cOh, my lord, please let your servant speak a word in my lord\u2019s ears, and let not your anger burn against your servant, for you are like Pharaoh himself. [19] My lord asked his servants, saying, \u2018Have you a father, or a brother?\u2019 [20] And we said to my lord, \u2018We have a father, an old man, and a young brother, the child of his old age. His brother is dead, and he alone is left of his mother\u2019s children, and his father loves him.\u2019 [21] Then you said to your servants, \u2018Bring him down to me, that I may set my eyes on him.\u2019 [22] We said to my lord, \u2018The boy cannot leave his father, for if he should leave his father, his father would die.\u2019 [23] Then you said to your servants, \u2018Unless your youngest brother comes down with you, you shall not see my face again.\u2019\n\n  [24] \u201cWhen we went back to your servant my father, we told him the words of my lord. [25] And when our father said, \u2018Go again, buy us a little food,\u2019 [26] we said, \u2018We cannot go down. If our youngest brother goes with us, then we will go down. For we cannot see the man\u2019s face unless our youngest brother is with us.\u2019 [27] Then your servant my father said to us, \u2018You know that my wife bore me two sons. [28] One left me, and I said, \u201cSurely he has been torn to pieces,\u201d and I have never seen him since. [29] If you take this one also from me, and harm happens to him, you will bring down my gray hairs in evil to Sheol.\u2019\n\n  [30] \u201cNow therefore, as soon as I come to your servant my father, and the boy is not with us, then, as his life is bound up in the boy\u2019s life, [31] as soon as he sees that the boy is not with us, he will die, and your servants will bring down the gray hairs of your servant our father with sorrow to Sheol. [32] For your servant became a pledge of safety for the boy to my father, saying, \u2018If I do not bring him back to you, then I shall bear the blame before my father all my life.\u2019 [33] Now therefore, please let your servant remain instead of the boy as a servant to my lord, and let the boy go back with his brothers. [34] For how can I go back to my father if the boy is not with me? I fear to see the evil that would find my father.\u201d\n\nFootnotes\n\n(1) 44:4 Septuagint (compare Vulgate) adds *Why have you stolen my silver cup?*\n (ESV)"]}