{"query": "Genesis 23", "canonical": "Genesis 23", "parsed": [[1023001, 1023020]], "passage_meta": [{"canonical": "Genesis 23", "chapter_start": [1023001, 1023020], "chapter_end": [1023001, 1023020], "prev_verse": 1022024, "next_verse": 1024001, "prev_chapter": [1022001, 1022024], "next_chapter": [1024001, 1024067]}], "passages": ["Genesis 23\n\nSarah\u2019s Death and Burial\n\n  [1] Sarah lived 127 years; these were the years of the life of Sarah. [2] And Sarah died at Kiriath-arba (that is, Hebron) in the land of Canaan, and Abraham went in to mourn for Sarah and to weep for her. [3] And Abraham rose up from before his dead and said to the Hittites,(1) [4] \u201cI am a sojourner and foreigner among you; give me property among you for a burying place, that I may bury my dead out of my sight.\u201d [5] The Hittites answered Abraham, [6] \u201cHear us, my lord; you are a prince of God(2) among us. Bury your dead in the choicest of our tombs. None of us will withhold from you his tomb to hinder you from burying your dead.\u201d [7] Abraham rose and bowed to the Hittites, the people of the land. [8] And he said to them, \u201cIf you are willing that I should bury my dead out of my sight, hear me and entreat for me Ephron the son of Zohar, [9] that he may give me the cave of Machpelah, which he owns; it is at the end of his field. For the full price let him give it to me in your presence as property for a burying place.\u201d\n\n  [10] Now Ephron was sitting among the Hittites, and Ephron the Hittite answered Abraham in the hearing of the Hittites, of all who went in at the gate of his city, [11] \u201cNo, my lord, hear me: I give you the field, and I give you the cave that is in it. In the sight of the sons of my people I give it to you. Bury your dead.\u201d [12] Then Abraham bowed down before the people of the land. [13] And he said to Ephron in the hearing of the people of the land, \u201cBut if you will, hear me: I give the price of the field. Accept it from me, that I may bury my dead there.\u201d [14] Ephron answered Abraham, [15] \u201cMy lord, listen to me: a piece of land worth four hundred shekels(3) of silver, what is that between you and me? Bury your dead.\u201d [16] Abraham listened to Ephron, and Abraham weighed out for Ephron the silver that he had named in the hearing of the Hittites, four hundred shekels of silver, according to the weights current among the merchants.\n\n  [17] So the field of Ephron in Machpelah, which was to the east of Mamre, the field with the cave that was in it and all the trees that were in the field, throughout its whole area, was made over [18] to Abraham as a possession in the presence of the Hittites, before all who went in at the gate of his city. [19] After this, Abraham buried Sarah his wife in the cave of the field of Machpelah east of Mamre (that is, Hebron) in the land of Canaan. [20] The field and the cave that is in it were made over to Abraham as property for a burying place by the Hittites.\n\nFootnotes\n\n(1) 23:3 Hebrew *sons of Heth*; also verses 5, 7, 10, 16, 18, 20\n\n(2) 23:6 Or *a mighty prince*\n\n(3) 23:15 A *shekel* was about 2/5 ounce or 11 grams\n (ESV)"]}