{"query": "Genesis 19", "canonical": "Genesis 19", "parsed": [[1019001, 1019038]], "passage_meta": [{"canonical": "Genesis 19", "chapter_start": [1019001, 1019038], "chapter_end": [1019001, 1019038], "prev_verse": 1018033, "next_verse": 1020001, "prev_chapter": [1018001, 1018033], "next_chapter": [1020001, 1020018]}], "passages": ["Genesis 19\n\nGod Rescues Lot\n\n  [1] The two angels came to Sodom in the evening, and Lot was sitting in the gate of Sodom. When Lot saw them, he rose to meet them and bowed himself with his face to the earth [2] and said, \u201cMy lords, please turn aside to your servant\u2019s house and spend the night and wash your feet. Then you may rise up early and go on your way.\u201d They said, \u201cNo; we will spend the night in the town square.\u201d [3] But he pressed them strongly; so they turned aside to him and entered his house. And he made them a feast and baked unleavened bread, and they ate.\n\n  [4] But before they lay down, the men of the city, the men of Sodom, both young and old, all the people to the last man, surrounded the house. [5] And they called to Lot, \u201cWhere are the men who came to you tonight? Bring them out to us, that we may know them.\u201d [6] Lot went out to the men at the entrance, shut the door after him, [7] and said, \u201cI beg you, my brothers, do not act so wickedly. [8] Behold, I have two daughters who have not known any man. Let me bring them out to you, and do to them as you please. Only do nothing to these men, for they have come under the shelter of my roof.\u201d [9] But they said, \u201cStand back!\u201d And they said, \u201cThis fellow came to sojourn, and he has become the judge! Now we will deal worse with you than with them.\u201d Then they pressed hard against the man Lot, and drew near to break the door down. [10] But the men reached out their hands and brought Lot into the house with them and shut the door. [11] And they struck with blindness the men who were at the entrance of the house, both small and great, so that they wore themselves out groping for the door.\n\n  [12] Then the men said to Lot, \u201cHave you anyone else here? Sons-in-law, sons, daughters, or anyone you have in the city, bring them out of the place. [13] For we are about to destroy this place, because the outcry against its people has become great before the LORD, and the LORD has sent us to destroy it.\u201d [14] So Lot went out and said to his sons-in-law, who were to marry his daughters, \u201cUp! Get out of this place, for the LORD is about to destroy the city.\u201d But he seemed to his sons-in-law to be jesting.\n\n  [15] As morning dawned, the angels urged Lot, saying, \u201cUp! Take your wife and your two daughters who are here, lest you be swept away in the punishment of the city.\u201d [16] But he lingered. So the men seized him and his wife and his two daughters by the hand, the LORD being merciful to him, and they brought him out and set him outside the city. [17] And as they brought them out, one said, \u201cEscape for your life. Do not look back or stop anywhere in the valley. Escape to the hills, lest you be swept away.\u201d [18] And Lot said to them, \u201cOh, no, my lords. [19] Behold, your servant has found favor in your sight, and you have shown me great kindness in saving my life. But I cannot escape to the hills, lest the disaster overtake me and I die. [20] Behold, this city is near enough to flee to, and it is a little one. Let me escape there\u2014is it not a little one?\u2014and my life will be saved!\u201d [21] He said to him, \u201cBehold, I grant you this favor also, that I will not overthrow the city of which you have spoken. [22] Escape there quickly, for I can do nothing till you arrive there.\u201d Therefore the name of the city was called Zoar.(1)\n\nGod Destroys Sodom\n\n  [23] The sun had risen on the earth when Lot came to Zoar. [24] Then the LORD rained on Sodom and Gomorrah sulfur and fire from the LORD out of heaven. [25] And he overthrew those cities, and all the valley, and all the inhabitants of the cities, and what grew on the ground. [26] But Lot\u2019s wife, behind him, looked back, and she became a pillar of salt.\n\n  [27] And Abraham went early in the morning to the place where he had stood before the LORD. [28] And he looked down toward Sodom and Gomorrah and toward all the land of the valley, and he looked and, behold, the smoke of the land went up like the smoke of a furnace.\n\n  [29] So it was that, when God destroyed the cities of the valley, God remembered Abraham and sent Lot out of the midst of the overthrow when he overthrew the cities in which Lot had lived.\n\nLot and His Daughters\n\n  [30] Now Lot went up out of Zoar and lived in the hills with his two daughters, for he was afraid to live in Zoar. So he lived in a cave with his two daughters. [31] And the firstborn said to the younger, \u201cOur father is old, and there is not a man on earth to come in to us after the manner of all the earth. [32] Come, let us make our father drink wine, and we will lie with him, that we may preserve offspring from our father.\u201d [33] So they made their father drink wine that night. And the firstborn went in and lay with her father. He did not know when she lay down or when she arose.\n\n  [34] The next day, the firstborn said to the younger, \u201cBehold, I lay last night with my father. Let us make him drink wine tonight also. Then you go in and lie with him, that we may preserve offspring from our father.\u201d [35] So they made their father drink wine that night also. And the younger arose and lay with him, and he did not know when she lay down or when she arose. [36] Thus both the daughters of Lot became pregnant by their father. [37] The firstborn bore a son and called his name Moab.(2) He is the father of the Moabites to this day. [38] The younger also bore a son and called his name Ben-ammi.(3) He is the father of the Ammonites to this day.\n\nFootnotes\n\n(1) 19:22 *Zoar* means *little*\n\n(2) 19:37 *Moab* sounds like the Hebrew for *from father*\n\n(3) 19:38 *Ben-ammi* means *son of my people*\n (ESV)"]}