{"query": "Genesis 15", "canonical": "Genesis 15", "parsed": [[1015001, 1015021]], "passage_meta": [{"canonical": "Genesis 15", "chapter_start": [1015001, 1015021], "chapter_end": [1015001, 1015021], "prev_verse": 1014024, "next_verse": 1016001, "prev_chapter": [1014001, 1014024], "next_chapter": [1016001, 1016016]}], "passages": ["Genesis 15\n\nGod\u2019s Covenant with Abram\n\n  [1] After these things the word of the LORD came to Abram in a vision: \u201cFear not, Abram, I am your shield; your reward shall be very great.\u201d [2] But Abram said, \u201cO Lord GOD, what will you give me, for I continue(1) childless, and the heir of my house is Eliezer of Damascus?\u201d [3] And Abram said, \u201cBehold, you have given me no offspring, and a member of my household will be my heir.\u201d [4] And behold, the word of the LORD came to him: \u201cThis man shall not be your heir; your very own son(2) shall be your heir.\u201d [5] And he brought him outside and said, \u201cLook toward heaven, and number the stars, if you are able to number them.\u201d Then he said to him, \u201cSo shall your offspring be.\u201d [6] And he believed the LORD, and he counted it to him as righteousness.\n\n  [7] And he said to him, \u201cI am the LORD who brought you out from Ur of the Chaldeans to give you this land to possess.\u201d [8] But he said, \u201cO Lord GOD, how am I to know that I shall possess it?\u201d [9] He said to him, \u201cBring me a heifer three years old, a female goat three years old, a ram three years old, a turtledove, and a young pigeon.\u201d [10] And he brought him all these, cut them in half, and laid each half over against the other. But he did not cut the birds in half. [11] And when birds of prey came down on the carcasses, Abram drove them away.\n\n  [12] As the sun was going down, a deep sleep fell on Abram. And behold, dreadful and great darkness fell upon him. [13] Then the LORD said to Abram, \u201cKnow for certain that your offspring will be sojourners in a land that is not theirs and will be servants there, and they will be afflicted for four hundred years. [14] But I will bring judgment on the nation that they serve, and afterward they shall come out with great possessions. [15] As for you, you shall go to your fathers in peace; you shall be buried in a good old age. [16] And they shall come back here in the fourth generation, for the iniquity of the Amorites is not yet complete.\u201d\n\n  [17] When the sun had gone down and it was dark, behold, a smoking fire pot and a flaming torch passed between these pieces. [18] On that day the LORD made a covenant with Abram, saying, \u201cTo your offspring I give(3) this land, from the river of Egypt to the great river, the river Euphrates, [19] the land of the Kenites, the Kenizzites, the Kadmonites, [20] the Hittites, the Perizzites, the Rephaim, [21] the Amorites, the Canaanites, the Girgashites and the Jebusites.\u201d\n\nFootnotes\n\n(1) 15:2 Or *I shall die*\n\n(2) 15:4 Hebrew *what will come out of your own loins*\n\n(3) 15:18 Or *have given*\n (ESV)"]}