{"query": "Genesis 50", "canonical": "Genesis 50", "parsed": [[1050001, 1050026]], "passage_meta": [{"canonical": "Genesis 50", "chapter_start": [1050001, 1050026], "chapter_end": [1050001, 1050026], "prev_verse": 1049033, "next_verse": 2001001, "prev_chapter": [1049001, 1049033], "next_chapter": [2001001, 2001022]}], "passages": ["Genesis 50\n\n  [1] Then Joseph fell on his father\u2019s face and wept over him and kissed him. [2] And Joseph commanded his servants the physicians to embalm his father. So the physicians embalmed Israel. [3] Forty days were required for it, for that is how many are required for embalming. And the Egyptians wept for him seventy days.\n\n  [4] And when the days of weeping for him were past, Joseph spoke to the household of Pharaoh, saying, \u201cIf now I have found favor in your eyes, please speak in the ears of Pharaoh, saying, [5] \u2018My father made me swear, saying, \u201cI am about to die: in my tomb that I hewed out for myself in the land of Canaan, there shall you bury me.\u201d Now therefore, let me please go up and bury my father. Then I will return.\u2019\u201d [6] And Pharaoh answered, \u201cGo up, and bury your father, as he made you swear.\u201d [7] So Joseph went up to bury his father. With him went up all the servants of Pharaoh, the elders of his household, and all the elders of the land of Egypt, [8] as well as all the household of Joseph, his brothers, and his father\u2019s household. Only their children, their flocks, and their herds were left in the land of Goshen. [9] And there went up with him both chariots and horsemen. It was a very great company. [10] When they came to the threshing floor of Atad, which is beyond the Jordan, they lamented there with a very great and grievous lamentation, and he made a mourning for his father seven days. [11] When the inhabitants of the land, the Canaanites, saw the mourning on the threshing floor of Atad, they said, \u201cThis is a grievous mourning by the Egyptians.\u201d Therefore the place was named Abel-mizraim;(1) it is beyond the Jordan. [12] Thus his sons did for him as he had commanded them, [13] for his sons carried him to the land of Canaan and buried him in the cave of the field at Machpelah, to the east of Mamre, which Abraham bought with the field from Ephron the Hittite to possess as a burying place. [14] After he had buried his father, Joseph returned to Egypt with his brothers and all who had gone up with him to bury his father.\n\nGod\u2019s Good Purposes\n\n  [15] When Joseph\u2019s brothers saw that their father was dead, they said, \u201cIt may be that Joseph will hate us and pay us back for all the evil that we did to him.\u201d [16] So they sent a message to Joseph, saying, \u201cYour father gave this command before he died: [17] \u2018Say to Joseph, \u201cPlease forgive the transgression of your brothers and their sin, because they did evil to you.\u201d\u2019 And now, please forgive the transgression of the servants of the God of your father.\u201d Joseph wept when they spoke to him. [18] His brothers also came and fell down before him and said, \u201cBehold, we are your servants.\u201d [19] But Joseph said to them, \u201cDo not fear, for am I in the place of God? [20] As for you, you meant evil against me, but God meant it for good, to bring it about that many people(2) should be kept alive, as they are today. [21] So do not fear; I will provide for you and your little ones.\u201d Thus he comforted them and spoke kindly to them.\n\nThe Death of Joseph\n\n  [22] So Joseph remained in Egypt, he and his father\u2019s house. Joseph lived 110 years. [23] And Joseph saw Ephraim\u2019s children of the third generation. The children also of Machir the son of Manasseh were counted as Joseph\u2019s own.(3) [24] And Joseph said to his brothers, \u201cI am about to die, but God will visit you and bring you up out of this land to the land that he swore to Abraham, to Isaac, and to Jacob.\u201d [25] Then Joseph made the sons of Israel swear, saying, \u201cGod will surely visit you, and you shall carry up my bones from here.\u201d [26] So Joseph died, being 110 years old. They embalmed him, and he was put in a coffin in Egypt.\n\nFootnotes\n\n(1) 50:11 *Abel-mizraim* means *mourning* (or *meadow*) *of Egypt*\n\n(2) 50:20 Or *a numerous people*\n\n(3) 50:23 Hebrew *were born on Joseph\u2019s knees*\n (ESV)"]}