{"query": "Leviticus 2", "canonical": "Leviticus 2", "parsed": [[3002001, 3002016]], "passage_meta": [{"canonical": "Leviticus 2", "chapter_start": [3002001, 3002016], "chapter_end": [3002001, 3002016], "prev_verse": 3001017, "next_verse": 3003001, "prev_chapter": [3001001, 3001017], "next_chapter": [3003001, 3003017]}], "passages": ["Leviticus 2\n\nLaws for Grain Offerings\n\n  [1] \u201cWhen anyone brings a grain offering as an offering to the LORD, his offering shall be of fine flour. He shall pour oil on it and put frankincense on it [2] and bring it to Aaron\u2019s sons the priests. And he shall take from it a handful of the fine flour and oil, with all of its frankincense, and the priest shall burn this as its memorial portion on the altar, a food offering with a pleasing aroma to the LORD. [3] But the rest of the grain offering shall be for Aaron and his sons; it is a most holy part of the LORD\u2019s food offerings.\n\n  [4] \u201cWhen you bring a grain offering baked in the oven as an offering, it shall be unleavened loaves of fine flour mixed with oil or unleavened wafers smeared with oil. [5] And if your offering is a grain offering baked on a griddle, it shall be of fine flour unleavened, mixed with oil. [6] You shall break it in pieces and pour oil on it; it is a grain offering. [7] And if your offering is a grain offering cooked in a pan, it shall be made of fine flour with oil. [8] And you shall bring the grain offering that is made of these things to the LORD, and when it is presented to the priest, he shall bring it to the altar. [9] And the priest shall take from the grain offering its memorial portion and burn this on the altar, a food offering with a pleasing aroma to the LORD. [10] But the rest of the grain offering shall be for Aaron and his sons; it is a most holy part of the LORD\u2019s food offerings.\n\n  [11] \u201cNo grain offering that you bring to the LORD shall be made with leaven, for you shall burn no leaven nor any honey as a food offering to the LORD. [12] As an offering of firstfruits you may bring them to the LORD, but they shall not be offered on the altar for a pleasing aroma. [13] You shall season all your grain offerings with salt. You shall not let the salt of the covenant with your God be missing from your grain offering; with all your offerings you shall offer salt.\n\n  [14] \u201cIf you offer a grain offering of firstfruits to the LORD, you shall offer for the grain offering of your firstfruits fresh ears, roasted with fire, crushed new grain. [15] And you shall put oil on it and lay frankincense on it; it is a grain offering. [16] And the priest shall burn as its memorial portion some of the crushed grain and some of the oil with all of its frankincense; it is a food offering to the LORD. (ESV)"]}