{"query": "Leviticus 6", "canonical": "Leviticus 6", "parsed": [[3006001, 3006030]], "passage_meta": [{"canonical": "Leviticus 6", "chapter_start": [3006001, 3006030], "chapter_end": [3006001, 3006030], "prev_verse": 3005019, "next_verse": 3007001, "prev_chapter": [3005001, 3005019], "next_chapter": [3007001, 3007038]}], "passages": ["Leviticus 6\n\n  [1] (1) The LORD spoke to Moses, saying, [2] \u201cIf anyone sins and commits a breach of faith against the LORD by deceiving his neighbor in a matter of deposit or security, or through robbery, or if he has oppressed his neighbor [3] or has found something lost and lied about it, swearing falsely\u2014in any of all the things that people do and sin thereby\u2014[4] if he has sinned and has realized his guilt and will restore what he took by robbery or what he got by oppression or the deposit that was committed to him or the lost thing that he found [5] or anything about which he has sworn falsely, he shall restore it in full and shall add a fifth to it, and give it to him to whom it belongs on the day he realizes his guilt. [6] And he shall bring to the priest as his compensation to the LORD a ram without blemish out of the flock, or its equivalent, for a guilt offering. [7] And the priest shall make atonement for him before the LORD, and he shall be forgiven for any of the things that one may do and thereby become guilty.\u201d\n\nThe Priests and the Offerings\n\n  [8] (2) The LORD spoke to Moses, saying, [9] \u201cCommand Aaron and his sons, saying, This is the law of the burnt offering. The burnt offering shall be on the hearth on the altar all night until the morning, and the fire of the altar shall be kept burning on it. [10] And the priest shall put on his linen garment and put his linen undergarment on his body, and he shall take up the ashes to which the fire has reduced the burnt offering on the altar and put them beside the altar. [11] Then he shall take off his garments and put on other garments and carry the ashes outside the camp to a clean place. [12] The fire on the altar shall be kept burning on it; it shall not go out. The priest shall burn wood on it every morning, and he shall arrange the burnt offering on it and shall burn on it the fat of the peace offerings. [13] Fire shall be kept burning on the altar continually; it shall not go out.\n\n  [14] \u201cAnd this is the law of the grain offering. The sons of Aaron shall offer it before the LORD in front of the altar. [15] And one shall take from it a handful of the fine flour of the grain offering and its oil and all the frankincense that is on the grain offering and burn this as its memorial portion on the altar, a pleasing aroma to the LORD. [16] And the rest of it Aaron and his sons shall eat. It shall be eaten unleavened in a holy place. In the court of the tent of meeting they shall eat it. [17] It shall not be baked with leaven. I have given it as their portion of my food offerings. It is a thing most holy, like the sin offering and the guilt offering. [18] Every male among the children of Aaron may eat of it, as decreed forever throughout your generations, from the LORD\u2019s food offerings. Whatever touches them shall become holy.\u201d\n\n  [19] The LORD spoke to Moses, saying, [20] \u201cThis is the offering that Aaron and his sons shall offer to the LORD on the day when he is anointed: a tenth of an ephah(3) of fine flour as a regular grain offering, half of it in the morning and half in the evening. [21] It shall be made with oil on a griddle. You shall bring it well mixed, in baked(4) pieces like a grain offering, and offer it for a pleasing aroma to the LORD. [22] The priest from among Aaron\u2019s sons, who is anointed to succeed him, shall offer it to the LORD as decreed forever. The whole of it shall be burned. [23] Every grain offering of a priest shall be wholly burned. It shall not be eaten.\u201d\n\n  [24] The LORD spoke to Moses, saying, [25] \u201cSpeak to Aaron and his sons, saying, This is the law of the sin offering. In the place where the burnt offering is killed shall the sin offering be killed before the LORD; it is most holy. [26] The priest who offers it for sin shall eat it. In a holy place it shall be eaten, in the court of the tent of meeting. [27] Whatever touches its flesh shall be holy, and when any of its blood is splashed on a garment, you shall wash that on which it was splashed in a holy place. [28] And the earthenware vessel in which it is boiled shall be broken. But if it is boiled in a bronze vessel, that shall be scoured and rinsed in water. [29] Every male among the priests may eat of it; it is most holy. [30] But no sin offering shall be eaten from which any blood is brought into the tent of meeting to make atonement in the Holy Place; it shall be burned up with fire.\n\nFootnotes\n\n(1) 6:1 Ch 5:20 in Hebrew\n\n(2) 6:8 Ch 6:1 in Hebrew\n\n(3) 6:20 An *ephah* was about 3/5 bushel or 22 liters\n\n(4) 6:21 The meaning of the Hebrew is uncertain\n (ESV)"]}