{"query": "Leviticus 1", "canonical": "Leviticus 1", "parsed": [[3001001, 3001017]], "passage_meta": [{"canonical": "Leviticus 1", "chapter_start": [3001001, 3001017], "chapter_end": [3001001, 3001017], "prev_verse": 2040038, "next_verse": 3002001, "prev_chapter": [2040001, 2040038], "next_chapter": [3002001, 3002016]}], "passages": ["Leviticus 1\n\nLaws for Burnt Offerings\n\n  [1] The LORD called Moses and spoke to him from the tent of meeting, saying, [2] \u201cSpeak to the people of Israel and say to them, When any one of you brings an offering to the LORD, you shall bring your offering of livestock from the herd or from the flock.\n\n  [3] \u201cIf his offering is a burnt offering from the herd, he shall offer a male without blemish. He shall bring it to the entrance of the tent of meeting, that he may be accepted before the LORD. [4] He shall lay his hand on the head of the burnt offering, and it shall be accepted for him to make atonement for him. [5] Then he shall kill the bull before the LORD, and Aaron\u2019s sons the priests shall bring the blood and throw the blood against the sides of the altar that is at the entrance of the tent of meeting. [6] Then he shall flay the burnt offering and cut it into pieces, [7] and the sons of Aaron the priest shall put fire on the altar and arrange wood on the fire. [8] And Aaron\u2019s sons the priests shall arrange the pieces, the head, and the fat, on the wood that is on the fire on the altar; [9] but its entrails and its legs he shall wash with water. And the priest shall burn all of it on the altar, as a burnt offering, a food offering(1) with a pleasing aroma to the LORD.\n\n  [10] \u201cIf his gift for a burnt offering is from the flock, from the sheep or goats, he shall bring a male without blemish, [11] and he shall kill it on the north side of the altar before the LORD, and Aaron\u2019s sons the priests shall throw its blood against the sides of the altar. [12] And he shall cut it into pieces, with its head and its fat, and the priest shall arrange them on the wood that is on the fire on the altar, [13] but the entrails and the legs he shall wash with water. And the priest shall offer all of it and burn it on the altar; it is a burnt offering, a food offering with a pleasing aroma to the LORD.\n\n  [14] \u201cIf his offering to the LORD is a burnt offering of birds, then he shall bring his offering of turtledoves or pigeons. [15] And the priest shall bring it to the altar and wring off its head and burn it on the altar. Its blood shall be drained out on the side of the altar. [16] He shall remove its crop with its contents(2) and cast it beside the altar on the east side, in the place for ashes. [17] He shall tear it open by its wings, but shall not sever it completely. And the priest shall burn it on the altar, on the wood that is on the fire. It is a burnt offering, a food offering with a pleasing aroma to the LORD.\n\nFootnotes\n\n(1) 1:9 Or *an offering by fire*; so throughout Leviticus\n\n(2) 1:16 Or *feathers*\n (ESV)"]}