{"query": "Leviticus 19", "canonical": "Leviticus 19", "parsed": [[3019001, 3019037]], "passage_meta": [{"canonical": "Leviticus 19", "chapter_start": [3019001, 3019037], "chapter_end": [3019001, 3019037], "prev_verse": 3018030, "next_verse": 3020001, "prev_chapter": [3018001, 3018030], "next_chapter": [3020001, 3020027]}], "passages": ["Leviticus 19\n\nThe LORD Is Holy\n\n  [1] And the LORD spoke to Moses, saying, [2] \u201cSpeak to all the congregation of the people of Israel and say to them, You shall be holy, for I the LORD your God am holy. [3] Every one of you shall revere his mother and his father, and you shall keep my Sabbaths: I am the LORD your God. [4] Do not turn to idols or make for yourselves any gods of cast metal: I am the LORD your God.\n\n  [5] \u201cWhen you offer a sacrifice of peace offerings to the LORD, you shall offer it so that you may be accepted. [6] It shall be eaten the same day you offer it or on the day after, and anything left over until the third day shall be burned up with fire. [7] If it is eaten at all on the third day, it is tainted; it will not be accepted, [8] and everyone who eats it shall bear his iniquity, because he has profaned what is holy to the LORD, and that person shall be cut off from his people.\n\nLove Your Neighbor as Yourself\n\n  [9] \u201cWhen you reap the harvest of your land, you shall not reap your field right up to its edge, neither shall you gather the gleanings after your harvest. [10] And you shall not strip your vineyard bare, neither shall you gather the fallen grapes of your vineyard. You shall leave them for the poor and for the sojourner: I am the LORD your God.\n\n  [11] \u201cYou shall not steal; you shall not deal falsely; you shall not lie to one another. [12] You shall not swear by my name falsely, and so profane the name of your God: I am the LORD.\n\n  [13] \u201cYou shall not oppress your neighbor or rob him. The wages of a hired worker shall not remain with you all night until the morning. [14] You shall not curse the deaf or put a stumbling block before the blind, but you shall fear your God: I am the LORD.\n\n  [15] \u201cYou shall do no injustice in court. You shall not be partial to the poor or defer to the great, but in righteousness shall you judge your neighbor. [16] You shall not go around as a slanderer among your people, and you shall not stand up against the life(1) of your neighbor: I am the LORD.\n\n  [17] \u201cYou shall not hate your brother in your heart, but you shall reason frankly with your neighbor, lest you incur sin because of him. [18] You shall not take vengeance or bear a grudge against the sons of your own people, but you shall love your neighbor as yourself: I am the LORD.\n\nYou Shall Keep My Statutes\n\n  [19] \u201cYou shall keep my statutes. You shall not let your cattle breed with a different kind. You shall not sow your field with two kinds of seed, nor shall you wear a garment of cloth made of two kinds of material.\n\n  [20] \u201cIf a man lies sexually with a woman who is a slave, assigned to another man and not yet ransomed or given her freedom, a distinction shall be made. They shall not be put to death, because she was not free; [21] but he shall bring his compensation to the LORD, to the entrance of the tent of meeting, a ram for a guilt offering. [22] And the priest shall make atonement for him with the ram of the guilt offering before the LORD for his sin that he has committed, and he shall be forgiven for the sin that he has committed.\n\n  [23] \u201cWhen you come into the land and plant any kind of tree for food, then you shall regard its fruit as forbidden.(2) Three years it shall be forbidden to you; it must not be eaten. [24] And in the fourth year all its fruit shall be holy, an offering of praise to the LORD. [25] But in the fifth year you may eat of its fruit, to increase its yield for you: I am the LORD your God.\n\n  [26] \u201cYou shall not eat any flesh with the blood in it. You shall not interpret omens or tell fortunes. [27] You shall not round off the hair on your temples or mar the edges of your beard. [28] You shall not make any cuts on your body for the dead or tattoo yourselves: I am the LORD.\n\n  [29] \u201cDo not profane your daughter by making her a prostitute, lest the land fall into prostitution and the land become full of depravity. [30] You shall keep my Sabbaths and reverence my sanctuary: I am the LORD.\n\n  [31] \u201cDo not turn to mediums or necromancers; do not seek them out, and so make yourselves unclean by them: I am the LORD your God.\n\n  [32] \u201cYou shall stand up before the gray head and honor the face of an old man, and you shall fear your God: I am the LORD.\n\n  [33] \u201cWhen a stranger sojourns with you in your land, you shall not do him wrong. [34] You shall treat the stranger who sojourns with you as the native among you, and you shall love him as yourself, for you were strangers in the land of Egypt: I am the LORD your God.\n\n  [35] \u201cYou shall do no wrong in judgment, in measures of length or weight or quantity. [36] You shall have just balances, just weights, a just ephah, and a just hin:(3) I am the LORD your God, who brought you out of the land of Egypt. [37] And you shall observe all my statutes and all my rules, and do them: I am the LORD.\u201d\n\nFootnotes\n\n(1) 19:16 Hebrew *blood*\n\n(2) 19:23 Hebrew *as its uncircumcision*\n\n(3) 19:36 An *ephah* was about 3/5 bushel or 22 liters; a *hin* was about 4 quarts or 3.5 liters\n (ESV)"]}