{"query": "Leviticus 8", "canonical": "Leviticus 8", "parsed": [[3008001, 3008036]], "passage_meta": [{"canonical": "Leviticus 8", "chapter_start": [3008001, 3008036], "chapter_end": [3008001, 3008036], "prev_verse": 3007038, "next_verse": 3009001, "prev_chapter": [3007001, 3007038], "next_chapter": [3009001, 3009024]}], "passages": ["Leviticus 8\n\nConsecration of Aaron and His Sons\n\n  [1] The LORD spoke to Moses, saying, [2] \u201cTake Aaron and his sons with him, and the garments and the anointing oil and the bull of the sin offering and the two rams and the basket of unleavened bread. [3] And assemble all the congregation at the entrance of the tent of meeting.\u201d [4] And Moses did as the LORD commanded him, and the congregation was assembled at the entrance of the tent of meeting.\n\n  [5] And Moses said to the congregation, \u201cThis is the thing that the LORD has commanded to be done.\u201d [6] And Moses brought Aaron and his sons and washed them with water. [7] And he put the coat on him and tied the sash around his waist and clothed him with the robe and put the ephod on him and tied the skillfully woven band of the ephod around him, binding it to him with the band.(1) [8] And he placed the breastpiece on him, and in the breastpiece he put the Urim and the Thummim. [9] And he set the turban on his head, and on the turban, in front, he set the golden plate, the holy crown, as the LORD commanded Moses.\n\n  [10] Then Moses took the anointing oil and anointed the tabernacle and all that was in it, and consecrated them. [11] And he sprinkled some of it on the altar seven times, and anointed the altar and all its utensils and the basin and its stand, to consecrate them. [12] And he poured some of the anointing oil on Aaron\u2019s head and anointed him to consecrate him. [13] And Moses brought Aaron\u2019s sons and clothed them with coats and tied sashes around their waists and bound caps on them, as the LORD commanded Moses.\n\n  [14] Then he brought the bull of the sin offering, and Aaron and his sons laid their hands on the head of the bull of the sin offering. [15] And he(2) killed it, and Moses took the blood, and with his finger put it on the horns of the altar around it and purified the altar and poured out the blood at the base of the altar and consecrated it to make atonement for it. [16] And he took all the fat that was on the entrails and the long lobe of the liver and the two kidneys with their fat, and Moses burned them on the altar. [17] But the bull and its skin and its flesh and its dung he burned up with fire outside the camp, as the LORD commanded Moses.\n\n  [18] Then he presented the ram of the burnt offering, and Aaron and his sons laid their hands on the head of the ram. [19] And he killed it, and Moses threw the blood against the sides of the altar. [20] He cut the ram into pieces, and Moses burned the head and the pieces and the fat. [21] He washed the entrails and the legs with water, and Moses burned the whole ram on the altar. It was a burnt offering with a pleasing aroma, a food offering for the LORD, as the LORD commanded Moses.\n\n  [22] Then he presented the other ram, the ram of ordination, and Aaron and his sons laid their hands on the head of the ram. [23] And he killed it, and Moses took some of its blood and put it on the lobe of Aaron\u2019s right ear and on the thumb of his right hand and on the big toe of his right foot. [24] Then he presented Aaron\u2019s sons, and Moses put some of the blood on the lobes of their right ears and on the thumbs of their right hands and on the big toes of their right feet. And Moses threw the blood against the sides of the altar. [25] Then he took the fat and the fat tail and all the fat that was on the entrails and the long lobe of the liver and the two kidneys with their fat and the right thigh, [26] and out of the basket of unleavened bread that was before the LORD he took one unleavened loaf and one loaf of bread with oil and one wafer and placed them on the pieces of fat and on the right thigh. [27] And he put all these in the hands of Aaron and in the hands of his sons and waved them as a wave offering before the LORD. [28] Then Moses took them from their hands and burned them on the altar with the burnt offering. This was an ordination offering with a pleasing aroma, a food offering to the LORD. [29] And Moses took the breast and waved it for a wave offering before the LORD. It was Moses\u2019 portion of the ram of ordination, as the LORD commanded Moses.\n\n  [30] Then Moses took some of the anointing oil and of the blood that was on the altar and sprinkled it on Aaron and his garments, and also on his sons and his sons\u2019 garments. So he consecrated Aaron and his garments, and his sons and his sons\u2019 garments with him.\n\n  [31] And Moses said to Aaron and his sons, \u201cBoil the flesh at the entrance of the tent of meeting, and there eat it and the bread that is in the basket of ordination offerings, as I commanded, saying, \u2018Aaron and his sons shall eat it.\u2019 [32] And what remains of the flesh and the bread you shall burn up with fire. [33] And you shall not go outside the entrance of the tent of meeting for seven days, until the days of your ordination are completed, for it will take seven days to ordain you. [34] As has been done today, the LORD has commanded to be done to make atonement for you. [35] At the entrance of the tent of meeting you shall remain day and night for seven days, performing what the LORD has charged, so that you do not die, for so I have been commanded.\u201d [36] And Aaron and his sons did all the things that the LORD commanded by Moses.\n\nFootnotes\n\n(1) 8:7 Hebrew *with it*\n\n(2) 8:15 Probably Aaron or his representative; possibly Moses; also verses 16\u201323\n (ESV)"]}