{"query": "Leviticus 5", "canonical": "Leviticus 5", "parsed": [[3005001, 3005019]], "passage_meta": [{"canonical": "Leviticus 5", "chapter_start": [3005001, 3005019], "chapter_end": [3005001, 3005019], "prev_verse": 3004035, "next_verse": 3006001, "prev_chapter": [3004001, 3004035], "next_chapter": [3006001, 3006030]}], "passages": ["Leviticus 5\n\n  [1] \u201cIf anyone sins in that he hears a public adjuration to testify, and though he is a witness, whether he has seen or come to know the matter, yet does not speak, he shall bear his iniquity; [2] or if anyone touches an unclean thing, whether a carcass of an unclean wild animal or a carcass of unclean livestock or a carcass of unclean swarming things, and it is hidden from him and he has become unclean, and he realizes his guilt; [3] or if he touches human uncleanness, of whatever sort the uncleanness may be with which one becomes unclean, and it is hidden from him, when he comes to know it, and realizes his guilt; [4] or if anyone utters with his lips a rash oath to do evil or to do good, any sort of rash oath that people swear, and it is hidden from him, when he comes to know it, and he realizes his guilt in any of these; [5] when he realizes his guilt in any of these and confesses the sin he has committed, [6] he shall bring to the LORD as his compensation(1) for the sin that he has committed, a female from the flock, a lamb or a goat, for a sin offering. And the priest shall make atonement for him for his sin.\n\n  [7] \u201cBut if he cannot afford a lamb, then he shall bring to the LORD as his compensation for the sin that he has committed two turtledoves or two pigeons,(2) one for a sin offering and the other for a burnt offering. [8] He shall bring them to the priest, who shall offer first the one for the sin offering. He shall wring its head from its neck but shall not sever it completely, [9] and he shall sprinkle some of the blood of the sin offering on the side of the altar, while the rest of the blood shall be drained out at the base of the altar; it is a sin offering. [10] Then he shall offer the second for a burnt offering according to the rule. And the priest shall make atonement for him for the sin that he has committed, and he shall be forgiven.\n\n  [11] \u201cBut if he cannot afford two turtledoves or two pigeons, then he shall bring as his offering for the sin that he has committed a tenth of an ephah(3) of fine flour for a sin offering. He shall put no oil on it and shall put no frankincense on it, for it is a sin offering. [12] And he shall bring it to the priest, and the priest shall take a handful of it as its memorial portion and burn this on the altar, on the LORD\u2019s food offerings; it is a sin offering. [13] Thus the priest shall make atonement for him for the sin which he has committed in any one of these things, and he shall be forgiven. And the remainder(4) shall be for the priest, as in the grain offering.\u201d\n\nLaws for Guilt Offerings\n\n  [14] The LORD spoke to Moses, saying, [15] \u201cIf anyone commits a breach of faith and sins unintentionally in any of the holy things of the LORD, he shall bring to the LORD as his compensation, a ram without blemish out of the flock, valued(5) in silver shekels,(6) according to the shekel of the sanctuary, for a guilt offering. [16] He shall also make restitution for what he has done amiss in the holy thing and shall add a fifth to it and give it to the priest. And the priest shall make atonement for him with the ram of the guilt offering, and he shall be forgiven.\n\n  [17] \u201cIf anyone sins, doing any of the things that by the LORD\u2019s commandments ought not to be done, though he did not know it, then realizes his guilt, he shall bear his iniquity. [18] He shall bring to the priest a ram without blemish out of the flock, or its equivalent, for a guilt offering, and the priest shall make atonement for him for the mistake that he made unintentionally, and he shall be forgiven. [19] It is a guilt offering; he has indeed incurred guilt before(7) the LORD.\u201d\n\nFootnotes\n\n(1) 5:6 Hebrew *his guilt penalty*; so throughout Leviticus\n\n(2) 5:7 Septuagint *two young pigeons*; also verse 11\n\n(3) 5:11 An *ephah* was about 3/5 bushel or 22 liters\n\n(4) 5:13 Septuagint; Hebrew *it*\n\n(5) 5:15 Or *flock, or its equivalent*\n\n(6) 5:15 A *shekel* was about 2/5 ounce or 11 grams\n\n(7) 5:19 Or *he has paid full compensation to*\n (ESV)"]}