{"query": "Leviticus 18", "canonical": "Leviticus 18", "parsed": [[3018001, 3018030]], "passage_meta": [{"canonical": "Leviticus 18", "chapter_start": [3018001, 3018030], "chapter_end": [3018001, 3018030], "prev_verse": 3017016, "next_verse": 3019001, "prev_chapter": [3017001, 3017016], "next_chapter": [3019001, 3019037]}], "passages": ["Leviticus 18\n\nUnlawful Sexual Relations\n\n  [1] And the LORD spoke to Moses, saying, [2] \u201cSpeak to the people of Israel and say to them, I am the LORD your God. [3] You shall not do as they do in the land of Egypt, where you lived, and you shall not do as they do in the land of Canaan, to which I am bringing you. You shall not walk in their statutes. [4] You shall follow my rules(1) and keep my statutes and walk in them. I am the LORD your God. [5] You shall therefore keep my statutes and my rules; if a person does them, he shall live by them: I am the LORD.\n\n  [6] \u201cNone of you shall approach any one of his close relatives to uncover nakedness. I am the LORD. [7] You shall not uncover the nakedness of your father, which is the nakedness of your mother; she is your mother, you shall not uncover her nakedness. [8] You shall not uncover the nakedness of your father\u2019s wife; it is your father\u2019s nakedness. [9] You shall not uncover the nakedness of your sister, your father\u2019s daughter or your mother\u2019s daughter, whether brought up in the family or in another home. [10] You shall not uncover the nakedness of your son\u2019s daughter or of your daughter\u2019s daughter, for their nakedness is your own nakedness. [11] You shall not uncover the nakedness of your father\u2019s wife\u2019s daughter, brought up in your father\u2019s family, since she is your sister. [12] You shall not uncover the nakedness of your father\u2019s sister; she is your father\u2019s relative. [13] You shall not uncover the nakedness of your mother\u2019s sister, for she is your mother\u2019s relative. [14] You shall not uncover the nakedness of your father\u2019s brother, that is, you shall not approach his wife; she is your aunt. [15] You shall not uncover the nakedness of your daughter-in-law; she is your son\u2019s wife, you shall not uncover her nakedness. [16] You shall not uncover the nakedness of your brother\u2019s wife; it is your brother\u2019s nakedness. [17] You shall not uncover the nakedness of a woman and of her daughter, and you shall not take her son\u2019s daughter or her daughter\u2019s daughter to uncover her nakedness; they are relatives; it is depravity. [18] And you shall not take a woman as a rival wife to her sister, uncovering her nakedness while her sister is still alive.\n\n  [19] \u201cYou shall not approach a woman to uncover her nakedness while she is in her menstrual uncleanness. [20] And you shall not lie sexually with your neighbor\u2019s wife and so make yourself unclean with her. [21] You shall not give any of your children to offer them(2) to Molech, and so profane the name of your God: I am the LORD. [22] You shall not lie with a male as with a woman; it is an abomination. [23] And you shall not lie with any animal and so make yourself unclean with it, neither shall any woman give herself to an animal to lie with it: it is perversion.\n\n  [24] \u201cDo not make yourselves unclean by any of these things, for by all these the nations I am driving out before you have become unclean, [25] and the land became unclean, so that I punished its iniquity, and the land vomited out its inhabitants. [26] But you shall keep my statutes and my rules and do none of these abominations, either the native or the stranger who sojourns among you [27] (for the people of the land, who were before you, did all of these abominations, so that the land became unclean), [28] lest the land vomit you out when you make it unclean, as it vomited out the nation that was before you. [29] For everyone who does any of these abominations, the persons who do them shall be cut off from among their people. [30] So keep my charge never to practice any of these abominable customs that were practiced before you, and never to make yourselves unclean by them: I am the LORD your God.\u201d\n\nFootnotes\n\n(1) 18:4 Or *my just decrees*; also verse 5\n\n(2) 18:21 Hebrew *to make them pass through* [the fire]\n (ESV)"]}