{"query": "Leviticus 12", "canonical": "Leviticus 12", "parsed": [[3012001, 3012008]], "passage_meta": [{"canonical": "Leviticus 12", "chapter_start": [3012001, 3012008], "chapter_end": [3012001, 3012008], "prev_verse": 3011047, "next_verse": 3013001, "prev_chapter": [3011001, 3011047], "next_chapter": [3013001, 3013059]}], "passages": ["Leviticus 12\n\nPurification After Childbirth\n\n  [1] The LORD spoke to Moses, saying, [2] \u201cSpeak to the people of Israel, saying, If a woman conceives and bears a male child, then she shall be unclean seven days. As at the time of her menstruation, she shall be unclean. [3] And on the eighth day the flesh of his foreskin shall be circumcised. [4] Then she shall continue for thirty-three days in the blood of her purifying. She shall not touch anything holy, nor come into the sanctuary, until the days of her purifying are completed. [5] But if she bears a female child, then she shall be unclean two weeks, as in her menstruation. And she shall continue in the blood of her purifying for sixty-six days.\n\n  [6] \u201cAnd when the days of her purifying are completed, whether for a son or for a daughter, she shall bring to the priest at the entrance of the tent of meeting a lamb a year old for a burnt offering, and a pigeon or a turtledove for a sin offering, [7] and he shall offer it before the LORD and make atonement for her. Then she shall be clean from the flow of her blood. This is the law for her who bears a child, either male or female. [8] And if she cannot afford a lamb, then she shall take two turtledoves or two pigeons,(1) one for a burnt offering and the other for a sin offering. And the priest shall make atonement for her, and she shall be clean.\u201d\n\nFootnotes\n\n(1) 12:8 Septuagint *two young pigeons*\n (ESV)"]}