{"query": "Leviticus 14", "canonical": "Leviticus 14", "parsed": [[3014001, 3014057]], "passage_meta": [{"canonical": "Leviticus 14", "chapter_start": [3014001, 3014057], "chapter_end": [3014001, 3014057], "prev_verse": 3013059, "next_verse": 3015001, "prev_chapter": [3013001, 3013059], "next_chapter": [3015001, 3015033]}], "passages": ["Leviticus 14\n\nLaws for Cleansing Lepers\n\n  [1] The LORD spoke to Moses, saying, [2] \u201cThis shall be the law of the leprous person for the day of his cleansing. He shall be brought to the priest, [3] and the priest shall go out of the camp, and the priest shall look. Then, if the case of leprous disease is healed in the leprous person, [4] the priest shall command them to take for him who is to be cleansed two live(1) clean birds and cedarwood and scarlet yarn and hyssop. [5] And the priest shall command them to kill one of the birds in an earthenware vessel over fresh(2) water. [6] He shall take the live bird with the cedarwood and the scarlet yarn and the hyssop, and dip them and the live bird in the blood of the bird that was killed over the fresh water. [7] And he shall sprinkle it seven times on him who is to be cleansed of the leprous disease. Then he shall pronounce him clean and shall let the living bird go into the open field. [8] And he who is to be cleansed shall wash his clothes and shave off all his hair and bathe himself in water, and he shall be clean. And after that he may come into the camp, but live outside his tent seven days. [9] And on the seventh day he shall shave off all his hair from his head, his beard, and his eyebrows. He shall shave off all his hair, and then he shall wash his clothes and bathe his body in water, and he shall be clean.\n\n  [10] \u201cAnd on the eighth day he shall take two male lambs without blemish, and one ewe lamb a year old without blemish, and a grain offering of three tenths of an ephah(3) of fine flour mixed with oil, and one log(4) of oil. [11] And the priest who cleanses him shall set the man who is to be cleansed and these things before the LORD, at the entrance of the tent of meeting. [12] And the priest shall take one of the male lambs and offer it for a guilt offering, along with the log of oil, and wave them for a wave offering before the LORD. [13] And he shall kill the lamb in the place where they kill the sin offering and the burnt offering, in the place of the sanctuary. For the guilt offering, like the sin offering, belongs to the priest; it is most holy. [14] The priest shall take some of the blood of the guilt offering, and the priest shall put it on the lobe of the right ear of him who is to be cleansed and on the thumb of his right hand and on the big toe of his right foot. [15] Then the priest shall take some of the log of oil and pour it into the palm of his own left hand [16] and dip his right finger in the oil that is in his left hand and sprinkle some oil with his finger seven times before the LORD. [17] And some of the oil that remains in his hand the priest shall put on the lobe of the right ear of him who is to be cleansed and on the thumb of his right hand and on the big toe of his right foot, on top of the blood of the guilt offering. [18] And the rest of the oil that is in the priest\u2019s hand he shall put on the head of him who is to be cleansed. Then the priest shall make atonement for him before the LORD. [19] The priest shall offer the sin offering, to make atonement for him who is to be cleansed from his uncleanness. And afterward he shall kill the burnt offering. [20] And the priest shall offer the burnt offering and the grain offering on the altar. Thus the priest shall make atonement for him, and he shall be clean.\n\n  [21] \u201cBut if he is poor and cannot afford so much, then he shall take one male lamb for a guilt offering to be waved, to make atonement for him, and a tenth of an ephah of fine flour mixed with oil for a grain offering, and a log of oil; [22] also two turtledoves or two pigeons, whichever he can afford. The one shall be a sin offering and the other a burnt offering. [23] And on the eighth day he shall bring them for his cleansing to the priest, to the entrance of the tent of meeting, before the LORD. [24] And the priest shall take the lamb of the guilt offering and the log of oil, and the priest shall wave them for a wave offering before the LORD. [25] And he shall kill the lamb of the guilt offering. And the priest shall take some of the blood of the guilt offering and put it on the lobe of the right ear of him who is to be cleansed, and on the thumb of his right hand and on the big toe of his right foot. [26] And the priest shall pour some of the oil into the palm of his own left hand, [27] and shall sprinkle with his right finger some of the oil that is in his left hand seven times before the LORD. [28] And the priest shall put some of the oil that is in his hand on the lobe of the right ear of him who is to be cleansed and on the thumb of his right hand and on the big toe of his right foot, in the place where the blood of the guilt offering was put. [29] And the rest of the oil that is in the priest\u2019s hand he shall put on the head of him who is to be cleansed, to make atonement for him before the LORD. [30] And he shall offer, of the turtledoves or pigeons, whichever he can afford, [31] one(5) for a sin offering and the other for a burnt offering, along with a grain offering. And the priest shall make atonement before the LORD for him who is being cleansed. [32] This is the law for him in whom is a case of leprous disease, who cannot afford the offerings for his cleansing.\u201d\n\nLaws for Cleansing Houses\n\n  [33] The LORD spoke to Moses and Aaron, saying, [34] \u201cWhen you come into the land of Canaan, which I give you for a possession, and I put a case of leprous disease in a house in the land of your possession, [35] then he who owns the house shall come and tell the priest, \u2018There seems to me to be some case of disease in my house.\u2019 [36] Then the priest shall command that they empty the house before the priest goes to examine the disease, lest all that is in the house be declared unclean. And afterward the priest shall go in to see the house. [37] And he shall examine the disease. And if the disease is in the walls of the house with greenish or reddish spots, and if it appears to be deeper than the surface, [38] then the priest shall go out of the house to the door of the house and shut up the house seven days. [39] And the priest shall come again on the seventh day, and look. If the disease has spread in the walls of the house, [40] then the priest shall command that they take out the stones in which is the disease and throw them into an unclean place outside the city. [41] And he shall have the inside of the house scraped all around, and the plaster that they scrape off they shall pour out in an unclean place outside the city. [42] Then they shall take other stones and put them in the place of those stones, and he shall take other plaster and plaster the house.\n\n  [43] \u201cIf the disease breaks out again in the house, after he has taken out the stones and scraped the house and plastered it, [44] then the priest shall go and look. And if the disease has spread in the house, it is a persistent leprous disease in the house; it is unclean. [45] And he shall break down the house, its stones and timber and all the plaster of the house, and he shall carry them out of the city to an unclean place. [46] Moreover, whoever enters the house while it is shut up shall be unclean until the evening, [47] and whoever sleeps in the house shall wash his clothes, and whoever eats in the house shall wash his clothes.\n\n  [48] \u201cBut if the priest comes and looks, and if the disease has not spread in the house after the house was plastered, then the priest shall pronounce the house clean, for the disease is healed. [49] And for the cleansing of the house he shall take two small birds, with cedarwood and scarlet yarn and hyssop, [50] and shall kill one of the birds in an earthenware vessel over fresh water [51] and shall take the cedarwood and the hyssop and the scarlet yarn, along with the live bird, and dip them in the blood of the bird that was killed and in the fresh water and sprinkle the house seven times. [52] Thus he shall cleanse the house with the blood of the bird and with the fresh water and with the live bird and with the cedarwood and hyssop and scarlet yarn. [53] And he shall let the live bird go out of the city into the open country. So he shall make atonement for the house, and it shall be clean.\u201d\n\n  [54] This is the law for any case of leprous disease: for an itch, [55] for leprous disease in a garment or in a house, [56] and for a swelling or an eruption or a spot, [57] to show when it is unclean and when it is clean. This is the law for leprous disease.\n\nFootnotes\n\n(1) 14:4 Or *wild*\n\n(2) 14:5 Or *running*; Hebrew *living*; also verses 6, 50, 51, 52\n\n(3) 14:10 An *ephah* was about 3/5 bushel or 22 liters\n\n(4) 14:10 A *log* was about 1/3 quart or 0.3 liter\n\n(5) 14:31 Septuagint, Syriac; Hebrew *afford, [31] such as he can afford, one*\n (ESV)"]}