{"query": "Leviticus 3", "canonical": "Leviticus 3", "parsed": [[3003001, 3003017]], "passage_meta": [{"canonical": "Leviticus 3", "chapter_start": [3003001, 3003017], "chapter_end": [3003001, 3003017], "prev_verse": 3002016, "next_verse": 3004001, "prev_chapter": [3002001, 3002016], "next_chapter": [3004001, 3004035]}], "passages": ["Leviticus 3\n\nLaws for Peace Offerings\n\n  [1] \u201cIf his offering is a sacrifice of peace offering, if he offers an animal from the herd, male or female, he shall offer it without blemish before the LORD. [2] And he shall lay his hand on the head of his offering and kill it at the entrance of the tent of meeting, and Aaron\u2019s sons the priests shall throw the blood against the sides of the altar. [3] And from the sacrifice of the peace offering, as a food offering to the LORD, he shall offer the fat covering the entrails and all the fat that is on the entrails, [4] and the two kidneys with the fat that is on them at the loins, and the long lobe of the liver that he shall remove with the kidneys. [5] Then Aaron\u2019s sons shall burn it on the altar on top of the burnt offering, which is on the wood on the fire; it is a food offering with a pleasing aroma to the LORD.\n\n  [6] \u201cIf his offering for a sacrifice of peace offering to the LORD is an animal from the flock, male or female, he shall offer it without blemish. [7] If he offers a lamb for his offering, then he shall offer it before the LORD, [8] lay his hand on the head of his offering, and kill it in front of the tent of meeting; and Aaron\u2019s sons shall throw its blood against the sides of the altar. [9] Then from the sacrifice of the peace offering he shall offer as a food offering to the LORD its fat; he shall remove the whole fat tail, cut off close to the backbone, and the fat that covers the entrails and all the fat that is on the entrails [10] and the two kidneys with the fat that is on them at the loins and the long lobe of the liver that he shall remove with the kidneys. [11] And the priest shall burn it on the altar as a food offering to the LORD.\n\n  [12] \u201cIf his offering is a goat, then he shall offer it before the LORD [13] and lay his hand on its head and kill it in front of the tent of meeting, and the sons of Aaron shall throw its blood against the sides of the altar. [14] Then he shall offer from it, as his offering for a food offering to the LORD, the fat covering the entrails and all the fat that is on the entrails [15] and the two kidneys with the fat that is on them at the loins and the long lobe of the liver that he shall remove with the kidneys. [16] And the priest shall burn them on the altar as a food offering with a pleasing aroma. All fat is the LORD\u2019s. [17] It shall be a statute forever throughout your generations, in all your dwelling places, that you eat neither fat nor blood.\u201d (ESV)"]}