{"query": "Leviticus 15", "canonical": "Leviticus 15", "parsed": [[3015001, 3015033]], "passage_meta": [{"canonical": "Leviticus 15", "chapter_start": [3015001, 3015033], "chapter_end": [3015001, 3015033], "prev_verse": 3014057, "next_verse": 3016001, "prev_chapter": [3014001, 3014057], "next_chapter": [3016001, 3016034]}], "passages": ["Leviticus 15\n\nLaws About Bodily Discharges\n\n  [1] The LORD spoke to Moses and Aaron, saying, [2] \u201cSpeak to the people of Israel and say to them, When any man has a discharge from his body,(1) his discharge is unclean. [3] And this is the law of his uncleanness for a discharge: whether his body runs with his discharge, or his body is blocked up by his discharge, it is his uncleanness. [4] Every bed on which the one with the discharge lies shall be unclean, and everything on which he sits shall be unclean. [5] And anyone who touches his bed shall wash his clothes and bathe himself in water and be unclean until the evening. [6] And whoever sits on anything on which the one with the discharge has sat shall wash his clothes and bathe himself in water and be unclean until the evening. [7] And whoever touches the body of the one with the discharge shall wash his clothes and bathe himself in water and be unclean until the evening. [8] And if the one with the discharge spits on someone who is clean, then he shall wash his clothes and bathe himself in water and be unclean until the evening. [9] And any saddle on which the one with the discharge rides shall be unclean. [10] And whoever touches anything that was under him shall be unclean until the evening. And whoever carries such things shall wash his clothes and bathe himself in water and be unclean until the evening. [11] Anyone whom the one with the discharge touches without having rinsed his hands in water shall wash his clothes and bathe himself in water and be unclean until the evening. [12] And an earthenware vessel that the one with the discharge touches shall be broken, and every vessel of wood shall be rinsed in water.\n\n  [13] \u201cAnd when the one with a discharge is cleansed of his discharge, then he shall count for himself seven days for his cleansing, and wash his clothes. And he shall bathe his body in fresh water and shall be clean. [14] And on the eighth day he shall take two turtledoves or two pigeons and come before the LORD to the entrance of the tent of meeting and give them to the priest. [15] And the priest shall use them, one for a sin offering and the other for a burnt offering. And the priest shall make atonement for him before the LORD for his discharge.\n\n  [16] \u201cIf a man has an emission of semen, he shall bathe his whole body in water and be unclean until the evening. [17] And every garment and every skin on which the semen comes shall be washed with water and be unclean until the evening. [18] If a man lies with a woman and has an emission of semen, both of them shall bathe themselves in water and be unclean until the evening.\n\n  [19] \u201cWhen a woman has a discharge, and the discharge in her body is blood, she shall be in her menstrual impurity for seven days, and whoever touches her shall be unclean until the evening. [20] And everything on which she lies during her menstrual impurity shall be unclean. Everything also on which she sits shall be unclean. [21] And whoever touches her bed shall wash his clothes and bathe himself in water and be unclean until the evening. [22] And whoever touches anything on which she sits shall wash his clothes and bathe himself in water and be unclean until the evening. [23] Whether it is the bed or anything on which she sits, when he touches it he shall be unclean until the evening. [24] And if any man lies with her and her menstrual impurity comes upon him, he shall be unclean seven days, and every bed on which he lies shall be unclean.\n\n  [25] \u201cIf a woman has a discharge of blood for many days, not at the time of her menstrual impurity, or if she has a discharge beyond the time of her impurity, all the days of the discharge she shall continue in uncleanness. As in the days of her impurity, she shall be unclean. [26] Every bed on which she lies, all the days of her discharge, shall be to her as the bed of her impurity. And everything on which she sits shall be unclean, as in the uncleanness of her menstrual impurity. [27] And whoever touches these things shall be unclean, and shall wash his clothes and bathe himself in water and be unclean until the evening. [28] But if she is cleansed of her discharge, she shall count for herself seven days, and after that she shall be clean. [29] And on the eighth day she shall take two turtledoves or two pigeons and bring them to the priest, to the entrance of the tent of meeting. [30] And the priest shall use one for a sin offering and the other for a burnt offering. And the priest shall make atonement for her before the LORD for her unclean discharge.\n\n  [31] \u201cThus you shall keep the people of Israel separate from their uncleanness, lest they die in their uncleanness by defiling my tabernacle that is in their midst.\u201d\n\n  [32] This is the law for him who has a discharge and for him who has an emission of semen, becoming unclean thereby; [33] also for her who is unwell with her menstrual impurity, that is, for anyone, male or female, who has a discharge, and for the man who lies with a woman who is unclean.\n\nFootnotes\n\n(1) 15:2 Hebrew *flesh*; also verse 3\n (ESV)"]}