{"query": "Leviticus 10", "canonical": "Leviticus 10", "parsed": [[3010001, 3010020]], "passage_meta": [{"canonical": "Leviticus 10", "chapter_start": [3010001, 3010020], "chapter_end": [3010001, 3010020], "prev_verse": 3009024, "next_verse": 3011001, "prev_chapter": [3009001, 3009024], "next_chapter": [3011001, 3011047]}], "passages": ["Leviticus 10\n\nThe Death of Nadab and Abihu\n\n  [1] Now Nadab and Abihu, the sons of Aaron, each took his censer and put fire in it and laid incense on it and offered unauthorized(1) fire before the LORD, which he had not commanded them. [2] And fire came out from before the LORD and consumed them, and they died before the LORD. [3] Then Moses said to Aaron, \u201cThis is what the LORD has said: \u2018Among those who are near me I will be sanctified, and before all the people I will be glorified.\u2019\u201d And Aaron held his peace.\n\n  [4] And Moses called Mishael and Elzaphan, the sons of Uzziel the uncle of Aaron, and said to them, \u201cCome near; carry your brothers away from the front of the sanctuary and out of the camp.\u201d [5] So they came near and carried them in their coats out of the camp, as Moses had said. [6] And Moses said to Aaron and to Eleazar and Ithamar his sons, \u201cDo not let the hair of your heads hang loose, and do not tear your clothes, lest you die, and wrath come upon all the congregation; but let your brothers, the whole house of Israel, bewail the burning that the LORD has kindled. [7] And do not go outside the entrance of the tent of meeting, lest you die, for the anointing oil of the LORD is upon you.\u201d And they did according to the word of Moses.\n\n  [8] And the LORD spoke to Aaron, saying, [9] \u201cDrink no wine or strong drink, you or your sons with you, when you go into the tent of meeting, lest you die. It shall be a statute forever throughout your generations. [10] You are to distinguish between the holy and the common, and between the unclean and the clean, [11] and you are to teach the people of Israel all the statutes that the LORD has spoken to them by Moses.\u201d\n\n  [12] Moses spoke to Aaron and to Eleazar and Ithamar, his surviving sons: \u201cTake the grain offering that is left of the LORD\u2019s food offerings, and eat it unleavened beside the altar, for it is most holy. [13] You shall eat it in a holy place, because it is your due and your sons\u2019 due, from the LORD\u2019s food offerings, for so I am commanded. [14] But the breast that is waved and the thigh that is contributed you shall eat in a clean place, you and your sons and your daughters with you, for they are given as your due and your sons\u2019 due from the sacrifices of the peace offerings of the people of Israel. [15] The thigh that is contributed and the breast that is waved they shall bring with the food offerings of the fat pieces to wave for a wave offering before the LORD, and it shall be yours and your sons\u2019 with you as a due forever, as the LORD has commanded.\u201d\n\n  [16] Now Moses diligently inquired about the goat of the sin offering, and behold, it was burned up! And he was angry with Eleazar and Ithamar, the surviving sons of Aaron, saying, [17] \u201cWhy have you not eaten the sin offering in the place of the sanctuary, since it is a thing most holy and has been given to you that you may bear the iniquity of the congregation, to make atonement for them before the LORD? [18] Behold, its blood was not brought into the inner part of the sanctuary. You certainly ought to have eaten it in the sanctuary, as I commanded.\u201d [19] And Aaron said to Moses, \u201cBehold, today they have offered their sin offering and their burnt offering before the LORD, and yet such things as these have happened to me! If I had eaten the sin offering today, would the LORD have approved?\u201d [20] And when Moses heard that, he approved.\n\nFootnotes\n\n(1) 10:1 Or *strange*\n (ESV)"]}