{"query": "Leviticus 7", "canonical": "Leviticus 7", "parsed": [[3007001, 3007038]], "passage_meta": [{"canonical": "Leviticus 7", "chapter_start": [3007001, 3007038], "chapter_end": [3007001, 3007038], "prev_verse": 3006030, "next_verse": 3008001, "prev_chapter": [3006001, 3006030], "next_chapter": [3008001, 3008036]}], "passages": ["Leviticus 7\n\n  [1] \u201cThis is the law of the guilt offering. It is most holy. [2] In the place where they kill the burnt offering they shall kill the guilt offering, and its blood shall be thrown against the sides of the altar. [3] And all its fat shall be offered, the fat tail, the fat that covers the entrails, [4] the two kidneys with the fat that is on them at the loins, and the long lobe of the liver that he shall remove with the kidneys. [5] The priest shall burn them on the altar as a food offering to the LORD; it is a guilt offering. [6] Every male among the priests may eat of it. It shall be eaten in a holy place. It is most holy. [7] The guilt offering is just like the sin offering; there is one law for them. The priest who makes atonement with it shall have it. [8] And the priest who offers any man\u2019s burnt offering shall have for himself the skin of the burnt offering that he has offered. [9] And every grain offering baked in the oven and all that is prepared on a pan or a griddle shall belong to the priest who offers it. [10] And every grain offering, mixed with oil or dry, shall be shared equally among all the sons of Aaron.\n\n  [11] \u201cAnd this is the law of the sacrifice of peace offerings that one may offer to the LORD. [12] If he offers it for a thanksgiving, then he shall offer with the thanksgiving sacrifice unleavened loaves mixed with oil, unleavened wafers smeared with oil, and loaves of fine flour well mixed with oil. [13] With the sacrifice of his peace offerings for thanksgiving he shall bring his offering with loaves of leavened bread. [14] And from it he shall offer one loaf from each offering, as a gift to the LORD. It shall belong to the priest who throws the blood of the peace offerings. [15] And the flesh of the sacrifice of his peace offerings for thanksgiving shall be eaten on the day of his offering. He shall not leave any of it until the morning. [16] But if the sacrifice of his offering is a vow offering or a freewill offering, it shall be eaten on the day that he offers his sacrifice, and on the next day what remains of it shall be eaten. [17] But what remains of the flesh of the sacrifice on the third day shall be burned up with fire. [18] If any of the flesh of the sacrifice of his peace offering is eaten on the third day, he who offers it shall not be accepted, neither shall it be credited to him. It is tainted, and he who eats of it shall bear his iniquity.\n\n  [19] \u201cFlesh that touches any unclean thing shall not be eaten. It shall be burned up with fire. All who are clean may eat flesh, [20] but the person who eats of the flesh of the sacrifice of the LORD\u2019s peace offerings while an uncleanness is on him, that person shall be cut off from his people. [21] And if anyone touches an unclean thing, whether human uncleanness or an unclean beast or any unclean detestable creature, and then eats some flesh from the sacrifice of the LORD\u2019s peace offerings, that person shall be cut off from his people.\u201d\n\n  [22] The LORD spoke to Moses, saying, [23] \u201cSpeak to the people of Israel, saying, You shall eat no fat, of ox or sheep or goat. [24] The fat of an animal that dies of itself and the fat of one that is torn by beasts may be put to any other use, but on no account shall you eat it. [25] For every person who eats of the fat of an animal of which a food offering may be made to the LORD shall be cut off from his people. [26] Moreover, you shall eat no blood whatever, whether of fowl or of animal, in any of your dwelling places. [27] Whoever eats any blood, that person shall be cut off from his people.\u201d\n\n  [28] The LORD spoke to Moses, saying, [29] \u201cSpeak to the people of Israel, saying, Whoever offers the sacrifice of his peace offerings to the LORD shall bring his offering to the LORD from the sacrifice of his peace offerings. [30] His own hands shall bring the LORD\u2019s food offerings. He shall bring the fat with the breast, that the breast may be waved as a wave offering before the LORD. [31] The priest shall burn the fat on the altar, but the breast shall be for Aaron and his sons. [32] And the right thigh you shall give to the priest as a contribution from the sacrifice of your peace offerings. [33] Whoever among the sons of Aaron offers the blood of the peace offerings and the fat shall have the right thigh for a portion. [34] For the breast that is waved and the thigh that is contributed I have taken from the people of Israel, out of the sacrifices of their peace offerings, and have given them to Aaron the priest and to his sons, as a perpetual due from the people of Israel. [35] This is the portion of Aaron and of his sons from the LORD\u2019s food offerings, from the day they were presented to serve as priests of the LORD. [36] The LORD commanded this to be given them by the people of Israel, from the day that he anointed them. It is a perpetual due throughout their generations.\u201d\n\n  [37] This is the law of the burnt offering, of the grain offering, of the sin offering, of the guilt offering, of the ordination offering, and of the peace offering, [38] which the LORD commanded Moses on Mount Sinai, on the day that he commanded the people of Israel to bring their offerings to the LORD, in the wilderness of Sinai. (ESV)"]}