{"query": "Habakkuk 3", "canonical": "Habakkuk 3", "parsed": [[35003001, 35003019]], "passage_meta": [{"canonical": "Habakkuk 3", "chapter_start": [35003001, 35003019], "chapter_end": [35003001, 35003019], "prev_verse": 35002020, "next_verse": 36001001, "prev_chapter": [35002001, 35002020], "next_chapter": [36001001, 36001018]}], "passages": ["Habakkuk 3\n\nHabakkuk\u2019s Prayer\n\n  [1] A prayer of Habakkuk the prophet, according to Shigionoth.\n\n    [2] O LORD, I have heard the report of you,\n        and your work, O LORD, do I fear.\n    In the midst of the years revive it;\n        in the midst of the years make it known;\n        in wrath remember mercy.\n    [3] God came from Teman,\n        and the Holy One from Mount Paran. Selah\n    His splendor covered the heavens,\n        and the earth was full of his praise.\n    [4] His brightness was like the light;\n        rays flashed from his hand;\n        and there he veiled his power.\n    [5] Before him went pestilence,\n        and plague followed at his heels.(1)\n    [6] He stood and measured the earth;\n        he looked and shook the nations;\n    then the eternal mountains were scattered;\n        the everlasting hills sank low.\n        His were the everlasting ways.\n    [7] I saw the tents of Cushan in affliction;\n        the curtains of the land of Midian did tremble.\n    [8] Was your wrath against the rivers, O LORD?\n        Was your anger against the rivers,\n        or your indignation against the sea,\n    when you rode on your horses,\n        on your chariot of salvation?\n    [9] You stripped the sheath from your bow,\n        calling for many arrows.(2) Selah\n        You split the earth with rivers.\n    [10] The mountains saw you and writhed;\n        the raging waters swept on;\n    the deep gave forth its voice;\n        it lifted its hands on high.\n    [11] The sun and moon stood still in their place\n        at the light of your arrows as they sped,\n        at the flash of your glittering spear.\n    [12] You marched through the earth in fury;\n        you threshed the nations in anger.\n    [13] You went out for the salvation of your people,\n        for the salvation of your anointed.\n    You crushed the head of the house of the wicked,\n        laying him bare from thigh to neck.(3) Selah\n    [14] You pierced with his own arrows the heads of his warriors,\n        who came like a whirlwind to scatter me,\n        rejoicing as if to devour the poor in secret.\n    [15] You trampled the sea with your horses,\n        the surging of mighty waters.\n    \n    \n    [16] I hear, and my body trembles;\n        my lips quiver at the sound;\n    rottenness enters into my bones;\n        my legs tremble beneath me.\n    Yet I will quietly wait for the day of trouble\n        to come upon people who invade us.\n    \n    \n    Habakkuk Rejoices in the LORD\n\n    [17] Though the fig tree should not blossom,\n        nor fruit be on the vines,\n    the produce of the olive fail\n        and the fields yield no food,\n    the flock be cut off from the fold\n        and there be no herd in the stalls,\n    [18] yet I will rejoice in the LORD;\n        I will take joy in the God of my salvation.\n    [19] GOD, the Lord, is my strength;\n        he makes my feet like the deer\u2019s;\n        he makes me tread on my high places.\n    \n    \n    To the choirmaster: with stringed(4) instruments.\n    \n\nFootnotes\n\n(1) 3:5 Hebrew *feet*\n\n(2) 3:9 The meaning of the Hebrew line is uncertain\n\n(3) 3:13 The meaning of the Hebrew line is uncertain\n\n(4) 3:19 Hebrew *my stringed*\n (ESV)"]}