{"query": "Habakkuk 2", "canonical": "Habakkuk 2", "parsed": [[35002001, 35002020]], "passage_meta": [{"canonical": "Habakkuk 2", "chapter_start": [35002001, 35002020], "chapter_end": [35002001, 35002020], "prev_verse": 35001017, "next_verse": 35003001, "prev_chapter": [35001001, 35001017], "next_chapter": [35003001, 35003019]}], "passages": ["Habakkuk 2\n\n    [1] I will take my stand at my watchpost\n        and station myself on the tower,\n    and look out to see what he will say to me,\n        and what I will answer concerning my complaint.\n    \n    \n    The Righteous Shall Live by His Faith\n\n  [2] And the LORD answered me:\n\n    \u201cWrite the vision;\n        make it plain on tablets,\n        so he may run who reads it.\n    [3] For still the vision awaits its appointed time;\n        it hastens to the end\u2014it will not lie.\n    If it seems slow, wait for it;\n        it will surely come; it will not delay.\n    \n    \n    [4] \u201cBehold, his soul is puffed up; it is not upright within him,\n        but the righteous shall live by his faith.(1)\n    \n    \n    [5] \u201cMoreover, wine(2) is a traitor,\n        an arrogant man who is never at rest.(3)\n    His greed is as wide as Sheol;\n        like death he has never enough.\n    He gathers for himself all nations\n        and collects as his own all peoples.\u201d\n    \n    \n    Woe to the Chaldeans\n\n  [6] Shall not all these take up their taunt against him, with scoffing and riddles for him, and say,\n\n    \u201cWoe to him who heaps up what is not his own\u2014\n        for how long?\u2014\n        and loads himself with pledges!\u201d\n    [7] Will not your debtors suddenly arise,\n        and those awake who will make you tremble?\n        Then you will be spoil for them.\n    [8] Because you have plundered many nations,\n        all the remnant of the peoples shall plunder you,\n    for the blood of man and violence to the earth,\n        to cities and all who dwell in them.\n    \n    \n    [9] \u201cWoe to him who gets evil gain for his house,\n        to set his nest on high,\n        to be safe from the reach of harm!\n    [10] You have devised shame for your house\n        by cutting off many peoples;\n        you have forfeited your life.\n    [11] For the stone will cry out from the wall,\n        and the beam from the woodwork respond.\n    \n    \n    [12] \u201cWoe to him who builds a town with blood\n        and founds a city on iniquity!\n    [13] Behold, is it not from the LORD of hosts\n        that peoples labor merely for fire,\n        and nations weary themselves for nothing?\n    [14] For the earth will be filled\n        with the knowledge of the glory of the LORD\n        as the waters cover the sea.\n    \n    \n    [15] \u201cWoe to him who makes his neighbors drink\u2014\n        you pour out your wrath and make them drunk,\n        in order to gaze at their nakedness!\n    [16] You will have your fill of shame instead of glory.\n        Drink, yourself, and show your uncircumcision!\n    The cup in the LORD\u2019s right hand\n        will come around to you,\n        and utter shame will come upon your glory!\n    [17] The violence done to Lebanon will overwhelm you,\n        as will the destruction of the beasts that terrified them,\n    for the blood of man and violence to the earth,\n        to cities and all who dwell in them.\n    \n    \n    [18] \u201cWhat profit is an idol\n        when its maker has shaped it,\n        a metal image, a teacher of lies?\n    For its maker trusts in his own creation\n        when he makes speechless idols!\n    [19] Woe to him who says to a wooden thing, Awake;\n        to a silent stone, Arise!\n    Can this teach?\n    Behold, it is overlaid with gold and silver,\n        and there is no breath at all in it.\n    [20] But the LORD is in his holy temple;\n        let all the earth keep silence before him.\u201d\n    \n\nFootnotes\n\n(1) 2:4 Or *faithfulness*\n\n(2) 2:5 Masoretic Text; Dead Sea Scroll *wealth*\n\n(3) 2:5 The meaning of the Hebrew of these two lines is uncertain\n (ESV)"]}