{"query": "Habakkuk 1", "canonical": "Habakkuk 1", "parsed": [[35001001, 35001017]], "passage_meta": [{"canonical": "Habakkuk 1", "chapter_start": [35001001, 35001017], "chapter_end": [35001001, 35001017], "prev_verse": 34003019, "next_verse": 35002001, "prev_chapter": [34003001, 34003019], "next_chapter": [35002001, 35002020]}], "passages": ["Habakkuk 1\n\n\n\n  [1] The oracle that Habakkuk the prophet saw.\n\nHabakkuk\u2019s Complaint\n\n    [2] O LORD, how long shall I cry for help,\n        and you will not hear?\n    Or cry to you \u201cViolence!\u201d\n        and you will not save?\n    [3] Why do you make me see iniquity,\n        and why do you idly look at wrong?\n    Destruction and violence are before me;\n        strife and contention arise.\n    [4] So the law is paralyzed,\n        and justice never goes forth.\n    For the wicked surround the righteous;\n        so justice goes forth perverted.\n    \n    \n    The LORD\u2019s Answer\n\n    [5] \u201cLook among the nations, and see;\n        wonder and be astounded.\n    For I am doing a work in your days\n        that you would not believe if told.\n    [6] For behold, I am raising up the Chaldeans,\n        that bitter and hasty nation,\n    who march through the breadth of the earth,\n        to seize dwellings not their own.\n    [7] They are dreaded and fearsome;\n        their justice and dignity go forth from themselves.\n    [8] Their horses are swifter than leopards,\n        more fierce than the evening wolves;\n        their horsemen press proudly on.\n    Their horsemen come from afar;\n        they fly like an eagle swift to devour.\n    [9] They all come for violence,\n        all their faces forward.\n        They gather captives like sand.\n    [10] At kings they scoff,\n        and at rulers they laugh.\n    They laugh at every fortress,\n        for they pile up earth and take it.\n    [11] Then they sweep by like the wind and go on,\n        guilty men, whose own might is their god!\u201d\n    \n    \n    Habakkuk\u2019s Second Complaint\n\n    [12] Are you not from everlasting,\n        O LORD my God, my Holy One?\n        We shall not die.\n    O LORD, you have ordained them as a judgment,\n        and you, O Rock, have established them for reproof.\n    [13] You who are of purer eyes than to see evil\n        and cannot look at wrong,\n    why do you idly look at traitors\n        and remain silent when the wicked swallows up\n        the man more righteous than he?\n    [14] You make mankind like the fish of the sea,\n        like crawling things that have no ruler.\n    [15] He(1) brings all of them up with a hook;\n        he drags them out with his net;\n    he gathers them in his dragnet;\n        so he rejoices and is glad.\n    [16] Therefore he sacrifices to his net\n        and makes offerings to his dragnet;\n    for by them he lives in luxury,(2)\n        and his food is rich.\n    [17] Is he then to keep on emptying his net\n        and mercilessly killing nations forever?\n    \n\nFootnotes\n\n(1) 1:15 That is, the wicked foe\n\n(2) 1:16 Hebrew *his portion is fat*\n (ESV)"]}