{"query": "Haggai 2:1\u201319", "canonical": "Haggai 2:1\u201319", "parsed": [[37002001, 37002019]], "passage_meta": [{"canonical": "Haggai 2:1\u201319", "chapter_start": [37002001, 37002023], "chapter_end": [37002001, 37002023], "prev_verse": 37001015, "next_verse": 37002020, "prev_chapter": [37001001, 37001015], "next_chapter": [38001001, 38001021]}], "passages": ["Haggai 2:1\u201319\n\nThe Coming Glory of the Temple\n\n  [1] In the seventh month, on the twenty-first day of the month, the word of the LORD came by the hand of Haggai the prophet: [2] \u201cSpeak now to Zerubbabel the son of Shealtiel, governor of Judah, and to Joshua the son of Jehozadak, the high priest, and to all the remnant of the people, and say, [3] \u2018Who is left among you who saw this house in its former glory? How do you see it now? Is it not as nothing in your eyes? [4] Yet now be strong, O Zerubbabel, declares the LORD. Be strong, O Joshua, son of Jehozadak, the high priest. Be strong, all you people of the land, declares the LORD. Work, for I am with you, declares the LORD of hosts, [5] according to the covenant that I made with you when you came out of Egypt. My Spirit remains in your midst. Fear not. [6] For thus says the LORD of hosts: Yet once more, in a little while, I will shake the heavens and the earth and the sea and the dry land. [7] And I will shake all nations, so that the treasures of all nations shall come in, and I will fill this house with glory, says the LORD of hosts. [8] The silver is mine, and the gold is mine, declares the LORD of hosts. [9] The latter glory of this house shall be greater than the former, says the LORD of hosts. And in this place I will give peace, declares the LORD of hosts.\u2019\u201d\n\nBlessings for a Defiled People\n\n  [10] On the twenty-fourth day of the ninth month, in the second year of Darius, the word of the LORD came by Haggai the prophet, [11] \u201cThus says the LORD of hosts: Ask the priests about the law: [12] \u2018If someone carries holy meat in the fold of his garment and touches with his fold bread or stew or wine or oil or any kind of food, does it become holy?\u2019\u201d The priests answered and said, \u201cNo.\u201d [13] Then Haggai said, \u201cIf someone who is unclean by contact with a dead body touches any of these, does it become unclean?\u201d The priests answered and said, \u201cIt does become unclean.\u201d [14] Then Haggai answered and said, \u201cSo is it with this people, and with this nation before me, declares the LORD, and so with every work of their hands. And what they offer there is unclean. [15] Now then, consider from this day onward.(1) Before stone was placed upon stone in the temple of the LORD, [16] how did you fare? When(2) one came to a heap of twenty measures, there were but ten. When one came to the wine vat to draw fifty measures, there were but twenty. [17] I struck you and all the products of your toil with blight and with mildew and with hail, yet you did not turn to me, declares the LORD. [18] Consider from this day onward, from the twenty-fourth day of the ninth month. Since the day that the foundation of the LORD\u2019s temple was laid, consider: [19] Is the seed yet in the barn? Indeed, the vine, the fig tree, the pomegranate, and the olive tree have yielded nothing. But from this day on I will bless you.\u201d\n\nFootnotes\n\n(1) 2:15 Or *backward*; also verse 18\n\n(2) 2:16 Probable reading (compare Septuagint); Hebrew *Lord, since they were. When*\n (ESV)"]}