{"query": "Jonah 2", "canonical": "Jonah 2", "parsed": [[32002001, 32002010]], "passage_meta": [{"canonical": "Jonah 2", "chapter_start": [32002001, 32002010], "chapter_end": [32002001, 32002010], "prev_verse": 32001017, "next_verse": 32003001, "prev_chapter": [32001001, 32001017], "next_chapter": [32003001, 32003010]}], "passages": ["Jonah 2\n\nJonah\u2019s Prayer\n\n  [1] Then Jonah prayed to the LORD his God from the belly of the fish, [2] saying,\n\n    \u201cI called out to the LORD, out of my distress,\n        and he answered me;\n    out of the belly of Sheol I cried,\n        and you heard my voice.\n    [3] For you cast me into the deep,\n        into the heart of the seas,\n        and the flood surrounded me;\n    all your waves and your billows\n        passed over me.\n    [4] Then I said, \u2018I am driven away\n        from your sight;\n    yet I shall again look\n        upon your holy temple.\u2019\n    [5] The waters closed in over me to take my life;\n        the deep surrounded me;\n    weeds were wrapped about my head\n    [6]     at the roots of the mountains.\n    I went down to the land\n        whose bars closed upon me forever;\n    yet you brought up my life from the pit,\n        O LORD my God.\n    [7] When my life was fainting away,\n        I remembered the LORD,\n    and my prayer came to you,\n        into your holy temple.\n    [8] Those who pay regard to vain idols\n        forsake their hope of steadfast love.\n    [9] But I with the voice of thanksgiving\n        will sacrifice to you;\n    what I have vowed I will pay.\n        Salvation belongs to the LORD!\u201d\n    \n    \n      [10] And the LORD spoke to the fish, and it vomited Jonah out upon the dry land. (ESV)"]}