{"query": "Jonah 3", "canonical": "Jonah 3", "parsed": [[32003001, 32003010]], "passage_meta": [{"canonical": "Jonah 3", "chapter_start": [32003001, 32003010], "chapter_end": [32003001, 32003010], "prev_verse": 32002010, "next_verse": 32004001, "prev_chapter": [32002001, 32002010], "next_chapter": [32004001, 32004011]}], "passages": ["Jonah 3\n\nJonah Goes to Nineveh\n\n  [1] Then the word of the LORD came to Jonah the second time, saying, [2] \u201cArise, go to Nineveh, that great city, and call out against it the message that I tell you.\u201d [3] So Jonah arose and went to Nineveh, according to the word of the LORD. Now Nineveh was an exceedingly great city,(1) three days\u2019 journey in breadth.(2) [4] Jonah began to go into the city, going a day\u2019s journey. And he called out, \u201cYet forty days, and Nineveh shall be overthrown!\u201d [5] And the people of Nineveh believed God. They called for a fast and put on sackcloth, from the greatest of them to the least of them.\n\nThe People of Nineveh Repent\n\n  [6] The word reached(3) the king of Nineveh, and he arose from his throne, removed his robe, covered himself with sackcloth, and sat in ashes. [7] And he issued a proclamation and published through Nineveh, \u201cBy the decree of the king and his nobles: Let neither man nor beast, herd nor flock, taste anything. Let them not feed or drink water, [8] but let man and beast be covered with sackcloth, and let them call out mightily to God. Let everyone turn from his evil way and from the violence that is in his hands. [9] Who knows? God may turn and relent and turn from his fierce anger, so that we may not perish.\u201d\n\n  [10] When God saw what they did, how they turned from their evil way, God relented of the disaster that he had said he would do to them, and he did not do it.\n\nFootnotes\n\n(1) 3:3 Hebrew *a great city to God*\n\n(2) 3:3 Or *a visit was a three days\u2019 journey*\n\n(3) 3:6 Or *had reached*\n (ESV)"]}