{"query": "Jonah 4", "canonical": "Jonah 4", "parsed": [[32004001, 32004011]], "passage_meta": [{"canonical": "Jonah 4", "chapter_start": [32004001, 32004011], "chapter_end": [32004001, 32004011], "prev_verse": 32003010, "next_verse": 33001001, "prev_chapter": [32003001, 32003010], "next_chapter": [33001001, 33001016]}], "passages": ["Jonah 4\n\nJonah\u2019s Anger and the LORD\u2019s Compassion\n\n  [1] But it displeased Jonah exceedingly,(1) and he was angry. [2] And he prayed to the LORD and said, \u201cO LORD, is not this what I said when I was yet in my country? That is why I made haste to flee to Tarshish; for I knew that you are a gracious God and merciful, slow to anger and abounding in steadfast love, and relenting from disaster. [3] Therefore now, O LORD, please take my life from me, for it is better for me to die than to live.\u201d [4] And the LORD said, \u201cDo you do well to be angry?\u201d\n\n  [5] Jonah went out of the city and sat to the east of the city and made a booth for himself there. He sat under it in the shade, till he should see what would become of the city. [6] Now the LORD God appointed a plant(2) and made it come up over Jonah, that it might be a shade over his head, to save him from his discomfort.(3) So Jonah was exceedingly glad because of the plant. [7] But when dawn came up the next day, God appointed a worm that attacked the plant, so that it withered. [8] When the sun rose, God appointed a scorching east wind, and the sun beat down on the head of Jonah so that he was faint. And he asked that he might die and said, \u201cIt is better for me to die than to live.\u201d [9] But God said to Jonah, \u201cDo you do well to be angry for the plant?\u201d And he said, \u201cYes, I do well to be angry, angry enough to die.\u201d [10] And the LORD said, \u201cYou pity the plant, for which you did not labor, nor did you make it grow, which came into being in a night and perished in a night. [11] And should not I pity Nineveh, that great city, in which there are more than 120,000 persons who do not know their right hand from their left, and also much cattle?\u201d\n\nFootnotes\n\n(1) 4:1 Hebrew *it was exceedingly evil to Jonah*\n\n(2) 4:6 Hebrew *qiqayon*, probably the castor oil plant; also verses 7, 9, 10\n\n(3) 4:6 Or *his evil*\n (ESV)"]}