{"query": "Jonah 1", "canonical": "Jonah 1", "parsed": [[32001001, 32001017]], "passage_meta": [{"canonical": "Jonah 1", "chapter_start": [32001001, 32001017], "chapter_end": [32001001, 32001017], "prev_verse": 31001021, "next_verse": 32002001, "prev_chapter": [31001001, 31001021], "next_chapter": [32002001, 32002010]}], "passages": ["Jonah 1\n\nJonah Flees the Presence of the LORD\n\n  [1] Now the word of the LORD came to Jonah the son of Amittai, saying, [2] \u201cArise, go to Nineveh, that great city, and call out against it, for their evil(1) has come up before me.\u201d [3] But Jonah rose to flee to Tarshish from the presence of the LORD. He went down to Joppa and found a ship going to Tarshish. So he paid the fare and went down into it, to go with them to Tarshish, away from the presence of the LORD.\n\n  [4] But the LORD hurled a great wind upon the sea, and there was a mighty tempest on the sea, so that the ship threatened to break up. [5] Then the mariners were afraid, and each cried out to his god. And they hurled the cargo that was in the ship into the sea to lighten it for them. But Jonah had gone down into the inner part of the ship and had lain down and was fast asleep. [6] So the captain came and said to him, \u201cWhat do you mean, you sleeper? Arise, call out to your god! Perhaps the god will give a thought to us, that we may not perish.\u201d\n\nJonah Is Thrown into the Sea\n\n  [7] And they said to one another, \u201cCome, let us cast lots, that we may know on whose account this evil has come upon us.\u201d So they cast lots, and the lot fell on Jonah. [8] Then they said to him, \u201cTell us on whose account this evil has come upon us. What is your occupation? And where do you come from? What is your country? And of what people are you?\u201d [9] And he said to them, \u201cI am a Hebrew, and I fear the LORD, the God of heaven, who made the sea and the dry land.\u201d [10] Then the men were exceedingly afraid and said to him, \u201cWhat is this that you have done!\u201d For the men knew that he was fleeing from the presence of the LORD, because he had told them.\n\n  [11] Then they said to him, \u201cWhat shall we do to you, that the sea may quiet down for us?\u201d For the sea grew more and more tempestuous. [12] He said to them, \u201cPick me up and hurl me into the sea; then the sea will quiet down for you, for I know it is because of me that this great tempest has come upon you.\u201d [13] Nevertheless, the men rowed hard(2) to get back to dry land, but they could not, for the sea grew more and more tempestuous against them. [14] Therefore they called out to the LORD, \u201cO LORD, let us not perish for this man\u2019s life, and lay not on us innocent blood, for you, O LORD, have done as it pleased you.\u201d [15] So they picked up Jonah and hurled him into the sea, and the sea ceased from its raging. [16] Then the men feared the LORD exceedingly, and they offered a sacrifice to the LORD and made vows.\n\nA Great Fish Swallows Jonah\n\n  [17] (3) And the LORD appointed(4) a great fish to swallow up Jonah. And Jonah was in the belly of the fish three days and three nights.\n\nFootnotes\n\n(1) 1:2 The same Hebrew word can mean *evil* or *disaster*, depending on the context; so throughout Jonah\n\n(2) 1:13 Hebrew *the men dug in* [their oars]\n\n(3) 1:17 Ch 2:1 in Hebrew\n\n(4) 1:17 Or *had appointed*\n (ESV)"]}