{"query": "Malachi 2", "canonical": "Malachi 2", "parsed": [[39002001, 39002017]], "passage_meta": [{"canonical": "Malachi 2", "chapter_start": [39002001, 39002017], "chapter_end": [39002001, 39002017], "prev_verse": 39001014, "next_verse": 39003001, "prev_chapter": [39001001, 39001014], "next_chapter": [39003001, 39003018]}], "passages": ["Malachi 2\n\nThe LORD Rebukes the Priests\n\n  [1] \u201cAnd now, O priests, this command is for you. [2] If you will not listen, if you will not take it to heart to give honor to my name, says the LORD of hosts, then I will send the curse upon you and I will curse your blessings. Indeed, I have already cursed them, because you do not lay it to heart. [3] Behold, I will rebuke your offspring,(1) and spread dung on your faces, the dung of your offerings, and you shall be taken away with it.(2) [4] So shall you know that I have sent this command to you, that my covenant with Levi may stand, says the LORD of hosts. [5] My covenant with him was one of life and peace, and I gave them to him. It was a covenant of fear, and he feared me. He stood in awe of my name. [6] True instruction(3) was in his mouth, and no wrong was found on his lips. He walked with me in peace and uprightness, and he turned many from iniquity. [7] For the lips of a priest should guard knowledge, and people(4) should seek instruction from his mouth, for he is the messenger of the LORD of hosts. [8] But you have turned aside from the way. You have caused many to stumble by your instruction. You have corrupted the covenant of Levi, says the LORD of hosts, [9] and so I make you despised and abased before all the people, inasmuch as you do not keep my ways but show partiality in your instruction.\u201d\n\nJudah Profaned the Covenant\n\n  [10] Have we not all one Father? Has not one God created us? Why then are we faithless to one another, profaning the covenant of our fathers? [11] Judah has been faithless, and abomination has been committed in Israel and in Jerusalem. For Judah has profaned the sanctuary of the LORD, which he loves, and has married the daughter of a foreign god. [12] May the LORD cut off from the tents of Jacob any descendant(5) of the man who does this, who brings an offering to the LORD of hosts!\n\n  [13] And this second thing you do. You cover the LORD\u2019s altar with tears, with weeping and groaning because he no longer regards the offering or accepts it with favor from your hand. [14] But you say, \u201cWhy does he not?\u201d Because the LORD was witness between you and the wife of your youth, to whom you have been faithless, though she is your companion and your wife by covenant. [15] Did he not make them one, with a portion of the Spirit in their union?(6) And what was the one God(7) seeking?(8) Godly offspring. So guard yourselves(9) in your spirit, and let none of you be faithless to the wife of your youth. [16] \u201cFor the man who does not love his wife but divorces her,(10) says the LORD, the God of Israel, covers(11) his garment with violence, says the LORD of hosts. So guard yourselves in your spirit, and do not be faithless.\u201d\n\nThe Messenger of the LORD\n\n  [17] You have wearied the LORD with your words. But you say, \u201cHow have we wearied him?\u201d By saying, \u201cEveryone who does evil is good in the sight of the LORD, and he delights in them.\u201d Or by asking, \u201cWhere is the God of justice?\u201d\n\nFootnotes\n\n(1) 2:3 Hebrew *seed*\n\n(2) 2:3 Or *to it*\n\n(3) 2:6 Or *law*; also verses 7, 8, 9\n\n(4) 2:7 Hebrew *they*\n\n(5) 2:12 Hebrew *any who wakes and answers*\n\n(6) 2:15 Hebrew *in it*\n\n(7) 2:15 Hebrew *the one*\n\n(8) 2:15 Or *And not one has done this who has a portion of the Spirit. And what was that one seeking?*\n\n(9) 2:15 Or *So take care*; also verse 16\n\n(10) 2:16 Hebrew *who hates and divorces*\n\n(11) 2:16 Probable meaning (compare Septuagint and Deuteronomy 24:1\u20134); or *\u201cThe Lord, the God of Israel, says that he hates divorce, and him who covers*\n (ESV)"]}