{"query": "Malachi 4", "canonical": "Malachi 4", "parsed": [[39004001, 39004006]], "passage_meta": [{"canonical": "Malachi 4", "chapter_start": [39004001, 39004006], "chapter_end": [39004001, 39004006], "prev_verse": 39003018, "next_verse": 40001001, "prev_chapter": [39003001, 39003018], "next_chapter": [40001001, 40001025]}], "passages": ["Malachi 4\n\nThe Great Day of the LORD\n\n  [1] \u201cFor behold, the day is coming, burning like an oven, when all the arrogant and all evildoers will be stubble. The day that is coming shall set them ablaze, says the LORD of hosts, so that it will leave them neither root nor branch. [2] But for you who fear my name, the sun of righteousness shall rise with healing in its wings. You shall go out leaping like calves from the stall. [3] And you shall tread down the wicked, for they will be ashes under the soles of your feet, on the day when I act, says the LORD of hosts.\n\n  [4] \u201cRemember the law of my servant Moses, the statutes and rules(1) that I commanded him at Horeb for all Israel.\n\n  [5] \u201cBehold, I will send you Elijah the prophet before the great and awesome day of the LORD comes. [6] And he will turn the hearts of fathers to their children and the hearts of children to their fathers, lest I come and strike the land with a decree of utter destruction.\u201d(2)\n\nFootnotes\n\n(1) 4:4 Or *and just decrees*\n\n(2) 4:6 The Hebrew term rendered *decree of utter destruction* refers to things devoted (or set apart) to the Lord (or by the Lord) for destruction\n (ESV)"]}