{"query": "Malachi 1", "canonical": "Malachi 1", "parsed": [[39001001, 39001014]], "passage_meta": [{"canonical": "Malachi 1", "chapter_start": [39001001, 39001014], "chapter_end": [39001001, 39001014], "prev_verse": 38014021, "next_verse": 39002001, "prev_chapter": [38014001, 38014021], "next_chapter": [39002001, 39002017]}], "passages": ["Malachi 1\n\n\n\n  [1] The oracle of the word of the LORD to Israel by Malachi.(1)\n\nThe LORD\u2019s Love for Israel\n\n  [2] \u201cI have loved you,\u201d says the LORD. But you say, \u201cHow have you loved us?\u201d \u201cIs not Esau Jacob\u2019s brother?\u201d declares the LORD. \u201cYet I have loved Jacob [3] but Esau I have hated. I have laid waste his hill country and left his heritage to jackals of the desert.\u201d [4] If Edom says, \u201cWe are shattered but we will rebuild the ruins,\u201d the LORD of hosts says, \u201cThey may build, but I will tear down, and they will be called \u2018the wicked country,\u2019 and \u2018the people with whom the LORD is angry forever.\u2019\u201d [5] Your own eyes shall see this, and you shall say, \u201cGreat is the LORD beyond the border of Israel!\u201d\n\nThe Priests\u2019 Polluted Offerings\n\n  [6] \u201cA son honors his father, and a servant his master. If then I am a father, where is my honor? And if I am a master, where is my fear? says the LORD of hosts to you, O priests, who despise my name. But you say, \u2018How have we despised your name?\u2019 [7] By offering polluted food upon my altar. But you say, \u2018How have we polluted you?\u2019 By saying that the LORD\u2019s table may be despised. [8] When you offer blind animals in sacrifice, is that not evil? And when you offer those that are lame or sick, is that not evil? Present that to your governor; will he accept you or show you favor? says the LORD of hosts. [9] And now entreat the favor of God, that he may be gracious to us. With such a gift from your hand, will he show favor to any of you? says the LORD of hosts. [10] Oh that there were one among you who would shut the doors, that you might not kindle fire on my altar in vain! I have no pleasure in you, says the LORD of hosts, and I will not accept an offering from your hand. [11] For from the rising of the sun to its setting my name will be(2) great among the nations, and in every place incense will be offered to my name, and a pure offering. For my name will be great among the nations, says the LORD of hosts. [12] But you profane it when you say that the Lord\u2019s table is polluted, and its fruit, that is, its food may be despised. [13] But you say, \u2018What a weariness this is,\u2019 and you snort at it, says the LORD of hosts. You bring what has been taken by violence or is lame or sick, and this you bring as your offering! Shall I accept that from your hand? says the LORD. [14] Cursed be the cheat who has a male in his flock, and vows it, and yet sacrifices to the Lord what is blemished. For I am a great King, says the LORD of hosts, and my name will be feared among the nations.\n\nFootnotes\n\n(1) 1:1 *Malachi* means *my messenger*\n\n(2) 1:11 Or *is* (three times in verse 11; also verse 14)\n (ESV)"]}