{"query": "Malachi 3", "canonical": "Malachi 3", "parsed": [[39003001, 39003018]], "passage_meta": [{"canonical": "Malachi 3", "chapter_start": [39003001, 39003018], "chapter_end": [39003001, 39003018], "prev_verse": 39002017, "next_verse": 39004001, "prev_chapter": [39002001, 39002017], "next_chapter": [39004001, 39004006]}], "passages": ["Malachi 3\n\n  [1] \u201cBehold, I send my messenger, and he will prepare the way before me. And the Lord whom you seek will suddenly come to his temple; and the messenger of the covenant in whom you delight, behold, he is coming, says the LORD of hosts. [2] But who can endure the day of his coming, and who can stand when he appears? For he is like a refiner\u2019s fire and like fullers\u2019 soap. [3] He will sit as a refiner and purifier of silver, and he will purify the sons of Levi and refine them like gold and silver, and they will bring offerings in righteousness to the LORD.(1) [4] Then the offering of Judah and Jerusalem will be pleasing to the LORD as in the days of old and as in former years.\n\n  [5] \u201cThen I will draw near to you for judgment. I will be a swift witness against the sorcerers, against the adulterers, against those who swear falsely, against those who oppress the hired worker in his wages, the widow and the fatherless, against those who thrust aside the sojourner, and do not fear me, says the LORD of hosts.\n\nRobbing God\n\n  [6] \u201cFor I the LORD do not change; therefore you, O children of Jacob, are not consumed. [7] From the days of your fathers you have turned aside from my statutes and have not kept them. Return to me, and I will return to you, says the LORD of hosts. But you say, \u2018How shall we return?\u2019 [8] Will man rob God? Yet you are robbing me. But you say, \u2018How have we robbed you?\u2019 In your tithes and contributions. [9] You are cursed with a curse, for you are robbing me, the whole nation of you. [10] Bring the full tithe into the storehouse, that there may be food in my house. And thereby put me to the test, says the LORD of hosts, if I will not open the windows of heaven for you and pour down for you a blessing until there is no more need. [11] I will rebuke the devourer(2) for you, so that it will not destroy the fruits of your soil, and your vine in the field shall not fail to bear, says the LORD of hosts. [12] Then all nations will call you blessed, for you will be a land of delight, says the LORD of hosts.\n\n  [13] \u201cYour words have been hard against me, says the LORD. But you say, \u2018How have we spoken against you?\u2019 [14] You have said, \u2018It is vain to serve God. What is the profit of our keeping his charge or of walking as in mourning before the LORD of hosts? [15] And now we call the arrogant blessed. Evildoers not only prosper but they put God to the test and they escape.\u2019\u201d\n\nThe Book of Remembrance\n\n  [16] Then those who feared the LORD spoke with one another. The LORD paid attention and heard them, and a book of remembrance was written before him of those who feared the LORD and esteemed his name. [17] \u201cThey shall be mine, says the LORD of hosts, in the day when I make up my treasured possession, and I will spare them as a man spares his son who serves him. [18] Then once more you shall see the distinction between the righteous and the wicked, between one who serves God and one who does not serve him.\n\nFootnotes\n\n(1) 3:3 Or *and they will belong to the Lord, bringers of an offering in righteousness*\n\n(2) 3:11 Probably a name for some crop-destroying pest or pests\n (ESV)"]}