{"query": "Matthew 1", "canonical": "Matthew 1", "parsed": [[40001001, 40001025]], "passage_meta": [{"canonical": "Matthew 1", "chapter_start": [40001001, 40001025], "chapter_end": [40001001, 40001025], "prev_verse": 39004006, "next_verse": 40002001, "prev_chapter": [39004001, 39004006], "next_chapter": [40002001, 40002023]}], "passages": ["Matthew 1\n\nThe Genealogy of Jesus Christ\n\n  [1] The book of the genealogy of Jesus Christ, the son of David, the son of Abraham.\n\n  [2] Abraham was the father of Isaac, and Isaac the father of Jacob, and Jacob the father of Judah and his brothers, [3] and Judah the father of Perez and Zerah by Tamar, and Perez the father of Hezron, and Hezron the father of Ram,(1) [4] and Ram the father of Amminadab, and Amminadab the father of Nahshon, and Nahshon the father of Salmon, [5] and Salmon the father of Boaz by Rahab, and Boaz the father of Obed by Ruth, and Obed the father of Jesse, [6] and Jesse the father of David the king.\n\n  And David was the father of Solomon by the wife of Uriah, [7] and Solomon the father of Rehoboam, and Rehoboam the father of Abijah, and Abijah the father of Asaph,(2) [8] and Asaph the father of Jehoshaphat, and Jehoshaphat the father of Joram, and Joram the father of Uzziah, [9] and Uzziah the father of Jotham, and Jotham the father of Ahaz, and Ahaz the father of Hezekiah, [10] and Hezekiah the father of Manasseh, and Manasseh the father of Amos,(3) and Amos the father of Josiah, [11] and Josiah the father of Jechoniah and his brothers, at the time of the deportation to Babylon.\n\n  [12] And after the deportation to Babylon: Jechoniah was the father of Shealtiel,(4) and Shealtiel the father of Zerubbabel, [13] and Zerubbabel the father of Abiud, and Abiud the father of Eliakim, and Eliakim the father of Azor, [14] and Azor the father of Zadok, and Zadok the father of Achim, and Achim the father of Eliud, [15] and Eliud the father of Eleazar, and Eleazar the father of Matthan, and Matthan the father of Jacob, [16] and Jacob the father of Joseph the husband of Mary, of whom Jesus was born, who is called Christ.\n\n  [17] So all the generations from Abraham to David were fourteen generations, and from David to the deportation to Babylon fourteen generations, and from the deportation to Babylon to the Christ fourteen generations.\n\nThe Birth of Jesus Christ\n\n  [18] Now the birth of Jesus Christ(5) took place in this way. When his mother Mary had been betrothed(6) to Joseph, before they came together she was found to be with child from the Holy Spirit. [19] And her husband Joseph, being a just man and unwilling to put her to shame, resolved to divorce her quietly. [20] But as he considered these things, behold, an angel of the Lord appeared to him in a dream, saying, \u201cJoseph, son of David, do not fear to take Mary as your wife, for that which is conceived in her is from the Holy Spirit. [21] She will bear a son, and you shall call his name Jesus, for he will save his people from their sins.\u201d [22] All this took place to fulfill what the Lord had spoken by the prophet:\n\n    [23] \u201cBehold, the virgin shall conceive and bear a son,\n        and they shall call his name Immanuel\u201d\n    \n    \n      (which means, God with us). [24] When Joseph woke from sleep, he did as the angel of the Lord commanded him: he took his wife, [25] but knew her not until she had given birth to a son. And he called his name Jesus.\n\nFootnotes\n\n(1) 1:3 Greek *Aram*; also verse 4\n\n(2) 1:7 *Asaph* is probably an alternate spelling of *Asa*; some manuscripts *Asa*; also verse 8\n\n(3) 1:10 *Amos* is probably an alternate spelling of *Amon*; some manuscripts *Amon*; twice in this verse\n\n(4) 1:12 Greek *Salathiel*; twice in this verse\n\n(5) 1:18 Some manuscripts *of the Christ*\n\n(6) 1:18 That is, legally pledged to be married\n (ESV)"]}