{"query": "Matthew 6", "canonical": "Matthew 6", "parsed": [[40006001, 40006034]], "passage_meta": [{"canonical": "Matthew 6", "chapter_start": [40006001, 40006034], "chapter_end": [40006001, 40006034], "prev_verse": 40005048, "next_verse": 40007001, "prev_chapter": [40005001, 40005048], "next_chapter": [40007001, 40007029]}], "passages": ["Matthew 6\n\nGiving to the Needy\n\n  [1] \u201cBeware of practicing your righteousness before other people in order to be seen by them, for then you will have no reward from your Father who is in heaven.\n\n  [2] \u201cThus, when you give to the needy, sound no trumpet before you, as the hypocrites do in the synagogues and in the streets, that they may be praised by others. Truly, I say to you, they have received their reward. [3] But when you give to the needy, do not let your left hand know what your right hand is doing, [4] so that your giving may be in secret. And your Father who sees in secret will reward you.\n\nThe Lord\u2019s Prayer\n\n  [5] \u201cAnd when you pray, you must not be like the hypocrites. For they love to stand and pray in the synagogues and at the street corners, that they may be seen by others. Truly, I say to you, they have received their reward. [6] But when you pray, go into your room and shut the door and pray to your Father who is in secret. And your Father who sees in secret will reward you.\n\n  [7] \u201cAnd when you pray, do not heap up empty phrases as the Gentiles do, for they think that they will be heard for their many words. [8] Do not be like them, for your Father knows what you need before you ask him. [9] Pray then like this:\n\n    \u201cOur Father in heaven,\n    hallowed be your name.(1)\n    [10] Your kingdom come,\n    your will be done,(2)\n        on earth as it is in heaven.\n    [11] Give us this day our daily bread,(3)\n    [12] and forgive us our debts,\n        as we also have forgiven our debtors.\n    [13] And lead us not into temptation,\n        but deliver us from evil.(4)\n    \n    \n      [14] For if you forgive others their trespasses, your heavenly Father will also forgive you, [15] but if you do not forgive others their trespasses, neither will your Father forgive your trespasses.\n\nFasting\n\n  [16] \u201cAnd when you fast, do not look gloomy like the hypocrites, for they disfigure their faces that their fasting may be seen by others. Truly, I say to you, they have received their reward. [17] But when you fast, anoint your head and wash your face, [18] that your fasting may not be seen by others but by your Father who is in secret. And your Father who sees in secret will reward you.\n\nLay Up Treasures in Heaven\n\n  [19] \u201cDo not lay up for yourselves treasures on earth, where moth and rust(5) destroy and where thieves break in and steal, [20] but lay up for yourselves treasures in heaven, where neither moth nor rust destroys and where thieves do not break in and steal. [21] For where your treasure is, there your heart will be also.\n\n  [22] \u201cThe eye is the lamp of the body. So, if your eye is healthy, your whole body will be full of light, [23] but if your eye is bad, your whole body will be full of darkness. If then the light in you is darkness, how great is the darkness!\n\n  [24] \u201cNo one can serve two masters, for either he will hate the one and love the other, or he will be devoted to the one and despise the other. You cannot serve God and money.(6)\n\nDo Not Be Anxious\n\n  [25] \u201cTherefore I tell you, do not be anxious about your life, what you will eat or what you will drink, nor about your body, what you will put on. Is not life more than food, and the body more than clothing? [26] Look at the birds of the air: they neither sow nor reap nor gather into barns, and yet your heavenly Father feeds them. Are you not of more value than they? [27] And which of you by being anxious can add a single hour to his span of life?(7) [28] And why are you anxious about clothing? Consider the lilies of the field, how they grow: they neither toil nor spin, [29] yet I tell you, even Solomon in all his glory was not arrayed like one of these. [30] But if God so clothes the grass of the field, which today is alive and tomorrow is thrown into the oven, will he not much more clothe you, O you of little faith? [31] Therefore do not be anxious, saying, \u2018What shall we eat?\u2019 or \u2018What shall we drink?\u2019 or \u2018What shall we wear?\u2019 [32] For the Gentiles seek after all these things, and your heavenly Father knows that you need them all. [33] But seek first the kingdom of God and his righteousness, and all these things will be added to you.\n\n  [34] \u201cTherefore do not be anxious about tomorrow, for tomorrow will be anxious for itself. Sufficient for the day is its own trouble.\n\nFootnotes\n\n(1) 6:9 Or *Let your name be kept holy*, or *Let your name be treated with reverence*\n\n(2) 6:10 Or *Let your kingdom come, let your will be done*\n\n(3) 6:11 Or *our bread for tomorrow*\n\n(4) 6:13 Or *the evil one*; some manuscripts add *For yours is the kingdom and the power and the glory, forever. Amen*\n\n(5) 6:19 Or *worm*; also verse 20\n\n(6) 6:24 Greek *mammon*, a Semitic word for money or possessions\n\n(7) 6:27 Or *a single cubit to his stature*; a *cubit* was about 18 inches or 45 centimeters\n (ESV)"]}