{"query": "Matthew 13", "canonical": "Matthew 13", "parsed": [[40013001, 40013058]], "passage_meta": [{"canonical": "Matthew 13", "chapter_start": [40013001, 40013058], "chapter_end": [40013001, 40013058], "prev_verse": 40012050, "next_verse": 40014001, "prev_chapter": [40012001, 40012050], "next_chapter": [40014001, 40014036]}], "passages": ["Matthew 13\n\nThe Parable of the Sower\n\n  [1] That same day Jesus went out of the house and sat beside the sea. [2] And great crowds gathered about him, so that he got into a boat and sat down. And the whole crowd stood on the beach. [3] And he told them many things in parables, saying: \u201cA sower went out to sow. [4] And as he sowed, some seeds fell along the path, and the birds came and devoured them. [5] Other seeds fell on rocky ground, where they did not have much soil, and immediately they sprang up, since they had no depth of soil, [6] but when the sun rose they were scorched. And since they had no root, they withered away. [7] Other seeds fell among thorns, and the thorns grew up and choked them. [8] Other seeds fell on good soil and produced grain, some a hundredfold, some sixty, some thirty. [9] He who has ears,(1) let him hear.\u201d\n\nThe Purpose of the Parables\n\n  [10] Then the disciples came and said to him, \u201cWhy do you speak to them in parables?\u201d [11] And he answered them, \u201cTo you it has been given to know the secrets of the kingdom of heaven, but to them it has not been given. [12] For to the one who has, more will be given, and he will have an abundance, but from the one who has not, even what he has will be taken away. [13] This is why I speak to them in parables, because seeing they do not see, and hearing they do not hear, nor do they understand. [14] Indeed, in their case the prophecy of Isaiah is fulfilled that says:\n\n    \u201c\u2018\u201cYou will indeed hear but never understand,\n        and you will indeed see but never perceive.\u201d\n    [15] For this people\u2019s heart has grown dull,\n        and with their ears they can barely hear,\n        and their eyes they have closed,\n    lest they should see with their eyes\n        and hear with their ears\n    and understand with their heart\n        and turn, and I would heal them.\u2019\n    \n    \n      [16] But blessed are your eyes, for they see, and your ears, for they hear. [17] For truly, I say to you, many prophets and righteous people longed to see what you see, and did not see it, and to hear what you hear, and did not hear it.\n\nThe Parable of the Sower Explained\n\n  [18] \u201cHear then the parable of the sower: [19] When anyone hears the word of the kingdom and does not understand it, the evil one comes and snatches away what has been sown in his heart. This is what was sown along the path. [20] As for what was sown on rocky ground, this is the one who hears the word and immediately receives it with joy, [21] yet he has no root in himself, but endures for a while, and when tribulation or persecution arises on account of the word, immediately he falls away.(2) [22] As for what was sown among thorns, this is the one who hears the word, but the cares of the world and the deceitfulness of riches choke the word, and it proves unfruitful. [23] As for what was sown on good soil, this is the one who hears the word and understands it. He indeed bears fruit and yields, in one case a hundredfold, in another sixty, and in another thirty.\u201d\n\nThe Parable of the Weeds\n\n  [24] He put another parable before them, saying, \u201cThe kingdom of heaven may be compared to a man who sowed good seed in his field, [25] but while his men were sleeping, his enemy came and sowed weeds(3) among the wheat and went away. [26] So when the plants came up and bore grain, then the weeds appeared also. [27] And the servants(4) of the master of the house came and said to him, \u2018Master, did you not sow good seed in your field? How then does it have weeds?\u2019 [28] He said to them, \u2018An enemy has done this.\u2019 So the servants said to him, \u2018Then do you want us to go and gather them?\u2019 [29] But he said, \u2018No, lest in gathering the weeds you root up the wheat along with them. [30] Let both grow together until the harvest, and at harvest time I will tell the reapers, \u201cGather the weeds first and bind them in bundles to be burned, but gather the wheat into my barn.\u201d\u2019\u201d\n\nThe Mustard Seed and the Leaven\n\n  [31] He put another parable before them, saying, \u201cThe kingdom of heaven is like a grain of mustard seed that a man took and sowed in his field. [32] It is the smallest of all seeds, but when it has grown it is larger than all the garden plants and becomes a tree, so that the birds of the air come and make nests in its branches.\u201d\n\n  [33] He told them another parable. \u201cThe kingdom of heaven is like leaven that a woman took and hid in three measures of flour, till it was all leavened.\u201d\n\nProphecy and Parables\n\n  [34] All these things Jesus said to the crowds in parables; indeed, he said nothing to them without a parable. [35] This was to fulfill what was spoken by the prophet:(5)\n\n    \u201cI will open my mouth in parables;\n        I will utter what has been hidden since the foundation of the world.\u201d\n    \n    \n    The Parable of the Weeds Explained\n\n  [36] Then he left the crowds and went into the house. And his disciples came to him, saying, \u201cExplain to us the parable of the weeds of the field.\u201d [37] He answered, \u201cThe one who sows the good seed is the Son of Man. [38] The field is the world, and the good seed is the sons of the kingdom. The weeds are the sons of the evil one, [39] and the enemy who sowed them is the devil. The harvest is the end of the age, and the reapers are angels. [40] Just as the weeds are gathered and burned with fire, so will it be at the end of the age. [41] The Son of Man will send his angels, and they will gather out of his kingdom all causes of sin and all law-breakers, [42] and throw them into the fiery furnace. In that place there will be weeping and gnashing of teeth. [43] Then the righteous will shine like the sun in the kingdom of their Father. He who has ears, let him hear.\n\nThe Parable of the Hidden Treasure\n\n  [44] \u201cThe kingdom of heaven is like treasure hidden in a field, which a man found and covered up. Then in his joy he goes and sells all that he has and buys that field.\n\nThe Parable of the Pearl of Great Value\n\n  [45] \u201cAgain, the kingdom of heaven is like a merchant in search of fine pearls, [46] who, on finding one pearl of great value, went and sold all that he had and bought it.\n\nThe Parable of the Net\n\n  [47] \u201cAgain, the kingdom of heaven is like a net that was thrown into the sea and gathered fish of every kind. [48] When it was full, men drew it ashore and sat down and sorted the good into containers but threw away the bad. [49] So it will be at the end of the age. The angels will come out and separate the evil from the righteous [50] and throw them into the fiery furnace. In that place there will be weeping and gnashing of teeth.\n\nNew and Old Treasures\n\n  [51] \u201cHave you understood all these things?\u201d They said to him, \u201cYes.\u201d [52] And he said to them, \u201cTherefore every scribe who has been trained for the kingdom of heaven is like a master of a house, who brings out of his treasure what is new and what is old.\u201d\n\nJesus Rejected at Nazareth\n\n  [53] And when Jesus had finished these parables, he went away from there, [54] and coming to his hometown he taught them in their synagogue, so that they were astonished, and said, \u201cWhere did this man get this wisdom and these mighty works? [55] Is not this the carpenter\u2019s son? Is not his mother called Mary? And are not his brothers James and Joseph and Simon and Judas? [56] And are not all his sisters with us? Where then did this man get all these things?\u201d [57] And they took offense at him. But Jesus said to them, \u201cA prophet is not without honor except in his hometown and in his own household.\u201d [58] And he did not do many mighty works there, because of their unbelief.\n\nFootnotes\n\n(1) 13:9 Some manuscripts add here and in verse 43 *to hear*\n\n(2) 13:21 Or *stumbles*\n\n(3) 13:25 Probably *darnel*, a wheat-like weed\n\n(4) 13:27 Or *bondservants*; also verse 28\n\n(5) 13:35 Some manuscripts *Isaiah the prophet*\n (ESV)"]}