{"query": "Matthew 17", "canonical": "Matthew 17", "parsed": [[40017001, 40017027]], "passage_meta": [{"canonical": "Matthew 17", "chapter_start": [40017001, 40017027], "chapter_end": [40017001, 40017027], "prev_verse": 40016028, "next_verse": 40018001, "prev_chapter": [40016001, 40016028], "next_chapter": [40018001, 40018035]}], "passages": ["Matthew 17\n\nThe Transfiguration\n\n  [1] And after six days Jesus took with him Peter and James, and John his brother, and led them up a high mountain by themselves. [2] And he was transfigured before them, and his face shone like the sun, and his clothes became white as light. [3] And behold, there appeared to them Moses and Elijah, talking with him. [4] And Peter said to Jesus, \u201cLord, it is good that we are here. If you wish, I will make three tents here, one for you and one for Moses and one for Elijah.\u201d [5] He was still speaking when, behold, a bright cloud overshadowed them, and a voice from the cloud said, \u201cThis is my beloved Son,(1) with whom I am well pleased; listen to him.\u201d [6] When the disciples heard this, they fell on their faces and were terrified. [7] But Jesus came and touched them, saying, \u201cRise, and have no fear.\u201d [8] And when they lifted up their eyes, they saw no one but Jesus only.\n\n  [9] And as they were coming down the mountain, Jesus commanded them, \u201cTell no one the vision, until the Son of Man is raised from the dead.\u201d [10] And the disciples asked him, \u201cThen why do the scribes say that first Elijah must come?\u201d [11] He answered, \u201cElijah does come, and he will restore all things. [12] But I tell you that Elijah has already come, and they did not recognize him, but did to him whatever they pleased. So also the Son of Man will certainly suffer at their hands.\u201d [13] Then the disciples understood that he was speaking to them of John the Baptist.\n\nJesus Heals a Boy with a Demon\n\n  [14] And when they came to the crowd, a man came up to him and, kneeling before him, [15] said, \u201cLord, have mercy on my son, for he has seizures and he suffers terribly. For often he falls into the fire, and often into the water. [16] And I brought him to your disciples, and they could not heal him.\u201d [17] And Jesus answered, \u201cO faithless and twisted generation, how long am I to be with you? How long am I to bear with you? Bring him here to me.\u201d [18] And Jesus rebuked the demon,(2) and it(3) came out of him, and the boy was healed instantly.(4) [19] Then the disciples came to Jesus privately and said, \u201cWhy could we not cast it out?\u201d [20] He said to them, \u201cBecause of your little faith. For truly, I say to you, if you have faith like a grain of mustard seed, you will say to this mountain, \u2018Move from here to there,\u2019 and it will move, and nothing will be impossible for you.\u201d(5)\n\nJesus Again Foretells Death, Resurrection\n\n  [22] As they were gathering(6) in Galilee, Jesus said to them, \u201cThe Son of Man is about to be delivered into the hands of men, [23] and they will kill him, and he will be raised on the third day.\u201d And they were greatly distressed.\n\nThe Temple Tax\n\n  [24] When they came to Capernaum, the collectors of the two-drachma tax went up to Peter and said, \u201cDoes your teacher not pay the tax?\u201d [25] He said, \u201cYes.\u201d And when he came into the house, Jesus spoke to him first, saying, \u201cWhat do you think, Simon? From whom do kings of the earth take toll or tax? From their sons or from others?\u201d [26] And when he said, \u201cFrom others,\u201d Jesus said to him, \u201cThen the sons are free. [27] However, not to give offense to them, go to the sea and cast a hook and take the first fish that comes up, and when you open its mouth you will find a shekel.(7) Take that and give it to them for me and for yourself.\u201d\n\nFootnotes\n\n(1) 17:5 Or *my Son, my* (or *the*) *Beloved*\n\n(2) 17:18 Greek *it*\n\n(3) 17:18 Greek *the demon*\n\n(4) 17:18 Greek *from that hour*\n\n(5) 17:20 Some manuscripts insert verse 21: *But this kind never comes out except by prayer and fasting*\n\n(6) 17:22 Some manuscripts *remained*\n\n(7) 17:27 Greek *stater*, a silver coin worth four drachmas or approximately one shekel\n (ESV)"]}