{"query": "Matthew 14", "canonical": "Matthew 14", "parsed": [[40014001, 40014036]], "passage_meta": [{"canonical": "Matthew 14", "chapter_start": [40014001, 40014036], "chapter_end": [40014001, 40014036], "prev_verse": 40013058, "next_verse": 40015001, "prev_chapter": [40013001, 40013058], "next_chapter": [40015001, 40015039]}], "passages": ["Matthew 14\n\nThe Death of John the Baptist\n\n  [1] At that time Herod the tetrarch heard about the fame of Jesus, [2] and he said to his servants, \u201cThis is John the Baptist. He has been raised from the dead; that is why these miraculous powers are at work in him.\u201d [3] For Herod had seized John and bound him and put him in prison for the sake of Herodias, his brother Philip\u2019s wife,(1) [4] because John had been saying to him, \u201cIt is not lawful for you to have her.\u201d [5] And though he wanted to put him to death, he feared the people, because they held him to be a prophet. [6] But when Herod\u2019s birthday came, the daughter of Herodias danced before the company and pleased Herod, [7] so that he promised with an oath to give her whatever she might ask. [8] Prompted by her mother, she said, \u201cGive me the head of John the Baptist here on a platter.\u201d [9] And the king was sorry, but because of his oaths and his guests he commanded it to be given. [10] He sent and had John beheaded in the prison, [11] and his head was brought on a platter and given to the girl, and she brought it to her mother. [12] And his disciples came and took the body and buried it, and they went and told Jesus.\n\nJesus Feeds the Five Thousand\n\n  [13] Now when Jesus heard this, he withdrew from there in a boat to a desolate place by himself. But when the crowds heard it, they followed him on foot from the towns. [14] When he went ashore he saw a great crowd, and he had compassion on them and healed their sick. [15] Now when it was evening, the disciples came to him and said, \u201cThis is a desolate place, and the day is now over; send the crowds away to go into the villages and buy food for themselves.\u201d [16] But Jesus said, \u201cThey need not go away; you give them something to eat.\u201d [17] They said to him, \u201cWe have only five loaves here and two fish.\u201d [18] And he said, \u201cBring them here to me.\u201d [19] Then he ordered the crowds to sit down on the grass, and taking the five loaves and the two fish, he looked up to heaven and said a blessing. Then he broke the loaves and gave them to the disciples, and the disciples gave them to the crowds. [20] And they all ate and were satisfied. And they took up twelve baskets full of the broken pieces left over. [21] And those who ate were about five thousand men, besides women and children.\n\nJesus Walks on the Water\n\n  [22] Immediately he made the disciples get into the boat and go before him to the other side, while he dismissed the crowds. [23] And after he had dismissed the crowds, he went up on the mountain by himself to pray. When evening came, he was there alone, [24] but the boat by this time was a long way(2) from the land,(3) beaten by the waves, for the wind was against them. [25] And in the fourth watch of the night(4) he came to them, walking on the sea. [26] But when the disciples saw him walking on the sea, they were terrified, and said, \u201cIt is a ghost!\u201d and they cried out in fear. [27] But immediately Jesus spoke to them, saying, \u201cTake heart; it is I. Do not be afraid.\u201d\n\n  [28] And Peter answered him, \u201cLord, if it is you, command me to come to you on the water.\u201d [29] He said, \u201cCome.\u201d So Peter got out of the boat and walked on the water and came to Jesus. [30] But when he saw the wind,(5) he was afraid, and beginning to sink he cried out, \u201cLord, save me.\u201d [31] Jesus immediately reached out his hand and took hold of him, saying to him, \u201cO you of little faith, why did you doubt?\u201d [32] And when they got into the boat, the wind ceased. [33] And those in the boat worshiped him, saying, \u201cTruly you are the Son of God.\u201d\n\nJesus Heals the Sick in Gennesaret\n\n  [34] And when they had crossed over, they came to land at Gennesaret. [35] And when the men of that place recognized him, they sent around to all that region and brought to him all who were sick [36] and implored him that they might only touch the fringe of his garment. And as many as touched it were made well.\n\nFootnotes\n\n(1) 14:3 Some manuscripts *his brother\u2019s wife*\n\n(2) 14:24 Greek *many stadia*, a *stadion* was about 607 feet or 185 meters\n\n(3) 14:24 Some manuscripts *was out on the sea*\n\n(4) 14:25 That is, between 3 a.m. and 6 a.m.\n\n(5) 14:30 Some manuscripts *strong wind*\n (ESV)"]}