{"query": "Matthew 22", "canonical": "Matthew 22", "parsed": [[40022001, 40022046]], "passage_meta": [{"canonical": "Matthew 22", "chapter_start": [40022001, 40022046], "chapter_end": [40022001, 40022046], "prev_verse": 40021046, "next_verse": 40023001, "prev_chapter": [40021001, 40021046], "next_chapter": [40023001, 40023039]}], "passages": ["Matthew 22\n\nThe Parable of the Wedding Feast\n\n  [1] And again Jesus spoke to them in parables, saying, [2] \u201cThe kingdom of heaven may be compared to a king who gave a wedding feast for his son, [3] and sent his servants(1) to call those who were invited to the wedding feast, but they would not come. [4] Again he sent other servants, saying, \u2018Tell those who are invited, \u201cSee, I have prepared my dinner, my oxen and my fat calves have been slaughtered, and everything is ready. Come to the wedding feast.\u201d\u2019 [5] But they paid no attention and went off, one to his farm, another to his business, [6] while the rest seized his servants, treated them shamefully, and killed them. [7] The king was angry, and he sent his troops and destroyed those murderers and burned their city. [8] Then he said to his servants, \u2018The wedding feast is ready, but those invited were not worthy. [9] Go therefore to the main roads and invite to the wedding feast as many as you find.\u2019 [10] And those servants went out into the roads and gathered all whom they found, both bad and good. So the wedding hall was filled with guests.\n\n  [11] \u201cBut when the king came in to look at the guests, he saw there a man who had no wedding garment. [12] And he said to him, \u2018Friend, how did you get in here without a wedding garment?\u2019 And he was speechless. [13] Then the king said to the attendants, \u2018Bind him hand and foot and cast him into the outer darkness. In that place there will be weeping and gnashing of teeth.\u2019 [14] For many are called, but few are chosen.\u201d\n\nPaying Taxes to Caesar\n\n  [15] Then the Pharisees went and plotted how to entangle him in his words. [16] And they sent their disciples to him, along with the Herodians, saying, \u201cTeacher, we know that you are true and teach the way of God truthfully, and you do not care about anyone\u2019s opinion, for you are not swayed by appearances.(2) [17] Tell us, then, what you think. Is it lawful to pay taxes to Caesar, or not?\u201d [18] But Jesus, aware of their malice, said, \u201cWhy put me to the test, you hypocrites? [19] Show me the coin for the tax.\u201d And they brought him a denarius.(3) [20] And Jesus said to them, \u201cWhose likeness and inscription is this?\u201d [21] They said, \u201cCaesar\u2019s.\u201d Then he said to them, \u201cTherefore render to Caesar the things that are Caesar\u2019s, and to God the things that are God\u2019s.\u201d [22] When they heard it, they marveled. And they left him and went away.\n\nSadducees Ask About the Resurrection\n\n  [23] The same day Sadducees came to him, who say that there is no resurrection, and they asked him a question, [24] saying, \u201cTeacher, Moses said, \u2018If a man dies having no children, his brother must marry the widow and raise up offspring for his brother.\u2019 [25] Now there were seven brothers among us. The first married and died, and having no offspring left his wife to his brother. [26] So too the second and third, down to the seventh. [27] After them all, the woman died. [28] In the resurrection, therefore, of the seven, whose wife will she be? For they all had her.\u201d\n\n  [29] But Jesus answered them, \u201cYou are wrong, because you know neither the Scriptures nor the power of God. [30] For in the resurrection they neither marry nor are given in marriage, but are like angels in heaven. [31] And as for the resurrection of the dead, have you not read what was said to you by God: [32] \u2018I am the God of Abraham, and the God of Isaac, and the God of Jacob\u2019? He is not God of the dead, but of the living.\u201d [33] And when the crowd heard it, they were astonished at his teaching.\n\nThe Great Commandment\n\n  [34] But when the Pharisees heard that he had silenced the Sadducees, they gathered together. [35] And one of them, a lawyer, asked him a question to test him. [36] \u201cTeacher, which is the great commandment in the Law?\u201d [37] And he said to him, \u201cYou shall love the Lord your God with all your heart and with all your soul and with all your mind. [38] This is the great and first commandment. [39] And a second is like it: You shall love your neighbor as yourself. [40] On these two commandments depend all the Law and the Prophets.\u201d\n\nWhose Son Is the Christ?\n\n  [41] Now while the Pharisees were gathered together, Jesus asked them a question, [42] saying, \u201cWhat do you think about the Christ? Whose son is he?\u201d They said to him, \u201cThe son of David.\u201d [43] He said to them, \u201cHow is it then that David, in the Spirit, calls him Lord, saying,\n\n    [44] \u201c\u2018The Lord said to my Lord,\n    \u201cSit at my right hand,\n        until I put your enemies under your feet\u201d\u2019?\n    \n    \n      [45] If then David calls him Lord, how is he his son?\u201d [46] And no one was able to answer him a word, nor from that day did anyone dare to ask him any more questions.\n\nFootnotes\n\n(1) 22:3 Or *bondservants*; also verses 4, 6, 8, 10\n\n(2) 22:16 Greek *for you do not look at people\u2019s faces*\n\n(3) 22:19 A *denarius* was a day\u2019s wage for a laborer\n (ESV)"]}