{"query": "Matthew 9", "canonical": "Matthew 9", "parsed": [[40009001, 40009038]], "passage_meta": [{"canonical": "Matthew 9", "chapter_start": [40009001, 40009038], "chapter_end": [40009001, 40009038], "prev_verse": 40008034, "next_verse": 40010001, "prev_chapter": [40008001, 40008034], "next_chapter": [40010001, 40010042]}], "passages": ["Matthew 9\n\nJesus Heals a Paralytic\n\n  [1] And getting into a boat he crossed over and came to his own city. [2] And behold, some people brought to him a paralytic, lying on a bed. And when Jesus saw their faith, he said to the paralytic, \u201cTake heart, my son; your sins are forgiven.\u201d [3] And behold, some of the scribes said to themselves, \u201cThis man is blaspheming.\u201d [4] But Jesus, knowing(1) their thoughts, said, \u201cWhy do you think evil in your hearts? [5] For which is easier, to say, \u2018Your sins are forgiven,\u2019 or to say, \u2018Rise and walk\u2019? [6] But that you may know that the Son of Man has authority on earth to forgive sins\u201d\u2014he then said to the paralytic\u2014\u201cRise, pick up your bed and go home.\u201d [7] And he rose and went home. [8] When the crowds saw it, they were afraid, and they glorified God, who had given such authority to men.\n\nJesus Calls Matthew\n\n  [9] As Jesus passed on from there, he saw a man called Matthew sitting at the tax booth, and he said to him, \u201cFollow me.\u201d And he rose and followed him.\n\n  [10] And as Jesus(2) reclined at table in the house, behold, many tax collectors and sinners came and were reclining with Jesus and his disciples. [11] And when the Pharisees saw this, they said to his disciples, \u201cWhy does your teacher eat with tax collectors and sinners?\u201d [12] But when he heard it, he said, \u201cThose who are well have no need of a physician, but those who are sick. [13] Go and learn what this means: \u2018I desire mercy, and not sacrifice.\u2019 For I came not to call the righteous, but sinners.\u201d\n\nA Question About Fasting\n\n  [14] Then the disciples of John came to him, saying, \u201cWhy do we and the Pharisees fast,(3) but your disciples do not fast?\u201d [15] And Jesus said to them, \u201cCan the wedding guests mourn as long as the bridegroom is with them? The days will come when the bridegroom is taken away from them, and then they will fast. [16] No one puts a piece of unshrunk cloth on an old garment, for the patch tears away from the garment, and a worse tear is made. [17] Neither is new wine put into old wineskins. If it is, the skins burst and the wine is spilled and the skins are destroyed. But new wine is put into fresh wineskins, and so both are preserved.\u201d\n\nA Girl Restored to Life and a Woman Healed\n\n  [18] While he was saying these things to them, behold, a ruler came in and knelt before him, saying, \u201cMy daughter has just died, but come and lay your hand on her, and she will live.\u201d [19] And Jesus rose and followed him, with his disciples. [20] And behold, a woman who had suffered from a discharge of blood for twelve years came up behind him and touched the fringe of his garment, [21] for she said to herself, \u201cIf I only touch his garment, I will be made well.\u201d [22] Jesus turned, and seeing her he said, \u201cTake heart, daughter; your faith has made you well.\u201d And instantly(4) the woman was made well. [23] And when Jesus came to the ruler\u2019s house and saw the flute players and the crowd making a commotion, [24] he said, \u201cGo away, for the girl is not dead but sleeping.\u201d And they laughed at him. [25] But when the crowd had been put outside, he went in and took her by the hand, and the girl arose. [26] And the report of this went through all that district.\n\nJesus Heals Two Blind Men\n\n  [27] And as Jesus passed on from there, two blind men followed him, crying aloud, \u201cHave mercy on us, Son of David.\u201d [28] When he entered the house, the blind men came to him, and Jesus said to them, \u201cDo you believe that I am able to do this?\u201d They said to him, \u201cYes, Lord.\u201d [29] Then he touched their eyes, saying, \u201cAccording to your faith be it done to you.\u201d [30] And their eyes were opened. And Jesus sternly warned them, \u201cSee that no one knows about it.\u201d [31] But they went away and spread his fame through all that district.\n\nJesus Heals a Man Unable to Speak\n\n  [32] As they were going away, behold, a demon-oppressed man who was mute was brought to him. [33] And when the demon had been cast out, the mute man spoke. And the crowds marveled, saying, \u201cNever was anything like this seen in Israel.\u201d [34] But the Pharisees said, \u201cHe casts out demons by the prince of demons.\u201d\n\nThe Harvest Is Plentiful, the Laborers Few\n\n  [35] And Jesus went throughout all the cities and villages, teaching in their synagogues and proclaiming the gospel of the kingdom and healing every disease and every affliction. [36] When he saw the crowds, he had compassion for them, because they were harassed and helpless, like sheep without a shepherd. [37] Then he said to his disciples, \u201cThe harvest is plentiful, but the laborers are few; [38] therefore pray earnestly to the Lord of the harvest to send out laborers into his harvest.\u201d\n\nFootnotes\n\n(1) 9:4 Some manuscripts *perceiving*\n\n(2) 9:10 Greek *he*\n\n(3) 9:14 Some manuscripts add *much*, or *often*\n\n(4) 9:22 Greek *from that hour*\n (ESV)"]}