{"query": "Matthew 12", "canonical": "Matthew 12", "parsed": [[40012001, 40012050]], "passage_meta": [{"canonical": "Matthew 12", "chapter_start": [40012001, 40012050], "chapter_end": [40012001, 40012050], "prev_verse": 40011030, "next_verse": 40013001, "prev_chapter": [40011001, 40011030], "next_chapter": [40013001, 40013058]}], "passages": ["Matthew 12\n\nJesus Is Lord of the Sabbath\n\n  [1] At that time Jesus went through the grainfields on the Sabbath. His disciples were hungry, and they began to pluck heads of grain and to eat. [2] But when the Pharisees saw it, they said to him, \u201cLook, your disciples are doing what is not lawful to do on the Sabbath.\u201d [3] He said to them, \u201cHave you not read what David did when he was hungry, and those who were with him: [4] how he entered the house of God and ate the bread of the Presence, which it was not lawful for him to eat nor for those who were with him, but only for the priests? [5] Or have you not read in the Law how on the Sabbath the priests in the temple profane the Sabbath and are guiltless? [6] I tell you, something greater than the temple is here. [7] And if you had known what this means, \u2018I desire mercy, and not sacrifice,\u2019 you would not have condemned the guiltless. [8] For the Son of Man is lord of the Sabbath.\u201d\n\nA Man with a Withered Hand\n\n  [9] He went on from there and entered their synagogue. [10] And a man was there with a withered hand. And they asked him, \u201cIs it lawful to heal on the Sabbath?\u201d\u2014so that they might accuse him. [11] He said to them, \u201cWhich one of you who has a sheep, if it falls into a pit on the Sabbath, will not take hold of it and lift it out? [12] Of how much more value is a man than a sheep! So it is lawful to do good on the Sabbath.\u201d [13] Then he said to the man, \u201cStretch out your hand.\u201d And the man stretched it out, and it was restored, healthy like the other. [14] But the Pharisees went out and conspired against him, how to destroy him.\n\nGod\u2019s Chosen Servant\n\n  [15] Jesus, aware of this, withdrew from there. And many followed him, and he healed them all [16] and ordered them not to make him known. [17] This was to fulfill what was spoken by the prophet Isaiah:\n\n    [18] \u201cBehold, my servant whom I have chosen,\n        my beloved with whom my soul is well pleased.\n    I will put my Spirit upon him,\n        and he will proclaim justice to the Gentiles.\n    [19] He will not quarrel or cry aloud,\n        nor will anyone hear his voice in the streets;\n    [20] a bruised reed he will not break,\n        and a smoldering wick he will not quench,\n    until he brings justice to victory;\n    [21]     and in his name the Gentiles will hope.\u201d\n    \n    \n    Blasphemy Against the Holy Spirit\n\n  [22] Then a demon-oppressed man who was blind and mute was brought to him, and he healed him, so that the man spoke and saw. [23] And all the people were amazed, and said, \u201cCan this be the Son of David?\u201d [24] But when the Pharisees heard it, they said, \u201cIt is only by Beelzebul, the prince of demons, that this man casts out demons.\u201d [25] Knowing their thoughts, he said to them, \u201cEvery kingdom divided against itself is laid waste, and no city or house divided against itself will stand. [26] And if Satan casts out Satan, he is divided against himself. How then will his kingdom stand? [27] And if I cast out demons by Beelzebul, by whom do your sons cast them out? Therefore they will be your judges. [28] But if it is by the Spirit of God that I cast out demons, then the kingdom of God has come upon you. [29] Or how can someone enter a strong man\u2019s house and plunder his goods, unless he first binds the strong man? Then indeed he may plunder his house. [30] Whoever is not with me is against me, and whoever does not gather with me scatters. [31] Therefore I tell you, every sin and blasphemy will be forgiven people, but the blasphemy against the Spirit will not be forgiven. [32] And whoever speaks a word against the Son of Man will be forgiven, but whoever speaks against the Holy Spirit will not be forgiven, either in this age or in the age to come.\n\nA Tree Is Known by Its Fruit\n\n  [33] \u201cEither make the tree good and its fruit good, or make the tree bad and its fruit bad, for the tree is known by its fruit. [34] You brood of vipers! How can you speak good, when you are evil? For out of the abundance of the heart the mouth speaks. [35] The good person out of his good treasure brings forth good, and the evil person out of his evil treasure brings forth evil. [36] I tell you, on the day of judgment people will give account for every careless word they speak, [37] for by your words you will be justified, and by your words you will be condemned.\u201d\n\nThe Sign of Jonah\n\n  [38] Then some of the scribes and Pharisees answered him, saying, \u201cTeacher, we wish to see a sign from you.\u201d [39] But he answered them, \u201cAn evil and adulterous generation seeks for a sign, but no sign will be given to it except the sign of the prophet Jonah. [40] For just as Jonah was three days and three nights in the belly of the great fish, so will the Son of Man be three days and three nights in the heart of the earth. [41] The men of Nineveh will rise up at the judgment with this generation and condemn it, for they repented at the preaching of Jonah, and behold, something greater than Jonah is here. [42] The queen of the South will rise up at the judgment with this generation and condemn it, for she came from the ends of the earth to hear the wisdom of Solomon, and behold, something greater than Solomon is here.\n\nReturn of an Unclean Spirit\n\n  [43] \u201cWhen the unclean spirit has gone out of a person, it passes through waterless places seeking rest, but finds none. [44] Then it says, \u2018I will return to my house from which I came.\u2019 And when it comes, it finds the house empty, swept, and put in order. [45] Then it goes and brings with it seven other spirits more evil than itself, and they enter and dwell there, and the last state of that person is worse than the first. So also will it be with this evil generation.\u201d\n\nJesus\u2019 Mother and Brothers\n\n  [46] While he was still speaking to the people, behold, his mother and his brothers(1) stood outside, asking to speak to him.(2) [48] But he replied to the man who told him, \u201cWho is my mother, and who are my brothers?\u201d [49] And stretching out his hand toward his disciples, he said, \u201cHere are my mother and my brothers! [50] For whoever does the will of my Father in heaven is my brother and sister and mother.\u201d\n\nFootnotes\n\n(1) 12:46 Or *brothers and sisters*; also verses 48, 49\n\n(2) 12:46 Some manuscripts insert verse 47: *Someone told him, \u201cYour mother and your brothers are standing outside, asking to speak to you\u201d*\n (ESV)"]}