{"query": "Matthew 2", "canonical": "Matthew 2", "parsed": [[40002001, 40002023]], "passage_meta": [{"canonical": "Matthew 2", "chapter_start": [40002001, 40002023], "chapter_end": [40002001, 40002023], "prev_verse": 40001025, "next_verse": 40003001, "prev_chapter": [40001001, 40001025], "next_chapter": [40003001, 40003017]}], "passages": ["Matthew 2\n\nThe Visit of the Wise Men\n\n  [1] Now after Jesus was born in Bethlehem of Judea in the days of Herod the king, behold, wise men(1) from the east came to Jerusalem, [2] saying, \u201cWhere is he who has been born king of the Jews? For we saw his star when it rose(2) and have come to worship him.\u201d [3] When Herod the king heard this, he was troubled, and all Jerusalem with him; [4] and assembling all the chief priests and scribes of the people, he inquired of them where the Christ was to be born. [5] They told him, \u201cIn Bethlehem of Judea, for so it is written by the prophet:\n\n    [6] \u201c\u2018And you, O Bethlehem, in the land of Judah,\n        are by no means least among the rulers of Judah;\n    for from you shall come a ruler\n        who will shepherd my people Israel.\u2019\u201d\n    \n    \n      [7] Then Herod summoned the wise men secretly and ascertained from them what time the star had appeared. [8] And he sent them to Bethlehem, saying, \u201cGo and search diligently for the child, and when you have found him, bring me word, that I too may come and worship him.\u201d [9] After listening to the king, they went on their way. And behold, the star that they had seen when it rose went before them until it came to rest over the place where the child was. [10] When they saw the star, they rejoiced exceedingly with great joy. [11] And going into the house, they saw the child with Mary his mother, and they fell down and worshiped him. Then, opening their treasures, they offered him gifts, gold and frankincense and myrrh. [12] And being warned in a dream not to return to Herod, they departed to their own country by another way.\n\nThe Flight to Egypt\n\n  [13] Now when they had departed, behold, an angel of the Lord appeared to Joseph in a dream and said, \u201cRise, take the child and his mother, and flee to Egypt, and remain there until I tell you, for Herod is about to search for the child, to destroy him.\u201d [14] And he rose and took the child and his mother by night and departed to Egypt [15] and remained there until the death of Herod. This was to fulfill what the Lord had spoken by the prophet, \u201cOut of Egypt I called my son.\u201d\n\nHerod Kills the Children\n\n  [16] Then Herod, when he saw that he had been tricked by the wise men, became furious, and he sent and killed all the male children in Bethlehem and in all that region who were two years old or under, according to the time that he had ascertained from the wise men. [17] Then was fulfilled what was spoken by the prophet Jeremiah:\n\n    [18] \u201cA voice was heard in Ramah,\n        weeping and loud lamentation,\n    Rachel weeping for her children;\n        she refused to be comforted, because they are no more.\u201d\n    \n    \n    The Return to Nazareth\n\n  [19] But when Herod died, behold, an angel of the Lord appeared in a dream to Joseph in Egypt, [20] saying, \u201cRise, take the child and his mother and go to the land of Israel, for those who sought the child\u2019s life are dead.\u201d [21] And he rose and took the child and his mother and went to the land of Israel. [22] But when he heard that Archelaus was reigning over Judea in place of his father Herod, he was afraid to go there, and being warned in a dream he withdrew to the district of Galilee. [23] And he went and lived in a city called Nazareth, so that what was spoken by the prophets might be fulfilled, that he would be called a Nazarene.\n\nFootnotes\n\n(1) 2:1 Greek *magi*; also verses 7, 16\n\n(2) 2:2 Or *in the east*; also verse 9\n (ESV)"]}