{"query": "Matthew 4", "canonical": "Matthew 4", "parsed": [[40004001, 40004025]], "passage_meta": [{"canonical": "Matthew 4", "chapter_start": [40004001, 40004025], "chapter_end": [40004001, 40004025], "prev_verse": 40003017, "next_verse": 40005001, "prev_chapter": [40003001, 40003017], "next_chapter": [40005001, 40005048]}], "passages": ["Matthew 4\n\nThe Temptation of Jesus\n\n  [1] Then Jesus was led up by the Spirit into the wilderness to be tempted by the devil. [2] And after fasting forty days and forty nights, he was hungry. [3] And the tempter came and said to him, \u201cIf you are the Son of God, command these stones to become loaves of bread.\u201d [4] But he answered, \u201cIt is written,\n\n    \u201c\u2018Man shall not live by bread alone,\n        but by every word that comes from the mouth of God.\u2019\u201d\n    \n    \n      [5] Then the devil took him to the holy city and set him on the pinnacle of the temple [6] and said to him, \u201cIf you are the Son of God, throw yourself down, for it is written,\n\n    \u201c\u2018He will command his angels concerning you,\u2019\n    \n    \n      and\n\n    \u201c\u2018On their hands they will bear you up,\n        lest you strike your foot against a stone.\u2019\u201d\n    \n    \n      [7] Jesus said to him, \u201cAgain it is written, \u2018You shall not put the Lord your God to the test.\u2019\u201d [8] Again, the devil took him to a very high mountain and showed him all the kingdoms of the world and their glory. [9] And he said to him, \u201cAll these I will give you, if you will fall down and worship me.\u201d [10] Then Jesus said to him, \u201cBe gone, Satan! For it is written,\n\n    \u201c\u2018You shall worship the Lord your God\n        and him only shall you serve.\u2019\u201d\n    \n    \n      [11] Then the devil left him, and behold, angels came and were ministering to him.\n\nJesus Begins His Ministry\n\n  [12] Now when he heard that John had been arrested, he withdrew into Galilee. [13] And leaving Nazareth he went and lived in Capernaum by the sea, in the territory of Zebulun and Naphtali, [14] so that what was spoken by the prophet Isaiah might be fulfilled:\n\n    [15] \u201cThe land of Zebulun and the land of Naphtali,\n        the way of the sea, beyond the Jordan, Galilee of the Gentiles\u2014\n    [16] the people dwelling in darkness\n        have seen a great light,\n    and for those dwelling in the region and shadow of death,\n        on them a light has dawned.\u201d\n    \n    \n      [17] From that time Jesus began to preach, saying, \u201cRepent, for the kingdom of heaven is at hand.\u201d(1)\n\nJesus Calls the First Disciples\n\n  [18] While walking by the Sea of Galilee, he saw two brothers, Simon (who is called Peter) and Andrew his brother, casting a net into the sea, for they were fishermen. [19] And he said to them, \u201cFollow me, and I will make you fishers of men.\u201d(2) [20] Immediately they left their nets and followed him. [21] And going on from there he saw two other brothers, James the son of Zebedee and John his brother, in the boat with Zebedee their father, mending their nets, and he called them. [22] Immediately they left the boat and their father and followed him.\n\nJesus Ministers to Great Crowds\n\n  [23] And he went throughout all Galilee, teaching in their synagogues and proclaiming the gospel of the kingdom and healing every disease and every affliction among the people. [24] So his fame spread throughout all Syria, and they brought him all the sick, those afflicted with various diseases and pains, those oppressed by demons, those having seizures, and paralytics, and he healed them. [25] And great crowds followed him from Galilee and the Decapolis, and from Jerusalem and Judea, and from beyond the Jordan.\n\nFootnotes\n\n(1) 4:17 Or *the kingdom of heaven has come near*\n\n(2) 4:19 The Greek word *anthropoi* refers here to both men and women\n (ESV)"]}