{"query": "Matthew 5", "canonical": "Matthew 5", "parsed": [[40005001, 40005048]], "passage_meta": [{"canonical": "Matthew 5", "chapter_start": [40005001, 40005048], "chapter_end": [40005001, 40005048], "prev_verse": 40004025, "next_verse": 40006001, "prev_chapter": [40004001, 40004025], "next_chapter": [40006001, 40006034]}], "passages": ["Matthew 5\n\nThe Sermon on the Mount\n\n  [1] Seeing the crowds, he went up on the mountain, and when he sat down, his disciples came to him.\n\nThe Beatitudes\n\n  [2] And he opened his mouth and taught them, saying:\n\n  [3] \u201cBlessed are the poor in spirit, for theirs is the kingdom of heaven.\n\n  [4] \u201cBlessed are those who mourn, for they shall be comforted.\n\n  [5] \u201cBlessed are the meek, for they shall inherit the earth.\n\n  [6] \u201cBlessed are those who hunger and thirst for righteousness, for they shall be satisfied.\n\n  [7] \u201cBlessed are the merciful, for they shall receive mercy.\n\n  [8] \u201cBlessed are the pure in heart, for they shall see God.\n\n  [9] \u201cBlessed are the peacemakers, for they shall be called sons(1) of God.\n\n  [10] \u201cBlessed are those who are persecuted for righteousness\u2019 sake, for theirs is the kingdom of heaven.\n\n  [11] \u201cBlessed are you when others revile you and persecute you and utter all kinds of evil against you falsely on my account. [12] Rejoice and be glad, for your reward is great in heaven, for so they persecuted the prophets who were before you.\n\nSalt and Light\n\n  [13] \u201cYou are the salt of the earth, but if salt has lost its taste, how shall its saltiness be restored? It is no longer good for anything except to be thrown out and trampled under people\u2019s feet.\n\n  [14] \u201cYou are the light of the world. A city set on a hill cannot be hidden. [15] Nor do people light a lamp and put it under a basket, but on a stand, and it gives light to all in the house. [16] In the same way, let your light shine before others, so that(2) they may see your good works and give glory to your Father who is in heaven.\n\nChrist Came to Fulfill the Law\n\n  [17] \u201cDo not think that I have come to abolish the Law or the Prophets; I have not come to abolish them but to fulfill them. [18] For truly, I say to you, until heaven and earth pass away, not an iota, not a dot, will pass from the Law until all is accomplished. [19] Therefore whoever relaxes one of the least of these commandments and teaches others to do the same will be called least in the kingdom of heaven, but whoever does them and teaches them will be called great in the kingdom of heaven. [20] For I tell you, unless your righteousness exceeds that of the scribes and Pharisees, you will never enter the kingdom of heaven.\n\nAnger\n\n  [21] \u201cYou have heard that it was said to those of old, \u2018You shall not murder; and whoever murders will be liable to judgment.\u2019 [22] But I say to you that everyone who is angry with his brother(3) will be liable to judgment; whoever insults(4) his brother will be liable to the council; and whoever says, \u2018You fool!\u2019 will be liable to the hell(5) of fire. [23] So if you are offering your gift at the altar and there remember that your brother has something against you, [24] leave your gift there before the altar and go. First be reconciled to your brother, and then come and offer your gift. [25] Come to terms quickly with your accuser while you are going with him to court, lest your accuser hand you over to the judge, and the judge to the guard, and you be put in prison. [26] Truly, I say to you, you will never get out until you have paid the last penny.(6)\n\nLust\n\n  [27] \u201cYou have heard that it was said, \u2018You shall not commit adultery.\u2019 [28] But I say to you that everyone who looks at a woman with lustful intent has already committed adultery with her in his heart. [29] If your right eye causes you to sin, tear it out and throw it away. For it is better that you lose one of your members than that your whole body be thrown into hell. [30] And if your right hand causes you to sin, cut it off and throw it away. For it is better that you lose one of your members than that your whole body go into hell.\n\nDivorce\n\n  [31] \u201cIt was also said, \u2018Whoever divorces his wife, let him give her a certificate of divorce.\u2019 [32] But I say to you that everyone who divorces his wife, except on the ground of sexual immorality, makes her commit adultery, and whoever marries a divorced woman commits adultery.\n\nOaths\n\n  [33] \u201cAgain you have heard that it was said to those of old, \u2018You shall not swear falsely, but shall perform to the Lord what you have sworn.\u2019 [34] But I say to you, Do not take an oath at all, either by heaven, for it is the throne of God, [35] or by the earth, for it is his footstool, or by Jerusalem, for it is the city of the great King. [36] And do not take an oath by your head, for you cannot make one hair white or black. [37] Let what you say be simply \u2018Yes\u2019 or \u2018No\u2019; anything more than this comes from evil.(7)\n\nRetaliation\n\n  [38] \u201cYou have heard that it was said, \u2018An eye for an eye and a tooth for a tooth.\u2019 [39] But I say to you, Do not resist the one who is evil. But if anyone slaps you on the right cheek, turn to him the other also. [40] And if anyone would sue you and take your tunic,(8) let him have your cloak as well. [41] And if anyone forces you to go one mile, go with him two miles. [42] Give to the one who begs from you, and do not refuse the one who would borrow from you.\n\nLove Your Enemies\n\n  [43] \u201cYou have heard that it was said, \u2018You shall love your neighbor and hate your enemy.\u2019 [44] But I say to you, Love your enemies and pray for those who persecute you, [45] so that you may be sons of your Father who is in heaven. For he makes his sun rise on the evil and on the good, and sends rain on the just and on the unjust. [46] For if you love those who love you, what reward do you have? Do not even the tax collectors do the same? [47] And if you greet only your brothers,(9) what more are you doing than others? Do not even the Gentiles do the same? [48] You therefore must be perfect, as your heavenly Father is perfect.\n\nFootnotes\n\n(1) 5:9 Greek *huioi*; see Preface\n\n(2) 5:16 Or *house. [16] Let your light so shine before others that*\n\n(3) 5:22 Some manuscripts insert *without cause*\n\n(4) 5:22 Greek *says Raca to* (a term of abuse)\n\n(5) 5:22 Greek *Gehenna*; also verses 29, 30\n\n(6) 5:26 Greek *kodrantes*, Roman copper coin (Latin *quadrans*) worth about 1/64 of a *denarius* (which was a day\u2019s wage for a laborer)\n\n(7) 5:37 Or *the evil one*\n\n(8) 5:40 Greek *chiton*, a long garment worn under the cloak next to the skin\n\n(9) 5:47 Or *brothers and sisters*. In New Testament usage, depending on the context, the plural Greek word *adelphoi* (translated \u201cbrothers\u201d) may refer either to *brothers* or to *brothers and sisters*\n (ESV)"]}