{"query": "Matthew 15", "canonical": "Matthew 15", "parsed": [[40015001, 40015039]], "passage_meta": [{"canonical": "Matthew 15", "chapter_start": [40015001, 40015039], "chapter_end": [40015001, 40015039], "prev_verse": 40014036, "next_verse": 40016001, "prev_chapter": [40014001, 40014036], "next_chapter": [40016001, 40016028]}], "passages": ["Matthew 15\n\nTraditions and Commandments\n\n  [1] Then Pharisees and scribes came to Jesus from Jerusalem and said, [2] \u201cWhy do your disciples break the tradition of the elders? For they do not wash their hands when they eat.\u201d [3] He answered them, \u201cAnd why do you break the commandment of God for the sake of your tradition? [4] For God commanded, \u2018Honor your father and your mother,\u2019 and, \u2018Whoever reviles father or mother must surely die.\u2019 [5] But you say, \u2018If anyone tells his father or his mother, \u201cWhat you would have gained from me is given to God,\u201d(1) [6] he need not honor his father.\u2019 So for the sake of your tradition you have made void the word(2) of God. [7] You hypocrites! Well did Isaiah prophesy of you, when he said:\n\n    [8] \u201c\u2018This people honors me with their lips,\n        but their heart is far from me;\n    [9] in vain do they worship me,\n        teaching as doctrines the commandments of men.\u2019\u201d\n    \n    \n    What Defiles a Person\n\n  [10] And he called the people to him and said to them, \u201cHear and understand: [11] it is not what goes into the mouth that defiles a person, but what comes out of the mouth; this defiles a person.\u201d [12] Then the disciples came and said to him, \u201cDo you know that the Pharisees were offended when they heard this saying?\u201d [13] He answered, \u201cEvery plant that my heavenly Father has not planted will be rooted up. [14] Let them alone; they are blind guides.(3) And if the blind lead the blind, both will fall into a pit.\u201d [15] But Peter said to him, \u201cExplain the parable to us.\u201d [16] And he said, \u201cAre you also still without understanding? [17] Do you not see that whatever goes into the mouth passes into the stomach and is expelled?(4) [18] But what comes out of the mouth proceeds from the heart, and this defiles a person. [19] For out of the heart come evil thoughts, murder, adultery, sexual immorality, theft, false witness, slander. [20] These are what defile a person. But to eat with unwashed hands does not defile anyone.\u201d\n\nThe Faith of a Canaanite Woman\n\n  [21] And Jesus went away from there and withdrew to the district of Tyre and Sidon. [22] And behold, a Canaanite woman from that region came out and was crying, \u201cHave mercy on me, O Lord, Son of David; my daughter is severely oppressed by a demon.\u201d [23] But he did not answer her a word. And his disciples came and begged him, saying, \u201cSend her away, for she is crying out after us.\u201d [24] He answered, \u201cI was sent only to the lost sheep of the house of Israel.\u201d [25] But she came and knelt before him, saying, \u201cLord, help me.\u201d [26] And he answered, \u201cIt is not right to take the children\u2019s bread and throw it to the dogs.\u201d [27] She said, \u201cYes, Lord, yet even the dogs eat the crumbs that fall from their masters\u2019 table.\u201d [28] Then Jesus answered her, \u201cO woman, great is your faith! Be it done for you as you desire.\u201d And her daughter was healed instantly.(5)\n\nJesus Heals Many\n\n  [29] Jesus went on from there and walked beside the Sea of Galilee. And he went up on the mountain and sat down there. [30] And great crowds came to him, bringing with them the lame, the blind, the crippled, the mute, and many others, and they put them at his feet, and he healed them, [31] so that the crowd wondered, when they saw the mute speaking, the crippled healthy, the lame walking, and the blind seeing. And they glorified the God of Israel.\n\nJesus Feeds the Four Thousand\n\n  [32] Then Jesus called his disciples to him and said, \u201cI have compassion on the crowd because they have been with me now three days and have nothing to eat. And I am unwilling to send them away hungry, lest they faint on the way.\u201d [33] And the disciples said to him, \u201cWhere are we to get enough bread in such a desolate place to feed so great a crowd?\u201d [34] And Jesus said to them, \u201cHow many loaves do you have?\u201d They said, \u201cSeven, and a few small fish.\u201d [35] And directing the crowd to sit down on the ground, [36] he took the seven loaves and the fish, and having given thanks he broke them and gave them to the disciples, and the disciples gave them to the crowds. [37] And they all ate and were satisfied. And they took up seven baskets full of the broken pieces left over. [38] Those who ate were four thousand men, besides women and children. [39] And after sending away the crowds, he got into the boat and went to the region of Magadan.\n\nFootnotes\n\n(1) 15:5 Or *is an offering*\n\n(2) 15:6 Some manuscripts *law*\n\n(3) 15:14 Some manuscripts add *of the blind*\n\n(4) 15:17 Greek *is expelled into the latrine*\n\n(5) 15:28 Greek *from that hour*\n (ESV)"]}