{"query": "Matthew 7", "canonical": "Matthew 7", "parsed": [[40007001, 40007029]], "passage_meta": [{"canonical": "Matthew 7", "chapter_start": [40007001, 40007029], "chapter_end": [40007001, 40007029], "prev_verse": 40006034, "next_verse": 40008001, "prev_chapter": [40006001, 40006034], "next_chapter": [40008001, 40008034]}], "passages": ["Matthew 7\n\nJudging Others\n\n  [1] \u201cJudge not, that you be not judged. [2] For with the judgment you pronounce you will be judged, and with the measure you use it will be measured to you. [3] Why do you see the speck that is in your brother\u2019s eye, but do not notice the log that is in your own eye? [4] Or how can you say to your brother, \u2018Let me take the speck out of your eye,\u2019 when there is the log in your own eye? [5] You hypocrite, first take the log out of your own eye, and then you will see clearly to take the speck out of your brother\u2019s eye.\n\n  [6] \u201cDo not give dogs what is holy, and do not throw your pearls before pigs, lest they trample them underfoot and turn to attack you.\n\nAsk, and It Will Be Given\n\n  [7] \u201cAsk, and it will be given to you; seek, and you will find; knock, and it will be opened to you. [8] For everyone who asks receives, and the one who seeks finds, and to the one who knocks it will be opened. [9] Or which one of you, if his son asks him for bread, will give him a stone? [10] Or if he asks for a fish, will give him a serpent? [11] If you then, who are evil, know how to give good gifts to your children, how much more will your Father who is in heaven give good things to those who ask him!\n\nThe Golden Rule\n\n  [12] \u201cSo whatever you wish that others would do to you, do also to them, for this is the Law and the Prophets.\n\n  [13] \u201cEnter by the narrow gate. For the gate is wide and the way is easy(1) that leads to destruction, and those who enter by it are many. [14] For the gate is narrow and the way is hard that leads to life, and those who find it are few.\n\nA Tree and Its Fruit\n\n  [15] \u201cBeware of false prophets, who come to you in sheep\u2019s clothing but inwardly are ravenous wolves. [16] You will recognize them by their fruits. Are grapes gathered from thornbushes, or figs from thistles? [17] So, every healthy tree bears good fruit, but the diseased tree bears bad fruit. [18] A healthy tree cannot bear bad fruit, nor can a diseased tree bear good fruit. [19] Every tree that does not bear good fruit is cut down and thrown into the fire. [20] Thus you will recognize them by their fruits.\n\nI Never Knew You\n\n  [21] \u201cNot everyone who says to me, \u2018Lord, Lord,\u2019 will enter the kingdom of heaven, but the one who does the will of my Father who is in heaven. [22] On that day many will say to me, \u2018Lord, Lord, did we not prophesy in your name, and cast out demons in your name, and do many mighty works in your name?\u2019 [23] And then will I declare to them, \u2018I never knew you; depart from me, you workers of lawlessness.\u2019\n\nBuild Your House on the Rock\n\n  [24] \u201cEveryone then who hears these words of mine and does them will be like a wise man who built his house on the rock. [25] And the rain fell, and the floods came, and the winds blew and beat on that house, but it did not fall, because it had been founded on the rock. [26] And everyone who hears these words of mine and does not do them will be like a foolish man who built his house on the sand. [27] And the rain fell, and the floods came, and the winds blew and beat against that house, and it fell, and great was the fall of it.\u201d\n\nThe Authority of Jesus\n\n  [28] And when Jesus finished these sayings, the crowds were astonished at his teaching, [29] for he was teaching them as one who had authority, and not as their scribes.\n\nFootnotes\n\n(1) 7:13 Some manuscripts *For the way is wide and easy*\n (ESV)"]}