{"query": "Matthew 19", "canonical": "Matthew 19", "parsed": [[40019001, 40019030]], "passage_meta": [{"canonical": "Matthew 19", "chapter_start": [40019001, 40019030], "chapter_end": [40019001, 40019030], "prev_verse": 40018035, "next_verse": 40020001, "prev_chapter": [40018001, 40018035], "next_chapter": [40020001, 40020034]}], "passages": ["Matthew 19\n\nTeaching About Divorce\n\n  [1] Now when Jesus had finished these sayings, he went away from Galilee and entered the region of Judea beyond the Jordan. [2] And large crowds followed him, and he healed them there.\n\n  [3] And Pharisees came up to him and tested him by asking, \u201cIs it lawful to divorce one\u2019s wife for any cause?\u201d [4] He answered, \u201cHave you not read that he who created them from the beginning made them male and female, [5] and said, \u2018Therefore a man shall leave his father and his mother and hold fast to his wife, and the two shall become one flesh\u2019? [6] So they are no longer two but one flesh. What therefore God has joined together, let not man separate.\u201d [7] They said to him, \u201cWhy then did Moses command one to give a certificate of divorce and to send her away?\u201d [8] He said to them, \u201cBecause of your hardness of heart Moses allowed you to divorce your wives, but from the beginning it was not so. [9] And I say to you: whoever divorces his wife, except for sexual immorality, and marries another, commits adultery.\u201d(1)\n\n  [10] The disciples said to him, \u201cIf such is the case of a man with his wife, it is better not to marry.\u201d [11] But he said to them, \u201cNot everyone can receive this saying, but only those to whom it is given. [12] For there are eunuchs who have been so from birth, and there are eunuchs who have been made eunuchs by men, and there are eunuchs who have made themselves eunuchs for the sake of the kingdom of heaven. Let the one who is able to receive this receive it.\u201d\n\nLet the Children Come to Me\n\n  [13] Then children were brought to him that he might lay his hands on them and pray. The disciples rebuked the people, [14] but Jesus said, \u201cLet the little children come to me and do not hinder them, for to such belongs the kingdom of heaven.\u201d [15] And he laid his hands on them and went away.\n\nThe Rich Young Man\n\n  [16] And behold, a man came up to him, saying, \u201cTeacher, what good deed must I do to have eternal life?\u201d [17] And he said to him, \u201cWhy do you ask me about what is good? There is only one who is good. If you would enter life, keep the commandments.\u201d [18] He said to him, \u201cWhich ones?\u201d And Jesus said, \u201cYou shall not murder, You shall not commit adultery, You shall not steal, You shall not bear false witness, [19] Honor your father and mother, and, You shall love your neighbor as yourself.\u201d [20] The young man said to him, \u201cAll these I have kept. What do I still lack?\u201d [21] Jesus said to him, \u201cIf you would be perfect, go, sell what you possess and give to the poor, and you will have treasure in heaven; and come, follow me.\u201d [22] When the young man heard this he went away sorrowful, for he had great possessions.\n\n  [23] And Jesus said to his disciples, \u201cTruly, I say to you, only with difficulty will a rich person enter the kingdom of heaven. [24] Again I tell you, it is easier for a camel to go through the eye of a needle than for a rich person to enter the kingdom of God.\u201d [25] When the disciples heard this, they were greatly astonished, saying, \u201cWho then can be saved?\u201d [26] But Jesus looked at them and said, \u201cWith man this is impossible, but with God all things are possible.\u201d [27] Then Peter said in reply, \u201cSee, we have left everything and followed you. What then will we have?\u201d [28] Jesus said to them, \u201cTruly, I say to you, in the new world,(2) when the Son of Man will sit on his glorious throne, you who have followed me will also sit on twelve thrones, judging the twelve tribes of Israel. [29] And everyone who has left houses or brothers or sisters or father or mother or children or lands, for my name\u2019s sake, will receive a hundredfold(3) and will inherit eternal life. [30] But many who are first will be last, and the last first.\n\nFootnotes\n\n(1) 19:9 Some manuscripts add *and whoever marries a divorced woman commits adultery*; other manuscripts *except for sexual immorality, makes her commit adultery, and whoever marries a divorced woman commits adultery*\n\n(2) 19:28 Greek *in the regeneration*\n\n(3) 19:29 Some manuscripts *manifold*\n (ESV)"]}