{"query": "Matthew 27", "canonical": "Matthew 27", "parsed": [[40027001, 40027066]], "passage_meta": [{"canonical": "Matthew 27", "chapter_start": [40027001, 40027066], "chapter_end": [40027001, 40027066], "prev_verse": 40026075, "next_verse": 40028001, "prev_chapter": [40026001, 40026075], "next_chapter": [40028001, 40028020]}], "passages": ["Matthew 27\n\nJesus Delivered to Pilate\n\n  [1] When morning came, all the chief priests and the elders of the people took counsel against Jesus to put him to death. [2] And they bound him and led him away and delivered him over to Pilate the governor.\n\nJudas Hangs Himself\n\n  [3] Then when Judas, his betrayer, saw that Jesus(1) was condemned, he changed his mind and brought back the thirty pieces of silver to the chief priests and the elders, [4] saying, \u201cI have sinned by betraying innocent blood.\u201d They said, \u201cWhat is that to us? See to it yourself.\u201d [5] And throwing down the pieces of silver into the temple, he departed, and he went and hanged himself. [6] But the chief priests, taking the pieces of silver, said, \u201cIt is not lawful to put them into the treasury, since it is blood money.\u201d [7] So they took counsel and bought with them the potter\u2019s field as a burial place for strangers. [8] Therefore that field has been called the Field of Blood to this day. [9] Then was fulfilled what had been spoken by the prophet Jeremiah, saying, \u201cAnd they took the thirty pieces of silver, the price of him on whom a price had been set by some of the sons of Israel, [10] and they gave them for the potter\u2019s field, as the Lord directed me.\u201d\n\nJesus Before Pilate\n\n  [11] Now Jesus stood before the governor, and the governor asked him, \u201cAre you the King of the Jews?\u201d Jesus said, \u201cYou have said so.\u201d [12] But when he was accused by the chief priests and elders, he gave no answer. [13] Then Pilate said to him, \u201cDo you not hear how many things they testify against you?\u201d [14] But he gave him no answer, not even to a single charge, so that the governor was greatly amazed.\n\nThe Crowd Chooses Barabbas\n\n  [15] Now at the feast the governor was accustomed to release for the crowd any one prisoner whom they wanted. [16] And they had then a notorious prisoner called Barabbas. [17] So when they had gathered, Pilate said to them, \u201cWhom do you want me to release for you: Barabbas, or Jesus who is called Christ?\u201d [18] For he knew that it was out of envy that they had delivered him up. [19] Besides, while he was sitting on the judgment seat, his wife sent word to him, \u201cHave nothing to do with that righteous man, for I have suffered much because of him today in a dream.\u201d [20] Now the chief priests and the elders persuaded the crowd to ask for Barabbas and destroy Jesus. [21] The governor again said to them, \u201cWhich of the two do you want me to release for you?\u201d And they said, \u201cBarabbas.\u201d [22] Pilate said to them, \u201cThen what shall I do with Jesus who is called Christ?\u201d They all said, \u201cLet him be crucified!\u201d [23] And he said, \u201cWhy? What evil has he done?\u201d But they shouted all the more, \u201cLet him be crucified!\u201d\n\nPilate Delivers Jesus to Be Crucified\n\n  [24] So when Pilate saw that he was gaining nothing, but rather that a riot was beginning, he took water and washed his hands before the crowd, saying, \u201cI am innocent of this man\u2019s blood;(2) see to it yourselves.\u201d [25] And all the people answered, \u201cHis blood be on us and on our children!\u201d [26] Then he released for them Barabbas, and having scourged(3) Jesus, delivered him to be crucified.\n\nJesus Is Mocked\n\n  [27] Then the soldiers of the governor took Jesus into the governor\u2019s headquarters,(4) and they gathered the whole battalion(5) before him. [28] And they stripped him and put a scarlet robe on him, [29] and twisting together a crown of thorns, they put it on his head and put a reed in his right hand. And kneeling before him, they mocked him, saying, \u201cHail, King of the Jews!\u201d [30] And they spit on him and took the reed and struck him on the head. [31] And when they had mocked him, they stripped him of the robe and put his own clothes on him and led him away to crucify him.\n\nThe Crucifixion\n\n  [32] As they went out, they found a man of Cyrene, Simon by name. They compelled this man to carry his cross. [33] And when they came to a place called Golgotha (which means Place of a Skull), [34] they offered him wine to drink, mixed with gall, but when he tasted it, he would not drink it. [35] And when they had crucified him, they divided his garments among them by casting lots. [36] Then they sat down and kept watch over him there. [37] And over his head they put the charge against him, which read, \u201cThis is Jesus, the King of the Jews.\u201d [38] Then two robbers were crucified with him, one on the right and one on the left. [39] And those who passed by derided him, wagging their heads [40] and saying, \u201cYou who would destroy the temple and rebuild it in three days, save yourself! If you are the Son of God, come down from the cross.\u201d [41] So also the chief priests, with the scribes and elders, mocked him, saying, [42] \u201cHe saved others; he cannot save himself. He is the King of Israel; let him come down now from the cross, and we will believe in him. [43] He trusts in God; let God deliver him now, if he desires him. For he said, \u2018I am the Son of God.\u2019\u201d [44] And the robbers who were crucified with him also reviled him in the same way.\n\nThe Death of Jesus\n\n  [45] Now from the sixth hour(6) there was darkness over all the land(7) until the ninth hour.(8) [46] And about the ninth hour Jesus cried out with a loud voice, saying, \u201cEli, Eli, lema sabachthani?\u201d that is, \u201cMy God, my God, why have you forsaken me?\u201d [47] And some of the bystanders, hearing it, said, \u201cThis man is calling Elijah.\u201d [48] And one of them at once ran and took a sponge, filled it with sour wine, and put it on a reed and gave it to him to drink. [49] But the others said, \u201cWait, let us see whether Elijah will come to save him.\u201d [50] And Jesus cried out again with a loud voice and yielded up his spirit.\n\n  [51] And behold, the curtain of the temple was torn in two, from top to bottom. And the earth shook, and the rocks were split. [52] The tombs also were opened. And many bodies of the saints who had fallen asleep were raised, [53] and coming out of the tombs after his resurrection they went into the holy city and appeared to many. [54] When the centurion and those who were with him, keeping watch over Jesus, saw the earthquake and what took place, they were filled with awe and said, \u201cTruly this was the Son(9) of God!\u201d\n\n  [55] There were also many women there, looking on from a distance, who had followed Jesus from Galilee, ministering to him, [56] among whom were Mary Magdalene and Mary the mother of James and Joseph and the mother of the sons of Zebedee.\n\nJesus Is Buried\n\n  [57] When it was evening, there came a rich man from Arimathea, named Joseph, who also was a disciple of Jesus. [58] He went to Pilate and asked for the body of Jesus. Then Pilate ordered it to be given to him. [59] And Joseph took the body and wrapped it in a clean linen shroud [60] and laid it in his own new tomb, which he had cut in the rock. And he rolled a great stone to the entrance of the tomb and went away. [61] Mary Magdalene and the other Mary were there, sitting opposite the tomb.\n\nThe Guard at the Tomb\n\n  [62] The next day, that is, after the day of Preparation, the chief priests and the Pharisees gathered before Pilate [63] and said, \u201cSir, we remember how that impostor said, while he was still alive, \u2018After three days I will rise.\u2019 [64] Therefore order the tomb to be made secure until the third day, lest his disciples go and steal him away and tell the people, \u2018He has risen from the dead,\u2019 and the last fraud will be worse than the first.\u201d [65] Pilate said to them, \u201cYou have a guard(10) of soldiers. Go, make it as secure as you can.\u201d [66] So they went and made the tomb secure by sealing the stone and setting a guard.\n\nFootnotes\n\n(1) 27:3 Greek *he*\n\n(2) 27:24 Some manuscripts *this righteous blood*, or *this righteous man\u2019s blood*\n\n(3) 27:26 A Roman judicial penalty, consisting of a severe beating with a multi-lashed whip containing embedded pieces of bone and metal\n\n(4) 27:27 Greek *the praetorium*\n\n(5) 27:27 Greek *cohort*; a tenth of a Roman legion, usually about 600 men\n\n(6) 27:45 That is, noon\n\n(7) 27:45 Or *earth*\n\n(8) 27:45 That is, 3 p.m.\n\n(9) 27:54 Or *a son*\n\n(10) 27:65 Or *Take a guard*\n (ESV)"]}