{"query": "Matthew 26", "canonical": "Matthew 26", "parsed": [[40026001, 40026075]], "passage_meta": [{"canonical": "Matthew 26", "chapter_start": [40026001, 40026075], "chapter_end": [40026001, 40026075], "prev_verse": 40025046, "next_verse": 40027001, "prev_chapter": [40025001, 40025046], "next_chapter": [40027001, 40027066]}], "passages": ["Matthew 26\n\nThe Plot to Kill Jesus\n\n  [1] When Jesus had finished all these sayings, he said to his disciples, [2] \u201cYou know that after two days the Passover is coming, and the Son of Man will be delivered up to be crucified.\u201d\n\n  [3] Then the chief priests and the elders of the people gathered in the palace of the high priest, whose name was Caiaphas, [4] and plotted together in order to arrest Jesus by stealth and kill him. [5] But they said, \u201cNot during the feast, lest there be an uproar among the people.\u201d\n\nJesus Anointed at Bethany\n\n  [6] Now when Jesus was at Bethany in the house of Simon the leper,(1) [7] a woman came up to him with an alabaster flask of very expensive ointment, and she poured it on his head as he reclined at table. [8] And when the disciples saw it, they were indignant, saying, \u201cWhy this waste? [9] For this could have been sold for a large sum and given to the poor.\u201d [10] But Jesus, aware of this, said to them, \u201cWhy do you trouble the woman? For she has done a beautiful thing to me. [11] For you always have the poor with you, but you will not always have me. [12] In pouring this ointment on my body, she has done it to prepare me for burial. [13] Truly, I say to you, wherever this gospel is proclaimed in the whole world, what she has done will also be told in memory of her.\u201d\n\nJudas to Betray Jesus\n\n  [14] Then one of the twelve, whose name was Judas Iscariot, went to the chief priests [15] and said, \u201cWhat will you give me if I deliver him over to you?\u201d And they paid him thirty pieces of silver. [16] And from that moment he sought an opportunity to betray him.\n\nThe Passover with the Disciples\n\n  [17] Now on the first day of Unleavened Bread the disciples came to Jesus, saying, \u201cWhere will you have us prepare for you to eat the Passover?\u201d [18] He said, \u201cGo into the city to a certain man and say to him, \u2018The Teacher says, My time is at hand. I will keep the Passover at your house with my disciples.\u2019\u201d [19] And the disciples did as Jesus had directed them, and they prepared the Passover.\n\n  [20] When it was evening, he reclined at table with the twelve.(2) [21] And as they were eating, he said, \u201cTruly, I say to you, one of you will betray me.\u201d [22] And they were very sorrowful and began to say to him one after another, \u201cIs it I, Lord?\u201d [23] He answered, \u201cHe who has dipped his hand in the dish with me will betray me. [24] The Son of Man goes as it is written of him, but woe to that man by whom the Son of Man is betrayed! It would have been better for that man if he had not been born.\u201d [25] Judas, who would betray him, answered, \u201cIs it I, Rabbi?\u201d He said to him, \u201cYou have said so.\u201d\n\nInstitution of the Lord\u2019s Supper\n\n  [26] Now as they were eating, Jesus took bread, and after blessing it broke it and gave it to the disciples, and said, \u201cTake, eat; this is my body.\u201d [27] And he took a cup, and when he had given thanks he gave it to them, saying, \u201cDrink of it, all of you, [28] for this is my blood of the(3) covenant, which is poured out for many for the forgiveness of sins. [29] I tell you I will not drink again of this fruit of the vine until that day when I drink it new with you in my Father\u2019s kingdom.\u201d\n\nJesus Foretells Peter\u2019s Denial\n\n  [30] And when they had sung a hymn, they went out to the Mount of Olives. [31] Then Jesus said to them, \u201cYou will all fall away because of me this night. For it is written, \u2018I will strike the shepherd, and the sheep of the flock will be scattered.\u2019 [32] But after I am raised up, I will go before you to Galilee.\u201d [33] Peter answered him, \u201cThough they all fall away because of you, I will never fall away.\u201d [34] Jesus said to him, \u201cTruly, I tell you, this very night, before the rooster crows, you will deny me three times.\u201d [35] Peter said to him, \u201cEven if I must die with you, I will not deny you!\u201d And all the disciples said the same.\n\nJesus Prays in Gethsemane\n\n  [36] Then Jesus went with them to a place called Gethsemane, and he said to his disciples, \u201cSit here, while I go over there and pray.\u201d [37] And taking with him Peter and the two sons of Zebedee, he began to be sorrowful and troubled. [38] Then he said to them, \u201cMy soul is very sorrowful, even to death; remain here, and watch(4) with me.\u201d [39] And going a little farther he fell on his face and prayed, saying, \u201cMy Father, if it be possible, let this cup pass from me; nevertheless, not as I will, but as you will.\u201d [40] And he came to the disciples and found them sleeping. And he said to Peter, \u201cSo, could you not watch with me one hour? [41] Watch and pray that you may not enter into temptation. The spirit indeed is willing, but the flesh is weak.\u201d [42] Again, for the second time, he went away and prayed, \u201cMy Father, if this cannot pass unless I drink it, your will be done.\u201d [43] And again he came and found them sleeping, for their eyes were heavy. [44] So, leaving them again, he went away and prayed for the third time, saying the same words again. [45] Then he came to the disciples and said to them, \u201cSleep and take your rest later on.(5) See, the hour is at hand, and the Son of Man is betrayed into the hands of sinners. [46] Rise, let us be going; see, my betrayer is at hand.\u201d\n\nBetrayal and Arrest of Jesus\n\n  [47] While he was still speaking, Judas came, one of the twelve, and with him a great crowd with swords and clubs, from the chief priests and the elders of the people. [48] Now the betrayer had given them a sign, saying, \u201cThe one I will kiss is the man; seize him.\u201d [49] And he came up to Jesus at once and said, \u201cGreetings, Rabbi!\u201d And he kissed him. [50] Jesus said to him, \u201cFriend, do what you came to do.\u201d(6) Then they came up and laid hands on Jesus and seized him. [51] And behold, one of those who were with Jesus stretched out his hand and drew his sword and struck the servant(7) of the high priest and cut off his ear. [52] Then Jesus said to him, \u201cPut your sword back into its place. For all who take the sword will perish by the sword. [53] Do you think that I cannot appeal to my Father, and he will at once send me more than twelve legions of angels? [54] But how then should the Scriptures be fulfilled, that it must be so?\u201d [55] At that hour Jesus said to the crowds, \u201cHave you come out as against a robber, with swords and clubs to capture me? Day after day I sat in the temple teaching, and you did not seize me. [56] But all this has taken place that the Scriptures of the prophets might be fulfilled.\u201d Then all the disciples left him and fled.\n\nJesus Before Caiaphas and the Council\n\n  [57] Then those who had seized Jesus led him to Caiaphas the high priest, where the scribes and the elders had gathered. [58] And Peter was following him at a distance, as far as the courtyard of the high priest, and going inside he sat with the guards to see the end. [59] Now the chief priests and the whole council(8) were seeking false testimony against Jesus that they might put him to death, [60] but they found none, though many false witnesses came forward. At last two came forward [61] and said, \u201cThis man said, \u2018I am able to destroy the temple of God, and to rebuild it in three days.\u2019\u201d [62] And the high priest stood up and said, \u201cHave you no answer to make? What is it that these men testify against you?\u201d(9) [63] But Jesus remained silent. And the high priest said to him, \u201cI adjure you by the living God, tell us if you are the Christ, the Son of God.\u201d [64] Jesus said to him, \u201cYou have said so. But I tell you, from now on you will see the Son of Man seated at the right hand of Power and coming on the clouds of heaven.\u201d [65] Then the high priest tore his robes and said, \u201cHe has uttered blasphemy. What further witnesses do we need? You have now heard his blasphemy. [66] What is your judgment?\u201d They answered, \u201cHe deserves death.\u201d [67] Then they spit in his face and struck him. And some slapped him, [68] saying, \u201cProphesy to us, you Christ! Who is it that struck you?\u201d\n\nPeter Denies Jesus\n\n  [69] Now Peter was sitting outside in the courtyard. And a servant girl came up to him and said, \u201cYou also were with Jesus the Galilean.\u201d [70] But he denied it before them all, saying, \u201cI do not know what you mean.\u201d [71] And when he went out to the entrance, another servant girl saw him, and she said to the bystanders, \u201cThis man was with Jesus of Nazareth.\u201d [72] And again he denied it with an oath: \u201cI do not know the man.\u201d [73] After a little while the bystanders came up and said to Peter, \u201cCertainly you too are one of them, for your accent betrays you.\u201d [74] Then he began to invoke a curse on himself and to swear, \u201cI do not know the man.\u201d And immediately the rooster crowed. [75] And Peter remembered the saying of Jesus, \u201cBefore the rooster crows, you will deny me three times.\u201d And he went out and wept bitterly.\n\nFootnotes\n\n(1) 26:6 *Leprosy* was a term for several skin diseases; see Leviticus 13\n\n(2) 26:20 Some manuscripts add *disciples*\n\n(3) 26:28 Some manuscripts insert *new*\n\n(4) 26:38 Or *keep awake*; also verses 40, 41\n\n(5) 26:45 Or *Are you still sleeping and taking your rest?*\n\n(6) 26:50 Or *Friend, why are you here?*\n\n(7) 26:51 Or *bondservant*\n\n(8) 26:59 Greek *Sanhedrin*\n\n(9) 26:62 Or *Have you no answer to what these men testify against you?*\n (ESV)"]}