{"query": "Matthew 16", "canonical": "Matthew 16", "parsed": [[40016001, 40016028]], "passage_meta": [{"canonical": "Matthew 16", "chapter_start": [40016001, 40016028], "chapter_end": [40016001, 40016028], "prev_verse": 40015039, "next_verse": 40017001, "prev_chapter": [40015001, 40015039], "next_chapter": [40017001, 40017027]}], "passages": ["Matthew 16\n\nThe Pharisees and Sadducees Demand Signs\n\n  [1] And the Pharisees and Sadducees came, and to test him they asked him to show them a sign from heaven. [2] He answered them,(1) \u201cWhen it is evening, you say, \u2018It will be fair weather, for the sky is red.\u2019 [3] And in the morning, \u2018It will be stormy today, for the sky is red and threatening.\u2019 You know how to interpret the appearance of the sky, but you cannot interpret the signs of the times. [4] An evil and adulterous generation seeks for a sign, but no sign will be given to it except the sign of Jonah.\u201d So he left them and departed.\n\nThe Leaven of the Pharisees and Sadducees\n\n  [5] When the disciples reached the other side, they had forgotten to bring any bread. [6] Jesus said to them, \u201cWatch and beware of the leaven of the Pharisees and Sadducees.\u201d [7] And they began discussing it among themselves, saying, \u201cWe brought no bread.\u201d [8] But Jesus, aware of this, said, \u201cO you of little faith, why are you discussing among yourselves the fact that you have no bread? [9] Do you not yet perceive? Do you not remember the five loaves for the five thousand, and how many baskets you gathered? [10] Or the seven loaves for the four thousand, and how many baskets you gathered? [11] How is it that you fail to understand that I did not speak about bread? Beware of the leaven of the Pharisees and Sadducees.\u201d [12] Then they understood that he did not tell them to beware of the leaven of bread, but of the teaching of the Pharisees and Sadducees.\n\nPeter Confesses Jesus as the Christ\n\n  [13] Now when Jesus came into the district of Caesarea Philippi, he asked his disciples, \u201cWho do people say that the Son of Man is?\u201d [14] And they said, \u201cSome say John the Baptist, others say Elijah, and others Jeremiah or one of the prophets.\u201d [15] He said to them, \u201cBut who do you say that I am?\u201d [16] Simon Peter replied, \u201cYou are the Christ, the Son of the living God.\u201d [17] And Jesus answered him, \u201cBlessed are you, Simon Bar-Jonah! For flesh and blood has not revealed this to you, but my Father who is in heaven. [18] And I tell you, you are Peter, and on this rock(2) I will build my church, and the gates of hell(3) shall not prevail against it. [19] I will give you the keys of the kingdom of heaven, and whatever you bind on earth shall be bound in heaven, and whatever you loose on earth shall be loosed(4) in heaven.\u201d [20] Then he strictly charged the disciples to tell no one that he was the Christ.\n\nJesus Foretells His Death and Resurrection\n\n  [21] From that time Jesus began to show his disciples that he must go to Jerusalem and suffer many things from the elders and chief priests and scribes, and be killed, and on the third day be raised. [22] And Peter took him aside and began to rebuke him, saying, \u201cFar be it from you, Lord!(5) This shall never happen to you.\u201d [23] But he turned and said to Peter, \u201cGet behind me, Satan! You are a hindrance(6) to me. For you are not setting your mind on the things of God, but on the things of man.\u201d\n\nTake Up Your Cross and Follow Jesus\n\n  [24] Then Jesus told his disciples, \u201cIf anyone would come after me, let him deny himself and take up his cross and follow me. [25] For whoever would save his life(7) will lose it, but whoever loses his life for my sake will find it. [26] For what will it profit a man if he gains the whole world and forfeits his soul? Or what shall a man give in return for his soul? [27] For the Son of Man is going to come with his angels in the glory of his Father, and then he will repay each person according to what he has done. [28] Truly, I say to you, there are some standing here who will not taste death until they see the Son of Man coming in his kingdom.\u201d\n\nFootnotes\n\n(1) 16:2 Some manuscripts omit the following words to the end of verse 3\n\n(2) 16:18 The Greek words for *Peter* and *rock* sound similar\n\n(3) 16:18 Greek *the gates of Hades*\n\n(4) 16:19 Or *shall have been bound\u00a0.\u00a0.\u00a0. shall have been loosed*\n\n(5) 16:22 Or \u201c[May God be] *merciful to you, Lord!\u201d*\n\n(6) 16:23 Greek *stumbling block*\n\n(7) 16:25 The same Greek word can mean either *soul* or *life*, depending on the context; twice in this verse and twice in verse 26\n (ESV)"]}