{"query": "Matthew 25", "canonical": "Matthew 25", "parsed": [[40025001, 40025046]], "passage_meta": [{"canonical": "Matthew 25", "chapter_start": [40025001, 40025046], "chapter_end": [40025001, 40025046], "prev_verse": 40024051, "next_verse": 40026001, "prev_chapter": [40024001, 40024051], "next_chapter": [40026001, 40026075]}], "passages": ["Matthew 25\n\nThe Parable of the Ten Virgins\n\n  [1] \u201cThen the kingdom of heaven will be like ten virgins who took their lamps(1) and went to meet the bridegroom.(2) [2] Five of them were foolish, and five were wise. [3] For when the foolish took their lamps, they took no oil with them, [4] but the wise took flasks of oil with their lamps. [5] As the bridegroom was delayed, they all became drowsy and slept. [6] But at midnight there was a cry, \u2018Here is the bridegroom! Come out to meet him.\u2019 [7] Then all those virgins rose and trimmed their lamps. [8] And the foolish said to the wise, \u2018Give us some of your oil, for our lamps are going out.\u2019 [9] But the wise answered, saying, \u2018Since there will not be enough for us and for you, go rather to the dealers and buy for yourselves.\u2019 [10] And while they were going to buy, the bridegroom came, and those who were ready went in with him to the marriage feast, and the door was shut. [11] Afterward the other virgins came also, saying, \u2018Lord, lord, open to us.\u2019 [12] But he answered, \u2018Truly, I say to you, I do not know you.\u2019 [13] Watch therefore, for you know neither the day nor the hour.\n\nThe Parable of the Talents\n\n  [14] \u201cFor it will be like a man going on a journey, who called his servants(3) and entrusted to them his property. [15] To one he gave five talents,(4) to another two, to another one, to each according to his ability. Then he went away. [16] He who had received the five talents went at once and traded with them, and he made five talents more. [17] So also he who had the two talents made two talents more. [18] But he who had received the one talent went and dug in the ground and hid his master\u2019s money. [19] Now after a long time the master of those servants came and settled accounts with them. [20] And he who had received the five talents came forward, bringing five talents more, saying, \u2018Master, you delivered to me five talents; here, I have made five talents more.\u2019 [21] His master said to him, \u2018Well done, good and faithful servant.(5) You have been faithful over a little; I will set you over much. Enter into the joy of your master.\u2019 [22] And he also who had the two talents came forward, saying, \u2018Master, you delivered to me two talents; here, I have made two talents more.\u2019 [23] His master said to him, \u2018Well done, good and faithful servant. You have been faithful over a little; I will set you over much. Enter into the joy of your master.\u2019 [24] He also who had received the one talent came forward, saying, \u2018Master, I knew you to be a hard man, reaping where you did not sow, and gathering where you scattered no seed, [25] so I was afraid, and I went and hid your talent in the ground. Here, you have what is yours.\u2019 [26] But his master answered him, \u2018You wicked and slothful servant! You knew that I reap where I have not sown and gather where I scattered no seed? [27] Then you ought to have invested my money with the bankers, and at my coming I should have received what was my own with interest. [28] So take the talent from him and give it to him who has the ten talents. [29] For to everyone who has will more be given, and he will have an abundance. But from the one who has not, even what he has will be taken away. [30] And cast the worthless servant into the outer darkness. In that place there will be weeping and gnashing of teeth.\u2019\n\nThe Final Judgment\n\n  [31] \u201cWhen the Son of Man comes in his glory, and all the angels with him, then he will sit on his glorious throne. [32] Before him will be gathered all the nations, and he will separate people one from another as a shepherd separates the sheep from the goats. [33] And he will place the sheep on his right, but the goats on the left. [34] Then the King will say to those on his right, \u2018Come, you who are blessed by my Father, inherit the kingdom prepared for you from the foundation of the world. [35] For I was hungry and you gave me food, I was thirsty and you gave me drink, I was a stranger and you welcomed me, [36] I was naked and you clothed me, I was sick and you visited me, I was in prison and you came to me.\u2019 [37] Then the righteous will answer him, saying, \u2018Lord, when did we see you hungry and feed you, or thirsty and give you drink? [38] And when did we see you a stranger and welcome you, or naked and clothe you? [39] And when did we see you sick or in prison and visit you?\u2019 [40] And the King will answer them, \u2018Truly, I say to you, as you did it to one of the least of these my brothers,(6) you did it to me.\u2019\n\n  [41] \u201cThen he will say to those on his left, \u2018Depart from me, you cursed, into the eternal fire prepared for the devil and his angels. [42] For I was hungry and you gave me no food, I was thirsty and you gave me no drink, [43] I was a stranger and you did not welcome me, naked and you did not clothe me, sick and in prison and you did not visit me.\u2019 [44] Then they also will answer, saying, \u2018Lord, when did we see you hungry or thirsty or a stranger or naked or sick or in prison, and did not minister to you?\u2019 [45] Then he will answer them, saying, \u2018Truly, I say to you, as you did not do it to one of the least of these, you did not do it to me.\u2019 [46] And these will go away into eternal punishment, but the righteous into eternal life.\u201d\n\nFootnotes\n\n(1) 25:1 Or *torches*\n\n(2) 25:1 Some manuscripts add *and the bride*\n\n(3) 25:14 Or *bondservants*; also verse 19\n\n(4) 25:15 A *talent* was a monetary unit worth about twenty years\u2019 wages for a laborer\n\n(5) 25:21 Or *bondservant*; also verses 23, 26, 30\n\n(6) 25:40 Or *brothers and sisters*\n (ESV)"]}