{"query": "Matthew 20", "canonical": "Matthew 20", "parsed": [[40020001, 40020034]], "passage_meta": [{"canonical": "Matthew 20", "chapter_start": [40020001, 40020034], "chapter_end": [40020001, 40020034], "prev_verse": 40019030, "next_verse": 40021001, "prev_chapter": [40019001, 40019030], "next_chapter": [40021001, 40021046]}], "passages": ["Matthew 20\n\nLaborers in the Vineyard\n\n  [1] \u201cFor the kingdom of heaven is like a master of a house who went out early in the morning to hire laborers for his vineyard. [2] After agreeing with the laborers for a denarius(1) a day, he sent them into his vineyard. [3] And going out about the third hour he saw others standing idle in the marketplace, [4] and to them he said, \u2018You go into the vineyard too, and whatever is right I will give you.\u2019 [5] So they went. Going out again about the sixth hour and the ninth hour, he did the same. [6] And about the eleventh hour he went out and found others standing. And he said to them, \u2018Why do you stand here idle all day?\u2019 [7] They said to him, \u2018Because no one has hired us.\u2019 He said to them, \u2018You go into the vineyard too.\u2019 [8] And when evening came, the owner of the vineyard said to his foreman, \u2018Call the laborers and pay them their wages, beginning with the last, up to the first.\u2019 [9] And when those hired about the eleventh hour came, each of them received a denarius. [10] Now when those hired first came, they thought they would receive more, but each of them also received a denarius. [11] And on receiving it they grumbled at the master of the house, [12] saying, \u2018These last worked only one hour, and you have made them equal to us who have borne the burden of the day and the scorching heat.\u2019 [13] But he replied to one of them, \u2018Friend, I am doing you no wrong. Did you not agree with me for a denarius? [14] Take what belongs to you and go. I choose to give to this last worker as I give to you. [15] Am I not allowed to do what I choose with what belongs to me? Or do you begrudge my generosity?\u2019(2) [16] So the last will be first, and the first last.\u201d\n\nJesus Foretells His Death a Third Time\n\n  [17] And as Jesus was going up to Jerusalem, he took the twelve disciples aside, and on the way he said to them, [18] \u201cSee, we are going up to Jerusalem. And the Son of Man will be delivered over to the chief priests and scribes, and they will condemn him to death [19] and deliver him over to the Gentiles to be mocked and flogged and crucified, and he will be raised on the third day.\u201d\n\nA Mother\u2019s Request\n\n  [20] Then the mother of the sons of Zebedee came up to him with her sons, and kneeling before him she asked him for something. [21] And he said to her, \u201cWhat do you want?\u201d She said to him, \u201cSay that these two sons of mine are to sit, one at your right hand and one at your left, in your kingdom.\u201d [22] Jesus answered, \u201cYou do not know what you are asking. Are you able to drink the cup that I am to drink?\u201d They said to him, \u201cWe are able.\u201d [23] He said to them, \u201cYou will drink my cup, but to sit at my right hand and at my left is not mine to grant, but it is for those for whom it has been prepared by my Father.\u201d [24] And when the ten heard it, they were indignant at the two brothers. [25] But Jesus called them to him and said, \u201cYou know that the rulers of the Gentiles lord it over them, and their great ones exercise authority over them. [26] It shall not be so among you. But whoever would be great among you must be your servant,(3) [27] and whoever would be first among you must be your slave,(4) [28] even as the Son of Man came not to be served but to serve, and to give his life as a ransom for many.\u201d\n\nJesus Heals Two Blind Men\n\n  [29] And as they went out of Jericho, a great crowd followed him. [30] And behold, there were two blind men sitting by the roadside, and when they heard that Jesus was passing by, they cried out, \u201cLord,(5) have mercy on us, Son of David!\u201d [31] The crowd rebuked them, telling them to be silent, but they cried out all the more, \u201cLord, have mercy on us, Son of David!\u201d [32] And stopping, Jesus called them and said, \u201cWhat do you want me to do for you?\u201d [33] They said to him, \u201cLord, let our eyes be opened.\u201d [34] And Jesus in pity touched their eyes, and immediately they recovered their sight and followed him.\n\nFootnotes\n\n(1) 20:2 A *denarius* was a day\u2019s wage for a laborer\n\n(2) 20:15 Or *is your eye bad because I am good?*\n\n(3) 20:26 Greek *diakonos*\n\n(4) 20:27 Or *bondservant*, or *servant* (for the contextual rendering of the Greek word *doulos*, see Preface)\n\n(5) 20:30 Some manuscripts omit *Lord*\n (ESV)"]}