{"query": "Matthew 11", "canonical": "Matthew 11", "parsed": [[40011001, 40011030]], "passage_meta": [{"canonical": "Matthew 11", "chapter_start": [40011001, 40011030], "chapter_end": [40011001, 40011030], "prev_verse": 40010042, "next_verse": 40012001, "prev_chapter": [40010001, 40010042], "next_chapter": [40012001, 40012050]}], "passages": ["Matthew 11\n\nMessengers from John the Baptist\n\n  [1] When Jesus had finished instructing his twelve disciples, he went on from there to teach and preach in their cities.\n\n  [2] Now when John heard in prison about the deeds of the Christ, he sent word by his disciples [3] and said to him, \u201cAre you the one who is to come, or shall we look for another?\u201d [4] And Jesus answered them, \u201cGo and tell John what you hear and see: [5] the blind receive their sight and the lame walk, lepers(1) are cleansed and the deaf hear, and the dead are raised up, and the poor have good news preached to them. [6] And blessed is the one who is not offended by me.\u201d\n\n  [7] As they went away, Jesus began to speak to the crowds concerning John: \u201cWhat did you go out into the wilderness to see? A reed shaken by the wind? [8] What then did you go out to see? A man(2) dressed in soft clothing? Behold, those who wear soft clothing are in kings\u2019 houses. [9] What then did you go out to see? A prophet?(3) Yes, I tell you, and more than a prophet. [10] This is he of whom it is written,\n\n    \u201c\u2018Behold, I send my messenger before your face,\n        who will prepare your way before you.\u2019\n    \n    \n      [11] Truly, I say to you, among those born of women there has arisen no one greater than John the Baptist. Yet the one who is least in the kingdom of heaven is greater than he. [12] From the days of John the Baptist until now the kingdom of heaven has suffered violence,(4) and the violent take it by force. [13] For all the Prophets and the Law prophesied until John, [14] and if you are willing to accept it, he is Elijah who is to come. [15] He who has ears to hear,(5) let him hear.\n\n  [16] \u201cBut to what shall I compare this generation? It is like children sitting in the marketplaces and calling to their playmates,\n\n    [17] \u201c\u2018We played the flute for you, and you did not dance;\n        we sang a dirge, and you did not mourn.\u2019\n    \n    \n      [18] For John came neither eating nor drinking, and they say, \u2018He has a demon.\u2019 [19] The Son of Man came eating and drinking, and they say, \u2018Look at him! A glutton and a drunkard, a friend of tax collectors and sinners!\u2019 Yet wisdom is justified by her deeds.\u201d(6)\n\nWoe to Unrepentant Cities\n\n  [20] Then he began to denounce the cities where most of his mighty works had been done, because they did not repent. [21] \u201cWoe to you, Chorazin! Woe to you, Bethsaida! For if the mighty works done in you had been done in Tyre and Sidon, they would have repented long ago in sackcloth and ashes. [22] But I tell you, it will be more bearable on the day of judgment for Tyre and Sidon than for you. [23] And you, Capernaum, will you be exalted to heaven? You will be brought down to Hades. For if the mighty works done in you had been done in Sodom, it would have remained until this day. [24] But I tell you that it will be more tolerable on the day of judgment for the land of Sodom than for you.\u201d\n\nCome to Me, and I Will Give You Rest\n\n  [25] At that time Jesus declared, \u201cI thank you, Father, Lord of heaven and earth, that you have hidden these things from the wise and understanding and revealed them to little children; [26] yes, Father, for such was your gracious will.(7) [27] All things have been handed over to me by my Father, and no one knows the Son except the Father, and no one knows the Father except the Son and anyone to whom the Son chooses to reveal him. [28] Come to me, all who labor and are heavy laden, and I will give you rest. [29] Take my yoke upon you, and learn from me, for I am gentle and lowly in heart, and you will find rest for your souls. [30] For my yoke is easy, and my burden is light.\u201d\n\nFootnotes\n\n(1) 11:5 *Leprosy* was a term for several skin diseases; see Leviticus 13\n\n(2) 11:8 Or *Why then did you go out? To see a man\u00a0.\u00a0.\u00a0.*\n\n(3) 11:9 Some manuscripts *Why then did you go out? To see a prophet?*\n\n(4) 11:12 Or *has been coming violently*\n\n(5) 11:15 Some manuscripts omit *to hear*\n\n(6) 11:19 Some manuscripts *children* (compare Luke 7:35)\n\n(7) 11:26 Or *for so it pleased you well*\n (ESV)"]}