{"query": "Matthew 3", "canonical": "Matthew 3", "parsed": [[40003001, 40003017]], "passage_meta": [{"canonical": "Matthew 3", "chapter_start": [40003001, 40003017], "chapter_end": [40003001, 40003017], "prev_verse": 40002023, "next_verse": 40004001, "prev_chapter": [40002001, 40002023], "next_chapter": [40004001, 40004025]}], "passages": ["Matthew 3\n\nJohn the Baptist Prepares the Way\n\n  [1] In those days John the Baptist came preaching in the wilderness of Judea, [2] \u201cRepent, for the kingdom of heaven is at hand.\u201d(1) [3] For this is he who was spoken of by the prophet Isaiah when he said,\n\n    \u201cThe voice of one crying in the wilderness:\n    \u2018Prepare(2) the way of the Lord;\n        make his paths straight.\u2019\u201d\n    \n    \n      [4] Now John wore a garment of camel\u2019s hair and a leather belt around his waist, and his food was locusts and wild honey. [5] Then Jerusalem and all Judea and all the region about the Jordan were going out to him, [6] and they were baptized by him in the river Jordan, confessing their sins.\n\n  [7] But when he saw many of the Pharisees and Sadducees coming to his baptism, he said to them, \u201cYou brood of vipers! Who warned you to flee from the wrath to come? [8] Bear fruit in keeping with repentance. [9] And do not presume to say to yourselves, \u2018We have Abraham as our father,\u2019 for I tell you, God is able from these stones to raise up children for Abraham. [10] Even now the axe is laid to the root of the trees. Every tree therefore that does not bear good fruit is cut down and thrown into the fire.\n\n  [11] \u201cI baptize you with water for repentance, but he who is coming after me is mightier than I, whose sandals I am not worthy to carry. He will baptize you with the Holy Spirit and fire. [12] His winnowing fork is in his hand, and he will clear his threshing floor and gather his wheat into the barn, but the chaff he will burn with unquenchable fire.\u201d\n\nThe Baptism of Jesus\n\n  [13] Then Jesus came from Galilee to the Jordan to John, to be baptized by him. [14] John would have prevented him, saying, \u201cI need to be baptized by you, and do you come to me?\u201d [15] But Jesus answered him, \u201cLet it be so now, for thus it is fitting for us to fulfill all righteousness.\u201d Then he consented. [16] And when Jesus was baptized, immediately he went up from the water, and behold, the heavens were opened to him,(3) and he saw the Spirit of God descending like a dove and coming to rest on him; [17] and behold, a voice from heaven said, \u201cThis is my beloved Son,(4) with whom I am well pleased.\u201d\n\nFootnotes\n\n(1) 3:2 Or *the kingdom of heaven has come near*\n\n(2) 3:3 Or *crying: Prepare in the wilderness*\n\n(3) 3:16 Some manuscripts omit *to him*\n\n(4) 3:17 Or *my Son, my* (or *the*) *Beloved*\n (ESV)"]}