{"query": "Matthew 21", "canonical": "Matthew 21", "parsed": [[40021001, 40021046]], "passage_meta": [{"canonical": "Matthew 21", "chapter_start": [40021001, 40021046], "chapter_end": [40021001, 40021046], "prev_verse": 40020034, "next_verse": 40022001, "prev_chapter": [40020001, 40020034], "next_chapter": [40022001, 40022046]}], "passages": ["Matthew 21\n\nThe Triumphal Entry\n\n  [1] Now when they drew near to Jerusalem and came to Bethphage, to the Mount of Olives, then Jesus sent two disciples, [2] saying to them, \u201cGo into the village in front of you, and immediately you will find a donkey tied, and a colt with her. Untie them and bring them to me. [3] If anyone says anything to you, you shall say, \u2018The Lord needs them,\u2019 and he will send them at once.\u201d [4] This took place to fulfill what was spoken by the prophet, saying,\n\n    [5] \u201cSay to the daughter of Zion,\n    \u2018Behold, your king is coming to you,\n        humble, and mounted on a donkey,\n        on a colt,(1) the foal of a beast of burden.\u2019\u201d\n    \n    \n      [6] The disciples went and did as Jesus had directed them. [7] They brought the donkey and the colt and put on them their cloaks, and he sat on them. [8] Most of the crowd spread their cloaks on the road, and others cut branches from the trees and spread them on the road. [9] And the crowds that went before him and that followed him were shouting, \u201cHosanna to the Son of David! Blessed is he who comes in the name of the Lord! Hosanna in the highest!\u201d [10] And when he entered Jerusalem, the whole city was stirred up, saying, \u201cWho is this?\u201d [11] And the crowds said, \u201cThis is the prophet Jesus, from Nazareth of Galilee.\u201d\n\nJesus Cleanses the Temple\n\n  [12] And Jesus entered the temple(2) and drove out all who sold and bought in the temple, and he overturned the tables of the money-changers and the seats of those who sold pigeons. [13] He said to them, \u201cIt is written, \u2018My house shall be called a house of prayer,\u2019 but you make it a den of robbers.\u201d\n\n  [14] And the blind and the lame came to him in the temple, and he healed them. [15] But when the chief priests and the scribes saw the wonderful things that he did, and the children crying out in the temple, \u201cHosanna to the Son of David!\u201d they were indignant, [16] and they said to him, \u201cDo you hear what these are saying?\u201d And Jesus said to them, \u201cYes; have you never read,\n\n    \u201c\u2018Out of the mouth of infants and nursing babies\n        you have prepared praise\u2019?\u201d\n    \n    \n      [17] And leaving them, he went out of the city to Bethany and lodged there.\n\nJesus Curses the Fig Tree\n\n  [18] In the morning, as he was returning to the city, he became hungry. [19] And seeing a fig tree by the wayside, he went to it and found nothing on it but only leaves. And he said to it, \u201cMay no fruit ever come from you again!\u201d And the fig tree withered at once.\n\n  [20] When the disciples saw it, they marveled, saying, \u201cHow did the fig tree wither at once?\u201d [21] And Jesus answered them, \u201cTruly, I say to you, if you have faith and do not doubt, you will not only do what has been done to the fig tree, but even if you say to this mountain, \u2018Be taken up and thrown into the sea,\u2019 it will happen. [22] And whatever you ask in prayer, you will receive, if you have faith.\u201d\n\nThe Authority of Jesus Challenged\n\n  [23] And when he entered the temple, the chief priests and the elders of the people came up to him as he was teaching, and said, \u201cBy what authority are you doing these things, and who gave you this authority?\u201d [24] Jesus answered them, \u201cI also will ask you one question, and if you tell me the answer, then I also will tell you by what authority I do these things. [25] The baptism of John, from where did it come? From heaven or from man?\u201d And they discussed it among themselves, saying, \u201cIf we say, \u2018From heaven,\u2019 he will say to us, \u2018Why then did you not believe him?\u2019 [26] But if we say, \u2018From man,\u2019 we are afraid of the crowd, for they all hold that John was a prophet.\u201d [27] So they answered Jesus, \u201cWe do not know.\u201d And he said to them, \u201cNeither will I tell you by what authority I do these things.\n\nThe Parable of the Two Sons\n\n  [28] \u201cWhat do you think? A man had two sons. And he went to the first and said, \u2018Son, go and work in the vineyard today.\u2019 [29] And he answered, \u2018I will not,\u2019 but afterward he changed his mind and went. [30] And he went to the other son and said the same. And he answered, \u2018I go, sir,\u2019 but did not go. [31] Which of the two did the will of his father?\u201d They said, \u201cThe first.\u201d Jesus said to them, \u201cTruly, I say to you, the tax collectors and the prostitutes go into the kingdom of God before you. [32] For John came to you in the way of righteousness, and you did not believe him, but the tax collectors and the prostitutes believed him. And even when you saw it, you did not afterward change your minds and believe him.\n\nThe Parable of the Tenants\n\n  [33] \u201cHear another parable. There was a master of a house who planted a vineyard and put a fence around it and dug a winepress in it and built a tower and leased it to tenants, and went into another country. [34] When the season for fruit drew near, he sent his servants(3) to the tenants to get his fruit. [35] And the tenants took his servants and beat one, killed another, and stoned another. [36] Again he sent other servants, more than the first. And they did the same to them. [37] Finally he sent his son to them, saying, \u2018They will respect my son.\u2019 [38] But when the tenants saw the son, they said to themselves, \u2018This is the heir. Come, let us kill him and have his inheritance.\u2019 [39] And they took him and threw him out of the vineyard and killed him. [40] When therefore the owner of the vineyard comes, what will he do to those tenants?\u201d [41] They said to him, \u201cHe will put those wretches to a miserable death and let out the vineyard to other tenants who will give him the fruits in their seasons.\u201d\n\n  [42] Jesus said to them, \u201cHave you never read in the Scriptures:\n\n    \u201c\u2018The stone that the builders rejected\n        has become the cornerstone;(4)\n    this was the Lord\u2019s doing,\n        and it is marvelous in our eyes\u2019?\n    \n    \n      [43] Therefore I tell you, the kingdom of God will be taken away from you and given to a people producing its fruits. [44] And the one who falls on this stone will be broken to pieces; and when it falls on anyone, it will crush him.\u201d(5)\n\n  [45] When the chief priests and the Pharisees heard his parables, they perceived that he was speaking about them. [46] And although they were seeking to arrest him, they feared the crowds, because they held him to be a prophet.\n\nFootnotes\n\n(1) 21:5 Or *donkey, and on a colt*\n\n(2) 21:12 Some manuscripts add *of God*\n\n(3) 21:34 Or *bondservants*; also verses 35, 36\n\n(4) 21:42 Greek *the head of the corner*\n\n(5) 21:44 Some manuscripts omit verse 44\n (ESV)"]}