{"query": "Matthew 8", "canonical": "Matthew 8", "parsed": [[40008001, 40008034]], "passage_meta": [{"canonical": "Matthew 8", "chapter_start": [40008001, 40008034], "chapter_end": [40008001, 40008034], "prev_verse": 40007029, "next_verse": 40009001, "prev_chapter": [40007001, 40007029], "next_chapter": [40009001, 40009038]}], "passages": ["Matthew 8\n\nJesus Cleanses a Leper\n\n  [1] When he came down from the mountain, great crowds followed him. [2] And behold, a leper(1) came to him and knelt before him, saying, \u201cLord, if you will, you can make me clean.\u201d [3] And Jesus(2) stretched out his hand and touched him, saying, \u201cI will; be clean.\u201d And immediately his leprosy was cleansed. [4] And Jesus said to him, \u201cSee that you say nothing to anyone, but go, show yourself to the priest and offer the gift that Moses commanded, for a proof to them.\u201d\n\nThe Faith of a Centurion\n\n  [5] When he had entered Capernaum, a centurion came forward to him, appealing to him, [6] \u201cLord, my servant is lying paralyzed at home, suffering terribly.\u201d [7] And he said to him, \u201cI will come and heal him.\u201d [8] But the centurion replied, \u201cLord, I am not worthy to have you come under my roof, but only say the word, and my servant will be healed. [9] For I too am a man under authority, with soldiers under me. And I say to one, \u2018Go,\u2019 and he goes, and to another, \u2018Come,\u2019 and he comes, and to my servant,(3) \u2018Do this,\u2019 and he does it.\u201d [10] When Jesus heard this, he marveled and said to those who followed him, \u201cTruly, I tell you, with no one in Israel(4) have I found such faith. [11] I tell you, many will come from east and west and recline at table with Abraham, Isaac, and Jacob in the kingdom of heaven, [12] while the sons of the kingdom will be thrown into the outer darkness. In that place there will be weeping and gnashing of teeth.\u201d [13] And to the centurion Jesus said, \u201cGo; let it be done for you as you have believed.\u201d And the servant was healed at that very moment.\n\nJesus Heals Many\n\n  [14] And when Jesus entered Peter\u2019s house, he saw his mother-in-law lying sick with a fever. [15] He touched her hand, and the fever left her, and she rose and began to serve him. [16] That evening they brought to him many who were oppressed by demons, and he cast out the spirits with a word and healed all who were sick. [17] This was to fulfill what was spoken by the prophet Isaiah: \u201cHe took our illnesses and bore our diseases.\u201d\n\nThe Cost of Following Jesus\n\n  [18] Now when Jesus saw a crowd around him, he gave orders to go over to the other side. [19] And a scribe came up and said to him, \u201cTeacher, I will follow you wherever you go.\u201d [20] And Jesus said to him, \u201cFoxes have holes, and birds of the air have nests, but the Son of Man has nowhere to lay his head.\u201d [21] Another of the disciples said to him, \u201cLord, let me first go and bury my father.\u201d [22] And Jesus said to him, \u201cFollow me, and leave the dead to bury their own dead.\u201d\n\nJesus Calms a Storm\n\n  [23] And when he got into the boat, his disciples followed him. [24] And behold, there arose a great storm on the sea, so that the boat was being swamped by the waves; but he was asleep. [25] And they went and woke him, saying, \u201cSave us, Lord; we are perishing.\u201d [26] And he said to them, \u201cWhy are you afraid, O you of little faith?\u201d Then he rose and rebuked the winds and the sea, and there was a great calm. [27] And the men marveled, saying, \u201cWhat sort of man is this, that even winds and sea obey him?\u201d\n\nJesus Heals Two Men with Demons\n\n  [28] And when he came to the other side, to the country of the Gadarenes,(5) two demon-possessed(6) men met him, coming out of the tombs, so fierce that no one could pass that way. [29] And behold, they cried out, \u201cWhat have you to do with us, O Son of God? Have you come here to torment us before the time?\u201d [30] Now a herd of many pigs was feeding at some distance from them. [31] And the demons begged him, saying, \u201cIf you cast us out, send us away into the herd of pigs.\u201d [32] And he said to them, \u201cGo.\u201d So they came out and went into the pigs, and behold, the whole herd rushed down the steep bank into the sea and drowned in the waters. [33] The herdsmen fled, and going into the city they told everything, especially what had happened to the demon-possessed men. [34] And behold, all the city came out to meet Jesus, and when they saw him, they begged him to leave their region.\n\nFootnotes\n\n(1) 8:2 *Leprosy* was a term for several skin diseases; see Leviticus 13\n\n(2) 8:3 Greek *he*\n\n(3) 8:9 Or *bondservant*\n\n(4) 8:10 Some manuscripts *not even in Israel*\n\n(5) 8:28 Some manuscripts *Gergesenes*; some *Gerasenes*\n\n(6) 8:28 Greek *daimonizomai* (demonized); also verse 33; elsewhere rendered *oppressed by demons*\n (ESV)"]}