{"query": "Matthew 18", "canonical": "Matthew 18", "parsed": [[40018001, 40018035]], "passage_meta": [{"canonical": "Matthew 18", "chapter_start": [40018001, 40018035], "chapter_end": [40018001, 40018035], "prev_verse": 40017027, "next_verse": 40019001, "prev_chapter": [40017001, 40017027], "next_chapter": [40019001, 40019030]}], "passages": ["Matthew 18\n\nWho Is the Greatest?\n\n  [1] At that time the disciples came to Jesus, saying, \u201cWho is the greatest in the kingdom of heaven?\u201d [2] And calling to him a child, he put him in the midst of them [3] and said, \u201cTruly, I say to you, unless you turn and become like children, you will never enter the kingdom of heaven. [4] Whoever humbles himself like this child is the greatest in the kingdom of heaven.\n\n  [5] \u201cWhoever receives one such child in my name receives me, [6] but whoever causes one of these little ones who believe in me to sin,(1) it would be better for him to have a great millstone fastened around his neck and to be drowned in the depth of the sea.\n\nTemptations to Sin\n\n  [7] \u201cWoe to the world for temptations to sin!(2) For it is necessary that temptations come, but woe to the one by whom the temptation comes! [8] And if your hand or your foot causes you to sin, cut it off and throw it away. It is better for you to enter life crippled or lame than with two hands or two feet to be thrown into the eternal fire. [9] And if your eye causes you to sin, tear it out and throw it away. It is better for you to enter life with one eye than with two eyes to be thrown into the hell(3) of fire.\n\nThe Parable of the Lost Sheep\n\n  [10] \u201cSee that you do not despise one of these little ones. For I tell you that in heaven their angels always see the face of my Father who is in heaven.(4) [12] What do you think? If a man has a hundred sheep, and one of them has gone astray, does he not leave the ninety-nine on the mountains and go in search of the one that went astray? [13] And if he finds it, truly, I say to you, he rejoices over it more than over the ninety-nine that never went astray. [14] So it is not the will of my(5) Father who is in heaven that one of these little ones should perish.\n\nIf Your Brother Sins Against You\n\n  [15] \u201cIf your brother sins against you, go and tell him his fault, between you and him alone. If he listens to you, you have gained your brother. [16] But if he does not listen, take one or two others along with you, that every charge may be established by the evidence of two or three witnesses. [17] If he refuses to listen to them, tell it to the church. And if he refuses to listen even to the church, let him be to you as a Gentile and a tax collector. [18] Truly, I say to you, whatever you bind on earth shall be bound in heaven, and whatever you loose on earth shall be loosed(6) in heaven. [19] Again I say to you, if two of you agree on earth about anything they ask, it will be done for them by my Father in heaven. [20] For where two or three are gathered in my name, there am I among them.\u201d\n\nThe Parable of the Unforgiving Servant\n\n  [21] Then Peter came up and said to him, \u201cLord, how often will my brother sin against me, and I forgive him? As many as seven times?\u201d [22] Jesus said to him, \u201cI do not say to you seven times, but seventy-seven times.\n\n  [23] \u201cTherefore the kingdom of heaven may be compared to a king who wished to settle accounts with his servants.(7) [24] When he began to settle, one was brought to him who owed him ten thousand talents.(8) [25] And since he could not pay, his master ordered him to be sold, with his wife and children and all that he had, and payment to be made. [26] So the servant(9) fell on his knees, imploring him, \u2018Have patience with me, and I will pay you everything.\u2019 [27] And out of pity for him, the master of that servant released him and forgave him the debt. [28] But when that same servant went out, he found one of his fellow servants who owed him a hundred denarii,(10) and seizing him, he began to choke him, saying, \u2018Pay what you owe.\u2019 [29] So his fellow servant fell down and pleaded with him, \u2018Have patience with me, and I will pay you.\u2019 [30] He refused and went and put him in prison until he should pay the debt. [31] When his fellow servants saw what had taken place, they were greatly distressed, and they went and reported to their master all that had taken place. [32] Then his master summoned him and said to him, \u2018You wicked servant! I forgave you all that debt because you pleaded with me. [33] And should not you have had mercy on your fellow servant, as I had mercy on you?\u2019 [34] And in anger his master delivered him to the jailers,(11) until he should pay all his debt. [35] So also my heavenly Father will do to every one of you, if you do not forgive your brother from your heart.\u201d\n\nFootnotes\n\n(1) 18:6 Greek *causes\u00a0.\u00a0.\u00a0. to stumble*; also verses 8, 9\n\n(2) 18:7 Greek *stumbling blocks*\n\n(3) 18:9 Greek *Gehenna*\n\n(4) 18:10 Some manuscripts add verse 11: *For the Son of Man came to save the lost*\n\n(5) 18:14 Some manuscripts *your*\n\n(6) 18:18 Or *shall have been bound\u00a0.\u00a0.\u00a0. shall have been loosed*\n\n(7) 18:23 Or *bondservants*; also verses 28, 31\n\n(8) 18:24 A *talent* was a monetary unit worth about twenty years\u2019 wages for a laborer\n\n(9) 18:26 Or *bondservant*; also verses 27, 28, 29, 32, 33\n\n(10) 18:28 A *denarius* was a day\u2019s wage for a laborer\n\n(11) 18:34 Greek *torturers*\n (ESV)"]}