{"query": "Micah 6", "canonical": "Micah 6", "parsed": [[33006001, 33006016]], "passage_meta": [{"canonical": "Micah 6", "chapter_start": [33006001, 33006016], "chapter_end": [33006001, 33006016], "prev_verse": 33005015, "next_verse": 33007001, "prev_chapter": [33005001, 33005015], "next_chapter": [33007001, 33007020]}], "passages": ["Micah 6\n\nThe Indictment of the LORD\n\n    [1] Hear what the LORD says:\n    Arise, plead your case before the mountains,\n        and let the hills hear your voice.\n    [2] Hear, you mountains, the indictment of the LORD,\n        and you enduring foundations of the earth,\n    for the LORD has an indictment against his people,\n        and he will contend with Israel.\n    \n    \n    [3] \u201cO my people, what have I done to you?\n        How have I wearied you? Answer me!\n    [4] For I brought you up from the land of Egypt\n        and redeemed you from the house of slavery,\n    and I sent before you Moses,\n        Aaron, and Miriam.\n    [5] O my people, remember what Balak king of Moab devised,\n        and what Balaam the son of Beor answered him,\n    and what happened from Shittim to Gilgal,\n        that you may know the righteous acts of the LORD.\u201d\n    \n    \n    What Does the LORD Require?\n\n    [6] \u201cWith what shall I come before the LORD,\n        and bow myself before God on high?\n    Shall I come before him with burnt offerings,\n        with calves a year old?\n    [7] Will the LORD be pleased with(1) thousands of rams,\n        with ten thousands of rivers of oil?\n    Shall I give my firstborn for my transgression,\n        the fruit of my body for the sin of my soul?\u201d\n    [8] He has told you, O man, what is good;\n        and what does the LORD require of you\n    but to do justice, and to love kindness,(2)\n        and to walk humbly with your God?\n    \n    \n    Destruction of the Wicked\n\n    [9] The voice of the LORD cries to the city\u2014\n        and it is sound wisdom to fear your name:\n    \u201cHear of the rod and of him who appointed it!(3)\n    [10]     Can I forget any longer the treasures(4) of wickedness in the house of the wicked,\n        and the scant measure that is accursed?\n    [11] Shall I acquit the man with wicked scales\n        and with a bag of deceitful weights?\n    [12] Your(5) rich men are full of violence;\n        your inhabitants speak lies,\n        and their tongue is deceitful in their mouth.\n    [13] Therefore I strike you with a grievous blow,\n        making you desolate because of your sins.\n    [14] You shall eat, but not be satisfied,\n        and there shall be hunger within you;\n    you shall put away, but not preserve,\n        and what you preserve I will give to the sword.\n    [15] You shall sow, but not reap;\n        you shall tread olives, but not anoint yourselves with oil;\n        you shall tread grapes, but not drink wine.\n    [16] For you have kept the statutes of Omri,(6)\n        and all the works of the house of Ahab;\n        and you have walked in their counsels,\n    that I may make you a desolation, and your(7) inhabitants a hissing;\n        so you shall bear the scorn of my people.\u201d\n    \n\nFootnotes\n\n(1) 6:7 Or *Will the Lord accept*\n\n(2) 6:8 Or *steadfast love*\n\n(3) 6:9 The meaning of the Hebrew is uncertain\n\n(4) 6:10 Or *Are there still treasures*\n\n(5) 6:12 Hebrew *whose*\n\n(6) 6:16 Hebrew *For the statutes of Omri are kept*\n\n(7) 6:16 Hebrew *its*\n (ESV)"]}