{"query": "Micah 5", "canonical": "Micah 5", "parsed": [[33005001, 33005015]], "passage_meta": [{"canonical": "Micah 5", "chapter_start": [33005001, 33005015], "chapter_end": [33005001, 33005015], "prev_verse": 33004013, "next_verse": 33006001, "prev_chapter": [33004001, 33004013], "next_chapter": [33006001, 33006016]}], "passages": ["Micah 5\n\nThe Ruler to Be Born in Bethlehem\n\n    [1] (1) Now muster your troops, O daughter(2) of troops;\n        siege is laid against us;\n    with a rod they strike the judge of Israel\n        on the cheek.\n    [2] (3) But you, O Bethlehem Ephrathah,\n        who are too little to be among the clans of Judah,\n    from you shall come forth for me\n        one who is to be ruler in Israel,\n    whose coming forth is from of old,\n        from ancient days.\n    [3] Therefore he shall give them up until the time\n        when she who is in labor has given birth;\n    then the rest of his brothers shall return\n        to the people of Israel.\n    [4] And he shall stand and shepherd his flock in the strength of the LORD,\n        in the majesty of the name of the LORD his God.\n    And they shall dwell secure, for now he shall be great\n        to the ends of the earth.\n    [5] And he shall be their peace.\n    \n    \n    When the Assyrian comes into our land\n        and treads in our palaces,\n    then we will raise against him seven shepherds\n        and eight princes of men;\n    [6] they shall shepherd the land of Assyria with the sword,\n        and the land of Nimrod at its entrances;\n    and he shall deliver us from the Assyrian\n        when he comes into our land\n        and treads within our border.\n    \n    \n    A Remnant Shall Be Delivered\n\n    [7] Then the remnant of Jacob shall be\n        in the midst of many peoples\n    like dew from the LORD,\n        like showers on the grass,\n    which delay not for a man\n        nor wait for the children of man.\n    [8] And the remnant of Jacob shall be among the nations,\n        in the midst of many peoples,\n    like a lion among the beasts of the forest,\n        like a young lion among the flocks of sheep,\n    which, when it goes through, treads down\n        and tears in pieces, and there is none to deliver.\n    [9] Your hand shall be lifted up over your adversaries,\n        and all your enemies shall be cut off.\n    \n    \n    [10] And in that day, declares the LORD,\n        I will cut off your horses from among you\n        and will destroy your chariots;\n    [11] and I will cut off the cities of your land\n        and throw down all your strongholds;\n    [12] and I will cut off sorceries from your hand,\n        and you shall have no more tellers of fortunes;\n    [13] and I will cut off your carved images\n        and your pillars from among you,\n    and you shall bow down no more\n        to the work of your hands;\n    [14] and I will root out your Asherah images from among you\n        and destroy your cities.\n    [15] And in anger and wrath I will execute vengeance\n        on the nations that did not obey.\n    \n\nFootnotes\n\n(1) 5:1 Ch 4:14 in Hebrew\n\n(2) 5:1 That is, city\n\n(3) 5:2 Ch 5:1 in Hebrew\n (ESV)"]}