{"query": "Micah 4", "canonical": "Micah 4", "parsed": [[33004001, 33004013]], "passage_meta": [{"canonical": "Micah 4", "chapter_start": [33004001, 33004013], "chapter_end": [33004001, 33004013], "prev_verse": 33003012, "next_verse": 33005001, "prev_chapter": [33003001, 33003012], "next_chapter": [33005001, 33005015]}], "passages": ["Micah 4\n\nThe Mountain of the LORD\n\n    [1] It shall come to pass in the latter days\n        that the mountain of the house of the LORD\n    shall be established as the highest of the mountains,\n        and it shall be lifted up above the hills;\n    and peoples shall flow to it,\n    [2]     and many nations shall come, and say:\n    \u201cCome, let us go up to the mountain of the LORD,\n        to the house of the God of Jacob,\n    that he may teach us his ways\n        and that we may walk in his paths.\u201d\n    For out of Zion shall go forth the law,(1)\n        and the word of the LORD from Jerusalem.\n    [3] He shall judge between many peoples,\n        and shall decide disputes for strong nations far away;\n    and they shall beat their swords into plowshares,\n        and their spears into pruning hooks;\n    nation shall not lift up sword against nation,\n        neither shall they learn war anymore;\n    [4] but they shall sit every man under his vine and under his fig tree,\n        and no one shall make them afraid,\n        for the mouth of the LORD of hosts has spoken.\n    [5] For all the peoples walk\n        each in the name of its god,\n    but we will walk in the name of the LORD our God\n        forever and ever.\n    \n    \n    The LORD Shall Rescue Zion\n\n    [6] In that day, declares the LORD,\n        I will assemble the lame\n    and gather those who have been driven away\n        and those whom I have afflicted;\n    [7] and the lame I will make the remnant,\n        and those who were cast off, a strong nation;\n    and the LORD will reign over them in Mount Zion\n        from this time forth and forevermore.\n    \n    \n    [8] And you, O tower of the flock,\n        hill of the daughter of Zion,\n    to you shall it come,\n        the former dominion shall come,\n        kingship for the daughter of Jerusalem.\n    \n    \n    [9] Now why do you cry aloud?\n        Is there no king in you?\n    Has your counselor perished,\n        that pain seized you like a woman in labor?\n    [10] Writhe and groan,(2) O daughter of Zion,\n        like a woman in labor,\n    for now you shall go out from the city\n        and dwell in the open country;\n        you shall go to Babylon.\n    There you shall be rescued;\n        there the LORD will redeem you\n        from the hand of your enemies.\n    \n    \n    [11] Now many nations\n        are assembled against you,\n    saying, \u201cLet her be defiled,\n        and let our eyes gaze upon Zion.\u201d\n    [12] But they do not know\n        the thoughts of the LORD;\n    they do not understand his plan,\n        that he has gathered them as sheaves to the threshing floor.\n    [13] Arise and thresh,\n        O daughter of Zion,\n    for I will make your horn iron,\n        and I will make your hoofs bronze;\n    you shall beat in pieces many peoples;\n        and shall devote(3) their gain to the LORD,\n        their wealth to the Lord of the whole earth.\n    \n\nFootnotes\n\n(1) 4:2 Or *teaching*\n\n(2) 4:10 Or *push*\n\n(3) 4:13 Hebrew *devote to destruction*\n (ESV)"]}