{"query": "Micah 1", "canonical": "Micah 1", "parsed": [[33001001, 33001016]], "passage_meta": [{"canonical": "Micah 1", "chapter_start": [33001001, 33001016], "chapter_end": [33001001, 33001016], "prev_verse": 32004011, "next_verse": 33002001, "prev_chapter": [32004001, 32004011], "next_chapter": [33002001, 33002013]}], "passages": ["Micah 1\n\n\n\n  [1] The word of the LORD that came to Micah of Moresheth in the days of Jotham, Ahaz, and Hezekiah, kings of Judah, which he saw concerning Samaria and Jerusalem.\n\nThe Coming Destruction\n\n    [2] Hear, you peoples, all of you;(1)\n        pay attention, O earth, and all that is in it,\n    and let the Lord GOD be a witness against you,\n        the Lord from his holy temple.\n    [3] For behold, the LORD is coming out of his place,\n        and will come down and tread upon the high places of the earth.\n    [4] And the mountains will melt under him,\n        and the valleys will split open,\n    like wax before the fire,\n        like waters poured down a steep place.\n    [5] All this is for the transgression of Jacob\n        and for the sins of the house of Israel.\n    What is the transgression of Jacob?\n        Is it not Samaria?\n    And what is the high place of Judah?\n        Is it not Jerusalem?\n    [6] Therefore I will make Samaria a heap in the open country,\n        a place for planting vineyards,\n    and I will pour down her stones into the valley\n        and uncover her foundations.\n    [7] All her carved images shall be beaten to pieces,\n        all her wages shall be burned with fire,\n        and all her idols I will lay waste,\n    for from the fee of a prostitute she gathered them,\n        and to the fee of a prostitute they shall return.\n    \n    \n    [8] For this I will lament and wail;\n        I will go stripped and naked;\n    I will make lamentation like the jackals,\n        and mourning like the ostriches.\n    [9] For her wound is incurable,\n        and it has come to Judah;\n    it has reached to the gate of my people,\n        to Jerusalem.\n    \n    \n    [10] Tell it not in Gath;\n        weep not at all;\n    in Beth-le-aphrah\n        roll yourselves in the dust.\n    [11] Pass on your way,\n        inhabitants of Shaphir,\n        in nakedness and shame;\n    the inhabitants of Zaanan\n        do not come out;\n    the lamentation of Beth-ezel\n        shall take away from you its standing place.\n    [12] For the inhabitants of Maroth\n        wait anxiously for good,\n    because disaster has come down from the LORD\n        to the gate of Jerusalem.\n    [13] Harness the steeds to the chariots,\n        inhabitants of Lachish;\n    it was the beginning of sin\n        to the daughter of Zion,\n    for in you were found\n        the transgressions of Israel.\n    [14] Therefore you shall give parting gifts(2)\n        to Moresheth-gath;\n    the houses of Achzib shall be a deceitful thing\n        to the kings of Israel.\n    [15] I will again bring a conqueror to you,\n        inhabitants of Mareshah;\n    the glory of Israel\n        shall come to Adullam.\n    [16] Make yourselves bald and cut off your hair,\n        for the children of your delight;\n    make yourselves as bald as the eagle,\n        for they shall go from you into exile.\n    \n\nFootnotes\n\n(1) 1:2 Hebrew *all of them*\n\n(2) 1:14 Or *give dowry*\n (ESV)"]}