{"query": "Micah 2", "canonical": "Micah 2", "parsed": [[33002001, 33002013]], "passage_meta": [{"canonical": "Micah 2", "chapter_start": [33002001, 33002013], "chapter_end": [33002001, 33002013], "prev_verse": 33001016, "next_verse": 33003001, "prev_chapter": [33001001, 33001016], "next_chapter": [33003001, 33003012]}], "passages": ["Micah 2\n\nWoe to the Oppressors\n\n    [1] Woe to those who devise wickedness\n        and work evil on their beds!\n    When the morning dawns, they perform it,\n        because it is in the power of their hand.\n    [2] They covet fields and seize them,\n        and houses, and take them away;\n    they oppress a man and his house,\n        a man and his inheritance.\n    [3] Therefore thus says the LORD:\n    behold, against this family I am devising disaster,(1)\n        from which you cannot remove your necks,\n    and you shall not walk haughtily,\n        for it will be a time of disaster.\n    [4] In that day they shall take up a taunt song against you\n        and moan bitterly,\n    and say, \u201cWe are utterly ruined;\n        he changes the portion of my people;\n    how he removes it from me!\n        To an apostate he allots our fields.\u201d\n    [5] Therefore you will have none to cast the line by lot\n        in the assembly of the LORD.\n    \n    \n    [6] \u201cDo not preach\u201d\u2014thus they preach\u2014\n        \u201cone should not preach of such things;\n        disgrace will not overtake us.\u201d\n    [7] Should this be said, O house of Jacob?\n        Has the LORD grown impatient?(2)\n        Are these his deeds?\n    Do not my words do good\n        to him who walks uprightly?\n    [8] But lately my people have risen up as an enemy;\n    you strip the rich robe from those who pass by trustingly\n        with no thought of war.(3)\n    [9] The women of my people you drive out\n        from their delightful houses;\n    from their young children you take away\n        my splendor forever.\n    [10] Arise and go,\n        for this is no place to rest,\n    because of uncleanness that destroys\n        with a grievous destruction.\n    [11] If a man should go about and utter wind and lies,\n        saying, \u201cI will preach to you of wine and strong drink,\u201d\n        he would be the preacher for this people!\n    [12] I will surely assemble all of you, O Jacob;\n        I will gather the remnant of Israel;\n    I will set them together\n        like sheep in a fold,\n    like a flock in its pasture,\n        a noisy multitude of men.\n    [13] He who opens the breach goes up before them;\n        they break through and pass the gate,\n        going out by it.\n    Their king passes on before them,\n        the LORD at their head.\n    \n\nFootnotes\n\n(1) 2:3 The same Hebrew word can mean *evil* or *disaster*, depending on the context\n\n(2) 2:7 Hebrew *Has the spirit of the Lord grown short?*\n\n(3) 2:8 Or *returning from war*\n (ESV)"]}