{"query": "Micah 3", "canonical": "Micah 3", "parsed": [[33003001, 33003012]], "passage_meta": [{"canonical": "Micah 3", "chapter_start": [33003001, 33003012], "chapter_end": [33003001, 33003012], "prev_verse": 33002013, "next_verse": 33004001, "prev_chapter": [33002001, 33002013], "next_chapter": [33004001, 33004013]}], "passages": ["Micah 3\n\nRulers and Prophets Denounced\n\n    [1] And I said:\n    Hear, you heads of Jacob\n        and rulers of the house of Israel!\n    Is it not for you to know justice?\u2014\n    [2]     you who hate the good and love the evil,\n    who tear the skin from off my people(1)\n        and their flesh from off their bones,\n    [3] who eat the flesh of my people,\n        and flay their skin from off them,\n    and break their bones in pieces\n        and chop them up like meat in a pot,\n        like flesh in a cauldron.\n    \n    \n    [4] Then they will cry to the LORD,\n        but he will not answer them;\n    he will hide his face from them at that time,\n        because they have made their deeds evil.\n    \n    \n    [5] Thus says the LORD concerning the prophets\n        who lead my people astray,\n    who cry \u201cPeace\u201d\n        when they have something to eat,\n    but declare war against him\n        who puts nothing into their mouths.\n    [6] Therefore it shall be night to you, without vision,\n        and darkness to you, without divination.\n    The sun shall go down on the prophets,\n        and the day shall be black over them;\n    [7] the seers shall be disgraced,\n        and the diviners put to shame;\n    they shall all cover their lips,\n        for there is no answer from God.\n    [8] But as for me, I am filled with power,\n        with the Spirit of the LORD,\n        and with justice and might,\n    to declare to Jacob his transgression\n        and to Israel his sin.\n    \n    \n    [9] Hear this, you heads of the house of Jacob\n        and rulers of the house of Israel,\n    who detest justice\n        and make crooked all that is straight,\n    [10] who build Zion with blood\n        and Jerusalem with iniquity.\n    [11] Its heads give judgment for a bribe;\n        its priests teach for a price;\n        its prophets practice divination for money;\n    yet they lean on the LORD and say,\n        \u201cIs not the LORD in the midst of us?\n        No disaster shall come upon us.\u201d\n    [12] Therefore because of you\n        Zion shall be plowed as a field;\n    Jerusalem shall become a heap of ruins,\n        and the mountain of the house a wooded height.\n    \n\nFootnotes\n\n(1) 3:2 Hebrew *from off them*\n (ESV)"]}