{"query": "Nahum 2", "canonical": "Nahum 2", "parsed": [[34002001, 34002013]], "passage_meta": [{"canonical": "Nahum 2", "chapter_start": [34002001, 34002013], "chapter_end": [34002001, 34002013], "prev_verse": 34001015, "next_verse": 34003001, "prev_chapter": [34001001, 34001015], "next_chapter": [34003001, 34003019]}], "passages": ["Nahum 2\n\nThe Destruction of Nineveh\n\n    [1] The scatterer has come up against you.\n        Man the ramparts;\n        watch the road;\n    dress for battle;(1)\n        collect all your strength.\n    \n    \n    [2] For the LORD is restoring the majesty of Jacob\n        as the majesty of Israel,\n    for plunderers have plundered them\n        and ruined their branches.\n    \n    \n    [3] The shield of his mighty men is red;\n        his soldiers are clothed in scarlet.\n    The chariots come with flashing metal\n        on the day he musters them;\n        the cypress spears are brandished.\n    [4] The chariots race madly through the streets;\n        they rush to and fro through the squares;\n    they gleam like torches;\n        they dart like lightning.\n    [5] He remembers his officers;\n        they stumble as they go,\n    they hasten to the wall;\n        the siege tower(2) is set up.\n    [6] The river gates are opened;\n        the palace melts away;\n    [7] its mistress(3) is stripped;(4) she is carried off,\n        her slave girls lamenting,\n    moaning like doves\n        and beating their breasts.\n    [8] Nineveh is like a pool\n        whose waters run away.(5)\n    \u201cHalt! Halt!\u201d they cry,\n        but none turns back.\n    [9] Plunder the silver,\n        plunder the gold!\n    There is no end of the treasure\n        or of the wealth of all precious things.\n    \n    \n    [10] Desolate! Desolation and ruin!\n        Hearts melt and knees tremble;\n    anguish is in all loins;\n        all faces grow pale!\n    [11] Where is the lions\u2019 den,\n        the feeding place of the young lions,\n    where the lion and lioness went,\n        where his cubs were, with none to disturb?\n    [12] The lion tore enough for his cubs\n        and strangled prey for his lionesses;\n    he filled his caves with prey\n        and his dens with torn flesh.\n    \n    \n      [13] Behold, I am against you, declares the LORD of hosts, and I will burn your(6) chariots in smoke, and the sword shall devour your young lions. I will cut off your prey from the earth, and the voice of your messengers shall no longer be heard.\n\nFootnotes\n\n(1) 2:1 Hebrew *gird your loins*\n\n(2) 2:5 Or *the mantelet*\n\n(3) 2:7 The meaning of the Hebrew word rendered *its mistress* is uncertain\n\n(4) 2:7 Or *exiled*\n\n(5) 2:8 Compare Septuagint; the meaning of the Hebrew is uncertain\n\n(6) 2:13 Hebrew *her*\n (ESV)"]}