{"query": "Nahum 3", "canonical": "Nahum 3", "parsed": [[34003001, 34003019]], "passage_meta": [{"canonical": "Nahum 3", "chapter_start": [34003001, 34003019], "chapter_end": [34003001, 34003019], "prev_verse": 34002013, "next_verse": 35001001, "prev_chapter": [34002001, 34002013], "next_chapter": [35001001, 35001017]}], "passages": ["Nahum 3\n\nWoe to Nineveh\n\n    [1] Woe to the bloody city,\n        all full of lies and plunder\u2014\n        no end to the prey!\n    [2] The crack of the whip, and rumble of the wheel,\n        galloping horse and bounding chariot!\n    [3] Horsemen charging,\n        flashing sword and glittering spear,\n    hosts of slain,\n        heaps of corpses,\n    dead bodies without end\u2014\n        they stumble over the bodies!\n    [4] And all for the countless whorings of the prostitute,\n        graceful and of deadly charms,\n    who betrays nations with her whorings,\n        and peoples with her charms.\n    \n    \n    [5] Behold, I am against you,\n        declares the LORD of hosts,\n        and will lift up your skirts over your face;\n    and I will make nations look at your nakedness\n        and kingdoms at your shame.\n    [6] I will throw filth at you\n        and treat you with contempt\n        and make you a spectacle.\n    [7] And all who look at you will shrink from you and say,\n    \u201cWasted is Nineveh; who will grieve for her?\u201d\n        Where shall I seek comforters for you?\n    \n    \n    [8] Are you better than Thebes(1)\n        that sat by the Nile,\n    with water around her,\n        her rampart a sea,\n        and water her wall?\n    [9] Cush was her strength;\n        Egypt too, and that without limit;\n        Put and the Libyans were her(2) helpers.\n    \n    \n    [10] Yet she became an exile;\n        she went into captivity;\n    her infants were dashed in pieces\n        at the head of every street;\n    for her honored men lots were cast,\n        and all her great men were bound in chains.\n    [11] You also will be drunken;\n        you will go into hiding;\n    you will seek a refuge from the enemy.\n    [12] All your fortresses are like fig trees\n        with first-ripe figs\u2014\n    if shaken they fall\n        into the mouth of the eater.\n    [13] Behold, your troops\n        are women in your midst.\n    The gates of your land\n        are wide open to your enemies;\n        fire has devoured your bars.\n    \n    \n    [14] Draw water for the siege;\n        strengthen your forts;\n    go into the clay;\n        tread the mortar;\n        take hold of the brick mold!\n    [15] There will the fire devour you;\n        the sword will cut you off.\n        It will devour you like the locust.\n    Multiply yourselves like the locust;\n        multiply like the grasshopper!\n    [16] You increased your merchants\n        more than the stars of the heavens.\n        The locust spreads its wings and flies away.\n    \n    \n    [17] Your princes are like grasshoppers,\n        your scribes(3) like clouds of locusts\n    settling on the fences\n        in a day of cold\u2014\n    when the sun rises, they fly away;\n        no one knows where they are.\n    \n    \n    [18] Your shepherds are asleep,\n        O king of Assyria;\n        your nobles slumber.\n    Your people are scattered on the mountains\n        with none to gather them.\n    [19] There is no easing your hurt;\n        your wound is grievous.\n    All who hear the news about you\n        clap their hands over you.\n    For upon whom has not come\n        your unceasing evil?\n    \n\nFootnotes\n\n(1) 3:8 Hebrew *No-amon*\n\n(2) 3:9 Hebrew *your*\n\n(3) 3:17 Or *marshals*\n (ESV)"]}