{"query": "Nahum 1", "canonical": "Nahum 1", "parsed": [[34001001, 34001015]], "passage_meta": [{"canonical": "Nahum 1", "chapter_start": [34001001, 34001015], "chapter_end": [34001001, 34001015], "prev_verse": 33007020, "next_verse": 34002001, "prev_chapter": [33007001, 33007020], "next_chapter": [34002001, 34002013]}], "passages": ["Nahum 1\n\n\n\n  [1] An oracle concerning Nineveh. The book of the vision of Nahum of Elkosh.\n\nGod\u2019s Wrath Against Nineveh\n\n    [2] The LORD is a jealous and avenging God;\n        the LORD is avenging and wrathful;\n    the LORD takes vengeance on his adversaries\n        and keeps wrath for his enemies.\n    [3] The LORD is slow to anger and great in power,\n        and the LORD will by no means clear the guilty.\n    His way is in whirlwind and storm,\n        and the clouds are the dust of his feet.\n    [4] He rebukes the sea and makes it dry;\n        he dries up all the rivers;\n    Bashan and Carmel wither;\n        the bloom of Lebanon withers.\n    [5] The mountains quake before him;\n        the hills melt;\n    the earth heaves before him,\n        the world and all who dwell in it.\n    \n    \n    [6] Who can stand before his indignation?\n        Who can endure the heat of his anger?\n    His wrath is poured out like fire,\n        and the rocks are broken into pieces by him.\n    [7] The LORD is good,\n        a stronghold in the day of trouble;\n    he knows those who take refuge in him.\n    [8]     But with an overflowing flood\n    he will make a complete end of the adversaries,(1)\n        and will pursue his enemies into darkness.\n    [9] What do you plot against the LORD?\n        He will make a complete end;\n        trouble will not rise up a second time.\n    [10] For they are like entangled thorns,\n        like drunkards as they drink;\n        they are consumed like stubble fully dried.\n    [11] From you came one\n        who plotted evil against the LORD,\n        a worthless counselor.\n    \n    \n    [12] Thus says the LORD,\n    \u201cThough they are at full strength and many,\n        they will be cut down and pass away.\n    Though I have afflicted you,\n        I will afflict you no more.\n    [13] And now I will break his yoke from off you\n        and will burst your bonds apart.\u201d\n    \n    \n    [14] The LORD has given commandment about you:\n        \u201cNo more shall your name be perpetuated;\n    from the house of your gods I will cut off\n        the carved image and the metal image.\n    I will make your grave, for you are vile.\u201d\n    \n    \n    [15] (2) Behold, upon the mountains, the feet of him\n        who brings good news,\n        who publishes peace!\n    Keep your feasts, O Judah;\n        fulfill your vows,\n    for never again shall the worthless pass through you;\n        he is utterly cut off.\n    \n\nFootnotes\n\n(1) 1:8 Hebrew *of her place*\n\n(2) 1:15 Ch 2:1 in Hebrew\n (ESV)"]}