{"query": "Zechariah 11", "canonical": "Zechariah 11", "parsed": [[38011001, 38011017]], "passage_meta": [{"canonical": "Zechariah 11", "chapter_start": [38011001, 38011017], "chapter_end": [38011001, 38011017], "prev_verse": 38010012, "next_verse": 38012001, "prev_chapter": [38010001, 38010012], "next_chapter": [38012001, 38012014]}], "passages": ["Zechariah 11\n\nThe Flock Doomed to Slaughter\n\n    [1] Open your doors, O Lebanon,\n        that the fire may devour your cedars!\n    [2] Wail, O cypress, for the cedar has fallen,\n        for the glorious trees are ruined!\n    Wail, oaks of Bashan,\n        for the thick forest has been felled!\n    [3] The sound of the wail of the shepherds,\n        for their glory is ruined!\n    The sound of the roar of the lions,\n        for the thicket of the Jordan is ruined!\n    \n    \n      [4] Thus said the LORD my God: \u201cBecome shepherd of the flock doomed to slaughter. [5] Those who buy them slaughter them and go unpunished, and those who sell them say, \u2018Blessed be the LORD, I have become rich,\u2019 and their own shepherds have no pity on them. [6] For I will no longer have pity on the inhabitants of this land, declares the LORD. Behold, I will cause each of them to fall into the hand of his neighbor, and each into the hand of his king, and they shall crush the land, and I will deliver none from their hand.\u201d\n\n  [7] So I became the shepherd of the flock doomed to be slaughtered by the sheep traders. And I took two staffs, one I named Favor, the other I named Union. And I tended the sheep. [8] In one month I destroyed the three shepherds. But I became impatient with them, and they also detested me. [9] So I said, \u201cI will not be your shepherd. What is to die, let it die. What is to be destroyed, let it be destroyed. And let those who are left devour the flesh of one another.\u201d [10] And I took my staff Favor, and I broke it, annulling the covenant that I had made with all the peoples. [11] So it was annulled on that day, and the sheep traders, who were watching me, knew that it was the word of the LORD. [12] Then I said to them, \u201cIf it seems good to you, give me my wages; but if not, keep them.\u201d And they weighed out as my wages thirty pieces of silver. [13] Then the LORD said to me, \u201cThrow it to the potter\u201d\u2014the lordly price at which I was priced by them. So I took the thirty pieces of silver and threw them into the house of the LORD, to the potter. [14] Then I broke my second staff Union, annulling the brotherhood between Judah and Israel.\n\n  [15] Then the LORD said to me, \u201cTake once more the equipment of a foolish shepherd. [16] For behold, I am raising up in the land a shepherd who does not care for those being destroyed, or seek the young or heal the maimed or nourish the healthy, but devours the flesh of the fat ones, tearing off even their hoofs.\n\n    [17] \u201cWoe to my worthless shepherd,\n        who deserts the flock!\n    May the sword strike his arm\n        and his right eye!\n    Let his arm be wholly withered,\n        his right eye utterly blinded!\u201d (ESV)"]}