{"query": "Zechariah 5", "canonical": "Zechariah 5", "parsed": [[38005001, 38005011]], "passage_meta": [{"canonical": "Zechariah 5", "chapter_start": [38005001, 38005011], "chapter_end": [38005001, 38005011], "prev_verse": 38004014, "next_verse": 38006001, "prev_chapter": [38004001, 38004014], "next_chapter": [38006001, 38006015]}], "passages": ["Zechariah 5\n\nA Vision of a Flying Scroll\n\n  [1] Again I lifted my eyes and saw, and behold, a flying scroll! [2] And he said to me, \u201cWhat do you see?\u201d I answered, \u201cI see a flying scroll. Its length is twenty cubits, and its width ten cubits.\u201d(1) [3] Then he said to me, \u201cThis is the curse that goes out over the face of the whole land. For everyone who steals shall be cleaned out according to what is on one side, and everyone who swears falsely(2) shall be cleaned out according to what is on the other side. [4] I will send it out, declares the LORD of hosts, and it shall enter the house of the thief, and the house of him who swears falsely by my name. And it shall remain in his house and consume it, both timber and stones.\u201d\n\nA Vision of a Woman in a Basket\n\n  [5] Then the angel who talked with me came forward and said to me, \u201cLift your eyes and see what this is that is going out.\u201d [6] And I said, \u201cWhat is it?\u201d He said, \u201cThis is the basket(3) that is going out.\u201d And he said, \u201cThis is their iniquity(4) in all the land.\u201d [7] And behold, the leaden cover was lifted, and there was a woman sitting in the basket! [8] And he said, \u201cThis is Wickedness.\u201d And he thrust her back into the basket, and thrust down the leaden weight on its opening.\n\n  [9] Then I lifted my eyes and saw, and behold, two women coming forward! The wind was in their wings. They had wings like the wings of a stork, and they lifted up the basket between earth and heaven. [10] Then I said to the angel who talked with me, \u201cWhere are they taking the basket?\u201d [11] He said to me, \u201cTo the land of Shinar, to build a house for it. And when this is prepared, they will set the basket down there on its base.\u201d\n\nFootnotes\n\n(1) 5:2 A *cubit* was about 18 inches or 45 centimeters\n\n(2) 5:3 Hebrew lacks *falsely* (supplied from verse 4)\n\n(3) 5:6 Hebrew *ephah*; also verses 7\u201311. An *ephah* was about 3/5 bushel or 22 liters\n\n(4) 5:6 One Hebrew manuscript, Septuagint, Syriac; most Hebrew manuscripts *eye*\n (ESV)"]}