{"query": "Zechariah 12", "canonical": "Zechariah 12", "parsed": [[38012001, 38012014]], "passage_meta": [{"canonical": "Zechariah 12", "chapter_start": [38012001, 38012014], "chapter_end": [38012001, 38012014], "prev_verse": 38011017, "next_verse": 38013001, "prev_chapter": [38011001, 38011017], "next_chapter": [38013001, 38013009]}], "passages": ["Zechariah 12\n\nThe LORD Will Give Salvation\n\n  [1] The oracle of the word of the LORD concerning Israel: Thus declares the LORD, who stretched out the heavens and founded the earth and formed the spirit of man within him: [2] \u201cBehold, I am about to make Jerusalem a cup of staggering to all the surrounding peoples. The siege of Jerusalem will also be against Judah. [3] On that day I will make Jerusalem a heavy stone for all the peoples. All who lift it will surely hurt themselves. And all the nations of the earth will gather against it. [4] On that day, declares the LORD, I will strike every horse with panic, and its rider with madness. But for the sake of the house of Judah I will keep my eyes open, when I strike every horse of the peoples with blindness. [5] Then the clans of Judah shall say to themselves, \u2018The inhabitants of Jerusalem have strength through the LORD of hosts, their God.\u2019\n\n  [6] \u201cOn that day I will make the clans of Judah like a blazing pot in the midst of wood, like a flaming torch among sheaves. And they shall devour to the right and to the left all the surrounding peoples, while Jerusalem shall again be inhabited in its place, in Jerusalem.\n\n  [7] \u201cAnd the LORD will give salvation to the tents of Judah first, that the glory of the house of David and the glory of the inhabitants of Jerusalem may not surpass that of Judah. [8] On that day the LORD will protect the inhabitants of Jerusalem, so that the feeblest among them on that day shall be like David, and the house of David shall be like God, like the angel of the LORD, going before them. [9] And on that day I will seek to destroy all the nations that come against Jerusalem.\n\nHim Whom They Have Pierced\n\n  [10] \u201cAnd I will pour out on the house of David and the inhabitants of Jerusalem a spirit of grace and pleas for mercy, so that, when they look on me, on him whom they have pierced, they shall mourn for him, as one mourns for an only child, and weep bitterly over him, as one weeps over a firstborn. [11] On that day the mourning in Jerusalem will be as great as the mourning for Hadad-rimmon in the plain of Megiddo. [12] The land shall mourn, each family(1) by itself: the family of the house of David by itself, and their wives by themselves; the family of the house of Nathan by itself, and their wives by themselves; [13] the family of the house of Levi by itself, and their wives by themselves; the family of the Shimeites by itself, and their wives by themselves; [14] and all the families that are left, each by itself, and their wives by themselves.\n\nFootnotes\n\n(1) 12:12 Or *clan*; throughout verses 12\u201314\n (ESV)"]}