{"query": "Zechariah 2", "canonical": "Zechariah 2", "parsed": [[38002001, 38002013]], "passage_meta": [{"canonical": "Zechariah 2", "chapter_start": [38002001, 38002013], "chapter_end": [38002001, 38002013], "prev_verse": 38001021, "next_verse": 38003001, "prev_chapter": [38001001, 38001021], "next_chapter": [38003001, 38003010]}], "passages": ["Zechariah 2\n\nA Vision of a Man with a Measuring Line\n\n  [1] (1) And I lifted my eyes and saw, and behold, a man with a measuring line in his hand! [2] Then I said, \u201cWhere are you going?\u201d And he said to me, \u201cTo measure Jerusalem, to see what is its width and what is its length.\u201d [3] And behold, the angel who talked with me came forward, and another angel came forward to meet him [4] and said to him, \u201cRun, say to that young man, \u2018Jerusalem shall be inhabited as villages without walls, because of the multitude of people and livestock in it. [5] And I will be to her a wall of fire all around, declares the LORD, and I will be the glory in her midst.\u2019\u201d\n\n  [6] Up! Up! Flee from the land of the north, declares the LORD. For I have spread you abroad as the four winds of the heavens, declares the LORD. [7] Up! Escape to Zion, you who dwell with the daughter of Babylon. [8] For thus said the LORD of hosts, after his glory sent me(2) to the nations who plundered you, for he who touches you touches the apple of his eye: [9] \u201cBehold, I will shake my hand over them, and they shall become plunder for those who served them. Then you will know that the LORD of hosts has sent me. [10] Sing and rejoice, O daughter of Zion, for behold, I come and I will dwell in your midst, declares the LORD. [11] And many nations shall join themselves to the LORD in that day, and shall be my people. And I will dwell in your midst, and you shall know that the LORD of hosts has sent me to you. [12] And the LORD will inherit Judah as his portion in the holy land, and will again choose Jerusalem.\u201d\n\n  [13] Be silent, all flesh, before the LORD, for he has roused himself from his holy dwelling.\n\nFootnotes\n\n(1) 2:1 Ch 2:5 in Hebrew\n\n(2) 2:8 Or *he sent me after glory*\n (ESV)"]}