{"query": "Zechariah 7", "canonical": "Zechariah 7", "parsed": [[38007001, 38007014]], "passage_meta": [{"canonical": "Zechariah 7", "chapter_start": [38007001, 38007014], "chapter_end": [38007001, 38007014], "prev_verse": 38006015, "next_verse": 38008001, "prev_chapter": [38006001, 38006015], "next_chapter": [38008001, 38008023]}], "passages": ["Zechariah 7\n\nA Call for Justice and Mercy\n\n  [1] In the fourth year of King Darius, the word of the LORD came to Zechariah on the fourth day of the ninth month, which is Chislev. [2] Now the people of Bethel had sent Sharezer and Regem-melech and their men to entreat the favor of the LORD, [3] saying to the priests of the house of the LORD of hosts and the prophets, \u201cShould I weep and abstain in the fifth month, as I have done for so many years?\u201d\n\n  [4] Then the word of the LORD of hosts came to me: [5] \u201cSay to all the people of the land and the priests, \u2018When you fasted and mourned in the fifth month and in the seventh, for these seventy years, was it for me that you fasted? [6] And when you eat and when you drink, do you not eat for yourselves and drink for yourselves? [7] Were not these the words that the LORD proclaimed by the former prophets, when Jerusalem was inhabited and prosperous, with her cities around her, and the South and the lowland were inhabited?\u2019\u201d\n\n  [8] And the word of the LORD came to Zechariah, saying, [9] \u201cThus says the LORD of hosts, Render true judgments, show kindness and mercy to one another, [10] do not oppress the widow, the fatherless, the sojourner, or the poor, and let none of you devise evil against another in your heart.\u201d [11] But they refused to pay attention and turned a stubborn shoulder and stopped their ears that they might not hear.(1) [12] They made their hearts diamond-hard lest they should hear the law and the words that the LORD of hosts had sent by his Spirit through the former prophets. Therefore great anger came from the LORD of hosts. [13] \u201cAs I(2) called, and they would not hear, so they called, and I would not hear,\u201d says the LORD of hosts, [14] \u201cand I scattered them with a whirlwind among all the nations that they had not known. Thus the land they left was desolate, so that no one went to and fro, and the pleasant land was made desolate.\u201d\n\nFootnotes\n\n(1) 7:11 Hebrew *and made their ears too heavy to hear*\n\n(2) 7:13 Hebrew *he*\n (ESV)"]}