{"query": "Zechariah 9", "canonical": "Zechariah 9", "parsed": [[38009001, 38009017]], "passage_meta": [{"canonical": "Zechariah 9", "chapter_start": [38009001, 38009017], "chapter_end": [38009001, 38009017], "prev_verse": 38008023, "next_verse": 38010001, "prev_chapter": [38008001, 38008023], "next_chapter": [38010001, 38010012]}], "passages": ["Zechariah 9\n\nJudgment on Israel\u2019s Enemies\n\n    [1] The oracle of the word of the LORD is against the land of Hadrach\n        and Damascus is its resting place.\n    For the LORD has an eye on mankind\n        and on all the tribes of Israel,(1)\n    [2] and on Hamath also, which borders on it,\n        Tyre and Sidon, though they are very wise.\n    [3] Tyre has built herself a rampart\n        and heaped up silver like dust,\n        and fine gold like the mud of the streets.\n    [4] But behold, the Lord will strip her of her possessions\n        and strike down her power on the sea,\n        and she shall be devoured by fire.\n    \n    \n    [5] Ashkelon shall see it, and be afraid;\n        Gaza too, and shall writhe in anguish;\n        Ekron also, because its hopes are confounded.\n    The king shall perish from Gaza;\n        Ashkelon shall be uninhabited;\n    [6] a mixed people(2) shall dwell in Ashdod,\n        and I will cut off the pride of Philistia.\n    [7] I will take away its blood from its mouth,\n        and its abominations from between its teeth;\n    it too shall be a remnant for our God;\n        it shall be like a clan in Judah,\n        and Ekron shall be like the Jebusites.\n    [8] Then I will encamp at my house as a guard,\n        so that none shall march to and fro;\n    no oppressor shall again march over them,\n        for now I see with my own eyes.\n    \n    \n    The Coming King of Zion\n\n    [9] Rejoice greatly, O daughter of Zion!\n        Shout aloud, O daughter of Jerusalem!\n    Behold, your king is coming to you;\n        righteous and having salvation is he,\n    humble and mounted on a donkey,\n        on a colt, the foal of a donkey.\n    [10] I will cut off the chariot from Ephraim\n        and the war horse from Jerusalem;\n    and the battle bow shall be cut off,\n        and he shall speak peace to the nations;\n    his rule shall be from sea to sea,\n        and from the River(3) to the ends of the earth.\n    [11] As for you also, because of the blood of my covenant with you,\n        I will set your prisoners free from the waterless pit.\n    [12] Return to your stronghold, O prisoners of hope;\n        today I declare that I will restore to you double.\n    [13] For I have bent Judah as my bow;\n        I have made Ephraim its arrow.\n    I will stir up your sons, O Zion,\n        against your sons, O Greece,\n        and wield you like a warrior\u2019s sword.\n    \n    \n    The LORD Will Save His People\n\n    [14] Then the LORD will appear over them,\n        and his arrow will go forth like lightning;\n    the Lord GOD will sound the trumpet\n        and will march forth in the whirlwinds of the south.\n    [15] The LORD of hosts will protect them,\n        and they shall devour, and tread down the sling stones,\n    and they shall drink and roar as if drunk with wine,\n        and be full like a bowl,\n        drenched like the corners of the altar.\n    \n    \n    [16] On that day the LORD their God will save them,\n        as the flock of his people;\n    for like the jewels of a crown\n        they shall shine on his land.\n    [17] For how great is his goodness, and how great his beauty!\n        Grain shall make the young men flourish,\n        and new wine the young women.\n    \n\nFootnotes\n\n(1) 9:1 Or *For the eye of mankind, especially of all the tribes of Israel, is toward the Lord*\n\n(2) 9:6 Or *a foreign people*; Hebrew *a bastard*\n\n(3) 9:10 That is, the Euphrates\n (ESV)"]}