{"query": "Zechariah 14", "canonical": "Zechariah 14", "parsed": [[38014001, 38014021]], "passage_meta": [{"canonical": "Zechariah 14", "chapter_start": [38014001, 38014021], "chapter_end": [38014001, 38014021], "prev_verse": 38013009, "next_verse": 39001001, "prev_chapter": [38013001, 38013009], "next_chapter": [39001001, 39001014]}], "passages": ["Zechariah 14\n\nThe Coming Day of the LORD\n\n  [1] Behold, a day is coming for the LORD, when the spoil taken from you will be divided in your midst. [2] For I will gather all the nations against Jerusalem to battle, and the city shall be taken and the houses plundered and the women raped. Half of the city shall go out into exile, but the rest of the people shall not be cut off from the city. [3] Then the LORD will go out and fight against those nations as when he fights on a day of battle. [4] On that day his feet shall stand on the Mount of Olives that lies before Jerusalem on the east, and the Mount of Olives shall be split in two from east to west by a very wide valley, so that one half of the Mount shall move northward, and the other half southward. [5] And you shall flee to the valley of my mountains, for the valley of the mountains shall reach to Azal. And you shall flee as you fled from the earthquake in the days of Uzziah king of Judah. Then the LORD my God will come, and all the holy ones with him.(1)\n\n  [6] On that day there shall be no light, cold, or frost.(2) [7] And there shall be a unique(3) day, which is known to the LORD, neither day nor night, but at evening time there shall be light.\n\n  [8] On that day living waters shall flow out from Jerusalem, half of them to the eastern sea(4) and half of them to the western sea.(5) It shall continue in summer as in winter.\n\n  [9] And the LORD will be king over all the earth. On that day the LORD will be one and his name one.\n\n  [10] The whole land shall be turned into a plain from Geba to Rimmon south of Jerusalem. But Jerusalem shall remain aloft on its site from the Gate of Benjamin to the place of the former gate, to the Corner Gate, and from the Tower of Hananel to the king\u2019s winepresses. [11] And it shall be inhabited, for there shall never again be a decree of utter destruction.(6) Jerusalem shall dwell in security.\n\n  [12] And this shall be the plague with which the LORD will strike all the peoples that wage war against Jerusalem: their flesh will rot while they are still standing on their feet, their eyes will rot in their sockets, and their tongues will rot in their mouths.\n\n  [13] And on that day a great panic from the LORD shall fall on them, so that each will seize the hand of another, and the hand of the one will be raised against the hand of the other. [14] Even Judah will fight at Jerusalem.(7) And the wealth of all the surrounding nations shall be collected, gold, silver, and garments in great abundance. [15] And a plague like this plague shall fall on the horses, the mules, the camels, the donkeys, and whatever beasts may be in those camps.\n\n  [16] Then everyone who survives of all the nations that have come against Jerusalem shall go up year after year to worship the King, the LORD of hosts, and to keep the Feast of Booths. [17] And if any of the families of the earth do not go up to Jerusalem to worship the King, the LORD of hosts, there will be no rain on them. [18] And if the family of Egypt does not go up and present themselves, then on them there shall be no rain;(8) there shall be the plague with which the LORD afflicts the nations that do not go up to keep the Feast of Booths. [19] This shall be the punishment to Egypt and the punishment to all the nations that do not go up to keep the Feast of Booths.\n\n  [20] And on that day there shall be inscribed on the bells of the horses, \u201cHoly to the LORD.\u201d And the pots in the house of the LORD shall be as the bowls before the altar. [21] And every pot in Jerusalem and Judah shall be holy to the LORD of hosts, so that all who sacrifice may come and take of them and boil the meat of the sacrifice in them. And there shall no longer be a trader(9) in the house of the LORD of hosts on that day.\n\nFootnotes\n\n(1) 14:5 Other Hebrew manuscripts *you*\n\n(2) 14:6 Compare Septuagint, Syriac, Vulgate, Targum; the meaning of the Hebrew is uncertain\n\n(3) 14:7 Hebrew *one*\n\n(4) 14:8 That is, the Dead Sea\n\n(5) 14:8 That is, the Mediterranean Sea\n\n(6) 14:11 The Hebrew term rendered *decree of utter destruction* refers to things devoted (or set apart) to the Lord (or by the Lord) for destruction\n\n(7) 14:14 Or *against Jerusalem*\n\n(8) 14:18 Hebrew lacks *rain*\n\n(9) 14:21 Or *Canaanite*\n (ESV)"]}