{"query": "Zechariah 1", "canonical": "Zechariah 1", "parsed": [[38001001, 38001021]], "passage_meta": [{"canonical": "Zechariah 1", "chapter_start": [38001001, 38001021], "chapter_end": [38001001, 38001021], "prev_verse": 37002023, "next_verse": 38002001, "prev_chapter": [37002001, 37002023], "next_chapter": [38002001, 38002013]}], "passages": ["Zechariah 1\n\nA Call to Return to the LORD\n\n  [1] In the eighth month, in the second year of Darius, the word of the LORD came to the prophet Zechariah, the son of Berechiah, son of Iddo, saying, [2] \u201cThe LORD was very angry with your fathers. [3] Therefore say to them, Thus declares the LORD of hosts: Return to me, says the LORD of hosts, and I will return to you, says the LORD of hosts. [4] Do not be like your fathers, to whom the former prophets cried out, \u2018Thus says the LORD of hosts, Return from your evil ways and from your evil deeds.\u2019 But they did not hear or pay attention to me, declares the LORD. [5] Your fathers, where are they? And the prophets, do they live forever? [6] But my words and my statutes, which I commanded my servants the prophets, did they not overtake your fathers? So they repented and said, \u2018As the LORD of hosts purposed to deal with us for our ways and deeds, so has he dealt with us.\u2019\u201d\n\nA Vision of a Horseman\n\n  [7] On the twenty-fourth day of the eleventh month, which is the month of Shebat, in the second year of Darius, the word of the LORD came to the prophet Zechariah, the son of Berechiah, son of Iddo, saying, [8] \u201cI saw in the night, and behold, a man riding on a red horse! He was standing among the myrtle trees in the glen, and behind him were red, sorrel, and white horses. [9] Then I said, \u2018What are these, my lord?\u2019 The angel who talked with me said to me, \u2018I will show you what they are.\u2019 [10] So the man who was standing among the myrtle trees answered, \u2018These are they whom the LORD has sent to patrol the earth.\u2019 [11] And they answered the angel of the LORD who was standing among the myrtle trees, and said, \u2018We have patrolled the earth, and behold, all the earth remains at rest.\u2019 [12] Then the angel of the LORD said, \u2018O LORD of hosts, how long will you have no mercy on Jerusalem and the cities of Judah, against which you have been angry these seventy years?\u2019 [13] And the LORD answered gracious and comforting words to the angel who talked with me. [14] So the angel who talked with me said to me, \u2018Cry out, Thus says the LORD of hosts: I am exceedingly jealous for Jerusalem and for Zion. [15] And I am exceedingly angry with the nations that are at ease; for while I was angry but a little, they furthered the disaster. [16] Therefore, thus says the LORD, I have returned to Jerusalem with mercy; my house shall be built in it, declares the LORD of hosts, and the measuring line shall be stretched out over Jerusalem. [17] Cry out again, Thus says the LORD of hosts: My cities shall again overflow with prosperity, and the LORD will again comfort Zion and again choose Jerusalem.\u2019\u201d\n\nA Vision of Horns and Craftsmen\n\n  [18] (1) And I lifted my eyes and saw, and behold, four horns! [19] And I said to the angel who talked with me, \u201cWhat are these?\u201d And he said to me, \u201cThese are the horns that have scattered Judah, Israel, and Jerusalem.\u201d [20] Then the LORD showed me four craftsmen. [21] And I said, \u201cWhat are these coming to do?\u201d He said, \u201cThese are the horns that scattered Judah, so that no one raised his head. And these have come to terrify them, to cast down the horns of the nations who lifted up their horns against the land of Judah to scatter it.\u201d\n\nFootnotes\n\n(1) 1:18 Ch 2:1 in Hebrew\n (ESV)"]}