{"query": "Zechariah 4", "canonical": "Zechariah 4", "parsed": [[38004001, 38004014]], "passage_meta": [{"canonical": "Zechariah 4", "chapter_start": [38004001, 38004014], "chapter_end": [38004001, 38004014], "prev_verse": 38003010, "next_verse": 38005001, "prev_chapter": [38003001, 38003010], "next_chapter": [38005001, 38005011]}], "passages": ["Zechariah 4\n\nA Vision of a Golden Lampstand\n\n  [1] And the angel who talked with me came again and woke me, like a man who is awakened out of his sleep. [2] And he said to me, \u201cWhat do you see?\u201d I said, \u201cI see, and behold, a lampstand all of gold, with a bowl on the top of it, and seven lamps on it, with seven lips on each of the lamps that are on the top of it. [3] And there are two olive trees by it, one on the right of the bowl and the other on its left.\u201d [4] And I said to the angel who talked with me, \u201cWhat are these, my lord?\u201d [5] Then the angel who talked with me answered and said to me, \u201cDo you not know what these are?\u201d I said, \u201cNo, my lord.\u201d [6] Then he said to me, \u201cThis is the word of the LORD to Zerubbabel: Not by might, nor by power, but by my Spirit, says the LORD of hosts. [7] Who are you, O great mountain? Before Zerubbabel you shall become a plain. And he shall bring forward the top stone amid shouts of \u2018Grace, grace to it!\u2019\u201d\n\n  [8] Then the word of the LORD came to me, saying, [9] \u201cThe hands of Zerubbabel have laid the foundation of this house; his hands shall also complete it. Then you will know that the LORD of hosts has sent me to you. [10] For whoever has despised the day of small things shall rejoice, and shall see the plumb line in the hand of Zerubbabel.\n\n  \u201cThese seven are the eyes of the LORD, which range through the whole earth.\u201d [11] Then I said to him, \u201cWhat are these two olive trees on the right and the left of the lampstand?\u201d [12] And a second time I answered and said to him, \u201cWhat are these two branches of the olive trees, which are beside the two golden pipes from which the golden oil(1) is poured out?\u201d [13] He said to me, \u201cDo you not know what these are?\u201d I said, \u201cNo, my lord.\u201d [14] Then he said, \u201cThese are the two anointed ones(2) who stand by the Lord of the whole earth.\u201d\n\nFootnotes\n\n(1) 4:12 Hebrew lacks *oil*\n\n(2) 4:14 Hebrew *two sons of new oil*\n (ESV)"]}