{"query": "Zechariah 13", "canonical": "Zechariah 13", "parsed": [[38013001, 38013009]], "passage_meta": [{"canonical": "Zechariah 13", "chapter_start": [38013001, 38013009], "chapter_end": [38013001, 38013009], "prev_verse": 38012014, "next_verse": 38014001, "prev_chapter": [38012001, 38012014], "next_chapter": [38014001, 38014021]}], "passages": ["Zechariah 13\n\n  [1] \u201cOn that day there shall be a fountain opened for the house of David and the inhabitants of Jerusalem, to cleanse them from sin and uncleanness.\n\nIdolatry Cut Off\n\n  [2] \u201cAnd on that day, declares the LORD of hosts, I will cut off the names of the idols from the land, so that they shall be remembered no more. And also I will remove from the land the prophets and the spirit of uncleanness. [3] And if anyone again prophesies, his father and mother who bore him will say to him, \u2018You shall not live, for you speak lies in the name of the LORD.\u2019 And his father and mother who bore him shall pierce him through when he prophesies.\n\n  [4] \u201cOn that day every prophet will be ashamed of his vision when he prophesies. He will not put on a hairy cloak in order to deceive, [5] but he will say, \u2018I am no prophet, I am a worker of the soil, for a man sold me in my youth.\u2019(1) [6] And if one asks him, \u2018What are these wounds on your back?\u2019(2) he will say, \u2018The wounds I received in the house of my friends.\u2019\n\nThe Shepherd Struck\n\n    [7] \u201cAwake, O sword, against my shepherd,\n        against the man who stands next to me,\u201d\n                                            declares the LORD of hosts.\n    \n    \n    \u201cStrike the shepherd, and the sheep will be scattered;\n        I will turn my hand against the little ones.\n    [8] In the whole land, declares the LORD,\n        two thirds shall be cut off and perish,\n        and one third shall be left alive.\n    [9] And I will put this third into the fire,\n        and refine them as one refines silver,\n        and test them as gold is tested.\n    They will call upon my name,\n        and I will answer them.\n    I will say, \u2018They are my people\u2019;\n        and they will say, \u2018The LORD is my God.\u2019\u201d\n    \n\nFootnotes\n\n(1) 13:5 Or *for the land has been my possession since my youth*\n\n(2) 13:6 Or *on your chest*; Hebrew *wounds between your hands*\n (ESV)"]}