{"query": "Zechariah 10", "canonical": "Zechariah 10", "parsed": [[38010001, 38010012]], "passage_meta": [{"canonical": "Zechariah 10", "chapter_start": [38010001, 38010012], "chapter_end": [38010001, 38010012], "prev_verse": 38009017, "next_verse": 38011001, "prev_chapter": [38009001, 38009017], "next_chapter": [38011001, 38011017]}], "passages": ["Zechariah 10\n\nThe Restoration for Judah and Israel\n\n    [1] Ask rain from the LORD\n        in the season of the spring rain,\n    from the LORD who makes the storm clouds,\n        and he will give them showers of rain,\n        to everyone the vegetation in the field.\n    [2] For the household gods utter nonsense,\n        and the diviners see lies;\n    they tell false dreams\n        and give empty consolation.\n    Therefore the people wander like sheep;\n        they are afflicted for lack of a shepherd.\n    \n    \n    [3] \u201cMy anger is hot against the shepherds,\n        and I will punish the leaders;(1)\n    for the LORD of hosts cares for his flock, the house of Judah,\n        and will make them like his majestic steed in battle.\n    [4] From him shall come the cornerstone,\n        from him the tent peg,\n    from him the battle bow,\n        from him every ruler\u2014all of them together.\n    [5] They shall be like mighty men in battle,\n        trampling the foe in the mud of the streets;\n    they shall fight because the LORD is with them,\n        and they shall put to shame the riders on horses.\n    \n    \n    [6] \u201cI will strengthen the house of Judah,\n        and I will save the house of Joseph.\n    I will bring them back because I have compassion on them,\n        and they shall be as though I had not rejected them,\n        for I am the LORD their God and I will answer them.\n    [7] Then Ephraim shall become like a mighty warrior,\n        and their hearts shall be glad as with wine.\n    Their children shall see it and be glad;\n        their hearts shall rejoice in the LORD.\n    \n    \n    [8] \u201cI will whistle for them and gather them in,\n        for I have redeemed them,\n        and they shall be as many as they were before.\n    [9] Though I scattered them among the nations,\n        yet in far countries they shall remember me,\n        and with their children they shall live and return.\n    [10] I will bring them home from the land of Egypt,\n        and gather them from Assyria,\n    and I will bring them to the land of Gilead and to Lebanon,\n        till there is no room for them.\n    [11] He shall pass through the sea of troubles\n        and strike down the waves of the sea,\n        and all the depths of the Nile shall be dried up.\n    The pride of Assyria shall be laid low,\n        and the scepter of Egypt shall depart.\n    [12] I will make them strong in the LORD,\n        and they shall walk in his name,\u201d\n                                            declares the LORD.\n    \n\nFootnotes\n\n(1) 10:3 Hebrew *the male goats*\n (ESV)"]}