{"query": "Zechariah 6", "canonical": "Zechariah 6", "parsed": [[38006001, 38006015]], "passage_meta": [{"canonical": "Zechariah 6", "chapter_start": [38006001, 38006015], "chapter_end": [38006001, 38006015], "prev_verse": 38005011, "next_verse": 38007001, "prev_chapter": [38005001, 38005011], "next_chapter": [38007001, 38007014]}], "passages": ["Zechariah 6\n\nA Vision of Four Chariots\n\n  [1] Again I lifted my eyes and saw, and behold, four chariots came out from between two mountains. And the mountains were mountains of bronze. [2] The first chariot had red horses, the second black horses, [3] the third white horses, and the fourth chariot dappled horses\u2014all of them strong.(1) [4] Then I answered and said to the angel who talked with me, \u201cWhat are these, my lord?\u201d [5] And the angel answered and said to me, \u201cThese are going out to the four winds of heaven, after presenting themselves before the Lord of all the earth. [6] The chariot with the black horses goes toward the north country, the white ones go after them, and the dappled ones go toward the south country.\u201d [7] When the strong horses came out, they were impatient to go and patrol the earth. And he said, \u201cGo, patrol the earth.\u201d So they patrolled the earth. [8] Then he cried to me, \u201cBehold, those who go toward the north country have set my Spirit at rest in the north country.\u201d\n\nThe Crown and the Temple\n\n  [9] And the word of the LORD came to me: [10] \u201cTake from the exiles Heldai, Tobijah, and Jedaiah, who have arrived from Babylon, and go the same day to the house of Josiah, the son of Zephaniah. [11] Take from them silver and gold, and make a crown, and set it on the head of Joshua, the son of Jehozadak, the high priest. [12] And say to him, \u2018Thus says the LORD of hosts, \u201cBehold, the man whose name is the Branch: for he shall branch out from his place, and he shall build the temple of the LORD. [13] It is he who shall build the temple of the LORD and shall bear royal honor, and shall sit and rule on his throne. And there(2) shall be a priest on his throne, and the counsel of peace shall be between them both.\u201d\u2019 [14] And the crown shall be in the temple of the LORD as a reminder to Helem,(3) Tobijah, Jedaiah, and Hen the son of Zephaniah.\n\n  [15] \u201cAnd those who are far off shall come and help to build the temple of the LORD. And you shall know that the LORD of hosts has sent me to you. And this shall come to pass, if you will diligently obey the voice of the LORD your God.\u201d\n\nFootnotes\n\n(1) 6:3 Or *and the fourth chariot strong dappled horses*\n\n(2) 6:13 Or *he*\n\n(3) 6:14 An alternate spelling of *Heldai* (verse 10)\n (ESV)"]}