{"query": "Zechariah 3", "canonical": "Zechariah 3", "parsed": [[38003001, 38003010]], "passage_meta": [{"canonical": "Zechariah 3", "chapter_start": [38003001, 38003010], "chapter_end": [38003001, 38003010], "prev_verse": 38002013, "next_verse": 38004001, "prev_chapter": [38002001, 38002013], "next_chapter": [38004001, 38004014]}], "passages": ["Zechariah 3\n\nA Vision of Joshua the High Priest\n\n  [1] Then he showed me Joshua the high priest standing before the angel of the LORD, and Satan(1) standing at his right hand to accuse him. [2] And the LORD said to Satan, \u201cThe LORD rebuke you, O Satan! The LORD who has chosen Jerusalem rebuke you! Is not this a brand(2) plucked from the fire?\u201d [3] Now Joshua was standing before the angel, clothed with filthy garments. [4] And the angel said to those who were standing before him, \u201cRemove the filthy garments from him.\u201d And to him he said, \u201cBehold, I have taken your iniquity away from you, and I will clothe you with pure vestments.\u201d [5] And I said, \u201cLet them put a clean turban on his head.\u201d So they put a clean turban on his head and clothed him with garments. And the angel of the LORD was standing by.\n\n  [6] And the angel of the LORD solemnly assured Joshua, [7] \u201cThus says the LORD of hosts: If you will walk in my ways and keep my charge, then you shall rule my house and have charge of my courts, and I will give you the right of access among those who are standing here. [8] Hear now, O Joshua the high priest, you and your friends who sit before you, for they are men who are a sign: behold, I will bring my servant the Branch. [9] For behold, on the stone that I have set before Joshua, on a single stone with seven eyes,(3) I will engrave its inscription, declares the LORD of hosts, and I will remove the iniquity of this land in a single day. [10] In that day, declares the LORD of hosts, every one of you will invite his neighbor to come under his vine and under his fig tree.\u201d\n\nFootnotes\n\n(1) 3:1 Hebrew *the Accuser* or *the Adversary*\n\n(2) 3:2 That is, a burning stick\n\n(3) 3:9 Or *facets*\n (ESV)"]}