{"query": "Zephaniah 2", "canonical": "Zephaniah 2", "parsed": [[36002001, 36002015]], "passage_meta": [{"canonical": "Zephaniah 2", "chapter_start": [36002001, 36002015], "chapter_end": [36002001, 36002015], "prev_verse": 36001018, "next_verse": 36003001, "prev_chapter": [36001001, 36001018], "next_chapter": [36003001, 36003020]}], "passages": ["Zephaniah 2\n\nJudgment on Judah\u2019s Enemies\n\n    [1] Gather together, yes, gather,\n        O shameless nation,\n    [2] before the decree takes effect(1)\n        \u2014before the day passes away like chaff\u2014\n    before there comes upon you\n        the burning anger of the LORD,\n    before there comes upon you\n        the day of the anger of the LORD.\n    [3] Seek the LORD, all you humble of the land,\n        who do his just commands;(2)\n    seek righteousness; seek humility;\n        perhaps you may be hidden\n        on the day of the anger of the LORD.\n    [4] For Gaza shall be deserted,\n        and Ashkelon shall become a desolation;\n    Ashdod\u2019s people shall be driven out at noon,\n        and Ekron shall be uprooted.\n    \n    \n    [5] Woe to you inhabitants of the seacoast,\n        you nation of the Cherethites!\n    The word of the LORD is against you,\n        O Canaan, land of the Philistines;\n        and I will destroy you until no inhabitant is left.\n    [6] And you, O seacoast, shall be pastures,\n        with meadows(3) for shepherds\n        and folds for flocks.\n    [7] The seacoast shall become the possession\n        of the remnant of the house of Judah,\n        on which they shall graze,\n    and in the houses of Ashkelon\n        they shall lie down at evening.\n    For the LORD their God will be mindful of them\n        and restore their fortunes.\n    \n    \n    [8] \u201cI have heard the taunts of Moab\n        and the revilings of the Ammonites,\n    how they have taunted my people\n        and made boasts against their territory.\n    [9] Therefore, as I live,\u201d declares the LORD of hosts,\n        the God of Israel,\n    \u201cMoab shall become like Sodom,\n        and the Ammonites like Gomorrah,\n    a land possessed by nettles and salt pits,\n        and a waste forever.\n    The remnant of my people shall plunder them,\n        and the survivors of my nation shall possess them.\u201d\n    [10] This shall be their lot in return for their pride,\n        because they taunted and boasted\n        against the people of the LORD of hosts.\n    [11] The LORD will be awesome against them;\n        for he will famish all the gods of the earth,\n    and to him shall bow down,\n        each in its place,\n        all the lands of the nations.\n    \n    \n    [12] You also, O Cushites,\n        shall be slain by my sword.\n    \n    \n    [13] And he will stretch out his hand against the north\n        and destroy Assyria,\n    and he will make Nineveh a desolation,\n        a dry waste like the desert.\n    [14] Herds shall lie down in her midst,\n        all kinds of beasts;(4)\n    even the owl and the hedgehog(5)\n        shall lodge in her capitals;\n    a voice shall hoot in the window;\n        devastation will be on the threshold;\n        for her cedar work will be laid bare.\n    [15] This is the exultant city\n        that lived securely,\n    that said in her heart,\n        \u201cI am, and there is no one else.\u201d\n    What a desolation she has become,\n        a lair for wild beasts!\n    Everyone who passes by her\n        hisses and shakes his fist.\n    \n\nFootnotes\n\n(1) 2:2 Hebrew *gives birth*\n\n(2) 2:3 Or *who carry out his judgment*\n\n(3) 2:6 Or *caves*\n\n(4) 2:14 Hebrew *beasts of every nation*\n\n(5) 2:14 The identity of the animals rendered *owl* and *hedgehog* is uncertain\n (ESV)"]}