{"query": "Zephaniah 3", "canonical": "Zephaniah 3", "parsed": [[36003001, 36003020]], "passage_meta": [{"canonical": "Zephaniah 3", "chapter_start": [36003001, 36003020], "chapter_end": [36003001, 36003020], "prev_verse": 36002015, "next_verse": 37001001, "prev_chapter": [36002001, 36002015], "next_chapter": [37001001, 37001015]}], "passages": ["Zephaniah 3\n\nJudgment on Jerusalem and the Nations\n\n    [1] Woe to her who is rebellious and defiled,\n        the oppressing city!\n    [2] She listens to no voice;\n        she accepts no correction.\n    She does not trust in the LORD;\n        she does not draw near to her God.\n    \n    \n    [3] Her officials within her\n        are roaring lions;\n    her judges are evening wolves\n        that leave nothing till the morning.\n    [4] Her prophets are fickle, treacherous men;\n    her priests profane what is holy;\n        they do violence to the law.\n    [5] The LORD within her is righteous;\n        he does no injustice;\n    every morning he shows forth his justice;\n        each dawn he does not fail;\n        but the unjust knows no shame.\n    \n    \n    [6] \u201cI have cut off nations;\n        their battlements are in ruins;\n    I have laid waste their streets\n        so that no one walks in them;\n    their cities have been made desolate,\n        without a man, without an inhabitant.\n    [7] I said, \u2018Surely you will fear me;\n        you will accept correction.\n    Then your(1) dwelling would not be cut off\n        according to all that I have appointed against you.\u2019(2)\n    But all the more they were eager\n        to make all their deeds corrupt.\n    \n    \n    [8] \u201cTherefore wait for me,\u201d declares the LORD,\n        \u201cfor the day when I rise up to seize the prey.\n    For my decision is to gather nations,\n        to assemble kingdoms,\n    to pour out upon them my indignation,\n        all my burning anger;\n    for in the fire of my jealousy\n        all the earth shall be consumed.\n    \n    \n    The Conversion of the Nations\n\n    [9] \u201cFor at that time I will change the speech of the peoples\n        to a pure speech,\n    that all of them may call upon the name of the LORD\n        and serve him with one accord.\n    [10] From beyond the rivers of Cush\n        my worshipers, the daughter of my dispersed ones,\n        shall bring my offering.\n    \n    \n    [11] \u201cOn that day you shall not be put to shame\n        because of the deeds by which you have rebelled against me;\n    for then I will remove from your midst\n        your proudly exultant ones,\n    and you shall no longer be haughty\n        in my holy mountain.\n    [12] But I will leave in your midst\n        a people humble and lowly.\n    They shall seek refuge in the name of the LORD,\n    [13]     those who are left in Israel;\n    they shall do no injustice\n        and speak no lies,\n    nor shall there be found in their mouth\n        a deceitful tongue.\n    For they shall graze and lie down,\n        and none shall make them afraid.\u201d\n    \n    \n    Israel\u2019s Joy and Restoration\n\n    [14] Sing aloud, O daughter of Zion;\n        shout, O Israel!\n    Rejoice and exult with all your heart,\n        O daughter of Jerusalem!\n    [15] The LORD has taken away the judgments against you;\n        he has cleared away your enemies.\n    The King of Israel, the LORD, is in your midst;\n        you shall never again fear evil.\n    [16] On that day it shall be said to Jerusalem:\n    \u201cFear not, O Zion;\n        let not your hands grow weak.\n    [17] The LORD your God is in your midst,\n        a mighty one who will save;\n    he will rejoice over you with gladness;\n        he will quiet you by his love;\n    he will exult over you with loud singing.\n    [18] I will gather those of you who mourn for the festival,\n        so that you will no longer suffer reproach.(3)\n    [19] Behold, at that time I will deal\n        with all your oppressors.\n    And I will save the lame\n        and gather the outcast,\n    and I will change their shame into praise\n        and renown in all the earth.\n    [20] At that time I will bring you in,\n        at the time when I gather you together;\n    for I will make you renowned and praised\n        among all the peoples of the earth,\n    when I restore your fortunes\n        before your eyes,\u201d says the LORD.\n    \n\nFootnotes\n\n(1) 3:7 Hebrew *her*\n\n(2) 3:7 Hebrew *her*\n\n(3) 3:18 The meaning of the Hebrew is uncertain\n (ESV)"]}