{"query": "Zephaniah 1", "canonical": "Zephaniah 1", "parsed": [[36001001, 36001018]], "passage_meta": [{"canonical": "Zephaniah 1", "chapter_start": [36001001, 36001018], "chapter_end": [36001001, 36001018], "prev_verse": 35003019, "next_verse": 36002001, "prev_chapter": [35003001, 35003019], "next_chapter": [36002001, 36002015]}], "passages": ["Zephaniah 1\n\n\n\n  [1] The word of the LORD that came to Zephaniah the son of Cushi, son of Gedaliah, son of Amariah, son of Hezekiah, in the days of Josiah the son of Amon, king of Judah.\n\nThe Coming Judgment on Judah\n\n    [2] \u201cI will utterly sweep away everything\n        from the face of the earth,\u201d declares the LORD.\n    [3] \u201cI will sweep away man and beast;\n        I will sweep away the birds of the heavens\n        and the fish of the sea,\n    and the rubble(1) with the wicked.\n        I will cut off mankind\n        from the face of the earth,\u201d declares the LORD.\n    [4] \u201cI will stretch out my hand against Judah\n        and against all the inhabitants of Jerusalem;\n    and I will cut off from this place the remnant of Baal\n        and the name of the idolatrous priests along with the priests,\n    [5] those who bow down on the roofs\n        to the host of the heavens,\n    those who bow down and swear to the LORD\n        and yet swear by Milcom,(2)\n    [6] those who have turned back from following the LORD,\n        who do not seek the LORD or inquire of him.\u201d\n    \n    \n    The Day of the LORD Is Near\n\n    [7] Be silent before the Lord GOD!\n        For the day of the LORD is near;\n    the LORD has prepared a sacrifice\n        and consecrated his guests.\n    [8] And on the day of the LORD\u2019s sacrifice\u2014\n    \u201cI will punish the officials and the king\u2019s sons\n        and all who array themselves in foreign attire.\n    [9] On that day I will punish\n        everyone who leaps over the threshold,\n    and those who fill their master\u2019s(3) house\n        with violence and fraud.\n    \n    \n    [10] \u201cOn that day,\u201d declares the LORD,\n        \u201ca cry will be heard from the Fish Gate,\n    a wail from the Second Quarter,\n        a loud crash from the hills.\n    [11] Wail, O inhabitants of the Mortar!\n        For all the traders(4) are no more;\n        all who weigh out silver are cut off.\n    [12] At that time I will search Jerusalem with lamps,\n        and I will punish the men\n    who are complacent,(5)\n        those who say in their hearts,\n    \u2018The LORD will not do good,\n        nor will he do ill.\u2019\n    [13] Their goods shall be plundered,\n        and their houses laid waste.\n    Though they build houses,\n        they shall not inhabit them;\n    though they plant vineyards,\n        they shall not drink wine from them.\u201d\n    \n    \n    [14] The great day of the LORD is near,\n        near and hastening fast;\n    the sound of the day of the LORD is bitter;\n        the mighty man cries aloud there.\n    [15] A day of wrath is that day,\n        a day of distress and anguish,\n    a day of ruin and devastation,\n        a day of darkness and gloom,\n    a day of clouds and thick darkness,\n    [16]     a day of trumpet blast and battle cry\n    against the fortified cities\n        and against the lofty battlements.\n    \n    \n    [17] I will bring distress on mankind,\n        so that they shall walk like the blind,\n        because they have sinned against the LORD;\n    their blood shall be poured out like dust,\n        and their flesh like dung.\n    [18] Neither their silver nor their gold\n        shall be able to deliver them\n        on the day of the wrath of the LORD.\n    In the fire of his jealousy,\n        all the earth shall be consumed;\n    for a full and sudden end\n        he will make of all the inhabitants of the earth.\n    \n\nFootnotes\n\n(1) 1:3 Or *stumbling blocks* (that is, idols)\n\n(2) 1:5 Or *their king*\n\n(3) 1:9 Or *their Lord\u2019s*\n\n(4) 1:11 Or *all the people of Canaan*\n\n(5) 1:12 Hebrew *are thickening on the dregs* [of their wine]\n (ESV)"]}