{"query": "Isaiah 47", "canonical": "Isaiah 47", "parsed": [[23047001, 23047015]], "passage_meta": [{"canonical": "Isaiah 47", "chapter_start": [23047001, 23047015], "chapter_end": [23047001, 23047015], "prev_verse": 23046013, "next_verse": 23048001, "prev_chapter": [23046001, 23046013], "next_chapter": [23048001, 23048022]}], "passages": ["Isaiah 47\n\nThe Humiliation of Babylon\n\n    [1] Come down and sit in the dust,\n        O virgin daughter of Babylon;\n    sit on the ground without a throne,\n        O daughter of the Chaldeans!\n    For you shall no more be called\n        tender and delicate.\n    [2] Take the millstones and grind flour,\n        put off your veil,\n    strip off your robe, uncover your legs,\n        pass through the rivers.\n    [3] Your nakedness shall be uncovered,\n        and your disgrace shall be seen.\n    I will take vengeance,\n        and I will spare no one.\n    [4] Our Redeemer\u2014the LORD of hosts is his name\u2014\n        is the Holy One of Israel.\n    \n    \n    [5] Sit in silence, and go into darkness,\n        O daughter of the Chaldeans;\n    for you shall no more be called\n        the mistress of kingdoms.\n    [6] I was angry with my people;\n        I profaned my heritage;\n    I gave them into your hand;\n        you showed them no mercy;\n    on the aged you made your yoke exceedingly heavy.\n    [7] You said, \u201cI shall be mistress forever,\u201d\n        so that you did not lay these things to heart\n        or remember their end.\n    \n    \n    [8] Now therefore hear this, you lover of pleasures,\n        who sit securely,\n    who say in your heart,\n        \u201cI am, and there is no one besides me;\n    I shall not sit as a widow\n        or know the loss of children\u201d:\n    [9] These two things shall come to you\n        in a moment, in one day;\n    the loss of children and widowhood\n        shall come upon you in full measure,\n    in spite of your many sorceries\n        and the great power of your enchantments.\n    \n    \n    [10] You felt secure in your wickedness;\n        you said, \u201cNo one sees me\u201d;\n    your wisdom and your knowledge led you astray,\n    and you said in your heart,\n        \u201cI am, and there is no one besides me.\u201d\n    [11] But evil shall come upon you,\n        which you will not know how to charm away;\n    disaster shall fall upon you,\n        for which you will not be able to atone;\n    and ruin shall come upon you suddenly,\n        of which you know nothing.\n    \n    \n    [12] Stand fast in your enchantments\n        and your many sorceries,\n        with which you have labored from your youth;\n    perhaps you may be able to succeed;\n        perhaps you may inspire terror.\n    [13] You are wearied with your many counsels;\n        let them stand forth and save you,\n    those who divide the heavens,\n        who gaze at the stars,\n    who at the new moons make known\n        what shall come upon you.\n    \n    \n    [14] Behold, they are like stubble;\n        the fire consumes them;\n    they cannot deliver themselves\n        from the power of the flame.\n    No coal for warming oneself is this,\n        no fire to sit before!\n    [15] Such to you are those with whom you have labored,\n        who have done business with you from your youth;\n    they wander about, each in his own direction;\n        there is no one to save you. (ESV)"]}