{"query": "Isaiah 60", "canonical": "Isaiah 60", "parsed": [[23060001, 23060022]], "passage_meta": [{"canonical": "Isaiah 60", "chapter_start": [23060001, 23060022], "chapter_end": [23060001, 23060022], "prev_verse": 23059021, "next_verse": 23061001, "prev_chapter": [23059001, 23059021], "next_chapter": [23061001, 23061011]}], "passages": ["Isaiah 60\n\nThe Future Glory of Israel\n\n    [1] Arise, shine, for your light has come,\n        and the glory of the LORD has risen upon you.\n    [2] For behold, darkness shall cover the earth,\n        and thick darkness the peoples;\n    but the LORD will arise upon you,\n        and his glory will be seen upon you.\n    [3] And nations shall come to your light,\n        and kings to the brightness of your rising.\n    \n    \n    [4] Lift up your eyes all around, and see;\n        they all gather together, they come to you;\n    your sons shall come from afar,\n        and your daughters shall be carried on the hip.\n    [5] Then you shall see and be radiant;\n        your heart shall thrill and exult,(1)\n    because the abundance of the sea shall be turned to you,\n        the wealth of the nations shall come to you.\n    [6] A multitude of camels shall cover you,\n        the young camels of Midian and Ephah;\n        all those from Sheba shall come.\n    They shall bring gold and frankincense,\n        and shall bring good news, the praises of the LORD.\n    [7] All the flocks of Kedar shall be gathered to you;\n        the rams of Nebaioth shall minister to you;\n    they shall come up with acceptance on my altar,\n        and I will beautify my beautiful house.\n    \n    \n    [8] Who are these that fly like a cloud,\n        and like doves to their windows?\n    [9] For the coastlands shall hope for me,\n        the ships of Tarshish first,\n    to bring your children from afar,\n        their silver and gold with them,\n    for the name of the LORD your God,\n        and for the Holy One of Israel,\n        because he has made you beautiful.\n    \n    \n    [10] Foreigners shall build up your walls,\n        and their kings shall minister to you;\n    for in my wrath I struck you,\n        but in my favor I have had mercy on you.\n    [11] Your gates shall be open continually;\n        day and night they shall not be shut,\n    that people may bring to you the wealth of the nations,\n        with their kings led in procession.\n    [12] For the nation and kingdom\n        that will not serve you shall perish;\n        those nations shall be utterly laid waste.\n    [13] The glory of Lebanon shall come to you,\n        the cypress, the plane, and the pine,\n    to beautify the place of my sanctuary,\n        and I will make the place of my feet glorious.\n    [14] The sons of those who afflicted you\n        shall come bending low to you,\n    and all who despised you\n        shall bow down at your feet;\n    they shall call you the City of the LORD,\n        the Zion of the Holy One of Israel.\n    \n    \n    [15] Whereas you have been forsaken and hated,\n        with no one passing through,\n    I will make you majestic forever,\n        a joy from age to age.\n    [16] You shall suck the milk of nations;\n        you shall nurse at the breast of kings;\n    and you shall know that I, the LORD, am your Savior\n        and your Redeemer, the Mighty One of Jacob.\n    \n    \n    [17] Instead of bronze I will bring gold,\n        and instead of iron I will bring silver;\n    instead of wood, bronze,\n        instead of stones, iron.\n    I will make your overseers peace\n        and your taskmasters righteousness.\n    [18] Violence shall no more be heard in your land,\n        devastation or destruction within your borders;\n    you shall call your walls Salvation,\n        and your gates Praise.\n    \n    \n    [19] The sun shall be no more\n        your light by day,\n    nor for brightness shall the moon\n        give you light;(2)\n    but the LORD will be your everlasting light,\n        and your God will be your glory.(3)\n    [20] Your sun shall no more go down,\n        nor your moon withdraw itself;\n    for the LORD will be your everlasting light,\n        and your days of mourning shall be ended.\n    [21] Your people shall all be righteous;\n        they shall possess the land forever,\n    the branch of my planting, the work of my hands,\n        that I might be glorified.(4)\n    [22] The least one shall become a clan,\n        and the smallest one a mighty nation;\n    I am the LORD;\n        in its time I will hasten it.\n    \n\nFootnotes\n\n(1) 60:5 Hebrew *your heart shall tremble and grow wide*\n\n(2) 60:19 Masoretic Text; Dead Sea Scroll, Septuagint, Targum add *by night*\n\n(3) 60:19 Or *your beauty*\n\n(4) 60:21 Or *that I might display my beauty*\n (ESV)"]}