{"query": "Isaiah 59", "canonical": "Isaiah 59", "parsed": [[23059001, 23059021]], "passage_meta": [{"canonical": "Isaiah 59", "chapter_start": [23059001, 23059021], "chapter_end": [23059001, 23059021], "prev_verse": 23058014, "next_verse": 23060001, "prev_chapter": [23058001, 23058014], "next_chapter": [23060001, 23060022]}], "passages": ["Isaiah 59\n\nEvil and Oppression\n\n    [1] Behold, the LORD\u2019s hand is not shortened, that it cannot save,\n        or his ear dull, that it cannot hear;\n    [2] but your iniquities have made a separation\n        between you and your God,\n    and your sins have hidden his face from you\n        so that he does not hear.\n    [3] For your hands are defiled with blood\n        and your fingers with iniquity;\n    your lips have spoken lies;\n        your tongue mutters wickedness.\n    [4] No one enters suit justly;\n        no one goes to law honestly;\n    they rely on empty pleas, they speak lies,\n        they conceive mischief and give birth to iniquity.\n    [5] They hatch adders\u2019 eggs;\n        they weave the spider\u2019s web;\n    he who eats their eggs dies,\n        and from one that is crushed a viper is hatched.\n    [6] Their webs will not serve as clothing;\n        men will not cover themselves with what they make.\n    Their works are works of iniquity,\n        and deeds of violence are in their hands.\n    [7] Their feet run to evil,\n        and they are swift to shed innocent blood;\n    their thoughts are thoughts of iniquity;\n        desolation and destruction are in their highways.\n    [8] The way of peace they do not know,\n        and there is no justice in their paths;\n    they have made their roads crooked;\n        no one who treads on them knows peace.\n    \n    \n    [9] Therefore justice is far from us,\n        and righteousness does not overtake us;\n    we hope for light, and behold, darkness,\n        and for brightness, but we walk in gloom.\n    [10] We grope for the wall like the blind;\n        we grope like those who have no eyes;\n    we stumble at noon as in the twilight,\n        among those in full vigor we are like dead men.\n    [11] We all growl like bears;\n        we moan and moan like doves;\n    we hope for justice, but there is none;\n        for salvation, but it is far from us.\n    [12] For our transgressions are multiplied before you,\n        and our sins testify against us;\n    for our transgressions are with us,\n        and we know our iniquities:\n    [13] transgressing, and denying the LORD,\n        and turning back from following our God,\n    speaking oppression and revolt,\n        conceiving and uttering from the heart lying words.\n    \n    \n    Judgment and Redemption\n\n    [14] Justice is turned back,\n        and righteousness stands far away;\n    for truth has stumbled in the public squares,\n        and uprightness cannot enter.\n    [15] Truth is lacking,\n        and he who departs from evil makes himself a prey.\n    \n    \n        The LORD saw it, and it displeased him(1)\n        that there was no justice.\n    [16] He saw that there was no man,\n        and wondered that there was no one to intercede;\n    then his own arm brought him salvation,\n        and his righteousness upheld him.\n    [17] He put on righteousness as a breastplate,\n        and a helmet of salvation on his head;\n    he put on garments of vengeance for clothing,\n        and wrapped himself in zeal as a cloak.\n    [18] According to their deeds, so will he repay,\n        wrath to his adversaries, repayment to his enemies;\n        to the coastlands he will render repayment.\n    [19] So they shall fear the name of the LORD from the west,\n        and his glory from the rising of the sun;\n    for he will come like a rushing stream,(2)\n        which the wind of the LORD drives.\n    \n    \n    [20] \u201cAnd a Redeemer will come to Zion,\n        to those in Jacob who turn from transgression,\u201d declares the LORD.\n    \n    \n      [21] \u201cAnd as for me, this is my covenant with them,\u201d says the LORD: \u201cMy Spirit that is upon you, and my words that I have put in your mouth, shall not depart out of your mouth, or out of the mouth of your offspring, or out of the mouth of your children\u2019s offspring,\u201d says the LORD, \u201cfrom this time forth and forevermore.\u201d\n\nFootnotes\n\n(1) 59:15 Hebrew *and it was evil in his eyes*\n\n(2) 59:19 Hebrew *a narrow river*\n (ESV)"]}