{"query": "Isaiah 22", "canonical": "Isaiah 22", "parsed": [[23022001, 23022025]], "passage_meta": [{"canonical": "Isaiah 22", "chapter_start": [23022001, 23022025], "chapter_end": [23022001, 23022025], "prev_verse": 23021017, "next_verse": 23023001, "prev_chapter": [23021001, 23021017], "next_chapter": [23023001, 23023018]}], "passages": ["Isaiah 22\n\nAn Oracle Concerning Jerusalem\n\n  [1] The oracle concerning the valley of vision.\n\n    What do you mean that you have gone up,\n        all of you, to the housetops,\n    [2] you who are full of shoutings,\n        tumultuous city, exultant town?\n    Your slain are not slain with the sword\n        or dead in battle.\n    [3] All your leaders have fled together;\n        without the bow they were captured.\n    All of you who were found were captured,\n        though they had fled far away.\n    [4] Therefore I said:\n    \u201cLook away from me;\n        let me weep bitter tears;\n    do not labor to comfort me\n        concerning the destruction of the daughter of my people.\u201d\n    \n    \n    [5] For the Lord GOD of hosts has a day\n        of tumult and trampling and confusion\n        in the valley of vision,\n    a battering down of walls\n        and a shouting to the mountains.\n    [6] And Elam bore the quiver\n        with chariots and horsemen,\n        and Kir uncovered the shield.\n    [7] Your choicest valleys were full of chariots,\n        and the horsemen took their stand at the gates.\n    [8] He has taken away the covering of Judah.\n    \n    \n      In that day you looked to the weapons of the House of the Forest, [9] and you saw that the breaches of the city of David were many. You collected the waters of the lower pool, [10] and you counted the houses of Jerusalem, and you broke down the houses to fortify the wall. [11] You made a reservoir between the two walls for the water of the old pool. But you did not look to him who did it, or see him who planned it long ago.\n\n    [12] In that day the Lord GOD of hosts\n        called for weeping and mourning,\n        for baldness and wearing sackcloth;\n    [13] and behold, joy and gladness,\n        killing oxen and slaughtering sheep,\n        eating flesh and drinking wine.\n    \u201cLet us eat and drink,\n        for tomorrow we die.\u201d\n    [14] The LORD of hosts has revealed himself in my ears:\n    \u201cSurely this iniquity will not be atoned for you until you die,\u201d\n        says the Lord GOD of hosts.\n    \n    \n      [15] Thus says the Lord GOD of hosts, \u201cCome, go to this steward, to Shebna, who is over the household, and say to him: [16] What have you to do here, and whom have you here, that you have cut out here a tomb for yourself, you who cut out a tomb on the height and carve a dwelling for yourself in the rock? [17] Behold, the LORD will hurl you away violently, O you strong man. He will seize firm hold on you [18] and whirl you around and around, and throw you like a ball into a wide land. There you shall die, and there shall be your glorious chariots, you shame of your master\u2019s house. [19] I will thrust you from your office, and you will be pulled down from your station. [20] In that day I will call my servant Eliakim the son of Hilkiah, [21] and I will clothe him with your robe, and will bind your sash on him, and will commit your authority to his hand. And he shall be a father to the inhabitants of Jerusalem and to the house of Judah. [22] And I will place on his shoulder the key of the house of David. He shall open, and none shall shut; and he shall shut, and none shall open. [23] And I will fasten him like a peg in a secure place, and he will become a throne of honor to his father\u2019s house. [24] And they will hang on him the whole honor of his father\u2019s house, the offspring and issue, every small vessel, from the cups to all the flagons. [25] In that day, declares the LORD of hosts, the peg that was fastened in a secure place will give way, and it will be cut down and fall, and the load that was on it will be cut off, for the LORD has spoken.\u201d (ESV)"]}