{"query": "Isaiah 7", "canonical": "Isaiah 7", "parsed": [[23007001, 23007025]], "passage_meta": [{"canonical": "Isaiah 7", "chapter_start": [23007001, 23007025], "chapter_end": [23007001, 23007025], "prev_verse": 23006013, "next_verse": 23008001, "prev_chapter": [23006001, 23006013], "next_chapter": [23008001, 23008022]}], "passages": ["Isaiah 7\n\nIsaiah Sent to King Ahaz\n\n  [1] In the days of Ahaz the son of Jotham, son of Uzziah, king of Judah, Rezin the king of Syria and Pekah the son of Remaliah the king of Israel came up to Jerusalem to wage war against it, but could not yet mount an attack against it. [2] When the house of David was told, \u201cSyria is in league with(1) Ephraim,\u201d the heart of Ahaz(2) and the heart of his people shook as the trees of the forest shake before the wind.\n\n  [3] And the LORD said to Isaiah, \u201cGo out to meet Ahaz, you and Shear-jashub(3) your son, at the end of the conduit of the upper pool on the highway to the Washer\u2019s Field. [4] And say to him, \u2018Be careful, be quiet, do not fear, and do not let your heart be faint because of these two smoldering stumps of firebrands, at the fierce anger of Rezin and Syria and the son of Remaliah. [5] Because Syria, with Ephraim and the son of Remaliah, has devised evil against you, saying, [6] \u201cLet us go up against Judah and terrify it, and let us conquer it(4) for ourselves, and set up the son of Tabeel as king in the midst of it,\u201d [7] thus says the Lord GOD:\n\n    \u201c\u2018It shall not stand,\n        and it shall not come to pass.\n    [8] For the head of Syria is Damascus,\n        and the head of Damascus is Rezin.\n    And within sixty-five years\n        Ephraim will be shattered from being a people.\n    [9] And the head of Ephraim is Samaria,\n        and the head of Samaria is the son of Remaliah.\n    If you(5) are not firm in faith,\n        you will not be firm at all.\u2019\u201d\n    \n    \n    The Sign of Immanuel\n\n  [10] Again the LORD spoke to Ahaz: [11] \u201cAsk a sign of the LORD your(6) God; let it be deep as Sheol or high as heaven.\u201d [12] But Ahaz said, \u201cI will not ask, and I will not put the LORD to the test.\u201d [13] And he(7) said, \u201cHear then, O house of David! Is it too little for you to weary men, that you weary my God also? [14] Therefore the Lord himself will give you a sign. Behold, the virgin shall conceive and bear a son, and shall call his name Immanuel.(8) [15] He shall eat curds and honey when he knows how to refuse the evil and choose the good. [16] For before the boy knows how to refuse the evil and choose the good, the land whose two kings you dread will be deserted. [17] The LORD will bring upon you and upon your people and upon your father\u2019s house such days as have not come since the day that Ephraim departed from Judah\u2014the king of Assyria!\u201d\n\n  [18] In that day the LORD will whistle for the fly that is at the end of the streams of Egypt, and for the bee that is in the land of Assyria. [19] And they will all come and settle in the steep ravines, and in the clefts of the rocks, and on all the thornbushes, and on all the pastures.(9)\n\n  [20] In that day the Lord will shave with a razor that is hired beyond the River(10)\u2014with the king of Assyria\u2014the head and the hair of the feet, and it will sweep away the beard also.\n\n  [21] In that day a man will keep alive a young cow and two sheep, [22] and because of the abundance of milk that they give, he will eat curds, for everyone who is left in the land will eat curds and honey.\n\n  [23] In that day every place where there used to be a thousand vines, worth a thousand shekels(11) of silver, will become briers and thorns. [24] With bow and arrows a man will come there, for all the land will be briers and thorns. [25] And as for all the hills that used to be hoed with a hoe, you will not come there for fear of briers and thorns, but they will become a place where cattle are let loose and where sheep tread.\n\nFootnotes\n\n(1) 7:2 Hebrew *Syria has rested upon*\n\n(2) 7:2 Hebrew *his heart*\n\n(3) 7:3 *Shear-jashub* means *A remnant shall return*\n\n(4) 7:6 Hebrew *let us split it open*\n\n(5) 7:9 The Hebrew for *you* is plural in verses 9, 13, 14\n\n(6) 7:11 The Hebrew for *you* and *your* is singular in verses 11, 16, 17\n\n(7) 7:13 That is, Isaiah\n\n(8) 7:14 *Immanuel* means *God is with us*\n\n(9) 7:19 Or *watering holes*, or *brambles*\n\n(10) 7:20 That is, the Euphrates\n\n(11) 7:23 A *shekel* was about 2/5 ounce or 11 grams\n (ESV)"]}