{"query": "Isaiah 12", "canonical": "Isaiah 12", "parsed": [[23012001, 23012006]], "passage_meta": [{"canonical": "Isaiah 12", "chapter_start": [23012001, 23012006], "chapter_end": [23012001, 23012006], "prev_verse": 23011016, "next_verse": 23013001, "prev_chapter": [23011001, 23011016], "next_chapter": [23013001, 23013022]}], "passages": ["Isaiah 12\n\nThe LORD Is My Strength and My Song\n\n    [1] You(1) will say in that day:\n    \u201cI will give thanks to you, O LORD,\n        for though you were angry with me,\n    your anger turned away,\n        that you might comfort me.\n    \n    \n    [2] \u201cBehold, God is my salvation;\n        I will trust, and will not be afraid;\n    for the LORD GOD(2) is my strength and my song,\n        and he has become my salvation.\u201d\n    \n    \n      [3] With joy you(3) will draw water from the wells of salvation. [4] And you will say in that day:\n\n    \u201cGive thanks to the LORD,\n        call upon his name,\n    make known his deeds among the peoples,\n        proclaim that his name is exalted.\n    \n    \n    [5] \u201cSing praises to the LORD, for he has done gloriously;\n        let this be made known(4) in all the earth.\n    [6] Shout, and sing for joy, O inhabitant of Zion,\n        for great in your(5) midst is the Holy One of Israel.\u201d\n    \n\nFootnotes\n\n(1) 12:1 The Hebrew for *you* is singular in verse 1\n\n(2) 12:2 Hebrew *for Yah, the Lord*\n\n(3) 12:3 The Hebrew for *you* is plural in verses 3, 4\n\n(4) 12:5 Or *this is made known*\n\n(5) 12:6 The Hebrew for *your* in verse 6 is singular, referring to the *inhabitant of Zion*\n (ESV)"]}