{"query": "Isaiah 11", "canonical": "Isaiah 11", "parsed": [[23011001, 23011016]], "passage_meta": [{"canonical": "Isaiah 11", "chapter_start": [23011001, 23011016], "chapter_end": [23011001, 23011016], "prev_verse": 23010034, "next_verse": 23012001, "prev_chapter": [23010001, 23010034], "next_chapter": [23012001, 23012006]}], "passages": ["Isaiah 11\n\nThe Righteous Reign of the Branch\n\n    [1] There shall come forth a shoot from the stump of Jesse,\n        and a branch from his roots shall bear fruit.\n    [2] And the Spirit of the LORD shall rest upon him,\n        the Spirit of wisdom and understanding,\n        the Spirit of counsel and might,\n        the Spirit of knowledge and the fear of the LORD.\n    [3] And his delight shall be in the fear of the LORD.\n    He shall not judge by what his eyes see,\n        or decide disputes by what his ears hear,\n    [4] but with righteousness he shall judge the poor,\n        and decide with equity for the meek of the earth;\n    and he shall strike the earth with the rod of his mouth,\n        and with the breath of his lips he shall kill the wicked.\n    [5] Righteousness shall be the belt of his waist,\n        and faithfulness the belt of his loins.\n    \n    \n    [6] The wolf shall dwell with the lamb,\n        and the leopard shall lie down with the young goat,\n    and the calf and the lion and the fattened calf together;\n        and a little child shall lead them.\n    [7] The cow and the bear shall graze;\n        their young shall lie down together;\n        and the lion shall eat straw like the ox.\n    [8] The nursing child shall play over the hole of the cobra,\n        and the weaned child shall put his hand on the adder\u2019s den.\n    [9] They shall not hurt or destroy\n        in all my holy mountain;\n    for the earth shall be full of the knowledge of the LORD\n        as the waters cover the sea.\n    \n    \n      [10] In that day the root of Jesse, who shall stand as a signal for the peoples\u2014of him shall the nations inquire, and his resting place shall be glorious.\n\n  [11] In that day the Lord will extend his hand yet a second time to recover the remnant that remains of his people, from Assyria, from Egypt, from Pathros, from Cush,(1) from Elam, from Shinar, from Hamath, and from the coastlands of the sea.\n\n    [12] He will raise a signal for the nations\n        and will assemble the banished of Israel,\n    and gather the dispersed of Judah\n        from the four corners of the earth.\n    [13] The jealousy of Ephraim shall depart,\n        and those who harass Judah shall be cut off;\n    Ephraim shall not be jealous of Judah,\n        and Judah shall not harass Ephraim.\n    [14] But they shall swoop down on the shoulder of the Philistines in the west,\n        and together they shall plunder the people of the east.\n    They shall put out their hand against Edom and Moab,\n        and the Ammonites shall obey them.\n    [15] And the LORD will utterly destroy(2)\n        the tongue of the Sea of Egypt,\n    and will wave his hand over the River(3)\n        with his scorching breath,(4)\n    and strike it into seven channels,\n        and he will lead people across in sandals.\n    [16] And there will be a highway from Assyria\n        for the remnant that remains of his people,\n    as there was for Israel\n        when they came up from the land of Egypt.\n    \n\nFootnotes\n\n(1) 11:11 Probably *Nubia*\n\n(2) 11:15 Hebrew *devote to destruction*\n\n(3) 11:15 That is, the Euphrates\n\n(4) 11:15 Or *wind*\n (ESV)"]}