{"query": "Isaiah 56", "canonical": "Isaiah 56", "parsed": [[23056001, 23056012]], "passage_meta": [{"canonical": "Isaiah 56", "chapter_start": [23056001, 23056012], "chapter_end": [23056001, 23056012], "prev_verse": 23055013, "next_verse": 23057001, "prev_chapter": [23055001, 23055013], "next_chapter": [23057001, 23057021]}], "passages": ["Isaiah 56\n\nSalvation for Foreigners\n\n    [1] Thus says the LORD:\n    \u201cKeep justice, and do righteousness,\n    for soon my salvation will come,\n        and my righteousness be revealed.\n    [2] Blessed is the man who does this,\n        and the son of man who holds it fast,\n    who keeps the Sabbath, not profaning it,\n        and keeps his hand from doing any evil.\u201d\n    \n    \n    [3] Let not the foreigner who has joined himself to the LORD say,\n        \u201cThe LORD will surely separate me from his people\u201d;\n    and let not the eunuch say,\n        \u201cBehold, I am a dry tree.\u201d\n    [4] For thus says the LORD:\n    \u201cTo the eunuchs who keep my Sabbaths,\n        who choose the things that please me\n        and hold fast my covenant,\n    [5] I will give in my house and within my walls\n        a monument and a name\n        better than sons and daughters;\n    I will give them an everlasting name\n        that shall not be cut off.\n    \n    \n    [6] \u201cAnd the foreigners who join themselves to the LORD,\n        to minister to him, to love the name of the LORD,\n        and to be his servants,\n    everyone who keeps the Sabbath and does not profane it,\n        and holds fast my covenant\u2014\n    [7] these I will bring to my holy mountain,\n        and make them joyful in my house of prayer;\n    their burnt offerings and their sacrifices\n        will be accepted on my altar;\n    for my house shall be called a house of prayer\n        for all peoples.\u201d\n    [8] The Lord GOD,\n        who gathers the outcasts of Israel, declares,\n    \u201cI will gather yet others to him\n        besides those already gathered.\u201d\n    \n    \n    Israel\u2019s Irresponsible Leaders\n\n    [9] All you beasts of the field, come to devour\u2014\n        all you beasts in the forest.\n    [10] His watchmen are blind;\n        they are all without knowledge;\n    they are all silent dogs;\n        they cannot bark,\n    dreaming, lying down,\n        loving to slumber.\n    [11] The dogs have a mighty appetite;\n        they never have enough.\n    But they are shepherds who have no understanding;\n        they have all turned to their own way,\n        each to his own gain, one and all.\n    [12] \u201cCome,\u201d they say, \u201clet me get wine;\n        let us fill ourselves with strong drink;\n    and tomorrow will be like this day,\n        great beyond measure.\u201d (ESV)"]}