{"query": "Isaiah 24", "canonical": "Isaiah 24", "parsed": [[23024001, 23024023]], "passage_meta": [{"canonical": "Isaiah 24", "chapter_start": [23024001, 23024023], "chapter_end": [23024001, 23024023], "prev_verse": 23023018, "next_verse": 23025001, "prev_chapter": [23023001, 23023018], "next_chapter": [23025001, 23025012]}], "passages": ["Isaiah 24\n\nJudgment on the Whole Earth\n\n    [1] Behold, the LORD will empty the earth(1) and make it desolate,\n        and he will twist its surface and scatter its inhabitants.\n    [2] And it shall be, as with the people, so with the priest;\n        as with the slave, so with his master;\n        as with the maid, so with her mistress;\n    as with the buyer, so with the seller;\n        as with the lender, so with the borrower;\n        as with the creditor, so with the debtor.\n    [3] The earth shall be utterly empty and utterly plundered;\n        for the LORD has spoken this word.\n    \n    \n    [4] The earth mourns and withers;\n        the world languishes and withers;\n        the highest people of the earth languish.\n    [5] The earth lies defiled\n        under its inhabitants;\n    for they have transgressed the laws,\n        violated the statutes,\n        broken the everlasting covenant.\n    [6] Therefore a curse devours the earth,\n        and its inhabitants suffer for their guilt;\n    therefore the inhabitants of the earth are scorched,\n        and few men are left.\n    [7] The wine mourns,\n        the vine languishes,\n        all the merry-hearted sigh.\n    [8] The mirth of the tambourines is stilled,\n        the noise of the jubilant has ceased,\n        the mirth of the lyre is stilled.\n    [9] No more do they drink wine with singing;\n        strong drink is bitter to those who drink it.\n    [10] The wasted city is broken down;\n        every house is shut up so that none can enter.\n    [11] There is an outcry in the streets for lack of wine;\n        all joy has grown dark;\n        the gladness of the earth is banished.\n    [12] Desolation is left in the city;\n        the gates are battered into ruins.\n    [13] For thus it shall be in the midst of the earth\n        among the nations,\n    as when an olive tree is beaten,\n        as at the gleaning when the grape harvest is done.\n    \n    \n    [14] They lift up their voices, they sing for joy;\n        over the majesty of the LORD they shout from the west.(2)\n    [15] Therefore in the east(3) give glory to the LORD;\n        in the coastlands of the sea, give glory to the name of the LORD, the God of Israel.\n    [16] From the ends of the earth we hear songs of praise,\n        of glory to the Righteous One.\n    But I say, \u201cI waste away,\n        I waste away. Woe is me!\n    For the traitors have betrayed,\n        with betrayal the traitors have betrayed.\u201d\n    \n    \n    [17] Terror and the pit and the snare(4)\n        are upon you, O inhabitant of the earth!\n    [18] He who flees at the sound of the terror\n        shall fall into the pit,\n    and he who climbs out of the pit\n        shall be caught in the snare.\n    For the windows of heaven are opened,\n        and the foundations of the earth tremble.\n    [19] The earth is utterly broken,\n        the earth is split apart,\n        the earth is violently shaken.\n    [20] The earth staggers like a drunken man;\n        it sways like a hut;\n    its transgression lies heavy upon it,\n        and it falls, and will not rise again.\n    \n    \n    [21] On that day the LORD will punish\n        the host of heaven, in heaven,\n        and the kings of the earth, on the earth.\n    [22] They will be gathered together\n        as prisoners in a pit;\n    they will be shut up in a prison,\n        and after many days they will be punished.\n    [23] Then the moon will be confounded\n        and the sun ashamed,\n    for the LORD of hosts reigns\n        on Mount Zion and in Jerusalem,\n    and his glory will be before his elders.\n    \n\nFootnotes\n\n(1) 24:1 Or *land*; also throughout this chapter\n\n(2) 24:14 Hebrew *from the sea*\n\n(3) 24:15 Hebrew *in the realm of light*, or *with the fires*\n\n(4) 24:17 The Hebrew words for *terror*, *pit*, and *snare* sound alike\n (ESV)"]}