{"query": "Isaiah 30", "canonical": "Isaiah 30", "parsed": [[23030001, 23030033]], "passage_meta": [{"canonical": "Isaiah 30", "chapter_start": [23030001, 23030033], "chapter_end": [23030001, 23030033], "prev_verse": 23029024, "next_verse": 23031001, "prev_chapter": [23029001, 23029024], "next_chapter": [23031001, 23031009]}], "passages": ["Isaiah 30\n\nDo Not Go Down to Egypt\n\n    [1] \u201cAh, stubborn children,\u201d declares the LORD,\n    \u201cwho carry out a plan, but not mine,\n    and who make an alliance,(1) but not of my Spirit,\n        that they may add sin to sin;\n    [2] who set out to go down to Egypt,\n        without asking for my direction,\n    to take refuge in the protection of Pharaoh\n        and to seek shelter in the shadow of Egypt!\n    [3] Therefore shall the protection of Pharaoh turn to your shame,\n        and the shelter in the shadow of Egypt to your humiliation.\n    [4] For though his officials are at Zoan\n        and his envoys reach Hanes,\n    [5] everyone comes to shame\n        through a people that cannot profit them,\n    that brings neither help nor profit,\n        but shame and disgrace.\u201d\n    \n    \n      [6] An oracle on the beasts of the Negeb.\n\n    Through a land of trouble and anguish,\n        from where come the lioness and the lion,\n        the adder and the flying fiery serpent,\n    they carry their riches on the backs of donkeys,\n        and their treasures on the humps of camels,\n        to a people that cannot profit them.\n    [7] Egypt\u2019s help is worthless and empty;\n        therefore I have called her\n        \u201cRahab who sits still.\u201d\n    \n    \n    A Rebellious People\n\n    [8] And now, go, write it before them on a tablet\n        and inscribe it in a book,\n    that it may be for the time to come\n        as a witness forever.(2)\n    [9] For they are a rebellious people,\n        lying children,\n    children unwilling to hear\n        the instruction of the LORD;\n    [10] who say to the seers, \u201cDo not see,\u201d\n        and to the prophets, \u201cDo not prophesy to us what is right;\n    speak to us smooth things,\n        prophesy illusions,\n    [11] leave the way, turn aside from the path,\n        let us hear no more about the Holy One of Israel.\u201d\n    [12] Therefore thus says the Holy One of Israel,\n    \u201cBecause you despise this word\n        and trust in oppression and perverseness\n        and rely on them,\n    [13] therefore this iniquity shall be to you\n        like a breach in a high wall, bulging out and about to collapse,\n        whose breaking comes suddenly, in an instant;\n    [14] and its breaking is like that of a potter\u2019s vessel\n        that is smashed so ruthlessly\n    that among its fragments not a shard is found\n        with which to take fire from the hearth,\n        or to dip up water out of the cistern.\u201d\n    \n    \n    [15] For thus said the Lord GOD, the Holy One of Israel,\n    \u201cIn returning(3) and rest you shall be saved;\n        in quietness and in trust shall be your strength.\u201d\n    But you were unwilling, [16] and you said,\n    \u201cNo! We will flee upon horses\u201d;\n        therefore you shall flee away;\n    and, \u201cWe will ride upon swift steeds\u201d;\n        therefore your pursuers shall be swift.\n    [17] A thousand shall flee at the threat of one;\n        at the threat of five you shall flee,\n    till you are left\n        like a flagstaff on the top of a mountain,\n        like a signal on a hill.\n    \n    \n    The LORD Will Be Gracious\n\n    [18] Therefore the LORD waits to be gracious to you,\n        and therefore he exalts himself to show mercy to you.\n    For the LORD is a God of justice;\n        blessed are all those who wait for him.\n    \n    \n      [19] For a people shall dwell in Zion, in Jerusalem; you shall weep no more. He will surely be gracious to you at the sound of your cry. As soon as he hears it, he answers you. [20] And though the Lord give you the bread of adversity and the water of affliction, yet your Teacher will not hide himself anymore, but your eyes shall see your Teacher. [21] And your ears shall hear a word behind you, saying, \u201cThis is the way, walk in it,\u201d when you turn to the right or when you turn to the left. [22] Then you will defile your carved idols overlaid with silver and your gold-plated metal images. You will scatter them as unclean things. You will say to them, \u201cBe gone!\u201d\n\n  [23] And he will give rain for the seed with which you sow the ground, and bread, the produce of the ground, which will be rich and plenteous. In that day your livestock will graze in large pastures, [24] and the oxen and the donkeys that work the ground will eat seasoned fodder, which has been winnowed with shovel and fork. [25] And on every lofty mountain and every high hill there will be brooks running with water, in the day of the great slaughter, when the towers fall. [26] Moreover, the light of the moon will be as the light of the sun, and the light of the sun will be sevenfold, as the light of seven days, in the day when the LORD binds up the brokenness of his people, and heals the wounds inflicted by his blow.\n\n    [27] Behold, the name of the LORD comes from afar,\n        burning with his anger, and in thick rising smoke;(4)\n    his lips are full of fury,\n        and his tongue is like a devouring fire;\n    [28] his breath is like an overflowing stream\n        that reaches up to the neck;\n    to sift the nations with the sieve of destruction,\n        and to place on the jaws of the peoples a bridle that leads astray.\n    \n    \n      [29] You shall have a song as in the night when a holy feast is kept, and gladness of heart, as when one sets out to the sound of the flute to go to the mountain of the LORD, to the Rock of Israel. [30] And the LORD will cause his majestic voice to be heard and the descending blow of his arm to be seen, in furious anger and a flame of devouring fire, with a cloudburst and storm and hailstones. [31] The Assyrians will be terror-stricken at the voice of the LORD, when he strikes with his rod. [32] And every stroke of the appointed staff that the LORD lays on them will be to the sound of tambourines and lyres. Battling with brandished arm, he will fight with them. [33] For a burning place(5) has long been prepared; indeed, for the king it is made ready, its pyre made deep and wide, with fire and wood in abundance; the breath of the LORD, like a stream of sulfur, kindles it.\n\nFootnotes\n\n(1) 30:1 Hebrew *who weave a web*\n\n(2) 30:8 Some Hebrew manuscripts, Syriac, Targum, Vulgate, and Greek versions; Masoretic Text *forever and ever*\n\n(3) 30:15 Or *repentance*\n\n(4) 30:27 Hebrew *in weight of uplifted clouds*\n\n(5) 30:33 Or *For Topheth*\n (ESV)"]}