{"query": "Isaiah 21", "canonical": "Isaiah 21", "parsed": [[23021001, 23021017]], "passage_meta": [{"canonical": "Isaiah 21", "chapter_start": [23021001, 23021017], "chapter_end": [23021001, 23021017], "prev_verse": 23020006, "next_verse": 23022001, "prev_chapter": [23020001, 23020006], "next_chapter": [23022001, 23022025]}], "passages": ["Isaiah 21\n\nFallen, Fallen Is Babylon\n\n  [1] The oracle concerning the wilderness of the sea.\n\n    As whirlwinds in the Negeb sweep on,\n        it comes from the wilderness,\n        from a terrible land.\n    [2] A stern vision is told to me;\n        the traitor betrays,\n        and the destroyer destroys.\n    Go up, O Elam;\n        lay siege, O Media;\n    all the sighing she has caused\n        I bring to an end.\n    [3] Therefore my loins are filled with anguish;\n        pangs have seized me,\n        like the pangs of a woman in labor;\n    I am bowed down so that I cannot hear;\n        I am dismayed so that I cannot see.\n    [4] My heart staggers; horror has appalled me;\n        the twilight I longed for\n        has been turned for me into trembling.\n    [5] They prepare the table,\n        they spread the rugs,(1)\n        they eat, they drink.\n    Arise, O princes;\n        oil the shield!\n    [6] For thus the Lord said to me:\n    \u201cGo, set a watchman;\n        let him announce what he sees.\n    [7] When he sees riders, horsemen in pairs,\n        riders on donkeys, riders on camels,\n    let him listen diligently,\n        very diligently.\u201d\n    [8] Then he who saw cried out:(2)\n    \u201cUpon a watchtower I stand, O Lord,\n        continually by day,\n    and at my post I am stationed\n        whole nights.\n    [9] And behold, here come riders,\n        horsemen in pairs!\u201d\n    And he answered,\n        \u201cFallen, fallen is Babylon;\n    and all the carved images of her gods\n        he has shattered to the ground.\u201d\n    [10] O my threshed and winnowed one,\n        what I have heard from the LORD of hosts,\n        the God of Israel, I announce to you.\n    \n    \n      [11] The oracle concerning Dumah.\n\n    One is calling to me from Seir,\n        \u201cWatchman, what time of the night?\n        Watchman, what time of the night?\u201d\n    [12] The watchman says:\n    \u201cMorning comes, and also the night.\n        If you will inquire, inquire;\n        come back again.\u201d\n    \n    \n      [13] The oracle concerning Arabia.\n\n    In the thickets in Arabia you will lodge,\n        O caravans of Dedanites.\n    [14] To the thirsty bring water;\n        meet the fugitive with bread,\n        O inhabitants of the land of Tema.\n    [15] For they have fled from the swords,\n        from the drawn sword,\n    from the bent bow,\n        and from the press of battle.\n    \n    \n      [16] For thus the Lord said to me, \u201cWithin a year, according to the years of a hired worker, all the glory of Kedar will come to an end. [17] And the remainder of the archers of the mighty men of the sons of Kedar will be few, for the LORD, the God of Israel, has spoken.\u201d\n\nFootnotes\n\n(1) 21:5 Or *they set the watchman*\n\n(2) 21:8 Dead Sea Scroll, Syriac; Masoretic Text *Then a lion cried out*, or *Then he cried out like a lion*\n (ESV)"]}