{"query": "Isaiah 64", "canonical": "Isaiah 64", "parsed": [[23064001, 23064012]], "passage_meta": [{"canonical": "Isaiah 64", "chapter_start": [23064001, 23064012], "chapter_end": [23064001, 23064012], "prev_verse": 23063019, "next_verse": 23065001, "prev_chapter": [23063001, 23063019], "next_chapter": [23065001, 23065025]}], "passages": ["Isaiah 64\n\n    [1] Oh that you would rend the heavens and come down,\n        that the mountains might quake at your presence\u2014\n    [2] (1) as when fire kindles brushwood\n        and the fire causes water to boil\u2014\n    to make your name known to your adversaries,\n        and that the nations might tremble at your presence!\n    [3] When you did awesome things that we did not look for,\n        you came down, the mountains quaked at your presence.\n    [4] From of old no one has heard\n        or perceived by the ear,\n    no eye has seen a God besides you,\n        who acts for those who wait for him.\n    [5] You meet him who joyfully works righteousness,\n        those who remember you in your ways.\n    Behold, you were angry, and we sinned;\n        in our sins we have been a long time, and shall we be saved?(2)\n    [6] We have all become like one who is unclean,\n        and all our righteous deeds are like a polluted garment.\n    We all fade like a leaf,\n        and our iniquities, like the wind, take us away.\n    [7] There is no one who calls upon your name,\n        who rouses himself to take hold of you;\n    for you have hidden your face from us,\n        and have made us melt in(3) the hand of our iniquities.\n    \n    \n    [8] But now, O LORD, you are our Father;\n        we are the clay, and you are our potter;\n        we are all the work of your hand.\n    [9] Be not so terribly angry, O LORD,\n        and remember not iniquity forever.\n        Behold, please look, we are all your people.\n    [10] Your holy cities have become a wilderness;\n        Zion has become a wilderness,\n        Jerusalem a desolation.\n    [11] Our holy and beautiful(4) house,\n        where our fathers praised you,\n    has been burned by fire,\n        and all our pleasant places have become ruins.\n    [12] Will you restrain yourself at these things, O LORD?\n        Will you keep silent, and afflict us so terribly?\n    \n\nFootnotes\n\n(1) 64:2 Ch 64:1 in Hebrew\n\n(2) 64:5 Or *in your ways is continuance, that we might be saved*\n\n(3) 64:7 Masoretic Text; Septuagint, Syriac, Targum *have delivered us into*\n\n(4) 64:11 Or *holy and glorious*\n (ESV)"]}