{"query": "Isaiah 62", "canonical": "Isaiah 62", "parsed": [[23062001, 23062012]], "passage_meta": [{"canonical": "Isaiah 62", "chapter_start": [23062001, 23062012], "chapter_end": [23062001, 23062012], "prev_verse": 23061011, "next_verse": 23063001, "prev_chapter": [23061001, 23061011], "next_chapter": [23063001, 23063019]}], "passages": ["Isaiah 62\n\nZion\u2019s Coming Salvation\n\n    [1] For Zion\u2019s sake I will not keep silent,\n        and for Jerusalem\u2019s sake I will not be quiet,\n    until her righteousness goes forth as brightness,\n        and her salvation as a burning torch.\n    [2] The nations shall see your righteousness,\n        and all the kings your glory,\n    and you shall be called by a new name\n        that the mouth of the LORD will give.\n    [3] You shall be a crown of beauty in the hand of the LORD,\n        and a royal diadem in the hand of your God.\n    [4] You shall no more be termed Forsaken,(1)\n        and your land shall no more be termed Desolate,(2)\n    but you shall be called My Delight Is in Her,(3)\n        and your land Married;(4)\n    for the LORD delights in you,\n        and your land shall be married.\n    [5] For as a young man marries a young woman,\n        so shall your sons marry you,\n    and as the bridegroom rejoices over the bride,\n        so shall your God rejoice over you.\n    \n    \n    [6] On your walls, O Jerusalem,\n        I have set watchmen;\n    all the day and all the night\n        they shall never be silent.\n    You who put the LORD in remembrance,\n        take no rest,\n    [7] and give him no rest\n        until he establishes Jerusalem\n        and makes it a praise in the earth.\n    [8] The LORD has sworn by his right hand\n        and by his mighty arm:\n    \u201cI will not again give your grain\n        to be food for your enemies,\n    and foreigners shall not drink your wine\n        for which you have labored;\n    [9] but those who garner it shall eat it\n        and praise the LORD,\n    and those who gather it shall drink it\n        in the courts of my sanctuary.\u201d(5)\n    \n    \n    [10] Go through, go through the gates;\n        prepare the way for the people;\n    build up, build up the highway;\n        clear it of stones;\n        lift up a signal over the peoples.\n    [11] Behold, the LORD has proclaimed\n        to the end of the earth:\n    Say to the daughter of Zion,\n        \u201cBehold, your salvation comes;\n    behold, his reward is with him,\n        and his recompense before him.\u201d\n    [12] And they shall be called The Holy People,\n        The Redeemed of the LORD;\n    and you shall be called Sought Out,\n        A City Not Forsaken.\n    \n\nFootnotes\n\n(1) 62:4 Hebrew *Azubah*\n\n(2) 62:4 Hebrew *Shemamah*\n\n(3) 62:4 Hebrew *Hephzibah*\n\n(4) 62:4 Hebrew *Beulah*\n\n(5) 62:9 Or *in my holy courts*\n (ESV)"]}