{"query": "Isaiah 53", "canonical": "Isaiah 53", "parsed": [[23053001, 23053012]], "passage_meta": [{"canonical": "Isaiah 53", "chapter_start": [23053001, 23053012], "chapter_end": [23053001, 23053012], "prev_verse": 23052015, "next_verse": 23054001, "prev_chapter": [23052001, 23052015], "next_chapter": [23054001, 23054017]}], "passages": ["Isaiah 53\n\n    [1] Who has believed what he has heard from us?(1)\n        And to whom has the arm of the LORD been revealed?\n    [2] For he grew up before him like a young plant,\n        and like a root out of dry ground;\n    he had no form or majesty that we should look at him,\n        and no beauty that we should desire him.\n    [3] He was despised and rejected(2) by men,\n        a man of sorrows(3) and acquainted with(4) grief;(5)\n    and as one from whom men hide their faces(6)\n        he was despised, and we esteemed him not.\n    \n    \n    [4] Surely he has borne our griefs\n        and carried our sorrows;\n    yet we esteemed him stricken,\n        smitten by God, and afflicted.\n    [5] But he was pierced for our transgressions;\n        he was crushed for our iniquities;\n    upon him was the chastisement that brought us peace,\n        and with his wounds we are healed.\n    [6] All we like sheep have gone astray;\n        we have turned\u2014every one\u2014to his own way;\n    and the LORD has laid on him\n        the iniquity of us all.\n    \n    \n    [7] He was oppressed, and he was afflicted,\n        yet he opened not his mouth;\n    like a lamb that is led to the slaughter,\n        and like a sheep that before its shearers is silent,\n        so he opened not his mouth.\n    [8] By oppression and judgment he was taken away;\n        and as for his generation, who considered\n    that he was cut off out of the land of the living,\n        stricken for the transgression of my people?\n    [9] And they made his grave with the wicked\n        and with a rich man in his death,\n    although he had done no violence,\n        and there was no deceit in his mouth.\n    \n    \n    [10] Yet it was the will of the LORD to crush him;\n        he has put him to grief;(7)\n    when his soul makes(8) an offering for guilt,\n        he shall see his offspring; he shall prolong his days;\n    the will of the LORD shall prosper in his hand.\n    [11] Out of the anguish of his soul he shall see(9) and be satisfied;\n    by his knowledge shall the righteous one, my servant,\n        make many to be accounted righteous,\n        and he shall bear their iniquities.\n    [12] Therefore I will divide him a portion with the many,(10)\n        and he shall divide the spoil with the strong,(11)\n    because he poured out his soul to death\n        and was numbered with the transgressors;\n    yet he bore the sin of many,\n        and makes intercession for the transgressors.\n    \n\nFootnotes\n\n(1) 53:1 Or *Who has believed what we have heard?*\n\n(2) 53:3 Or *forsaken*\n\n(3) 53:3 Or *pains*; also verse 4\n\n(4) 53:3 Or *and knowing*\n\n(5) 53:3 Or *sickness*; also verse 4\n\n(6) 53:3 Or *as one who hides his face from us*\n\n(7) 53:10 Or *he has made him sick*\n\n(8) 53:10 Or *when you make his soul*\n\n(9) 53:11 Masoretic Text; Dead Sea Scroll *he shall see light*\n\n(10) 53:12 Or *with the great*\n\n(11) 53:12 Or *with the numerous*\n (ESV)"]}