{"query": "Isaiah 1", "canonical": "Isaiah 1", "parsed": [[23001001, 23001031]], "passage_meta": [{"canonical": "Isaiah 1", "chapter_start": [23001001, 23001031], "chapter_end": [23001001, 23001031], "prev_verse": 22008014, "next_verse": 23002001, "prev_chapter": [22008001, 22008014], "next_chapter": [23002001, 23002022]}], "passages": ["Isaiah 1\n\n\n\n  [1] The vision of Isaiah the son of Amoz, which he saw concerning Judah and Jerusalem in the days of Uzziah, Jotham, Ahaz, and Hezekiah, kings of Judah.\n\nThe Wickedness of Judah\n\n    [2] Hear, O heavens, and give ear, O earth;\n        for the LORD has spoken:\n    \u201cChildren(1) have I reared and brought up,\n        but they have rebelled against me.\n    [3] The ox knows its owner,\n        and the donkey its master\u2019s crib,\n    but Israel does not know,\n        my people do not understand.\u201d\n    \n    \n    [4] Ah, sinful nation,\n        a people laden with iniquity,\n    offspring of evildoers,\n        children who deal corruptly!\n    They have forsaken the LORD,\n        they have despised the Holy One of Israel,\n        they are utterly estranged.\n    \n    \n    [5] Why will you still be struck down?\n        Why will you continue to rebel?\n    The whole head is sick,\n        and the whole heart faint.\n    [6] From the sole of the foot even to the head,\n        there is no soundness in it,\n    but bruises and sores\n        and raw wounds;\n    they are not pressed out or bound up\n        or softened with oil.\n    \n    \n    [7] Your country lies desolate;\n        your cities are burned with fire;\n    in your very presence\n        foreigners devour your land;\n        it is desolate, as overthrown by foreigners.\n    [8] And the daughter of Zion is left\n        like a booth in a vineyard,\n    like a lodge in a cucumber field,\n        like a besieged city.\n    \n    \n    [9] If the LORD of hosts\n        had not left us a few survivors,\n    we should have been like Sodom,\n        and become like Gomorrah.\n    \n    \n    [10] Hear the word of the LORD,\n        you rulers of Sodom!\n    Give ear to the teaching(2) of our God,\n        you people of Gomorrah!\n    [11] \u201cWhat to me is the multitude of your sacrifices?\n        says the LORD;\n    I have had enough of burnt offerings of rams\n        and the fat of well-fed beasts;\n    I do not delight in the blood of bulls,\n        or of lambs, or of goats.\n    \n    \n    [12] \u201cWhen you come to appear before me,\n        who has required of you\n        this trampling of my courts?\n    [13] Bring no more vain offerings;\n        incense is an abomination to me.\n    New moon and Sabbath and the calling of convocations\u2014\n        I cannot endure iniquity and solemn assembly.\n    [14] Your new moons and your appointed feasts\n        my soul hates;\n    they have become a burden to me;\n        I am weary of bearing them.\n    [15] When you spread out your hands,\n        I will hide my eyes from you;\n    even though you make many prayers,\n        I will not listen;\n        your hands are full of blood.\n    [16] Wash yourselves; make yourselves clean;\n        remove the evil of your deeds from before my eyes;\n    cease to do evil,\n    [17]     learn to do good;\n    seek justice,\n        correct oppression;\n    bring justice to the fatherless,\n        plead the widow\u2019s cause.\n    \n    \n    [18] \u201cCome now, let us reason(3) together, says the LORD:\n    though your sins are like scarlet,\n        they shall be as white as snow;\n    though they are red like crimson,\n        they shall become like wool.\n    [19] If you are willing and obedient,\n        you shall eat the good of the land;\n    [20] but if you refuse and rebel,\n        you shall be eaten by the sword;\n        for the mouth of the LORD has spoken.\u201d\n    \n    \n    The Unfaithful City\n\n    [21] How the faithful city\n        has become a whore,(4)\n        she who was full of justice!\n    Righteousness lodged in her,\n        but now murderers.\n    [22] Your silver has become dross,\n        your best wine mixed with water.\n    [23] Your princes are rebels\n        and companions of thieves.\n    Everyone loves a bribe\n        and runs after gifts.\n    They do not bring justice to the fatherless,\n        and the widow\u2019s cause does not come to them.\n    \n    \n    [24] Therefore the Lord declares,\n        the LORD of hosts,\n        the Mighty One of Israel:\n    \u201cAh, I will get relief from my enemies\n        and avenge myself on my foes.\n    [25] I will turn my hand against you\n        and will smelt away your dross as with lye\n        and remove all your alloy.\n    [26] And I will restore your judges as at the first,\n        and your counselors as at the beginning.\n    Afterward you shall be called the city of righteousness,\n        the faithful city.\u201d\n    \n    \n    [27] Zion shall be redeemed by justice,\n        and those in her who repent, by righteousness.\n    [28] But rebels and sinners shall be broken together,\n        and those who forsake the LORD shall be consumed.\n    [29] For they(5) shall be ashamed of the oaks\n        that you desired;\n    and you shall blush for the gardens\n        that you have chosen.\n    [30] For you shall be like an oak\n        whose leaf withers,\n        and like a garden without water.\n    [31] And the strong shall become tinder,\n        and his work a spark,\n    and both of them shall burn together,\n        with none to quench them.\n    \n\nFootnotes\n\n(1) 1:2 Or *Sons*; also verse 4\n\n(2) 1:10 Or *law*\n\n(3) 1:18 Or *dispute*\n\n(4) 1:21 Or *become unchaste*\n\n(5) 1:29 Some Hebrew manuscripts *you*\n (ESV)"]}