{"query": "Isaiah 19", "canonical": "Isaiah 19", "parsed": [[23019001, 23019025]], "passage_meta": [{"canonical": "Isaiah 19", "chapter_start": [23019001, 23019025], "chapter_end": [23019001, 23019025], "prev_verse": 23018007, "next_verse": 23020001, "prev_chapter": [23018001, 23018007], "next_chapter": [23020001, 23020006]}], "passages": ["Isaiah 19\n\nAn Oracle Concerning Egypt\n\n  [1] An oracle concerning Egypt.\n\n    Behold, the LORD is riding on a swift cloud\n        and comes to Egypt;\n    and the idols of Egypt will tremble at his presence,\n        and the heart of the Egyptians will melt within them.\n    [2] And I will stir up Egyptians against Egyptians,\n        and they will fight, each against another\n        and each against his neighbor,\n        city against city, kingdom against kingdom;\n    [3] and the spirit of the Egyptians within them will be emptied out,\n        and I will confound(1) their counsel;\n    and they will inquire of the idols and the sorcerers,\n        and the mediums and the necromancers;\n    [4] and I will give over the Egyptians\n        into the hand of a hard master,\n    and a fierce king will rule over them,\n        declares the Lord GOD of hosts.\n    \n    \n    [5] And the waters of the sea will be dried up,\n        and the river will be dry and parched,\n    [6] and its canals will become foul,\n        and the branches of Egypt\u2019s Nile will diminish and dry up,\n        reeds and rushes will rot away.\n    [7] There will be bare places by the Nile,\n        on the brink of the Nile,\n    and all that is sown by the Nile will be parched,\n        will be driven away, and will be no more.\n    [8] The fishermen will mourn and lament,\n        all who cast a hook in the Nile;\n    and they will languish\n        who spread nets on the water.\n    [9] The workers in combed flax will be in despair,\n        and the weavers of white cotton.\n    [10] Those who are the pillars of the land will be crushed,\n        and all who work for pay will be grieved.\n    \n    \n    [11] The princes of Zoan are utterly foolish;\n        the wisest counselors of Pharaoh give stupid counsel.\n    How can you say to Pharaoh,\n        \u201cI am a son of the wise,\n        a son of ancient kings\u201d?\n    [12] Where then are your wise men?\n        Let them tell you\n        that they might know what the LORD of hosts has purposed against Egypt.\n    [13] The princes of Zoan have become fools,\n        and the princes of Memphis are deluded;\n    those who are the cornerstones of her tribes\n        have made Egypt stagger.\n    [14] The LORD has mingled within her a spirit of confusion,\n    and they will make Egypt stagger in all its deeds,\n        as a drunken man staggers in his vomit.\n    [15] And there will be nothing for Egypt\n        that head or tail, palm branch or reed, may do.\n    \n    \n    Egypt, Assyria, Israel Blessed\n\n  [16] In that day the Egyptians will be like women, and tremble with fear before the hand that the LORD of hosts shakes over them. [17] And the land of Judah will become a terror to the Egyptians. Everyone to whom it is mentioned will fear because of the purpose that the LORD of hosts has purposed against them.\n\n  [18] In that day there will be five cities in the land of Egypt that speak the language of Canaan and swear allegiance to the LORD of hosts. One of these will be called the City of Destruction.(2)\n\n  [19] In that day there will be an altar to the LORD in the midst of the land of Egypt, and a pillar to the LORD at its border. [20] It will be a sign and a witness to the LORD of hosts in the land of Egypt. When they cry to the LORD because of oppressors, he will send them a savior and defender, and deliver them. [21] And the LORD will make himself known to the Egyptians, and the Egyptians will know the LORD in that day and worship with sacrifice and offering, and they will make vows to the LORD and perform them. [22] And the LORD will strike Egypt, striking and healing, and they will return to the LORD, and he will listen to their pleas for mercy and heal them.\n\n  [23] In that day there will be a highway from Egypt to Assyria, and Assyria will come into Egypt, and Egypt into Assyria, and the Egyptians will worship with the Assyrians.\n\n  [24] In that day Israel will be the third with Egypt and Assyria, a blessing in the midst of the earth, [25] whom the LORD of hosts has blessed, saying, \u201cBlessed be Egypt my people, and Assyria the work of my hands, and Israel my inheritance.\u201d\n\nFootnotes\n\n(1) 19:3 Or *I will swallow up*\n\n(2) 19:18 Dead Sea Scroll and some other manuscripts *City of the Sun*\n (ESV)"]}