{"query": "Isaiah 27", "canonical": "Isaiah 27", "parsed": [[23027001, 23027013]], "passage_meta": [{"canonical": "Isaiah 27", "chapter_start": [23027001, 23027013], "chapter_end": [23027001, 23027013], "prev_verse": 23026021, "next_verse": 23028001, "prev_chapter": [23026001, 23026021], "next_chapter": [23028001, 23028029]}], "passages": ["Isaiah 27\n\nThe Redemption of Israel\n\n  [1] In that day the LORD with his hard and great and strong sword will punish Leviathan the fleeing serpent, Leviathan the twisting serpent, and he will slay the dragon that is in the sea.\n\n    [2] In that day,\n    \u201cA pleasant vineyard,(1) sing of it!\n    [3]     I, the LORD, am its keeper;\n        every moment I water it.\n        Lest anyone punish it,\n    I keep it night and day;\n    [4]     I have no wrath.\n    Would that I had thorns and briers to battle!\n        I would march against them,\n        I would burn them up together.\n    [5] Or let them lay hold of my protection,\n        let them make peace with me,\n        let them make peace with me.\u201d\n    \n    \n    [6] In days to come(2) Jacob shall take root,\n        Israel shall blossom and put forth shoots\n        and fill the whole world with fruit.\n    \n    \n    [7] Has he struck them as he struck those who struck them?\n        Or have they been slain as their slayers were slain?\n    [8] Measure by measure,(3) by exile you contended with them;\n        he removed them with his fierce breath(4) in the day of the east wind.\n    [9] Therefore by this the guilt of Jacob will be atoned for,\n        and this will be the full fruit of the removal of his sin:(5)\n    when he makes all the stones of the altars\n        like chalkstones crushed to pieces,\n        no Asherim or incense altars will remain standing.\n    [10] For the fortified city is solitary,\n        a habitation deserted and forsaken, like the wilderness;\n    there the calf grazes;\n        there it lies down and strips its branches.\n    [11] When its boughs are dry, they are broken;\n        women come and make a fire of them.\n    For this is a people without discernment;\n        therefore he who made them will not have compassion on them;\n        he who formed them will show them no favor.\n    \n    \n      [12] In that day from the river Euphrates(6) to the Brook of Egypt the LORD will thresh out the grain, and you will be gleaned one by one, O people of Israel. [13] And in that day a great trumpet will be blown, and those who were lost in the land of Assyria and those who were driven out to the land of Egypt will come and worship the LORD on the holy mountain at Jerusalem.\n\nFootnotes\n\n(1) 27:2 Many Hebrew manuscripts *A vineyard of wine*\n\n(2) 27:6 Hebrew *In those to come*\n\n(3) 27:8 Or *By driving her away*; the meaning of the Hebrew word is uncertain\n\n(4) 27:8 Or *wind*\n\n(5) 27:9 Septuagint *and this is the blessing when I take away his sin*\n\n(6) 27:12 Hebrew *from the River*\n (ESV)"]}