{"query": "Isaiah 15", "canonical": "Isaiah 15", "parsed": [[23015001, 23015009]], "passage_meta": [{"canonical": "Isaiah 15", "chapter_start": [23015001, 23015009], "chapter_end": [23015001, 23015009], "prev_verse": 23014032, "next_verse": 23016001, "prev_chapter": [23014001, 23014032], "next_chapter": [23016001, 23016014]}], "passages": ["Isaiah 15\n\nAn Oracle Concerning Moab\n\n  [1] An oracle concerning Moab.\n\n    Because Ar of Moab is laid waste in a night,\n        Moab is undone;\n    because Kir of Moab is laid waste in a night,\n        Moab is undone.\n    [2] He has gone up to the temple,(1) and to Dibon,\n        to the high places(2) to weep;\n    over Nebo and over Medeba\n        Moab wails.\n    On every head is baldness;\n        every beard is shorn;\n    [3] in the streets they wear sackcloth;\n        on the housetops and in the squares\n        everyone wails and melts in tears.\n    [4] Heshbon and Elealeh cry out;\n        their voice is heard as far as Jahaz;\n    therefore the armed men of Moab cry aloud;\n        his soul trembles.\n    [5] My heart cries out for Moab;\n        her fugitives flee to Zoar,\n        to Eglath-shelishiyah.\n    For at the ascent of Luhith\n        they go up weeping;\n    on the road to Horonaim\n        they raise a cry of destruction;\n    [6] the waters of Nimrim\n        are a desolation;\n    the grass is withered, the vegetation fails,\n        the greenery is no more.\n    [7] Therefore the abundance they have gained\n        and what they have laid up\n    they carry away\n        over the Brook of the Willows.\n    [8] For a cry has gone\n        around the land of Moab;\n    her wailing reaches to Eglaim;\n        her wailing reaches to Beer-elim.\n    [9] For the waters of Dibon(3) are full of blood;\n        for I will bring upon Dibon even more,\n    a lion for those of Moab who escape,\n        for the remnant of the land.\n    \n\nFootnotes\n\n(1) 15:2 Hebrew *the house*\n\n(2) 15:2 Or *temple, even Dibon to the high places*\n\n(3) 15:9 Dead Sea Scroll, Vulgate (compare Syriac); Masoretic Text *Dimon*; twice in this verse\n (ESV)"]}