{"query": "Isaiah 40", "canonical": "Isaiah 40", "parsed": [[23040001, 23040031]], "passage_meta": [{"canonical": "Isaiah 40", "chapter_start": [23040001, 23040031], "chapter_end": [23040001, 23040031], "prev_verse": 23039008, "next_verse": 23041001, "prev_chapter": [23039001, 23039008], "next_chapter": [23041001, 23041029]}], "passages": ["Isaiah 40\n\nComfort for God\u2019s People\n\n    [1] Comfort, comfort my people, says your God.\n    [2] Speak tenderly to Jerusalem,\n        and cry to her\n    that her warfare(1) is ended,\n        that her iniquity is pardoned,\n    that she has received from the LORD\u2019s hand\n        double for all her sins.\n    \n    \n    [3] A voice cries:(2)\n    \u201cIn the wilderness prepare the way of the LORD;\n        make straight in the desert a highway for our God.\n    [4] Every valley shall be lifted up,\n        and every mountain and hill be made low;\n    the uneven ground shall become level,\n        and the rough places a plain.\n    [5] And the glory of the LORD shall be revealed,\n        and all flesh shall see it together,\n        for the mouth of the LORD has spoken.\u201d\n    \n    \n    The Word of God Stands Forever\n\n    [6] A voice says, \u201cCry!\u201d\n        And I said,(3) \u201cWhat shall I cry?\u201d\n    All flesh is grass,\n        and all its beauty(4) is like the flower of the field.\n    [7] The grass withers, the flower fades\n        when the breath of the LORD blows on it;\n        surely the people are grass.\n    [8] The grass withers, the flower fades,\n        but the word of our God will stand forever.\n    \n    \n    The Greatness of God\n\n    [9] Go on up to a high mountain,\n        O Zion, herald of good news;(5)\n    lift up your voice with strength,\n        O Jerusalem, herald of good news;(6)\n        lift it up, fear not;\n    say to the cities of Judah,\n        \u201cBehold your God!\u201d\n    [10] Behold, the Lord GOD comes with might,\n        and his arm rules for him;\n    behold, his reward is with him,\n        and his recompense before him.\n    [11] He will tend his flock like a shepherd;\n        he will gather the lambs in his arms;\n    he will carry them in his bosom,\n        and gently lead those that are with young.\n    \n    \n    [12] Who has measured the waters in the hollow of his hand\n        and marked off the heavens with a span,\n    enclosed the dust of the earth in a measure\n        and weighed the mountains in scales\n        and the hills in a balance?\n    [13] Who has measured(7) the Spirit of the LORD,\n        or what man shows him his counsel?\n    [14] Whom did he consult,\n        and who made him understand?\n    Who taught him the path of justice,\n        and taught him knowledge,\n        and showed him the way of understanding?\n    [15] Behold, the nations are like a drop from a bucket,\n        and are accounted as the dust on the scales;\n        behold, he takes up the coastlands like fine dust.\n    [16] Lebanon would not suffice for fuel,\n        nor are its beasts enough for a burnt offering.\n    [17] All the nations are as nothing before him,\n        they are accounted by him as less than nothing and emptiness.\n    \n    \n    [18] To whom then will you liken God,\n        or what likeness compare with him?\n    [19] An idol! A craftsman casts it,\n        and a goldsmith overlays it with gold\n        and casts for it silver chains.\n    [20] He who is too impoverished for an offering\n        chooses wood(8) that will not rot;\n    he seeks out a skillful craftsman\n        to set up an idol that will not move.\n    \n    \n    [21] Do you not know? Do you not hear?\n        Has it not been told you from the beginning?\n        Have you not understood from the foundations of the earth?\n    [22] It is he who sits above the circle of the earth,\n        and its inhabitants are like grasshoppers;\n    who stretches out the heavens like a curtain,\n        and spreads them like a tent to dwell in;\n    [23] who brings princes to nothing,\n        and makes the rulers of the earth as emptiness.\n    \n    \n    [24] Scarcely are they planted, scarcely sown,\n        scarcely has their stem taken root in the earth,\n    when he blows on them, and they wither,\n        and the tempest carries them off like stubble.\n    \n    \n    [25] To whom then will you compare me,\n        that I should be like him? says the Holy One.\n    [26] Lift up your eyes on high and see:\n        who created these?\n    He who brings out their host by number,\n        calling them all by name;\n    by the greatness of his might\n        and because he is strong in power,\n        not one is missing.\n    \n    \n    [27] Why do you say, O Jacob,\n        and speak, O Israel,\n    \u201cMy way is hidden from the LORD,\n        and my right is disregarded by my God\u201d?\n    [28] Have you not known? Have you not heard?\n    The LORD is the everlasting God,\n        the Creator of the ends of the earth.\n    He does not faint or grow weary;\n        his understanding is unsearchable.\n    [29] He gives power to the faint,\n        and to him who has no might he increases strength.\n    [30] Even youths shall faint and be weary,\n        and young men shall fall exhausted;\n    [31] but they who wait for the LORD shall renew their strength;\n        they shall mount up with wings like eagles;\n    they shall run and not be weary;\n        they shall walk and not faint.\n    \n\nFootnotes\n\n(1) 40:2 Or *hardship*\n\n(2) 40:3 Or *A voice of one crying*\n\n(3) 40:6 Revocalization based on Dead Sea Scroll, Septuagint, Vulgate; Masoretic Text *And someone says*\n\n(4) 40:6 Or *all its constancy*\n\n(5) 40:9 Or *O herald of good news to Zion*\n\n(6) 40:9 Or *O herald of good news to Jerusalem*\n\n(7) 40:13 Or *has directed*\n\n(8) 40:20 Or *He chooses valuable wood*\n (ESV)"]}