{"query": "Isaiah 48", "canonical": "Isaiah 48", "parsed": [[23048001, 23048022]], "passage_meta": [{"canonical": "Isaiah 48", "chapter_start": [23048001, 23048022], "chapter_end": [23048001, 23048022], "prev_verse": 23047015, "next_verse": 23049001, "prev_chapter": [23047001, 23047015], "next_chapter": [23049001, 23049026]}], "passages": ["Isaiah 48\n\nIsrael Refined for God\u2019s Glory\n\n    [1] Hear this, O house of Jacob,\n        who are called by the name of Israel,\n        and who came from the waters of Judah,\n    who swear by the name of the LORD\n        and confess the God of Israel,\n        but not in truth or right.\n    [2] For they call themselves after the holy city,\n        and stay themselves on the God of Israel;\n        the LORD of hosts is his name.\n    \n    \n    [3] \u201cThe former things I declared of old;\n        they went out from my mouth, and I announced them;\n        then suddenly I did them, and they came to pass.\n    [4] Because I know that you are obstinate,\n        and your neck is an iron sinew\n        and your forehead brass,\n    [5] I declared them to you from of old,\n        before they came to pass I announced them to you,\n    lest you should say, \u2018My idol did them,\n        my carved image and my metal image commanded them.\u2019\n    \n    \n    [6] \u201cYou have heard; now see all this;\n        and will you not declare it?\n    From this time forth I announce to you new things,\n        hidden things that you have not known.\n    [7] They are created now, not long ago;\n        before today you have never heard of them,\n        lest you should say, \u2018Behold, I knew them.\u2019\n    [8] You have never heard, you have never known,\n        from of old your ear has not been opened.\n    For I knew that you would surely deal treacherously,\n        and that from before birth you were called a rebel.\n    \n    \n    [9] \u201cFor my name\u2019s sake I defer my anger;\n        for the sake of my praise I restrain it for you,\n        that I may not cut you off.\n    [10] Behold, I have refined you, but not as silver;\n        I have tried(1) you in the furnace of affliction.\n    [11] For my own sake, for my own sake, I do it,\n        for how should my name(2) be profaned?\n        My glory I will not give to another.\n    \n    \n    The LORD\u2019s Call to Israel\n\n    [12] \u201cListen to me, O Jacob,\n        and Israel, whom I called!\n    I am he; I am the first,\n        and I am the last.\n    [13] My hand laid the foundation of the earth,\n        and my right hand spread out the heavens;\n    when I call to them,\n        they stand forth together.\n    \n    \n    [14] \u201cAssemble, all of you, and listen!\n        Who among them has declared these things?\n    The LORD loves him;\n        he shall perform his purpose on Babylon,\n        and his arm shall be against the Chaldeans.\n    [15] I, even I, have spoken and called him;\n        I have brought him, and he will prosper in his way.\n    [16] Draw near to me, hear this:\n        from the beginning I have not spoken in secret,\n        from the time it came to be I have been there.\u201d\n    And now the Lord GOD has sent me, and his Spirit.\n    \n    \n    [17] Thus says the LORD,\n        your Redeemer, the Holy One of Israel:\n    \u201cI am the LORD your God,\n        who teaches you to profit,\n        who leads you in the way you should go.\n    [18] Oh that you had paid attention to my commandments!\n        Then your peace would have been like a river,\n        and your righteousness like the waves of the sea;\n    [19] your offspring would have been like the sand,\n        and your descendants like its grains;\n    their name would never be cut off\n        or destroyed from before me.\u201d\n    \n    \n    [20] Go out from Babylon, flee from Chaldea,\n        declare this with a shout of joy, proclaim it,\n    send it out to the end of the earth;\n        say, \u201cThe LORD has redeemed his servant Jacob!\u201d\n    [21] They did not thirst when he led them through the deserts;\n        he made water flow for them from the rock;\n        he split the rock and the water gushed out.\n    \n    \n    [22] \u201cThere is no peace,\u201d says the LORD, \u201cfor the wicked.\u201d\n    \n\nFootnotes\n\n(1) 48:10 Or *I have chosen*\n\n(2) 48:11 Hebrew lacks *my name*\n (ESV)"]}