{"query": "Isaiah 9", "canonical": "Isaiah 9", "parsed": [[23009001, 23009021]], "passage_meta": [{"canonical": "Isaiah 9", "chapter_start": [23009001, 23009021], "chapter_end": [23009001, 23009021], "prev_verse": 23008022, "next_verse": 23010001, "prev_chapter": [23008001, 23008022], "next_chapter": [23010001, 23010034]}], "passages": ["Isaiah 9\n\nFor to Us a Child Is Born\n\n  [1] (1) But there will be no gloom for her who was in anguish. In the former time he brought into contempt the land of Zebulun and the land of Naphtali, but in the latter time he has made glorious the way of the sea, the land beyond the Jordan, Galilee of the nations.(2)\n\n    [2] (3) The people who walked in darkness\n        have seen a great light;\n    those who dwelt in a land of deep darkness,\n        on them has light shone.\n    [3] You have multiplied the nation;\n        you have increased its joy;\n    they rejoice before you\n        as with joy at the harvest,\n        as they are glad when they divide the spoil.\n    [4] For the yoke of his burden,\n        and the staff for his shoulder,\n        the rod of his oppressor,\n        you have broken as on the day of Midian.\n    [5] For every boot of the tramping warrior in battle tumult\n        and every garment rolled in blood\n        will be burned as fuel for the fire.\n    [6] For to us a child is born,\n        to us a son is given;\n    and the government shall be upon(4) his shoulder,\n        and his name shall be called(5)\n    Wonderful Counselor, Mighty God,\n        Everlasting Father, Prince of Peace.\n    [7] Of the increase of his government and of peace\n        there will be no end,\n    on the throne of David and over his kingdom,\n        to establish it and to uphold it\n    with justice and with righteousness\n        from this time forth and forevermore.\n    The zeal of the LORD of hosts will do this.\n    \n    \n    Judgment on Arrogance and Oppression\n\n    [8] The Lord has sent a word against Jacob,\n        and it will fall on Israel;\n    [9] and all the people will know,\n        Ephraim and the inhabitants of Samaria,\n        who say in pride and in arrogance of heart:\n    [10] \u201cThe bricks have fallen,\n        but we will build with dressed stones;\n    the sycamores have been cut down,\n        but we will put cedars in their place.\u201d\n    [11] But the LORD raises the adversaries of Rezin against him,\n        and stirs up his enemies.\n    [12] The Syrians on the east and the Philistines on the west\n        devour Israel with open mouth.\n    For all this his anger has not turned away,\n        and his hand is stretched out still.\n    \n    \n    [13] The people did not turn to him who struck them,\n        nor inquire of the LORD of hosts.\n    [14] So the LORD cut off from Israel head and tail,\n        palm branch and reed in one day\u2014\n    [15] the elder and honored man is the head,\n        and the prophet who teaches lies is the tail;\n    [16] for those who guide this people have been leading them astray,\n        and those who are guided by them are swallowed up.\n    [17] Therefore the Lord does not rejoice over their young men,\n        and has no compassion on their fatherless and widows;\n    for everyone is godless and an evildoer,\n        and every mouth speaks folly.(6)\n    For all this his anger has not turned away,\n        and his hand is stretched out still.\n    \n    \n    [18] For wickedness burns like a fire;\n        it consumes briers and thorns;\n    it kindles the thickets of the forest,\n        and they roll upward in a column of smoke.\n    [19] Through the wrath of the LORD of hosts\n        the land is scorched,\n    and the people are like fuel for the fire;\n        no one spares another.\n    [20] They slice meat on the right, but are still hungry,\n        and they devour on the left, but are not satisfied;\n    each devours the flesh of his own arm,\n    [21] Manasseh devours Ephraim, and Ephraim devours Manasseh;\n        together they are against Judah.\n    For all this his anger has not turned away,\n        and his hand is stretched out still.\n    \n\nFootnotes\n\n(1) 9:1 Ch 8:23 in Hebrew\n\n(2) 9:1 Or *of the Gentiles*\n\n(3) 9:2 Ch 9:1 in Hebrew\n\n(4) 9:6 Or *is upon*\n\n(5) 9:6 Or *is called*\n\n(6) 9:17 Or *speaks disgraceful things*\n (ESV)"]}