{"query": "Isaiah 4", "canonical": "Isaiah 4", "parsed": [[23004001, 23004006]], "passage_meta": [{"canonical": "Isaiah 4", "chapter_start": [23004001, 23004006], "chapter_end": [23004001, 23004006], "prev_verse": 23003026, "next_verse": 23005001, "prev_chapter": [23003001, 23003026], "next_chapter": [23005001, 23005030]}], "passages": ["Isaiah 4\n\n  [1] And seven women shall take hold of one man in that day, saying, \u201cWe will eat our own bread and wear our own clothes, only let us be called by your name; take away our reproach.\u201d\n\nThe Branch of the LORD Glorified\n\n  [2] In that day the branch of the LORD shall be beautiful and glorious, and the fruit of the land shall be the pride and honor of the survivors of Israel. [3] And he who is left in Zion and remains in Jerusalem will be called holy, everyone who has been recorded for life in Jerusalem, [4] when the Lord shall have washed away the filth of the daughters of Zion and cleansed the bloodstains of Jerusalem from its midst by a spirit of judgment and by a spirit of burning.(1) [5] Then the LORD will create over the whole site of Mount Zion and over her assemblies a cloud by day, and smoke and the shining of a flaming fire by night; for over all the glory there will be a canopy. [6] There will be a booth for shade by day from the heat, and for a refuge and a shelter from the storm and rain.\n\nFootnotes\n\n(1) 4:4 Or *purging*\n (ESV)"]}