{"query": "Isaiah 34", "canonical": "Isaiah 34", "parsed": [[23034001, 23034017]], "passage_meta": [{"canonical": "Isaiah 34", "chapter_start": [23034001, 23034017], "chapter_end": [23034001, 23034017], "prev_verse": 23033024, "next_verse": 23035001, "prev_chapter": [23033001, 23033024], "next_chapter": [23035001, 23035010]}], "passages": ["Isaiah 34\n\nJudgment on the Nations\n\n    [1] Draw near, O nations, to hear,\n        and give attention, O peoples!\n    Let the earth hear, and all that fills it;\n        the world, and all that comes from it.\n    [2] For the LORD is enraged against all the nations,\n        and furious against all their host;\n        he has devoted them to destruction,(1) has given them over for slaughter.\n    [3] Their slain shall be cast out,\n        and the stench of their corpses shall rise;\n        the mountains shall flow with their blood.\n    [4] All the host of heaven shall rot away,\n        and the skies roll up like a scroll.\n    All their host shall fall,\n        as leaves fall from the vine,\n        like leaves falling from the fig tree.\n    \n    \n    [5] For my sword has drunk its fill in the heavens;\n        behold, it descends for judgment upon Edom,\n        upon the people I have devoted to destruction.\n    [6] The LORD has a sword; it is sated with blood;\n        it is gorged with fat,\n        with the blood of lambs and goats,\n        with the fat of the kidneys of rams.\n    For the LORD has a sacrifice in Bozrah,\n        a great slaughter in the land of Edom.\n    [7] Wild oxen shall fall with them,\n        and young steers with the mighty bulls.\n    Their land shall drink its fill of blood,\n        and their soil shall be gorged with fat.\n    \n    \n    [8] For the LORD has a day of vengeance,\n        a year of recompense for the cause of Zion.\n    [9] And the streams of Edom(2) shall be turned into pitch,\n        and her soil into sulfur;\n        her land shall become burning pitch.\n    [10] Night and day it shall not be quenched;\n        its smoke shall go up forever.\n    From generation to generation it shall lie waste;\n        none shall pass through it forever and ever.\n    [11] But the hawk and the porcupine(3) shall possess it,\n        the owl and the raven shall dwell in it.\n    He shall stretch the line of confusion(4) over it,\n        and the plumb line of emptiness.\n    [12] Its nobles\u2014there is no one there to call it a kingdom,\n        and all its princes shall be nothing.\n    \n    \n    [13] Thorns shall grow over its strongholds,\n        nettles and thistles in its fortresses.\n    It shall be the haunt of jackals,\n        an abode for ostriches.(5)\n    [14] And wild animals shall meet with hyenas;\n        the wild goat shall cry to his fellow;\n    indeed, there the night bird(6) settles\n        and finds for herself a resting place.\n    \n    \n    [15] There the owl nests and lays\n        and hatches and gathers her young in her shadow;\n    indeed, there the hawks are gathered,\n        each one with her mate.\n    [16] Seek and read from the book of the LORD:\n        Not one of these shall be missing;\n        none shall be without her mate.\n    For the mouth of the LORD has commanded,\n        and his Spirit has gathered them.\n    [17] He has cast the lot for them;\n        his hand has portioned it out to them with the line;\n    they shall possess it forever;\n        from generation to generation they shall dwell in it.\n    \n\nFootnotes\n\n(1) 34:2 That is, set apart (devoted) as an offering to the Lord (for destruction); also verse 5\n\n(2) 34:9 Hebrew *her streams*\n\n(3) 34:11 The identity of the animals rendered *hawk* and *porcupine* is uncertain\n\n(4) 34:11 Hebrew *formlessness*\n\n(5) 34:13 Or *owls*\n\n(6) 34:14 Identity uncertain\n (ESV)"]}