{"query": "Isaiah 3", "canonical": "Isaiah 3", "parsed": [[23003001, 23003026]], "passage_meta": [{"canonical": "Isaiah 3", "chapter_start": [23003001, 23003026], "chapter_end": [23003001, 23003026], "prev_verse": 23002022, "next_verse": 23004001, "prev_chapter": [23002001, 23002022], "next_chapter": [23004001, 23004006]}], "passages": ["Isaiah 3\n\nJudgment on Judah and Jerusalem\n\n    [1] For behold, the Lord GOD of hosts\n        is taking away from Jerusalem and from Judah\n    support and supply,(1)\n        all support of bread,\n        and all support of water;\n    [2] the mighty man and the soldier,\n        the judge and the prophet,\n        the diviner and the elder,\n    [3] the captain of fifty\n        and the man of rank,\n    the counselor and the skillful magician\n        and the expert in charms.\n    [4] And I will make boys their princes,\n        and infants(2) shall rule over them.\n    [5] And the people will oppress one another,\n        every one his fellow\n        and every one his neighbor;\n    the youth will be insolent to the elder,\n        and the despised to the honorable.\n    \n    \n    [6] For a man will take hold of his brother\n        in the house of his father, saying:\n    \u201cYou have a cloak;\n        you shall be our leader,\n    and this heap of ruins\n        shall be under your rule\u201d;\n    [7] in that day he will speak out, saying:\n    \u201cI will not be a healer;(3)\n        in my house there is neither bread nor cloak;\n    you shall not make me\n        leader of the people.\u201d\n    [8] For Jerusalem has stumbled,\n        and Judah has fallen,\n    because their speech and their deeds are against the LORD,\n        defying his glorious presence.(4)\n    \n    \n    [9] For the look on their faces bears witness against them;\n        they proclaim their sin like Sodom;\n        they do not hide it.\n    Woe to them!\n        For they have brought evil on themselves.\n    [10] Tell the righteous that it shall be well with them,\n        for they shall eat the fruit of their deeds.\n    [11] Woe to the wicked! It shall be ill with him,\n        for what his hands have dealt out shall be done to him.\n    [12] My people\u2014infants are their oppressors,\n        and women rule over them.\n    O my people, your guides mislead you\n        and they have swallowed up(5) the course of your paths.\n    \n    \n    [13] The LORD has taken his place to contend;\n        he stands to judge peoples.\n    [14] The LORD will enter into judgment\n        with the elders and princes of his people:\n    \u201cIt is you who have devoured(6) the vineyard,\n        the spoil of the poor is in your houses.\n    [15] What do you mean by crushing my people,\n        by grinding the face of the poor?\u201d\n                                            declares the Lord GOD of hosts.\n    \n    \n    [16] The LORD said:\n    Because the daughters of Zion are haughty\n        and walk with outstretched necks,\n        glancing wantonly with their eyes,\n    mincing along as they go,\n        tinkling with their feet,\n    [17] therefore the Lord will strike with a scab\n        the heads of the daughters of Zion,\n        and the LORD will lay bare their secret parts.\n    \n    \n      [18] In that day the Lord will take away the finery of the anklets, the headbands, and the crescents; [19] the pendants, the bracelets, and the scarves; [20] the headdresses, the armlets, the sashes, the perfume boxes, and the amulets; [21] the signet rings and nose rings; [22] the festal robes, the mantles, the cloaks, and the handbags; [23] the mirrors, the linen garments, the turbans, and the veils.\n\n    [24] Instead of perfume there will be rottenness;\n        and instead of a belt, a rope;\n    and instead of well-set hair, baldness;\n        and instead of a rich robe, a skirt of sackcloth;\n        and branding instead of beauty.\n    [25] Your men shall fall by the sword\n        and your mighty men in battle.\n    [26] And her gates shall lament and mourn;\n        empty, she shall sit on the ground.\n    \n\nFootnotes\n\n(1) 3:1 Hebrew *staff*\n\n(2) 3:4 Or *caprice*\n\n(3) 3:7 Hebrew *binder of wounds*\n\n(4) 3:8 Hebrew *the eyes of his glory*\n\n(5) 3:12 Or *they have confused*\n\n(6) 3:14 Or *grazed over*; compare Exodus 22:5\n (ESV)"]}