{"query": "Isaiah 57", "canonical": "Isaiah 57", "parsed": [[23057001, 23057021]], "passage_meta": [{"canonical": "Isaiah 57", "chapter_start": [23057001, 23057021], "chapter_end": [23057001, 23057021], "prev_verse": 23056012, "next_verse": 23058001, "prev_chapter": [23056001, 23056012], "next_chapter": [23058001, 23058014]}], "passages": ["Isaiah 57\n\nIsrael\u2019s Futile Idolatry\n\n    [1] The righteous man perishes,\n        and no one lays it to heart;\n    devout men are taken away,\n        while no one understands.\n    For the righteous man is taken away from calamity;\n    [2]     he enters into peace;\n    they rest in their beds\n        who walk in their uprightness.\n    [3] But you, draw near,\n        sons of the sorceress,\n        offspring of the adulterer and the loose woman.\n    [4] Whom are you mocking?\n        Against whom do you open your mouth wide\n        and stick out your tongue?\n    Are you not children of transgression,\n        the offspring of deceit,\n    [5] you who burn with lust among the oaks,(1)\n        under every green tree,\n    who slaughter your children in the valleys,\n        under the clefts of the rocks?\n    [6] Among the smooth stones of the valley is your portion;\n        they, they, are your lot;\n    to them you have poured out a drink offering,\n        you have brought a grain offering.\n        Shall I relent for these things?\n    [7] On a high and lofty mountain\n        you have set your bed,\n        and there you went up to offer sacrifice.\n    [8] Behind the door and the doorpost\n        you have set up your memorial;\n    for, deserting me, you have uncovered your bed,\n        you have gone up to it,\n        you have made it wide;\n    and you have made a covenant for yourself with them,\n        you have loved their bed,\n        you have looked on nakedness.(2)\n    [9] You journeyed to the king with oil\n        and multiplied your perfumes;\n    you sent your envoys far off,\n        and sent down even to Sheol.\n    [10] You were wearied with the length of your way,\n        but you did not say, \u201cIt is hopeless\u201d;\n    you found new life for your strength,\n        and so you were not faint.(3)\n    \n    \n    [11] Whom did you dread and fear,\n        so that you lied,\n    and did not remember me,\n        did not lay it to heart?\n    Have I not held my peace, even for a long time,\n        and you do not fear me?\n    [12] I will declare your righteousness and your deeds,\n        but they will not profit you.\n    [13] When you cry out, let your collection of idols deliver you!\n        The wind will carry them all off,\n        a breath will take them away.\n    But he who takes refuge in me shall possess the land\n        and shall inherit my holy mountain.\n    \n    \n    Comfort for the Contrite\n\n    [14] And it shall be said,\n    \u201cBuild up, build up, prepare the way,\n        remove every obstruction from my people\u2019s way.\u201d\n    [15] For thus says the One who is high and lifted up,\n        who inhabits eternity, whose name is Holy:\n    \u201cI dwell in the high and holy place,\n        and also with him who is of a contrite and lowly spirit,\n    to revive the spirit of the lowly,\n        and to revive the heart of the contrite.\n    [16] For I will not contend forever,\n        nor will I always be angry;\n    for the spirit would grow faint before me,\n        and the breath of life that I made.\n    [17] Because of the iniquity of his unjust gain I was angry,\n        I struck him; I hid my face and was angry,\n        but he went on backsliding in the way of his own heart.\n    [18] I have seen his ways, but I will heal him;\n        I will lead him and restore comfort to him and his mourners,\n    [19]     creating the fruit of the lips.\n    Peace, peace, to the far and to the near,\u201d says the LORD,\n        \u201cand I will heal him.\n    [20] But the wicked are like the tossing sea;\n        for it cannot be quiet,\n        and its waters toss up mire and dirt.\n    [21] There is no peace,\u201d says my God, \u201cfor the wicked.\u201d\n    \n\nFootnotes\n\n(1) 57:5 Or *among the terebinths*\n\n(2) 57:8 Or *on a monument* (see 56:5); Hebrew *on a hand*\n\n(3) 57:10 Hebrew *and so you were not sick*\n (ESV)"]}