{"query": "Isaiah 5", "canonical": "Isaiah 5", "parsed": [[23005001, 23005030]], "passage_meta": [{"canonical": "Isaiah 5", "chapter_start": [23005001, 23005030], "chapter_end": [23005001, 23005030], "prev_verse": 23004006, "next_verse": 23006001, "prev_chapter": [23004001, 23004006], "next_chapter": [23006001, 23006013]}], "passages": ["Isaiah 5\n\nThe Vineyard of the LORD Destroyed\n\n    [1] Let me sing for my beloved\n        my love song concerning his vineyard:\n    My beloved had a vineyard\n        on a very fertile hill.\n    [2] He dug it and cleared it of stones,\n        and planted it with choice vines;\n    he built a watchtower in the midst of it,\n        and hewed out a wine vat in it;\n    and he looked for it to yield grapes,\n        but it yielded wild grapes.\n    \n    \n    [3] And now, O inhabitants of Jerusalem\n        and men of Judah,\n    judge between me and my vineyard.\n    [4] What more was there to do for my vineyard,\n        that I have not done in it?\n    When I looked for it to yield grapes,\n        why did it yield wild grapes?\n    \n    \n    [5] And now I will tell you\n        what I will do to my vineyard.\n    I will remove its hedge,\n        and it shall be devoured;(1)\n    I will break down its wall,\n        and it shall be trampled down.\n    [6] I will make it a waste;\n        it shall not be pruned or hoed,\n        and briers and thorns shall grow up;\n    I will also command the clouds\n        that they rain no rain upon it.\n    \n    \n    [7] For the vineyard of the LORD of hosts\n        is the house of Israel,\n    and the men of Judah\n        are his pleasant planting;\n    and he looked for justice,\n        but behold, bloodshed;(2)\n    for righteousness,\n        but behold, an outcry!(3)\n    \n    \n    Woe to the Wicked\n\n    [8] Woe to those who join house to house,\n        who add field to field,\n    until there is no more room,\n        and you are made to dwell alone\n        in the midst of the land.\n    [9] The LORD of hosts has sworn in my hearing:\n    \u201cSurely many houses shall be desolate,\n        large and beautiful houses, without inhabitant.\n    [10] For ten acres(4) of vineyard shall yield but one bath,\n        and a homer of seed shall yield but an ephah.\u201d(5)\n    \n    \n    [11] Woe to those who rise early in the morning,\n        that they may run after strong drink,\n    who tarry late into the evening\n        as wine inflames them!\n    [12] They have lyre and harp,\n        tambourine and flute and wine at their feasts,\n    but they do not regard the deeds of the LORD,\n        or see the work of his hands.\n    \n    \n    [13] Therefore my people go into exile\n        for lack of knowledge;(6)\n    their honored men go hungry,(7)\n        and their multitude is parched with thirst.\n    [14] Therefore Sheol has enlarged its appetite\n        and opened its mouth beyond measure,\n    and the nobility of Jerusalem(8) and her multitude will go down,\n        her revelers and he who exults in her.\n    [15] Man is humbled, and each one is brought low,\n        and the eyes of the haughty(9) are brought low.\n    [16] But the LORD of hosts is exalted(10) in justice,\n        and the Holy God shows himself holy in righteousness.\n    [17] Then shall the lambs graze as in their pasture,\n        and nomads shall eat among the ruins of the rich.\n    \n    \n    [18] Woe to those who draw iniquity with cords of falsehood,\n        who draw sin as with cart ropes,\n    [19] who say: \u201cLet him be quick,\n        let him speed his work\n        that we may see it;\n    let the counsel of the Holy One of Israel draw near,\n        and let it come, that we may know it!\u201d\n    [20] Woe to those who call evil good\n        and good evil,\n    who put darkness for light\n        and light for darkness,\n    who put bitter for sweet\n        and sweet for bitter!\n    [21] Woe to those who are wise in their own eyes,\n        and shrewd in their own sight!\n    [22] Woe to those who are heroes at drinking wine,\n        and valiant men in mixing strong drink,\n    [23] who acquit the guilty for a bribe,\n        and deprive the innocent of his right!\n    \n    \n    [24] Therefore, as the tongue of fire devours the stubble,\n        and as dry grass sinks down in the flame,\n    so their root will be as rottenness,\n        and their blossom go up like dust;\n    for they have rejected the law of the LORD of hosts,\n        and have despised the word of the Holy One of Israel.\n    [25] Therefore the anger of the LORD was kindled against his people,\n        and he stretched out his hand against them and struck them,\n        and the mountains quaked;\n    and their corpses were as refuse\n        in the midst of the streets.\n    For all this his anger has not turned away,\n        and his hand is stretched out still.\n    \n    \n    [26] He will raise a signal for nations far away,\n        and whistle for them from the ends of the earth;\n    and behold, quickly, speedily they come!\n    [27] None is weary, none stumbles,\n        none slumbers or sleeps,\n    not a waistband is loose,\n        not a sandal strap broken;\n    [28] their arrows are sharp,\n        all their bows bent,\n    their horses\u2019 hoofs seem like flint,\n        and their wheels like the whirlwind.\n    [29] Their roaring is like a lion,\n        like young lions they roar;\n    they growl and seize their prey;\n        they carry it off, and none can rescue.\n    [30] They will growl over it on that day,\n        like the growling of the sea.\n    And if one looks to the land,\n        behold, darkness and distress;\n    and the light is darkened by its clouds.\n    \n\nFootnotes\n\n(1) 5:5 Or *grazed over*; compare Exodus 22:5\n\n(2) 5:7 The Hebrew words for *justice* and *bloodshed* sound alike\n\n(3) 5:7 The Hebrew words for *righteous* and *outcry* sound alike\n\n(4) 5:10 Hebrew *ten yoke*, the area ten yoke of oxen can plow in a day\n\n(5) 5:10 A *bath* was about 6 gallons or 22 liters; a *homer* was about 6 bushels or 220 liters; an *ephah* was about 3/5 bushel or 22 liters\n\n(6) 5:13 Or *without their knowledge*\n\n(7) 5:13 Or *die of hunger*\n\n(8) 5:14 Hebrew *her nobility*\n\n(9) 5:15 Hebrew *high*\n\n(10) 5:16 Hebrew *high*\n (ESV)"]}