{"query": "Isaiah 16", "canonical": "Isaiah 16", "parsed": [[23016001, 23016014]], "passage_meta": [{"canonical": "Isaiah 16", "chapter_start": [23016001, 23016014], "chapter_end": [23016001, 23016014], "prev_verse": 23015009, "next_verse": 23017001, "prev_chapter": [23015001, 23015009], "next_chapter": [23017001, 23017014]}], "passages": ["Isaiah 16\n\n    [1] Send the lamb to the ruler of the land,\n    from Sela, by way of the desert,\n        to the mount of the daughter of Zion.\n    [2] Like fleeing birds,\n        like a scattered nest,\n    so are the daughters of Moab\n        at the fords of the Arnon.\n    \n    \n    [3] \u201cGive counsel;\n        grant justice;\n    make your shade like night\n        at the height of noon;\n    shelter the outcasts;\n        do not reveal the fugitive;\n    [4] let the outcasts of Moab\n        sojourn among you;\n    be a shelter to them(1)\n        from the destroyer.\n    When the oppressor is no more,\n        and destruction has ceased,\n    and he who tramples underfoot has vanished from the land,\n    [5] then a throne will be established in steadfast love,\n        and on it will sit in faithfulness\n        in the tent of David\n    one who judges and seeks justice\n        and is swift to do righteousness.\u201d\n    \n    \n    [6] We have heard of the pride of Moab\u2014\n        how proud he is!\u2014\n    of his arrogance, his pride, and his insolence;\n        in his idle boasting he is not right.\n    [7] Therefore let Moab wail for Moab,\n        let everyone wail.\n    Mourn, utterly stricken,\n        for the raisin cakes of Kir-hareseth.\n    \n    \n    [8] For the fields of Heshbon languish,\n        and the vine of Sibmah;\n    the lords of the nations\n        have struck down its branches,\n    which reached to Jazer\n        and strayed to the desert;\n    its shoots spread abroad\n        and passed over the sea.\n    [9] Therefore I weep with the weeping of Jazer\n        for the vine of Sibmah;\n    I drench you with my tears,\n        O Heshbon and Elealeh;\n    for over your summer fruit and your harvest\n        the shout has ceased.\n    [10] And joy and gladness are taken away from the fruitful field,\n    and in the vineyards no songs are sung,\n        no cheers are raised;\n    no treader treads out wine in the presses;\n        I have put an end to the shouting.\n    [11] Therefore my inner parts moan like a lyre for Moab,\n        and my inmost self for Kir-hareseth.\n    \n    \n      [12] And when Moab presents himself, when he wearies himself on the high place, when he comes to his sanctuary to pray, he will not prevail.\n\n  [13] This is the word that the LORD spoke concerning Moab in the past. [14] But now the LORD has spoken, saying, \u201cIn three years, like the years of a hired worker, the glory of Moab will be brought into contempt, in spite of all his great multitude, and those who remain will be very few and feeble.\u201d\n\nFootnotes\n\n(1) 16:4 Some Hebrew manuscripts, Septuagint, Syriac; Masoretic Text *let my outcasts sojourn among you; as for Moab, be a shelter to them*\n (ESV)"]}