{"query": "Isaiah 61", "canonical": "Isaiah 61", "parsed": [[23061001, 23061011]], "passage_meta": [{"canonical": "Isaiah 61", "chapter_start": [23061001, 23061011], "chapter_end": [23061001, 23061011], "prev_verse": 23060022, "next_verse": 23062001, "prev_chapter": [23060001, 23060022], "next_chapter": [23062001, 23062012]}], "passages": ["Isaiah 61\n\nThe Year of the LORD\u2019s Favor\n\n    [1] The Spirit of the Lord GOD is upon me,\n        because the LORD has anointed me\n    to bring good news to the poor;(1)\n        he has sent me to bind up the brokenhearted,\n    to proclaim liberty to the captives,\n        and the opening of the prison to those who are bound;(2)\n    [2] to proclaim the year of the LORD\u2019s favor,\n        and the day of vengeance of our God;\n        to comfort all who mourn;\n    [3] to grant to those who mourn in Zion\u2014\n        to give them a beautiful headdress instead of ashes,\n    the oil of gladness instead of mourning,\n        the garment of praise instead of a faint spirit;\n    that they may be called oaks of righteousness,\n        the planting of the LORD, that he may be glorified.(3)\n    [4] They shall build up the ancient ruins;\n        they shall raise up the former devastations;\n    they shall repair the ruined cities,\n        the devastations of many generations.\n    \n    \n    [5] Strangers shall stand and tend your flocks;\n        foreigners shall be your plowmen and vinedressers;\n    [6] but you shall be called the priests of the LORD;\n        they shall speak of you as the ministers of our God;\n    you shall eat the wealth of the nations,\n        and in their glory you shall boast.\n    [7] Instead of your shame there shall be a double portion;\n        instead of dishonor they shall rejoice in their lot;\n    therefore in their land they shall possess a double portion;\n        they shall have everlasting joy.\n    \n    \n    [8] For I the LORD love justice;\n        I hate robbery and wrong;(4)\n    I will faithfully give them their recompense,\n        and I will make an everlasting covenant with them.\n    [9] Their offspring shall be known among the nations,\n        and their descendants in the midst of the peoples;\n    all who see them shall acknowledge them,\n        that they are an offspring the LORD has blessed.\n    \n    \n    [10] I will greatly rejoice in the LORD;\n        my soul shall exult in my God,\n    for he has clothed me with the garments of salvation;\n        he has covered me with the robe of righteousness,\n    as a bridegroom decks himself like a priest with a beautiful headdress,\n        and as a bride adorns herself with her jewels.\n    [11] For as the earth brings forth its sprouts,\n        and as a garden causes what is sown in it to sprout up,\n    so the Lord GOD will cause righteousness and praise\n        to sprout up before all the nations.\n    \n\nFootnotes\n\n(1) 61:1 Or *afflicted*\n\n(2) 61:1 Or *the opening* [of the eyes] *to those who are blind*; Septuagint *and recovery of sight to the blind*\n\n(3) 61:3 Or *that he may display his beauty*\n\n(4) 61:8 Or *robbery with a burnt offering*\n (ESV)"]}