{"query": "Isaiah 58", "canonical": "Isaiah 58", "parsed": [[23058001, 23058014]], "passage_meta": [{"canonical": "Isaiah 58", "chapter_start": [23058001, 23058014], "chapter_end": [23058001, 23058014], "prev_verse": 23057021, "next_verse": 23059001, "prev_chapter": [23057001, 23057021], "next_chapter": [23059001, 23059021]}], "passages": ["Isaiah 58\n\nTrue and False Fasting\n\n    [1] \u201cCry aloud; do not hold back;\n        lift up your voice like a trumpet;\n    declare to my people their transgression,\n        to the house of Jacob their sins.\n    [2] Yet they seek me daily\n        and delight to know my ways,\n    as if they were a nation that did righteousness\n        and did not forsake the judgment of their God;\n    they ask of me righteous judgments;\n        they delight to draw near to God.\n    [3] \u2018Why have we fasted, and you see it not?\n        Why have we humbled ourselves, and you take no knowledge of it?\u2019\n    Behold, in the day of your fast you seek your own pleasure,(1)\n        and oppress all your workers.\n    [4] Behold, you fast only to quarrel and to fight\n        and to hit with a wicked fist.\n    Fasting like yours this day\n        will not make your voice to be heard on high.\n    [5] Is such the fast that I choose,\n        a day for a person to humble himself?\n    Is it to bow down his head like a reed,\n        and to spread sackcloth and ashes under him?\n    Will you call this a fast,\n        and a day acceptable to the LORD?\n    \n    \n    [6] \u201cIs not this the fast that I choose:\n        to loose the bonds of wickedness,\n        to undo the straps of the yoke,\n    to let the oppressed(2) go free,\n        and to break every yoke?\n    [7] Is it not to share your bread with the hungry\n        and bring the homeless poor into your house;\n    when you see the naked, to cover him,\n        and not to hide yourself from your own flesh?\n    [8] Then shall your light break forth like the dawn,\n        and your healing shall spring up speedily;\n    your righteousness shall go before you;\n        the glory of the LORD shall be your rear guard.\n    [9] Then you shall call, and the LORD will answer;\n        you shall cry, and he will say, \u2018Here I am.\u2019\n    If you take away the yoke from your midst,\n        the pointing of the finger, and speaking wickedness,\n    [10] if you pour yourself out for the hungry\n        and satisfy the desire of the afflicted,\n    then shall your light rise in the darkness\n        and your gloom be as the noonday.\n    [11] And the LORD will guide you continually\n        and satisfy your desire in scorched places\n        and make your bones strong;\n    and you shall be like a watered garden,\n        like a spring of water,\n        whose waters do not fail.\n    [12] And your ancient ruins shall be rebuilt;\n        you shall raise up the foundations of many generations;\n    you shall be called the repairer of the breach,\n        the restorer of streets to dwell in.\n    \n    \n    [13] \u201cIf you turn back your foot from the Sabbath,\n        from doing your pleasure(3) on my holy day,\n    and call the Sabbath a delight\n        and the holy day of the LORD honorable;\n    if you honor it, not going your own ways,\n        or seeking your own pleasure,(4) or talking idly;(5)\n    [14] then you shall take delight in the LORD,\n        and I will make you ride on the heights of the earth;(6)\n    I will feed you with the heritage of Jacob your father,\n        for the mouth of the LORD has spoken.\u201d\n    \n\nFootnotes\n\n(1) 58:3 Or *pursue your own business*\n\n(2) 58:6 Or *bruised*\n\n(3) 58:13 Or *business*\n\n(4) 58:13 Or *pursuing your own business*\n\n(5) 58:13 Hebrew *or speaking a word*\n\n(6) 58:14 Or *of the land*\n (ESV)"]}