{"query": "Isaiah 17", "canonical": "Isaiah 17", "parsed": [[23017001, 23017014]], "passage_meta": [{"canonical": "Isaiah 17", "chapter_start": [23017001, 23017014], "chapter_end": [23017001, 23017014], "prev_verse": 23016014, "next_verse": 23018001, "prev_chapter": [23016001, 23016014], "next_chapter": [23018001, 23018007]}], "passages": ["Isaiah 17\n\nAn Oracle Concerning Damascus\n\n  [1] An oracle concerning Damascus.\n\n    Behold, Damascus will cease to be a city\n        and will become a heap of ruins.\n    [2] The cities of Aroer are deserted;\n        they will be for flocks,\n        which will lie down, and none will make them afraid.\n    [3] The fortress will disappear from Ephraim,\n        and the kingdom from Damascus;\n    and the remnant of Syria will be\n        like the glory of the children of Israel,\n                                            declares the LORD of hosts.\n    \n    \n    [4] And in that day the glory of Jacob will be brought low,\n        and the fat of his flesh will grow lean.\n    [5] And it shall be as when the reaper gathers standing grain\n        and his arm harvests the ears,\n    and as when one gleans the ears of grain\n        in the Valley of Rephaim.\n    [6] Gleanings will be left in it,\n        as when an olive tree is beaten\u2014\n    two or three berries\n        in the top of the highest bough,\n    four or five\n        on the branches of a fruit tree,\n                                            declares the LORD God of Israel.\n    \n    \n      [7] In that day man will look to his Maker, and his eyes will look on the Holy One of Israel. [8] He will not look to the altars, the work of his hands, and he will not look on what his own fingers have made, either the Asherim or the altars of incense.\n\n  [9] In that day their strong cities will be like the deserted places of the wooded heights and the hilltops, which they deserted because of the children of Israel, and there will be desolation.\n\n    [10] For you have forgotten the God of your salvation\n        and have not remembered the Rock of your refuge;\n    therefore, though you plant pleasant plants\n        and sow the vine-branch of a stranger,\n    [11] though you make them grow(1) on the day that you plant them,\n        and make them blossom in the morning that you sow,\n    yet the harvest will flee away(2)\n        in a day of grief and incurable pain.\n    \n    \n    [12] Ah, the thunder of many peoples;\n        they thunder like the thundering of the sea!\n    Ah, the roar of nations;\n        they roar like the roaring of mighty waters!\n    [13] The nations roar like the roaring of many waters,\n        but he will rebuke them, and they will flee far away,\n    chased like chaff on the mountains before the wind\n        and whirling dust before the storm.\n    [14] At evening time, behold, terror!\n        Before morning, they are no more!\n    This is the portion of those who loot us,\n        and the lot of those who plunder us.\n    \n\nFootnotes\n\n(1) 17:11 Or *though you carefully fence them*\n\n(2) 17:11 Or *will be a heap*\n (ESV)"]}