{"query": "Isaiah 51", "canonical": "Isaiah 51", "parsed": [[23051001, 23051023]], "passage_meta": [{"canonical": "Isaiah 51", "chapter_start": [23051001, 23051023], "chapter_end": [23051001, 23051023], "prev_verse": 23050011, "next_verse": 23052001, "prev_chapter": [23050001, 23050011], "next_chapter": [23052001, 23052015]}], "passages": ["Isaiah 51\n\nThe LORD\u2019s Comfort for Zion\n\n    [1] \u201cListen to me, you who pursue righteousness,\n        you who seek the LORD:\n    look to the rock from which you were hewn,\n        and to the quarry from which you were dug.\n    [2] Look to Abraham your father\n        and to Sarah who bore you;\n    for he was but one when I called him,\n        that I might bless him and multiply him.\n    [3] For the LORD comforts Zion;\n        he comforts all her waste places\n    and makes her wilderness like Eden,\n        her desert like the garden of the LORD;\n    joy and gladness will be found in her,\n        thanksgiving and the voice of song.\n    \n    \n    [4] \u201cGive attention to me, my people,\n        and give ear to me, my nation;\n    for a law(1) will go out from me,\n        and I will set my justice for a light to the peoples.\n    [5] My righteousness draws near,\n        my salvation has gone out,\n        and my arms will judge the peoples;\n    the coastlands hope for me,\n        and for my arm they wait.\n    [6] Lift up your eyes to the heavens,\n        and look at the earth beneath;\n    for the heavens vanish like smoke,\n        the earth will wear out like a garment,\n        and they who dwell in it will die in like manner;(2)\n    but my salvation will be forever,\n        and my righteousness will never be dismayed.\n    \n    \n    [7] \u201cListen to me, you who know righteousness,\n        the people in whose heart is my law;\n    fear not the reproach of man,\n        nor be dismayed at their revilings.\n    [8] For the moth will eat them up like a garment,\n        and the worm will eat them like wool,\n    but my righteousness will be forever,\n        and my salvation to all generations.\u201d\n    \n    \n    [9] Awake, awake, put on strength,\n        O arm of the LORD;\n    awake, as in days of old,\n        the generations of long ago.\n    Was it not you who cut Rahab in pieces,\n        who pierced the dragon?\n    [10] Was it not you who dried up the sea,\n        the waters of the great deep,\n    who made the depths of the sea a way\n        for the redeemed to pass over?\n    [11] And the ransomed of the LORD shall return\n        and come to Zion with singing;\n    everlasting joy shall be upon their heads;\n        they shall obtain gladness and joy,\n        and sorrow and sighing shall flee away.\n    \n    \n    [12] \u201cI, I am he who comforts you;\n        who are you that you are afraid of man who dies,\n        of the son of man who is made like grass,\n    [13] and have forgotten the LORD, your Maker,\n        who stretched out the heavens\n        and laid the foundations of the earth,\n    and you fear continually all the day\n        because of the wrath of the oppressor,\n    when he sets himself to destroy?\n        And where is the wrath of the oppressor?\n    [14] He who is bowed down shall speedily be released;\n        he shall not die and go down to the pit,\n        neither shall his bread be lacking.\n    [15] I am the LORD your God,\n        who stirs up the sea so that its waves roar\u2014\n        the LORD of hosts is his name.\n    [16] And I have put my words in your mouth\n        and covered you in the shadow of my hand,\n    establishing(3) the heavens\n        and laying the foundations of the earth,\n        and saying to Zion, \u2018You are my people.\u2019\u201d\n    \n    \n    [17] Wake yourself, wake yourself,\n        stand up, O Jerusalem,\n    you who have drunk from the hand of the LORD\n        the cup of his wrath,\n    who have drunk to the dregs\n        the bowl, the cup of staggering.\n    [18] There is none to guide her\n        among all the sons she has borne;\n    there is none to take her by the hand\n        among all the sons she has brought up.\n    [19] These two things have happened to you\u2014\n        who will console you?\u2014\n    devastation and destruction, famine and sword;\n        who will comfort you?(4)\n    [20] Your sons have fainted;\n        they lie at the head of every street\n        like an antelope in a net;\n    they are full of the wrath of the LORD,\n        the rebuke of your God.\n    \n    \n    [21] Therefore hear this, you who are afflicted,\n        who are drunk, but not with wine:\n    [22] Thus says your Lord, the LORD,\n        your God who pleads the cause of his people:\n    \u201cBehold, I have taken from your hand the cup of staggering;\n    the bowl of my wrath you shall drink no more;\n    [23] and I will put it into the hand of your tormentors,\n        who have said to you,\n        \u2018Bow down, that we may pass over\u2019;\n    and you have made your back like the ground\n        and like the street for them to pass over.\u201d\n    \n\nFootnotes\n\n(1) 51:4 Or *for teaching*; also verse 7\n\n(2) 51:6 Or *will die like gnats*\n\n(3) 51:16 Or *planting*\n\n(4) 51:19 Dead Sea Scroll, Septuagint, Syriac, Vulgate; Masoretic Text *how shall I comfort you*\n (ESV)"]}