{"query": "Isaiah 38", "canonical": "Isaiah 38", "parsed": [[23038001, 23038022]], "passage_meta": [{"canonical": "Isaiah 38", "chapter_start": [23038001, 23038022], "chapter_end": [23038001, 23038022], "prev_verse": 23037038, "next_verse": 23039001, "prev_chapter": [23037001, 23037038], "next_chapter": [23039001, 23039008]}], "passages": ["Isaiah 38\n\nHezekiah\u2019s Sickness and Recovery\n\n  [1] In those days Hezekiah became sick and was at the point of death. And Isaiah the prophet the son of Amoz came to him, and said to him, \u201cThus says the LORD: Set your house in order, for you shall die, you shall not recover.\u201d(1) [2] Then Hezekiah turned his face to the wall and prayed to the LORD, [3] and said, \u201cPlease, O LORD, remember how I have walked before you in faithfulness and with a whole heart, and have done what is good in your sight.\u201d And Hezekiah wept bitterly.\n\n  [4] Then the word of the LORD came to Isaiah: [5] \u201cGo and say to Hezekiah, Thus says the LORD, the God of David your father: I have heard your prayer; I have seen your tears. Behold, I will add fifteen years to your life.(2) [6] I will deliver you and this city out of the hand of the king of Assyria, and will defend this city.\n\n  [7] \u201cThis shall be the sign to you from the LORD, that the LORD will do this thing that he has promised: [8] Behold, I will make the shadow cast by the declining sun on the dial of Ahaz turn back ten steps.\u201d So the sun turned back on the dial the ten steps by which it had declined.(3)\n\n  [9] A writing of Hezekiah king of Judah, after he had been sick and had recovered from his sickness:\n\n    [10] I said, In the middle(4) of my days\n        I must depart;\n    I am consigned to the gates of Sheol\n        for the rest of my years.\n    [11] I said, I shall not see the LORD,\n        the LORD in the land of the living;\n    I shall look on man no more\n        among the inhabitants of the world.\n    [12] My dwelling is plucked up and removed from me\n        like a shepherd\u2019s tent;\n    like a weaver I have rolled up my life;\n        he cuts me off from the loom;\n    from day to night you bring me to an end;\n    [13]     I calmed myself(5) until morning;\n    like a lion he breaks all my bones;\n        from day to night you bring me to an end.\n    \n    \n    [14] Like a swallow or a crane I chirp;\n        I moan like a dove.\n    My eyes are weary with looking upward.\n        O Lord, I am oppressed; be my pledge of safety!\n    [15] What shall I say? For he has spoken to me,\n        and he himself has done it.\n    I walk slowly all my years\n        because of the bitterness of my soul.\n    \n    \n    [16] O Lord, by these things men live,\n        and in all these is the life of my spirit.\n        Oh restore me to health and make me live!\n    [17] Behold, it was for my welfare\n        that I had great bitterness;\n    but in love you have delivered my life\n        from the pit of destruction,\n    for you have cast all my sins\n        behind your back.\n    [18] For Sheol does not thank you;\n        death does not praise you;\n    those who go down to the pit do not hope\n        for your faithfulness.\n    [19] The living, the living, he thanks you,\n        as I do this day;\n    the father makes known to the children\n        your faithfulness.\n    \n    \n    [20] The LORD will save me,\n        and we will play my music on stringed instruments\n    all the days of our lives,\n        at the house of the LORD.\n    \n    \n      [21] Now Isaiah had said, \u201cLet them take a cake of figs and apply it to the boil, that he may recover.\u201d [22] Hezekiah also had said, \u201cWhat is the sign that I shall go up to the house of the LORD?\u201d\n\nFootnotes\n\n(1) 38:1 Or *live*; also verses 9, 21\n\n(2) 38:5 Hebrew *to your days*\n\n(3) 38:8 The meaning of the Hebrew verse is uncertain\n\n(4) 38:10 Or *In the quiet*\n\n(5) 38:13 Or (with Targum) *I cried for help*\n (ESV)"]}