{"query": "Isaiah 23", "canonical": "Isaiah 23", "parsed": [[23023001, 23023018]], "passage_meta": [{"canonical": "Isaiah 23", "chapter_start": [23023001, 23023018], "chapter_end": [23023001, 23023018], "prev_verse": 23022025, "next_verse": 23024001, "prev_chapter": [23022001, 23022025], "next_chapter": [23024001, 23024023]}], "passages": ["Isaiah 23\n\nAn Oracle Concerning Tyre and Sidon\n\n  [1] The oracle concerning Tyre.\n\n    Wail, O ships of Tarshish,\n        for Tyre is laid waste, without house or harbor!\n    From the land of Cyprus(1)\n        it is revealed to them.\n    [2] Be still, O inhabitants of the coast;\n        the merchants of Sidon, who cross the sea, have filled you.\n    [3] And on many waters\n    your revenue was the grain of Shihor,\n        the harvest of the Nile;\n        you were the merchant of the nations.\n    [4] Be ashamed, O Sidon, for the sea has spoken,\n        the stronghold of the sea, saying:\n    \u201cI have neither labored nor given birth,\n        I have neither reared young men\n        nor brought up young women.\u201d\n    [5] When the report comes to Egypt,\n        they will be in anguish(2) over the report about Tyre.\n    [6] Cross over to Tarshish;\n        wail, O inhabitants of the coast!\n    [7] Is this your exultant city\n        whose origin is from days of old,\n    whose feet carried her\n        to settle far away?\n    [8] Who has purposed this\n        against Tyre, the bestower of crowns,\n    whose merchants were princes,\n        whose traders were the honored of the earth?\n    [9] The LORD of hosts has purposed it,\n        to defile the pompous pride of all glory,(3)\n        to dishonor all the honored of the earth.\n    [10] Cross over your land like the Nile,\n        O daughter of Tarshish;\n        there is no restraint anymore.\n    [11] He has stretched out his hand over the sea;\n        he has shaken the kingdoms;\n    the LORD has given command concerning Canaan\n        to destroy its strongholds.\n    [12] And he said:\n    \u201cYou will no more exult,\n        O oppressed virgin daughter of Sidon;\n    arise, cross over to Cyprus,\n        even there you will have no rest.\u201d\n    \n    \n      [13] Behold the land of the Chaldeans! This is the people that was not;(4) Assyria destined it for wild beasts. They erected their siege towers, they stripped her palaces bare, they made her a ruin.\n\n    [14] Wail, O ships of Tarshish,\n        for your stronghold is laid waste.\n    \n    \n      [15] In that day Tyre will be forgotten for seventy years, like the days(5) of one king. At the end of seventy years, it will happen to Tyre as in the song of the prostitute:\n\n    [16] \u201cTake a harp;\n        go about the city,\n        O forgotten prostitute!\n    Make sweet melody;\n        sing many songs,\n        that you may be remembered.\u201d\n    \n    \n      [17] At the end of seventy years, the LORD will visit Tyre, and she will return to her wages and will prostitute herself with all the kingdoms of the world on the face of the earth. [18] Her merchandise and her wages will be holy to the LORD. It will not be stored or hoarded, but her merchandise will supply abundant food and fine clothing for those who dwell before the LORD.\n\nFootnotes\n\n(1) 23:1 Hebrew *Kittim*; also verse 12\n\n(2) 23:5 Hebrew *they will have labor pains*\n\n(3) 23:9 The Hebrew words for *glory* and *hosts* sound alike\n\n(4) 23:13 Or *that has become nothing*\n\n(5) 23:15 Or *lifetime*\n (ESV)"]}