{"query": "Isaiah 41", "canonical": "Isaiah 41", "parsed": [[23041001, 23041029]], "passage_meta": [{"canonical": "Isaiah 41", "chapter_start": [23041001, 23041029], "chapter_end": [23041001, 23041029], "prev_verse": 23040031, "next_verse": 23042001, "prev_chapter": [23040001, 23040031], "next_chapter": [23042001, 23042025]}], "passages": ["Isaiah 41\n\nFear Not, for I Am with You\n\n    [1] Listen to me in silence, O coastlands;\n        let the peoples renew their strength;\n    let them approach, then let them speak;\n        let us together draw near for judgment.\n    \n    \n    [2] Who stirred up one from the east\n        whom victory meets at every step?(1)\n    He gives up nations before him,\n        so that he tramples kings underfoot;\n    he makes them like dust with his sword,\n        like driven stubble with his bow.\n    [3] He pursues them and passes on safely,\n        by paths his feet have not trod.\n    [4] Who has performed and done this,\n        calling the generations from the beginning?\n    I, the LORD, the first,\n        and with the last; I am he.\n    \n    \n    [5] The coastlands have seen and are afraid;\n        the ends of the earth tremble;\n        they have drawn near and come.\n    [6] Everyone helps his neighbor\n        and says to his brother, \u201cBe strong!\u201d\n    [7] The craftsman strengthens the goldsmith,\n        and he who smooths with the hammer him who strikes the anvil,\n    saying of the soldering, \u201cIt is good\u201d;\n        and they strengthen it with nails so that it cannot be moved.\n    \n    \n    [8] But you, Israel, my servant,\n        Jacob, whom I have chosen,\n        the offspring of Abraham, my friend;\n    [9] you whom I took from the ends of the earth,\n        and called from its farthest corners,\n    saying to you, \u201cYou are my servant,\n        I have chosen you and not cast you off\u201d;\n    [10] fear not, for I am with you;\n        be not dismayed, for I am your God;\n    I will strengthen you, I will help you,\n        I will uphold you with my righteous right hand.\n    \n    \n    [11] Behold, all who are incensed against you\n        shall be put to shame and confounded;\n    those who strive against you\n        shall be as nothing and shall perish.\n    [12] You shall seek those who contend with you,\n        but you shall not find them;\n    those who war against you\n        shall be as nothing at all.\n    [13] For I, the LORD your God,\n        hold your right hand;\n    it is I who say to you, \u201cFear not,\n        I am the one who helps you.\u201d\n    \n    \n    [14] Fear not, you worm Jacob,\n        you men of Israel!\n    I am the one who helps you, declares the LORD;\n        your Redeemer is the Holy One of Israel.\n    [15] Behold, I make of you a threshing sledge,\n        new, sharp, and having teeth;\n    you shall thresh the mountains and crush them,\n        and you shall make the hills like chaff;\n    [16] you shall winnow them, and the wind shall carry them away,\n        and the tempest shall scatter them.\n    And you shall rejoice in the LORD;\n        in the Holy One of Israel you shall glory.\n    \n    \n    [17] When the poor and needy seek water,\n        and there is none,\n        and their tongue is parched with thirst,\n    I the LORD will answer them;\n        I the God of Israel will not forsake them.\n    [18] I will open rivers on the bare heights,\n        and fountains in the midst of the valleys.\n    I will make the wilderness a pool of water,\n        and the dry land springs of water.\n    [19] I will put in the wilderness the cedar,\n        the acacia, the myrtle, and the olive.\n    I will set in the desert the cypress,\n        the plane and the pine together,\n    [20] that they may see and know,\n        may consider and understand together,\n    that the hand of the LORD has done this,\n        the Holy One of Israel has created it.\n    \n    \n    The Futility of Idols\n\n    [21] Set forth your case, says the LORD;\n        bring your proofs, says the King of Jacob.\n    [22] Let them bring them, and tell us\n        what is to happen.\n    Tell us the former things, what they are,\n        that we may consider them,\n    that we may know their outcome;\n        or declare to us the things to come.\n    [23] Tell us what is to come hereafter,\n        that we may know that you are gods;\n    do good, or do harm,\n        that we may be dismayed and terrified.(2)\n    [24] Behold, you are nothing,\n        and your work is less than nothing;\n        an abomination is he who chooses you.\n    \n    \n    [25] I stirred up one from the north, and he has come,\n        from the rising of the sun, and he shall call upon my name;\n    he shall trample on rulers as on mortar,\n        as the potter treads clay.\n    [26] Who declared it from the beginning, that we might know,\n        and beforehand, that we might say, \u201cHe is right\u201d?\n    There was none who declared it, none who proclaimed,\n        none who heard your words.\n    [27] I was the first to say(3) to Zion, \u201cBehold, here they are!\u201d\n        and I give to Jerusalem a herald of good news.\n    [28] But when I look, there is no one;\n        among these there is no counselor\n        who, when I ask, gives an answer.\n    [29] Behold, they are all a delusion;\n        their works are nothing;\n        their metal images are empty wind.\n    \n\nFootnotes\n\n(1) 41:2 Or *whom righteousness calls to follow?*\n\n(2) 41:23 Or *that we may both be dismayed and see*\n\n(3) 41:27 Or *Formerly I said*\n (ESV)"]}