{"query": "Isaiah 29", "canonical": "Isaiah 29", "parsed": [[23029001, 23029024]], "passage_meta": [{"canonical": "Isaiah 29", "chapter_start": [23029001, 23029024], "chapter_end": [23029001, 23029024], "prev_verse": 23028029, "next_verse": 23030001, "prev_chapter": [23028001, 23028029], "next_chapter": [23030001, 23030033]}], "passages": ["Isaiah 29\n\nThe Siege of Jerusalem\n\n    [1] Ah, Ariel, Ariel,\n        the city where David encamped!\n    Add year to year;\n        let the feasts run their round.\n    [2] Yet I will distress Ariel,\n        and there shall be moaning and lamentation,\n        and she shall be to me like an Ariel.(1)\n    [3] And I will encamp against you all around,\n        and will besiege you with towers\n        and I will raise siegeworks against you.\n    [4] And you will be brought low; from the earth you shall speak,\n        and from the dust your speech will be bowed down;\n    your voice shall come from the ground like the voice of a ghost,\n        and from the dust your speech shall whisper.\n    \n    \n    [5] But the multitude of your foreign foes shall be like small dust,\n        and the multitude of the ruthless like passing chaff.\n    And in an instant, suddenly,\n    [6]     you will be visited by the LORD of hosts\n    with thunder and with earthquake and great noise,\n        with whirlwind and tempest, and the flame of a devouring fire.\n    [7] And the multitude of all the nations that fight against Ariel,\n        all that fight against her and her stronghold and distress her,\n        shall be like a dream, a vision of the night.\n    [8] As when a hungry man dreams, and behold, he is eating,\n        and awakes with his hunger not satisfied,\n    or as when a thirsty man dreams, and behold, he is drinking,\n        and awakes faint, with his thirst not quenched,\n    so shall the multitude of all the nations be\n        that fight against Mount Zion.\n    \n    \n    [9] Astonish yourselves(2) and be astonished;\n        blind yourselves and be blind!\n    Be drunk,(3) but not with wine;\n        stagger,(4) but not with strong drink!\n    [10] For the LORD has poured out upon you\n        a spirit of deep sleep,\n    and has closed your eyes (the prophets),\n        and covered your heads (the seers).\n    \n    \n      [11] And the vision of all this has become to you like the words of a book that is sealed. When men give it to one who can read, saying, \u201cRead this,\u201d he says, \u201cI cannot, for it is sealed.\u201d [12] And when they give the book to one who cannot read, saying, \u201cRead this,\u201d he says, \u201cI cannot read.\u201d\n\n    [13] And the Lord said:\n    \u201cBecause this people draw near with their mouth\n        and honor me with their lips,\n        while their hearts are far from me,\n    and their fear of me is a commandment taught by men,\n    [14] therefore, behold, I will again\n        do wonderful things with this people,\n        with wonder upon wonder;\n    and the wisdom of their wise men shall perish,\n        and the discernment of their discerning men shall be hidden.\u201d\n    \n    \n    [15] Ah, you who hide deep from the LORD your counsel,\n        whose deeds are in the dark,\n        and who say, \u201cWho sees us? Who knows us?\u201d\n    [16] You turn things upside down!\n    Shall the potter be regarded as the clay,\n    that the thing made should say of its maker,\n        \u201cHe did not make me\u201d;\n    or the thing formed say of him who formed it,\n        \u201cHe has no understanding\u201d?\n    \n    \n    [17] Is it not yet a very little while\n        until Lebanon shall be turned into a fruitful field,\n        and the fruitful field shall be regarded as a forest?\n    [18] In that day the deaf shall hear\n        the words of a book,\n    and out of their gloom and darkness\n        the eyes of the blind shall see.\n    [19] The meek shall obtain fresh joy in the LORD,\n        and the poor among mankind shall exult in the Holy One of Israel.\n    [20] For the ruthless shall come to nothing\n        and the scoffer cease,\n        and all who watch to do evil shall be cut off,\n    [21] who by a word make a man out to be an offender,\n        and lay a snare for him who reproves in the gate,\n        and with an empty plea turn aside him who is in the right.\n    \n    \n      [22] Therefore thus says the LORD, who redeemed Abraham, concerning the house of Jacob:\n\n    \u201cJacob shall no more be ashamed,\n        no more shall his face grow pale.\n    [23] For when he sees his children,\n        the work of my hands, in his midst,\n        they will sanctify my name;\n    they will sanctify the Holy One of Jacob\n        and will stand in awe of the God of Israel.\n    [24] And those who go astray in spirit will come to understanding,\n        and those who murmur will accept instruction.\u201d\n    \n\nFootnotes\n\n(1) 29:2 *Ariel* could mean *lion of God*, or *hero* (2 Samuel 23:20), or *altar hearth* (Ezekiel 43:15\u201316)\n\n(2) 29:9 Or *Linger awhile*\n\n(3) 29:9 Or *They are drunk*\n\n(4) 29:9 Or *they stagger*\n (ESV)"]}