{"query": "Isaiah 26", "canonical": "Isaiah 26", "parsed": [[23026001, 23026021]], "passage_meta": [{"canonical": "Isaiah 26", "chapter_start": [23026001, 23026021], "chapter_end": [23026001, 23026021], "prev_verse": 23025012, "next_verse": 23027001, "prev_chapter": [23025001, 23025012], "next_chapter": [23027001, 23027013]}], "passages": ["Isaiah 26\n\nYou Keep Him in Perfect Peace\n\n  [1] In that day this song will be sung in the land of Judah:\n\n    \u201cWe have a strong city;\n        he sets up salvation\n        as walls and bulwarks.\n    [2] Open the gates,\n        that the righteous nation that keeps faith may enter in.\n    [3] You keep him in perfect peace\n        whose mind is stayed on you,\n        because he trusts in you.\n    [4] Trust in the LORD forever,\n        for the LORD GOD is an everlasting rock.\n    [5] For he has humbled\n        the inhabitants of the height,\n        the lofty city.\n    He lays it low, lays it low to the ground,\n        casts it to the dust.\n    [6] The foot tramples it,\n        the feet of the poor,\n        the steps of the needy.\u201d\n    \n    \n    [7] The path of the righteous is level;\n        you make level the way of the righteous.\n    [8] In the path of your judgments,\n        O LORD, we wait for you;\n    your name and remembrance\n        are the desire of our soul.\n    [9] My soul yearns for you in the night;\n        my spirit within me earnestly seeks you.\n    For when your judgments are in the earth,\n        the inhabitants of the world learn righteousness.\n    [10] If favor is shown to the wicked,\n        he does not learn righteousness;\n    in the land of uprightness he deals corruptly\n        and does not see the majesty of the LORD.\n    [11] O LORD, your hand is lifted up,\n        but they do not see it.\n    Let them see your zeal for your people, and be ashamed.\n        Let the fire for your adversaries consume them.\n    [12] O LORD, you will ordain peace for us,\n        for you have indeed done for us all our works.\n    [13] O LORD our God,\n        other lords besides you have ruled over us,\n        but your name alone we bring to remembrance.\n    [14] They are dead, they will not live;\n        they are shades, they will not arise;\n    to that end you have visited them with destruction\n        and wiped out all remembrance of them.\n    [15] But you have increased the nation, O LORD,\n        you have increased the nation; you are glorified;\n        you have enlarged all the borders of the land.\n    \n    \n    [16] O LORD, in distress they sought you;\n        they poured out a whispered prayer\n        when your discipline was upon them.\n    [17] Like a pregnant woman\n        who writhes and cries out in her pangs\n        when she is near to giving birth,\n    so were we because of you, O LORD;\n    [18]     we were pregnant, we writhed,\n        but we have given birth to wind.\n    We have accomplished no deliverance in the earth,\n        and the inhabitants of the world have not fallen.\n    [19] Your dead shall live; their bodies shall rise.\n        You who dwell in the dust, awake and sing for joy!\n    For your dew is a dew of light,\n        and the earth will give birth to the dead.\n    \n    \n    [20] Come, my people, enter your chambers,\n        and shut your doors behind you;\n    hide yourselves for a little while\n        until the fury has passed by.\n    [21] For behold, the LORD is coming out from his place\n        to punish the inhabitants of the earth for their iniquity,\n    and the earth will disclose the blood shed on it,\n        and will no more cover its slain. (ESV)"]}