{"query": "Isaiah 39", "canonical": "Isaiah 39", "parsed": [[23039001, 23039008]], "passage_meta": [{"canonical": "Isaiah 39", "chapter_start": [23039001, 23039008], "chapter_end": [23039001, 23039008], "prev_verse": 23038022, "next_verse": 23040001, "prev_chapter": [23038001, 23038022], "next_chapter": [23040001, 23040031]}], "passages": ["Isaiah 39\n\nEnvoys from Babylon\n\n  [1] At that time Merodach-baladan the son of Baladan, king of Babylon, sent envoys with letters and a present to Hezekiah, for he heard that he had been sick and had recovered. [2] And Hezekiah welcomed them gladly. And he showed them his treasure house, the silver, the gold, the spices, the precious oil, his whole armory, all that was found in his storehouses. There was nothing in his house or in all his realm that Hezekiah did not show them. [3] Then Isaiah the prophet came to King Hezekiah, and said to him, \u201cWhat did these men say? And from where did they come to you?\u201d Hezekiah said, \u201cThey have come to me from a far country, from Babylon.\u201d [4] He said, \u201cWhat have they seen in your house?\u201d Hezekiah answered, \u201cThey have seen all that is in my house. There is nothing in my storehouses that I did not show them.\u201d\n\n  [5] Then Isaiah said to Hezekiah, \u201cHear the word of the LORD of hosts: [6] Behold, the days are coming, when all that is in your house, and that which your fathers have stored up till this day, shall be carried to Babylon. Nothing shall be left, says the LORD. [7] And some of your own sons, who will come from you, whom you will father, shall be taken away, and they shall be eunuchs in the palace of the king of Babylon.\u201d [8] Then Hezekiah said to Isaiah, \u201cThe word of the LORD that you have spoken is good.\u201d For he thought, \u201cThere will be peace and security in my days.\u201d (ESV)"]}