{"query": "Isaiah 14", "canonical": "Isaiah 14", "parsed": [[23014001, 23014032]], "passage_meta": [{"canonical": "Isaiah 14", "chapter_start": [23014001, 23014032], "chapter_end": [23014001, 23014032], "prev_verse": 23013022, "next_verse": 23015001, "prev_chapter": [23013001, 23013022], "next_chapter": [23015001, 23015009]}], "passages": ["Isaiah 14\n\nThe Restoration of Jacob\n\n  [1] For the LORD will have compassion on Jacob and will again choose Israel, and will set them in their own land, and sojourners will join them and will attach themselves to the house of Jacob. [2] And the peoples will take them and bring them to their place, and the house of Israel will possess them in the LORD\u2019s land as male and female slaves.(1) They will take captive those who were their captors, and rule over those who oppressed them.\n\nIsrael\u2019s Remnant Taunts Babylon\n\n  [3] When the LORD has given you rest from your pain and turmoil and the hard service with which you were made to serve, [4] you will take up this taunt against the king of Babylon:\n\n    \u201cHow the oppressor has ceased,\n        the insolent fury(2) ceased!\n    [5] The LORD has broken the staff of the wicked,\n        the scepter of rulers,\n    [6] that struck the peoples in wrath\n        with unceasing blows,\n    that ruled the nations in anger\n        with unrelenting persecution.\n    [7] The whole earth is at rest and quiet;\n        they break forth into singing.\n    [8] The cypresses rejoice at you,\n        the cedars of Lebanon, saying,\n    \u2018Since you were laid low,\n        no woodcutter comes up against us.\u2019\n    [9] Sheol beneath is stirred up\n        to meet you when you come;\n    it rouses the shades to greet you,\n        all who were leaders of the earth;\n    it raises from their thrones\n        all who were kings of the nations.\n    [10] All of them will answer\n        and say to you:\n    \u2018You too have become as weak as we!\n        You have become like us!\u2019\n    [11] Your pomp is brought down to Sheol,\n        the sound of your harps;\n    maggots are laid as a bed beneath you,\n        and worms are your covers.\n    \n    \n    [12] \u201cHow you are fallen from heaven,\n        O Day Star, son of Dawn!\n    How you are cut down to the ground,\n        you who laid the nations low!\n    [13] You said in your heart,\n        \u2018I will ascend to heaven;\n    above the stars of God\n        I will set my throne on high;\n    I will sit on the mount of assembly\n        in the far reaches of the north;(3)\n    [14] I will ascend above the heights of the clouds;\n        I will make myself like the Most High.\u2019\n    [15] But you are brought down to Sheol,\n        to the far reaches of the pit.\n    [16] Those who see you will stare at you\n        and ponder over you:\n    \u2018Is this the man who made the earth tremble,\n        who shook kingdoms,\n    [17] who made the world like a desert\n        and overthrew its cities,\n        who did not let his prisoners go home?\u2019\n    [18] All the kings of the nations lie in glory,\n        each in his own tomb;(4)\n    [19] but you are cast out, away from your grave,\n        like a loathed branch,\n    clothed with the slain, those pierced by the sword,\n        who go down to the stones of the pit,\n        like a dead body trampled underfoot.\n    [20] You will not be joined with them in burial,\n        because you have destroyed your land,\n        you have slain your people.\n    \n    \n    \u201cMay the offspring of evildoers\n        nevermore be named!\n    [21] Prepare slaughter for his sons\n        because of the guilt of their fathers,\n    lest they rise and possess the earth,\n        and fill the face of the world with cities.\u201d\n    \n    \n      [22] \u201cI will rise up against them,\u201d declares the LORD of hosts, \u201cand will cut off from Babylon name and remnant, descendants and posterity,\u201d declares the LORD. [23] \u201cAnd I will make it a possession of the hedgehog,(5) and pools of water, and I will sweep it with the broom of destruction,\u201d declares the LORD of hosts.\n\nAn Oracle Concerning Assyria\n\n    [24] The LORD of hosts has sworn:\n    \u201cAs I have planned,\n        so shall it be,\n    and as I have purposed,\n        so shall it stand,\n    [25] that I will break the Assyrian in my land,\n        and on my mountains trample him underfoot;\n    and his yoke shall depart from them,\n        and his burden from their shoulder.\u201d\n    \n    \n    [26] This is the purpose that is purposed\n        concerning the whole earth,\n    and this is the hand that is stretched out\n        over all the nations.\n    [27] For the LORD of hosts has purposed,\n        and who will annul it?\n    His hand is stretched out,\n        and who will turn it back?\n    \n    \n    An Oracle Concerning Philistia\n\n  [28] In the year that King Ahaz died came this oracle:\n\n    [29] Rejoice not, O Philistia, all of you,\n        that the rod that struck you is broken,\n    for from the serpent\u2019s root will come forth an adder,\n        and its fruit will be a flying fiery serpent.\n    [30] And the firstborn of the poor will graze,\n        and the needy lie down in safety;\n    but I will kill your root with famine,\n        and your remnant it will slay.\n    [31] Wail, O gate; cry out, O city;\n        melt in fear, O Philistia, all of you!\n    For smoke comes out of the north,\n        and there is no straggler in his ranks.\n    \n    \n    [32] What will one answer the messengers of the nation?\n    \u201cThe LORD has founded Zion,\n        and in her the afflicted of his people find refuge.\u201d\n    \n\nFootnotes\n\n(1) 14:2 Or *servants*\n\n(2) 14:4 Dead Sea Scroll (compare Septuagint, Syriac, Vulgate); the meaning of the word in the Masoretic Text is uncertain\n\n(3) 14:13 Or *in the remote parts of Zaphon*\n\n(4) 14:18 Hebrew *house*\n\n(5) 14:23 Possibly *porcupine*, or *owl*\n (ESV)"]}