{"query": "Isaiah 36", "canonical": "Isaiah 36", "parsed": [[23036001, 23036022]], "passage_meta": [{"canonical": "Isaiah 36", "chapter_start": [23036001, 23036022], "chapter_end": [23036001, 23036022], "prev_verse": 23035010, "next_verse": 23037001, "prev_chapter": [23035001, 23035010], "next_chapter": [23037001, 23037038]}], "passages": ["Isaiah 36\n\nSennacherib Invades Judah\n\n  [1] In the fourteenth year of King Hezekiah, Sennacherib king of Assyria came up against all the fortified cities of Judah and took them. [2] And the king of Assyria sent the Rabshakeh(1) from Lachish to King Hezekiah at Jerusalem, with a great army. And he stood by the conduit of the upper pool on the highway to the Washer\u2019s Field. [3] And there came out to him Eliakim the son of Hilkiah, who was over the household, and Shebna the secretary, and Joah the son of Asaph, the recorder.\n\n  [4] And the Rabshakeh said to them, \u201cSay to Hezekiah, \u2018Thus says the great king, the king of Assyria: On what do you rest this trust of yours? [5] Do you think that mere words are strategy and power for war? In whom do you now trust, that you have rebelled against me? [6] Behold, you are trusting in Egypt, that broken reed of a staff, which will pierce the hand of any man who leans on it. Such is Pharaoh king of Egypt to all who trust in him. [7] But if you say to me, \u201cWe trust in the LORD our God,\u201d is it not he whose high places and altars Hezekiah has removed, saying to Judah and to Jerusalem, \u201cYou shall worship before this altar\u201d? [8] Come now, make a wager with my master the king of Assyria: I will give you two thousand horses, if you are able on your part to set riders on them. [9] How then can you repulse a single captain among the least of my master\u2019s servants, when you trust in Egypt for chariots and for horsemen? [10] Moreover, is it without the LORD that I have come up against this land to destroy it? The LORD said to me, \u201cGo up against this land and destroy it.\u201d\u2019\u201d\n\n  [11] Then Eliakim, Shebna, and Joah said to the Rabshakeh, \u201cPlease speak to your servants in Aramaic, for we understand it. Do not speak to us in the language of Judah within the hearing of the people who are on the wall.\u201d [12] But the Rabshakeh said, \u201cHas my master sent me to speak these words to your master and to you, and not to the men sitting on the wall, who are doomed with you to eat their own dung and drink their own urine?\u201d\n\n  [13] Then the Rabshakeh stood and called out in a loud voice in the language of Judah: \u201cHear the words of the great king, the king of Assyria! [14] Thus says the king: \u2018Do not let Hezekiah deceive you, for he will not be able to deliver you. [15] Do not let Hezekiah make you trust in the LORD by saying, \u201cThe LORD will surely deliver us. This city will not be given into the hand of the king of Assyria.\u201d [16] Do not listen to Hezekiah. For thus says the king of Assyria: Make your peace with me(2) and come out to me. Then each one of you will eat of his own vine, and each one of his own fig tree, and each one of you will drink the water of his own cistern, [17] until I come and take you away to a land like your own land, a land of grain and wine, a land of bread and vineyards. [18] Beware lest Hezekiah mislead you by saying, \u201cThe LORD will deliver us.\u201d Has any of the gods of the nations delivered his land out of the hand of the king of Assyria? [19] Where are the gods of Hamath and Arpad? Where are the gods of Sepharvaim? Have they delivered Samaria out of my hand? [20] Who among all the gods of these lands have delivered their lands out of my hand, that the LORD should deliver Jerusalem out of my hand?\u2019\u201d\n\n  [21] But they were silent and answered him not a word, for the king\u2019s command was, \u201cDo not answer him.\u201d [22] Then Eliakim the son of Hilkiah, who was over the household, and Shebna the secretary, and Joah the son of Asaph, the recorder, came to Hezekiah with their clothes torn, and told him the words of the Rabshakeh.\n\nFootnotes\n\n(1) 36:2 *Rabshakeh* is the title of a high-ranking Assyrian military officer\n\n(2) 36:16 Hebrew *Make a blessing with me*\n (ESV)"]}