{"query": "Isaiah 45", "canonical": "Isaiah 45", "parsed": [[23045001, 23045025]], "passage_meta": [{"canonical": "Isaiah 45", "chapter_start": [23045001, 23045025], "chapter_end": [23045001, 23045025], "prev_verse": 23044028, "next_verse": 23046001, "prev_chapter": [23044001, 23044028], "next_chapter": [23046001, 23046013]}], "passages": ["Isaiah 45\n\nCyrus, God\u2019s Instrument\n\n    [1] Thus says the LORD to his anointed, to Cyrus,\n        whose right hand I have grasped,\n    to subdue nations before him\n        and to loose the belts of kings,\n    to open doors before him\n        that gates may not be closed:\n    [2] \u201cI will go before you\n        and level the exalted places,(1)\n    I will break in pieces the doors of bronze\n        and cut through the bars of iron,\n    [3] I will give you the treasures of darkness\n        and the hoards in secret places,\n    that you may know that it is I, the LORD,\n        the God of Israel, who call you by your name.\n    [4] For the sake of my servant Jacob,\n        and Israel my chosen,\n    I call you by your name,\n        I name you, though you do not know me.\n    [5] I am the LORD, and there is no other,\n        besides me there is no God;\n        I equip you, though you do not know me,\n    [6] that people may know, from the rising of the sun\n        and from the west, that there is none besides me;\n        I am the LORD, and there is no other.\n    [7] I form light and create darkness;\n        I make well-being and create calamity;\n        I am the LORD, who does all these things.\n    \n    \n    [8] \u201cShower, O heavens, from above,\n        and let the clouds rain down righteousness;\n    let the earth open, that salvation and righteousness may bear fruit;\n        let the earth cause them both to sprout;\n        I the LORD have created it.\n    \n    \n    [9] \u201cWoe to him who strives with him who formed him,\n        a pot among earthen pots!\n    Does the clay say to him who forms it, \u2018What are you making?\u2019\n        or \u2018Your work has no handles\u2019?\n    [10] Woe to him who says to a father, \u2018What are you begetting?\u2019\n        or to a woman, \u2018With what are you in labor?\u2019\u201d\n    \n    \n    [11] Thus says the LORD,\n        the Holy One of Israel, and the one who formed him:\n    \u201cAsk me of things to come;\n        will you command me concerning my children and the work of my hands?(2)\n    [12] I made the earth\n        and created man on it;\n    it was my hands that stretched out the heavens,\n        and I commanded all their host.\n    [13] I have stirred him up in righteousness,\n        and I will make all his ways level;\n    he shall build my city\n        and set my exiles free,\n    not for price or reward,\u201d\n        says the LORD of hosts.\n    \n    \n    The LORD, the Only Savior\n\n    [14] Thus says the LORD:\n    \u201cThe wealth of Egypt and the merchandise of Cush,\n        and the Sabeans, men of stature,\n    shall come over to you and be yours;\n        they shall follow you;\n        they shall come over in chains and bow down to you.\n    They will plead with you, saying:\n        \u2018Surely God is in you, and there is no other,\n        no god besides him.\u2019\u201d\n    \n    \n    [15] Truly, you are a God who hides himself,\n        O God of Israel, the Savior.\n    [16] All of them are put to shame and confounded;\n        the makers of idols go in confusion together.\n    [17] But Israel is saved by the LORD\n        with everlasting salvation;\n    you shall not be put to shame or confounded\n        to all eternity.\n    \n    \n    [18] For thus says the LORD,\n    who created the heavens\n        (he is God!),\n    who formed the earth and made it\n        (he established it;\n    he did not create it empty,\n        he formed it to be inhabited!):\n    \u201cI am the LORD, and there is no other.\n    [19] I did not speak in secret,\n        in a land of darkness;\n    I did not say to the offspring of Jacob,\n        \u2018Seek me in vain.\u2019(3)\n    I the LORD speak the truth;\n        I declare what is right.\n    \n    \n    [20] \u201cAssemble yourselves and come;\n        draw near together,\n        you survivors of the nations!\n    They have no knowledge\n        who carry about their wooden idols,\n    and keep on praying to a god\n        that cannot save.\n    [21] Declare and present your case;\n        let them take counsel together!\n    Who told this long ago?\n        Who declared it of old?\n    Was it not I, the LORD?\n        And there is no other god besides me,\n    a righteous God and a Savior;\n        there is none besides me.\n    \n    \n    [22] \u201cTurn to me and be saved,\n        all the ends of the earth!\n        For I am God, and there is no other.\n    [23] By myself I have sworn;\n        from my mouth has gone out in righteousness\n        a word that shall not return:\n    \u2018To me every knee shall bow,\n        every tongue shall swear allegiance.\u2019(4)\n    \n    \n    [24] \u201cOnly in the LORD, it shall be said of me,\n        are righteousness and strength;\n    to him shall come and be ashamed\n        all who were incensed against him.\n    [25] In the LORD all the offspring of Israel\n        shall be justified and shall glory.\u201d\n    \n\nFootnotes\n\n(1) 45:2 Masoretic Text; Dead Sea Scroll, Septuagint *level the mountains*\n\n(2) 45:11 A slight emendation yields *will you question me about my children, or command me concerning the work of my hands*?\n\n(3) 45:19 Hebrew *in emptiness*\n\n(4) 45:23 Septuagint *every tongue shall confess to God*\n (ESV)"]}