{"query": "Isaiah 50", "canonical": "Isaiah 50", "parsed": [[23050001, 23050011]], "passage_meta": [{"canonical": "Isaiah 50", "chapter_start": [23050001, 23050011], "chapter_end": [23050001, 23050011], "prev_verse": 23049026, "next_verse": 23051001, "prev_chapter": [23049001, 23049026], "next_chapter": [23051001, 23051023]}], "passages": ["Isaiah 50\n\nIsrael\u2019s Sin and the Servant\u2019s Obedience\n\n    [1] Thus says the LORD:\n    \u201cWhere is your mother\u2019s certificate of divorce,\n        with which I sent her away?\n    Or which of my creditors is it\n        to whom I have sold you?\n    Behold, for your iniquities you were sold,\n        and for your transgressions your mother was sent away.\n    [2] Why, when I came, was there no man;\n        why, when I called, was there no one to answer?\n    Is my hand shortened, that it cannot redeem?\n        Or have I no power to deliver?\n    Behold, by my rebuke I dry up the sea,\n        I make the rivers a desert;\n    their fish stink for lack of water\n        and die of thirst.\n    [3] I clothe the heavens with blackness\n        and make sackcloth their covering.\u201d\n    \n    \n    [4] The Lord GOD has given me\n        the tongue of those who are taught,\n    that I may know how to sustain with a word\n        him who is weary.\n    Morning by morning he awakens;\n        he awakens my ear\n        to hear as those who are taught.\n    [5] The Lord GOD has opened my ear,\n        and I was not rebellious;\n        I turned not backward.\n    [6] I gave my back to those who strike,\n        and my cheeks to those who pull out the beard;\n    I hid not my face\n        from disgrace and spitting.\n    \n    \n    [7] But the Lord GOD helps me;\n        therefore I have not been disgraced;\n    therefore I have set my face like a flint,\n        and I know that I shall not be put to shame.\n    [8]     He who vindicates me is near.\n    Who will contend with me?\n        Let us stand up together.\n    Who is my adversary?\n        Let him come near to me.\n    [9] Behold, the Lord GOD helps me;\n        who will declare me guilty?\n    Behold, all of them will wear out like a garment;\n        the moth will eat them up.\n    \n    \n    [10] Who among you fears the LORD\n        and obeys the voice of his servant?\n    Let him who walks in darkness\n        and has no light\n    trust in the name of the LORD\n        and rely on his God.\n    [11] Behold, all you who kindle a fire,\n        who equip yourselves with burning torches!\n    Walk by the light of your fire,\n        and by the torches that you have kindled!\n    This you have from my hand:\n        you shall lie down in torment. (ESV)"]}