{"query": "Isaiah 54", "canonical": "Isaiah 54", "parsed": [[23054001, 23054017]], "passage_meta": [{"canonical": "Isaiah 54", "chapter_start": [23054001, 23054017], "chapter_end": [23054001, 23054017], "prev_verse": 23053012, "next_verse": 23055001, "prev_chapter": [23053001, 23053012], "next_chapter": [23055001, 23055013]}], "passages": ["Isaiah 54\n\nThe Eternal Covenant of Peace\n\n    [1] \u201cSing, O barren one, who did not bear;\n        break forth into singing and cry aloud,\n        you who have not been in labor!\n    For the children of the desolate one will be more\n        than the children of her who is married,\u201d says the LORD.\n    [2] \u201cEnlarge the place of your tent,\n        and let the curtains of your habitations be stretched out;\n    do not hold back; lengthen your cords\n        and strengthen your stakes.\n    [3] For you will spread abroad to the right and to the left,\n        and your offspring will possess the nations\n        and will people the desolate cities.\n    \n    \n    [4] \u201cFear not, for you will not be ashamed;\n        be not confounded, for you will not be disgraced;\n    for you will forget the shame of your youth,\n        and the reproach of your widowhood you will remember no more.\n    [5] For your Maker is your husband,\n        the LORD of hosts is his name;\n    and the Holy One of Israel is your Redeemer,\n        the God of the whole earth he is called.\n    [6] For the LORD has called you\n        like a wife deserted and grieved in spirit,\n    like a wife of youth when she is cast off,\n        says your God.\n    [7] For a brief moment I deserted you,\n        but with great compassion I will gather you.\n    [8] In overflowing anger for a moment\n        I hid my face from you,\n    but with everlasting love I will have compassion on you,\u201d\n        says the LORD, your Redeemer.\n    \n    \n    [9] \u201cThis is like the days of Noah(1) to me:\n        as I swore that the waters of Noah\n        should no more go over the earth,\n    so I have sworn that I will not be angry with you,\n        and will not rebuke you.\n    [10] For the mountains may depart\n        and the hills be removed,\n    but my steadfast love shall not depart from you,\n        and my covenant of peace shall not be removed,\u201d\n        says the LORD, who has compassion on you.\n    \n    \n    [11] \u201cO afflicted one, storm-tossed and not comforted,\n        behold, I will set your stones in antimony,\n        and lay your foundations with sapphires.(2)\n    [12] I will make your pinnacles of agate,(3)\n        your gates of carbuncles,(4)\n        and all your wall of precious stones.\n    [13] All your children shall be taught by the LORD,\n        and great shall be the peace of your children.\n    [14] In righteousness you shall be established;\n        you shall be far from oppression, for you shall not fear;\n        and from terror, for it shall not come near you.\n    [15] If anyone stirs up strife,\n        it is not from me;\n    whoever stirs up strife with you\n        shall fall because of you.\n    [16] Behold, I have created the smith\n        who blows the fire of coals\n        and produces a weapon for its purpose.\n    I have also created the ravager to destroy;\n    [17]     no weapon that is fashioned against you shall succeed,\n        and you shall refute every tongue that rises against you in judgment.\n    This is the heritage of the servants of the LORD\n        and their vindication(5) from me, declares the LORD.\u201d\n    \n\nFootnotes\n\n(1) 54:9 Some manuscripts *For this is as the waters of Noah*\n\n(2) 54:11 Or *lapis lazuli*\n\n(3) 54:12 Or *jasper*, or *ruby*\n\n(4) 54:12 Or *crystal*\n\n(5) 54:17 Or *righteousness*\n (ESV)"]}