{"query": "Isaiah 49", "canonical": "Isaiah 49", "parsed": [[23049001, 23049026]], "passage_meta": [{"canonical": "Isaiah 49", "chapter_start": [23049001, 23049026], "chapter_end": [23049001, 23049026], "prev_verse": 23048022, "next_verse": 23050001, "prev_chapter": [23048001, 23048022], "next_chapter": [23050001, 23050011]}], "passages": ["Isaiah 49\n\nThe Servant of the LORD\n\n    [1] Listen to me, O coastlands,\n        and give attention, you peoples from afar.\n    The LORD called me from the womb,\n        from the body of my mother he named my name.\n    [2] He made my mouth like a sharp sword;\n        in the shadow of his hand he hid me;\n    he made me a polished arrow;\n        in his quiver he hid me away.\n    [3] And he said to me, \u201cYou are my servant,\n        Israel, in whom I will be glorified.\u201d(1)\n    [4] But I said, \u201cI have labored in vain;\n        I have spent my strength for nothing and vanity;\n    yet surely my right is with the LORD,\n        and my recompense with my God.\u201d\n    \n    \n    [5] And now the LORD says,\n        he who formed me from the womb to be his servant,\n    to bring Jacob back to him;\n        and that Israel might be gathered to him\u2014\n    for I am honored in the eyes of the LORD,\n        and my God has become my strength\u2014\n    [6] he says:\n    \u201cIt is too light a thing that you should be my servant\n        to raise up the tribes of Jacob\n        and to bring back the preserved of Israel;\n    I will make you as a light for the nations,\n        that my salvation may reach to the end of the earth.\u201d\n    \n    \n    [7] Thus says the LORD,\n        the Redeemer of Israel and his Holy One,\n    to one deeply despised, abhorred by the nation,\n        the servant of rulers:\n    \u201cKings shall see and arise;\n        princes, and they shall prostrate themselves;\n    because of the LORD, who is faithful,\n        the Holy One of Israel, who has chosen you.\u201d\n    \n    \n    The Restoration of Israel\n\n    [8] Thus says the LORD:\n    \u201cIn a time of favor I have answered you;\n        in a day of salvation I have helped you;\n    I will keep you and give you\n        as a covenant to the people,\n    to establish the land,\n        to apportion the desolate heritages,\n    [9] saying to the prisoners, \u2018Come out,\u2019\n        to those who are in darkness, \u2018Appear.\u2019\n    They shall feed along the ways;\n        on all bare heights shall be their pasture;\n    [10] they shall not hunger or thirst,\n        neither scorching wind nor sun shall strike them,\n    for he who has pity on them will lead them,\n        and by springs of water will guide them.\n    [11] And I will make all my mountains a road,\n        and my highways shall be raised up.\n    [12] Behold, these shall come from afar,\n        and behold, these from the north and from the west,(2)\n        and these from the land of Syene.\u201d(3)\n    \n    \n    [13] Sing for joy, O heavens, and exult, O earth;\n        break forth, O mountains, into singing!\n    For the LORD has comforted his people\n        and will have compassion on his afflicted.\n    \n    \n    [14] But Zion said, \u201cThe LORD has forsaken me;\n        my Lord has forgotten me.\u201d\n    \n    \n    [15] \u201cCan a woman forget her nursing child,\n        that she should have no compassion on the son of her womb?\n    Even these may forget,\n        yet I will not forget you.\n    [16] Behold, I have engraved you on the palms of my hands;\n        your walls are continually before me.\n    [17] Your builders make haste;(4)\n        your destroyers and those who laid you waste go out from you.\n    [18] Lift up your eyes around and see;\n        they all gather, they come to you.\n    As I live, declares the LORD,\n        you shall put them all on as an ornament;\n        you shall bind them on as a bride does.\n    \n    \n    [19] \u201cSurely your waste and your desolate places\n        and your devastated land\u2014\n    surely now you will be too narrow for your inhabitants,\n        and those who swallowed you up will be far away.\n    [20] The children of your bereavement\n        will yet say in your ears:\n    \u2018The place is too narrow for me;\n        make room for me to dwell in.\u2019\n    [21] Then you will say in your heart:\n        \u2018Who has borne me these?\n    I was bereaved and barren,\n        exiled and put away,\n        but who has brought up these?\n    Behold, I was left alone;\n        from where have these come?\u2019\u201d\n    \n    \n    [22] Thus says the Lord GOD:\n    \u201cBehold, I will lift up my hand to the nations,\n        and raise my signal to the peoples;\n    and they shall bring your sons in their arms,(5)\n        and your daughters shall be carried on their shoulders.\n    [23] Kings shall be your foster fathers,\n        and their queens your nursing mothers.\n    With their faces to the ground they shall bow down to you,\n        and lick the dust of your feet.\n    Then you will know that I am the LORD;\n        those who wait for me shall not be put to shame.\u201d\n    \n    \n    [24] Can the prey be taken from the mighty,\n        or the captives of a tyrant(6) be rescued?\n    [25] For thus says the LORD:\n    \u201cEven the captives of the mighty shall be taken,\n        and the prey of the tyrant be rescued,\n    for I will contend with those who contend with you,\n        and I will save your children.\n    [26] I will make your oppressors eat their own flesh,\n        and they shall be drunk with their own blood as with wine.\n    Then all flesh shall know\n        that I am the LORD your Savior,\n        and your Redeemer, the Mighty One of Jacob.\u201d\n    \n\nFootnotes\n\n(1) 49:3 Or *I will display my beauty*\n\n(2) 49:12 Hebrew *from the sea*\n\n(3) 49:12 Dead Sea Scroll; Masoretic Text *Sinim*\n\n(4) 49:17 Dead Sea Scroll; Masoretic Text *Your children make haste*\n\n(5) 49:22 Hebrew *in their bosom*\n\n(6) 49:24 Dead Sea Scroll, Syriac, Vulgate (see also verse 25); Masoretic Text *of a righteous man*\n (ESV)"]}