{"query": "Isaiah 35", "canonical": "Isaiah 35", "parsed": [[23035001, 23035010]], "passage_meta": [{"canonical": "Isaiah 35", "chapter_start": [23035001, 23035010], "chapter_end": [23035001, 23035010], "prev_verse": 23034017, "next_verse": 23036001, "prev_chapter": [23034001, 23034017], "next_chapter": [23036001, 23036022]}], "passages": ["Isaiah 35\n\nThe Ransomed Shall Return\n\n    [1] The wilderness and the dry land shall be glad;\n        the desert shall rejoice and blossom like the crocus;\n    [2] it shall blossom abundantly\n        and rejoice with joy and singing.\n    The glory of Lebanon shall be given to it,\n        the majesty of Carmel and Sharon.\n    They shall see the glory of the LORD,\n        the majesty of our God.\n    \n    \n    [3] Strengthen the weak hands,\n        and make firm the feeble knees.\n    [4] Say to those who have an anxious heart,\n        \u201cBe strong; fear not!\n    Behold, your God\n        will come with vengeance,\n    with the recompense of God.\n        He will come and save you.\u201d\n    \n    \n    [5] Then the eyes of the blind shall be opened,\n        and the ears of the deaf unstopped;\n    [6] then shall the lame man leap like a deer,\n        and the tongue of the mute sing for joy.\n    For waters break forth in the wilderness,\n        and streams in the desert;\n    [7] the burning sand shall become a pool,\n        and the thirsty ground springs of water;\n    in the haunt of jackals, where they lie down,\n        the grass shall become reeds and rushes.\n    \n    \n    [8] And a highway shall be there,\n        and it shall be called the Way of Holiness;\n    the unclean shall not pass over it.\n        It shall belong to those who walk on the way;\n        even if they are fools, they shall not go astray.(1)\n    [9] No lion shall be there,\n        nor shall any ravenous beast come up on it;\n    they shall not be found there,\n        but the redeemed shall walk there.\n    [10] And the ransomed of the LORD shall return\n        and come to Zion with singing;\n    everlasting joy shall be upon their heads;\n        they shall obtain gladness and joy,\n        and sorrow and sighing shall flee away.\n    \n\nFootnotes\n\n(1) 35:8 Or *if they are fools, they shall not wander in it*\n (ESV)"]}