{"query": "Isaiah 43", "canonical": "Isaiah 43", "parsed": [[23043001, 23043028]], "passage_meta": [{"canonical": "Isaiah 43", "chapter_start": [23043001, 23043028], "chapter_end": [23043001, 23043028], "prev_verse": 23042025, "next_verse": 23044001, "prev_chapter": [23042001, 23042025], "next_chapter": [23044001, 23044028]}], "passages": ["Isaiah 43\n\nIsrael\u2019s Only Savior\n\n    [1] But now thus says the LORD,\n    he who created you, O Jacob,\n        he who formed you, O Israel:\n    \u201cFear not, for I have redeemed you;\n        I have called you by name, you are mine.\n    [2] When you pass through the waters, I will be with you;\n        and through the rivers, they shall not overwhelm you;\n    when you walk through fire you shall not be burned,\n        and the flame shall not consume you.\n    [3] For I am the LORD your God,\n        the Holy One of Israel, your Savior.\n    I give Egypt as your ransom,\n        Cush and Seba in exchange for you.\n    [4] Because you are precious in my eyes,\n        and honored, and I love you,\n    I give men in return for you,\n        peoples in exchange for your life.\n    [5] Fear not, for I am with you;\n        I will bring your offspring from the east,\n        and from the west I will gather you.\n    [6] I will say to the north, Give up,\n        and to the south, Do not withhold;\n    bring my sons from afar\n        and my daughters from the end of the earth,\n    [7] everyone who is called by my name,\n        whom I created for my glory,\n        whom I formed and made.\u201d\n    \n    \n    [8] Bring out the people who are blind, yet have eyes,\n        who are deaf, yet have ears!\n    [9] All the nations gather together,\n        and the peoples assemble.\n    Who among them can declare this,\n        and show us the former things?\n    Let them bring their witnesses to prove them right,\n        and let them hear and say, It is true.\n    [10] \u201cYou are my witnesses,\u201d declares the LORD,\n        \u201cand my servant whom I have chosen,\n    that you may know and believe me\n        and understand that I am he.\n    Before me no god was formed,\n        nor shall there be any after me.\n    [11] I, I am the LORD,\n        and besides me there is no savior.\n    [12] I declared and saved and proclaimed,\n        when there was no strange god among you;\n        and you are my witnesses,\u201d declares the LORD, \u201cand I am God.\n    [13] Also henceforth I am he;\n        there is none who can deliver from my hand;\n        I work, and who can turn it back?\u201d\n    \n    \n    [14] Thus says the LORD,\n        your Redeemer, the Holy One of Israel:\n    \u201cFor your sake I send to Babylon\n        and bring them all down as fugitives,\n        even the Chaldeans, in the ships in which they rejoice.\n    [15] I am the LORD, your Holy One,\n        the Creator of Israel, your King.\u201d\n    \n    \n    [16] Thus says the LORD,\n        who makes a way in the sea,\n        a path in the mighty waters,\n    [17] who brings forth chariot and horse,\n        army and warrior;\n    they lie down, they cannot rise,\n        they are extinguished, quenched like a wick:\n    [18] \u201cRemember not the former things,\n        nor consider the things of old.\n    [19] Behold, I am doing a new thing;\n        now it springs forth, do you not perceive it?\n    I will make a way in the wilderness\n        and rivers in the desert.\n    [20] The wild beasts will honor me,\n        the jackals and the ostriches,\n    for I give water in the wilderness,\n        rivers in the desert,\n    to give drink to my chosen people,\n    [21]     the people whom I formed for myself\n    that they might declare my praise.\n    \n    \n    [22] \u201cYet you did not call upon me, O Jacob;\n        but you have been weary of me, O Israel!\n    [23] You have not brought me your sheep for burnt offerings,\n        or honored me with your sacrifices.\n    I have not burdened you with offerings,\n        or wearied you with frankincense.\n    [24] You have not bought me sweet cane with money,\n        or satisfied me with the fat of your sacrifices.\n    But you have burdened me with your sins;\n        you have wearied me with your iniquities.\n    \n    \n    [25] \u201cI, I am he\n        who blots out your transgressions for my own sake,\n        and I will not remember your sins.\n    [26] Put me in remembrance; let us argue together;\n        set forth your case, that you may be proved right.\n    [27] Your first father sinned,\n        and your mediators transgressed against me.\n    [28] Therefore I will profane the princes of the sanctuary,\n        and deliver Jacob to utter destruction\n        and Israel to reviling. (ESV)"]}