{"query": "Isaiah 25", "canonical": "Isaiah 25", "parsed": [[23025001, 23025012]], "passage_meta": [{"canonical": "Isaiah 25", "chapter_start": [23025001, 23025012], "chapter_end": [23025001, 23025012], "prev_verse": 23024023, "next_verse": 23026001, "prev_chapter": [23024001, 23024023], "next_chapter": [23026001, 23026021]}], "passages": ["Isaiah 25\n\nGod Will Swallow Up Death Forever\n\n    [1] O LORD, you are my God;\n        I will exalt you; I will praise your name,\n    for you have done wonderful things,\n        plans formed of old, faithful and sure.\n    [2] For you have made the city a heap,\n        the fortified city a ruin;\n    the foreigners\u2019 palace is a city no more;\n        it will never be rebuilt.\n    [3] Therefore strong peoples will glorify you;\n        cities of ruthless nations will fear you.\n    [4] For you have been a stronghold to the poor,\n        a stronghold to the needy in his distress,\n        a shelter from the storm and a shade from the heat;\n    for the breath of the ruthless is like a storm against a wall,\n    [5]     like heat in a dry place.\n    You subdue the noise of the foreigners;\n        as heat by the shade of a cloud,\n        so the song of the ruthless is put down.\n    \n    \n    [6] On this mountain the LORD of hosts will make for all peoples\n        a feast of rich food, a feast of well-aged wine,\n        of rich food full of marrow, of aged wine well refined.\n    [7] And he will swallow up on this mountain\n        the covering that is cast over all peoples,\n        the veil that is spread over all nations.\n    [8]     He will swallow up death forever;\n    and the Lord GOD will wipe away tears from all faces,\n        and the reproach of his people he will take away from all the earth,\n        for the LORD has spoken.\n    [9] It will be said on that day,\n        \u201cBehold, this is our God; we have waited for him, that he might save us.\n        This is the LORD; we have waited for him;\n        let us be glad and rejoice in his salvation.\u201d\n    [10] For the hand of the LORD will rest on this mountain,\n        and Moab shall be trampled down in his place,\n        as straw is trampled down in a dunghill.(1)\n    [11] And he will spread out his hands in the midst of it\n        as a swimmer spreads his hands out to swim,\n        but the LORD will lay low his pompous pride together with the skill(2) of his hands.\n    [12] And the high fortifications of his walls he will bring down,\n        lay low, and cast to the ground, to the dust.\n    \n\nFootnotes\n\n(1) 25:10 The Hebrew words for *dunghill* and for the Moabite town *Madmen* (Jeremiah 48:2) sound alike\n\n(2) 25:11 Or *in spite of the skill*\n (ESV)"]}