{"query": "Isaiah 37", "canonical": "Isaiah 37", "parsed": [[23037001, 23037038]], "passage_meta": [{"canonical": "Isaiah 37", "chapter_start": [23037001, 23037038], "chapter_end": [23037001, 23037038], "prev_verse": 23036022, "next_verse": 23038001, "prev_chapter": [23036001, 23036022], "next_chapter": [23038001, 23038022]}], "passages": ["Isaiah 37\n\nHezekiah Seeks Isaiah\u2019s Help\n\n  [1] As soon as King Hezekiah heard it, he tore his clothes and covered himself with sackcloth and went into the house of the LORD. [2] And he sent Eliakim, who was over the household, and Shebna the secretary, and the senior priests, covered with sackcloth, to the prophet Isaiah the son of Amoz. [3] They said to him, \u201cThus says Hezekiah, \u2018This day is a day of distress, of rebuke, and of disgrace; children have come to the point of birth, and there is no strength to bring them forth. [4] It may be that the LORD your God will hear the words of the Rabshakeh, whom his master the king of Assyria has sent to mock the living God, and will rebuke the words that the LORD your God has heard; therefore lift up your prayer for the remnant that is left.\u2019\u201d\n\n  [5] When the servants of King Hezekiah came to Isaiah, [6] Isaiah said to them, \u201cSay to your master, \u2018Thus says the LORD: Do not be afraid because of the words that you have heard, with which the young men of the king of Assyria have reviled me. [7] Behold, I will put a spirit in him, so that he shall hear a rumor and return to his own land, and I will make him fall by the sword in his own land.\u2019\u201d\n\n  [8] The Rabshakeh returned, and found the king of Assyria fighting against Libnah, for he had heard that the king had left Lachish. [9] Now the king heard concerning Tirhakah king of Cush,(1) \u201cHe has set out to fight against you.\u201d And when he heard it, he sent messengers to Hezekiah, saying, [10] \u201cThus shall you speak to Hezekiah king of Judah: \u2018Do not let your God in whom you trust deceive you by promising that Jerusalem will not be given into the hand of the king of Assyria. [11] Behold, you have heard what the kings of Assyria have done to all lands, devoting them to destruction. And shall you be delivered? [12] Have the gods of the nations delivered them, the nations that my fathers destroyed, Gozan, Haran, Rezeph, and the people of Eden who were in Telassar? [13] Where is the king of Hamath, the king of Arpad, the king of the city of Sepharvaim, the king of Hena, or the king of Ivvah?\u2019\u201d\n\nHezekiah\u2019s Prayer for Deliverance\n\n  [14] Hezekiah received the letter from the hand of the messengers, and read it; and Hezekiah went up to the house of the LORD, and spread it before the LORD. [15] And Hezekiah prayed to the LORD: [16] \u201cO LORD of hosts, God of Israel, enthroned above the cherubim, you are the God, you alone, of all the kingdoms of the earth; you have made heaven and earth. [17] Incline your ear, O LORD, and hear; open your eyes, O LORD, and see; and hear all the words of Sennacherib, which he has sent to mock the living God. [18] Truly, O LORD, the kings of Assyria have laid waste all the nations and their lands, [19] and have cast their gods into the fire. For they were no gods, but the work of men\u2019s hands, wood and stone. Therefore they were destroyed. [20] So now, O LORD our God, save us from his hand, that all the kingdoms of the earth may know that you alone are the LORD.\u201d\n\nSennacherib\u2019s Fall\n\n  [21] Then Isaiah the son of Amoz sent to Hezekiah, saying, \u201cThus says the LORD, the God of Israel: Because you have prayed to me concerning Sennacherib king of Assyria, [22] this is the word that the LORD has spoken concerning him:\n\n    \u201c\u2018She despises you, she scorns you\u2014\n        the virgin daughter of Zion;\n    she wags her head behind you\u2014\n        the daughter of Jerusalem.\n    \n    \n    [23] \u201c\u2018Whom have you mocked and reviled?\n        Against whom have you raised your voice\n    and lifted your eyes to the heights?\n        Against the Holy One of Israel!\n    [24] By your servants you have mocked the Lord,\n        and you have said, With my many chariots\n    I have gone up the heights of the mountains,\n        to the far recesses of Lebanon,\n    to cut down its tallest cedars,\n        its choicest cypresses,\n    to come to its remotest height,\n        its most fruitful forest.\n    [25] I dug wells\n        and drank waters,\n    to dry up with the sole of my foot\n        all the streams of Egypt.\n    \n    \n    [26] \u201c\u2018Have you not heard\n        that I determined it long ago?\n    I planned from days of old\n        what now I bring to pass,\n    that you should make fortified cities\n        crash into heaps of ruins,\n    [27] while their inhabitants, shorn of strength,\n        are dismayed and confounded,\n    and have become like plants of the field\n        and like tender grass,\n    like grass on the housetops,\n        blighted(2) before it is grown.\n    \n    \n    [28] \u201c\u2018I know your sitting down\n        and your going out and coming in,\n        and your raging against me.\n    [29] Because you have raged against me\n        and your complacency has come to my ears,\n    I will put my hook in your nose\n        and my bit in your mouth,\n    and I will turn you back on the way\n        by which you came.\u2019\n    \n    \n      [30] \u201cAnd this shall be the sign for you: this year you shall eat what grows of itself, and in the second year what springs from that. Then in the third year sow and reap, and plant vineyards, and eat their fruit. [31] And the surviving remnant of the house of Judah shall again take root downward and bear fruit upward. [32] For out of Jerusalem shall go a remnant, and out of Mount Zion a band of survivors. The zeal of the LORD of hosts will do this.\n\n  [33] \u201cTherefore thus says the LORD concerning the king of Assyria: He shall not come into this city or shoot an arrow there or come before it with a shield or cast up a siege mound against it. [34] By the way that he came, by the same he shall return, and he shall not come into this city, declares the LORD. [35] For I will defend this city to save it, for my own sake and for the sake of my servant David.\u201d\n\n  [36] And the angel of the LORD went out and struck down 185,000 in the camp of the Assyrians. And when people arose early in the morning, behold, these were all dead bodies. [37] Then Sennacherib king of Assyria departed and returned home and lived at Nineveh. [38] And as he was worshiping in the house of Nisroch his god, Adrammelech and Sharezer, his sons, struck him down with the sword. And after they escaped into the land of Ararat, Esarhaddon his son reigned in his place.\n\nFootnotes\n\n(1) 37:9 Probably *Nubia*\n\n(2) 37:27 Some Hebrew manuscripts and 2 Kings 19:26; most Hebrew manuscripts *a field*\n (ESV)"]}