{"query": "Isaiah 46", "canonical": "Isaiah 46", "parsed": [[23046001, 23046013]], "passage_meta": [{"canonical": "Isaiah 46", "chapter_start": [23046001, 23046013], "chapter_end": [23046001, 23046013], "prev_verse": 23045025, "next_verse": 23047001, "prev_chapter": [23045001, 23045025], "next_chapter": [23047001, 23047015]}], "passages": ["Isaiah 46\n\nThe Idols of Babylon and the One True God\n\n    [1] Bel bows down; Nebo stoops;\n        their idols are on beasts and livestock;\n    these things you carry are borne\n        as burdens on weary beasts.\n    [2] They stoop; they bow down together;\n        they cannot save the burden,\n        but themselves go into captivity.\n    \n    \n    [3] \u201cListen to me, O house of Jacob,\n        all the remnant of the house of Israel,\n    who have been borne by me from before your birth,\n        carried from the womb;\n    [4] even to your old age I am he,\n        and to gray hairs I will carry you.\n    I have made, and I will bear;\n        I will carry and will save.\n    \n    \n    [5] \u201cTo whom will you liken me and make me equal,\n        and compare me, that we may be alike?\n    [6] Those who lavish gold from the purse,\n        and weigh out silver in the scales,\n    hire a goldsmith, and he makes it into a god;\n        then they fall down and worship!\n    [7] They lift it to their shoulders, they carry it,\n        they set it in its place, and it stands there;\n        it cannot move from its place.\n    If one cries to it, it does not answer\n        or save him from his trouble.\n    \n    \n    [8] \u201cRemember this and stand firm,\n        recall it to mind, you transgressors,\n    [9]     remember the former things of old;\n    for I am God, and there is no other;\n        I am God, and there is none like me,\n    [10] declaring the end from the beginning\n        and from ancient times things not yet done,\n    saying, \u2018My counsel shall stand,\n        and I will accomplish all my purpose,\u2019\n    [11] calling a bird of prey from the east,\n        the man of my counsel from a far country.\n    I have spoken, and I will bring it to pass;\n        I have purposed, and I will do it.\n    \n    \n    [12] \u201cListen to me, you stubborn of heart,\n        you who are far from righteousness:\n    [13] I bring near my righteousness; it is not far off,\n        and my salvation will not delay;\n    I will put salvation in Zion,\n        for Israel my glory.\u201d (ESV)"]}