{"query": "Isaiah 31", "canonical": "Isaiah 31", "parsed": [[23031001, 23031009]], "passage_meta": [{"canonical": "Isaiah 31", "chapter_start": [23031001, 23031009], "chapter_end": [23031001, 23031009], "prev_verse": 23030033, "next_verse": 23032001, "prev_chapter": [23030001, 23030033], "next_chapter": [23032001, 23032020]}], "passages": ["Isaiah 31\n\nWoe to Those Who Go Down to Egypt\n\n    [1] Woe(1) to those who go down to Egypt for help\n        and rely on horses,\n    who trust in chariots because they are many\n        and in horsemen because they are very strong,\n    but do not look to the Holy One of Israel\n        or consult the LORD!\n    [2] And yet he is wise and brings disaster;\n        he does not call back his words,\n    but will arise against the house of the evildoers\n        and against the helpers of those who work iniquity.\n    [3] The Egyptians are man, and not God,\n        and their horses are flesh, and not spirit.\n    When the LORD stretches out his hand,\n        the helper will stumble, and he who is helped will fall,\n        and they will all perish together.\n    \n    \n    [4] For thus the LORD said to me,\n    \u201cAs a lion or a young lion growls over his prey,\n        and when a band of shepherds is called out against him\n    he is not terrified by their shouting\n        or daunted at their noise,\n    so the LORD of hosts will come down\n        to fight(2) on Mount Zion and on its hill.\n    [5] Like birds hovering, so the LORD of hosts\n        will protect Jerusalem;\n    he will protect and deliver it;\n        he will spare and rescue it.\u201d\n    \n    \n      [6] Turn to him from whom people(3) have deeply revolted, O children of Israel. [7] For in that day everyone shall cast away his idols of silver and his idols of gold, which your hands have sinfully made for you.\n\n    [8] \u201cAnd the Assyrian shall fall by a sword, not of man;\n        and a sword, not of man, shall devour him;\n    and he shall flee from the sword,\n        and his young men shall be put to forced labor.\n    [9] His rock shall pass away in terror,\n        and his officers desert the standard in panic,\u201d\n    declares the LORD, whose fire is in Zion,\n        and whose furnace is in Jerusalem.\n    \n\nFootnotes\n\n(1) 31:1 Or *Ah,*\n\n(2) 31:4 The Hebrew words for *hosts* and *to fight* sound alike\n\n(3) 31:6 Hebrew *they*\n (ESV)"]}