{"query": "Isaiah 10", "canonical": "Isaiah 10", "parsed": [[23010001, 23010034]], "passage_meta": [{"canonical": "Isaiah 10", "chapter_start": [23010001, 23010034], "chapter_end": [23010001, 23010034], "prev_verse": 23009021, "next_verse": 23011001, "prev_chapter": [23009001, 23009021], "next_chapter": [23011001, 23011016]}], "passages": ["Isaiah 10\n\n    [1] Woe to those who decree iniquitous decrees,\n        and the writers who keep writing oppression,\n    [2] to turn aside the needy from justice\n        and to rob the poor of my people of their right,\n    that widows may be their spoil,\n        and that they may make the fatherless their prey!\n    [3] What will you do on the day of punishment,\n        in the ruin that will come from afar?\n    To whom will you flee for help,\n        and where will you leave your wealth?\n    [4] Nothing remains but to crouch among the prisoners\n        or fall among the slain.\n    For all this his anger has not turned away,\n        and his hand is stretched out still.\n    \n    \n    Judgment on Arrogant Assyria\n\n    [5] Woe to Assyria, the rod of my anger;\n        the staff in their hands is my fury!\n    [6] Against a godless nation I send him,\n        and against the people of my wrath I command him,\n    to take spoil and seize plunder,\n        and to tread them down like the mire of the streets.\n    [7] But he does not so intend,\n        and his heart does not so think;\n    but it is in his heart to destroy,\n        and to cut off nations not a few;\n    [8] for he says:\n    \u201cAre not my commanders all kings?\n    [9] Is not Calno like Carchemish?\n        Is not Hamath like Arpad?\n        Is not Samaria like Damascus?\n    [10] As my hand has reached to the kingdoms of the idols,\n        whose carved images were greater than those of Jerusalem and Samaria,\n    [11] shall I not do to Jerusalem and her idols\n        as I have done to Samaria and her images?\u201d\n    \n    \n      [12] When the Lord has finished all his work on Mount Zion and on Jerusalem, he(1) will punish the speech(2) of the arrogant heart of the king of Assyria and the boastful look in his eyes. [13] For he says:\n\n    \u201cBy the strength of my hand I have done it,\n        and by my wisdom, for I have understanding;\n    I remove the boundaries of peoples,\n        and plunder their treasures;\n        like a bull I bring down those who sit on thrones.\n    [14] My hand has found like a nest\n        the wealth of the peoples;\n    and as one gathers eggs that have been forsaken,\n        so I have gathered all the earth;\n    and there was none that moved a wing\n        or opened the mouth or chirped.\u201d\n    \n    \n    [15] Shall the axe boast over him who hews with it,\n        or the saw magnify itself against him who wields it?\n    As if a rod should wield him who lifts it,\n        or as if a staff should lift him who is not wood!\n    [16] Therefore the Lord GOD of hosts\n        will send wasting sickness among his stout warriors,\n    and under his glory a burning will be kindled,\n        like the burning of fire.\n    [17] The light of Israel will become a fire,\n        and his Holy One a flame,\n    and it will burn and devour\n        his thorns and briers in one day.\n    [18] The glory of his forest and of his fruitful land\n        the LORD will destroy, both soul and body,\n        and it will be as when a sick man wastes away.\n    [19] The remnant of the trees of his forest will be so few\n        that a child can write them down.\n    \n    \n    The Remnant of Israel Will Return\n\n  [20] In that day the remnant of Israel and the survivors of the house of Jacob will no more lean on him who struck them, but will lean on the LORD, the Holy One of Israel, in truth. [21] A remnant will return, the remnant of Jacob, to the mighty God. [22] For though your people Israel be as the sand of the sea, only a remnant of them will return. Destruction is decreed, overflowing with righteousness. [23] For the Lord GOD of hosts will make a full end, as decreed, in the midst of all the earth.\n\n  [24] Therefore thus says the Lord GOD of hosts: \u201cO my people, who dwell in Zion, be not afraid of the Assyrians when they strike with the rod and lift up their staff against you as the Egyptians did. [25] For in a very little while my fury will come to an end, and my anger will be directed to their destruction. [26] And the LORD of hosts will wield against them a whip, as when he struck Midian at the rock of Oreb. And his staff will be over the sea, and he will lift it as he did in Egypt. [27] And in that day his burden will depart from your shoulder, and his yoke from your neck; and the yoke will be broken because of the fat.\u201d(3)\n\n    [28] He has come to Aiath;\n    he has passed through Migron;\n        at Michmash he stores his baggage;\n    [29] they have crossed over the pass;\n        at Geba they lodge for the night;\n    Ramah trembles;\n        Gibeah of Saul has fled.\n    [30] Cry aloud, O daughter of Gallim!\n        Give attention, O Laishah!\n        O poor Anathoth!\n    [31] Madmenah is in flight;\n        the inhabitants of Gebim flee for safety.\n    [32] This very day he will halt at Nob;\n        he will shake his fist\n        at the mount of the daughter of Zion,\n        the hill of Jerusalem.\n    \n    \n    [33] Behold, the Lord GOD of hosts\n        will lop the boughs with terrifying power;\n    the great in height will be hewn down,\n        and the lofty will be brought low.\n    [34] He will cut down the thickets of the forest with an axe,\n        and Lebanon will fall by the Majestic One.\n    \n\nFootnotes\n\n(1) 10:12 Hebrew *I*\n\n(2) 10:12 Hebrew *fruit*\n\n(3) 10:27 The meaning of the Hebrew is uncertain\n (ESV)"]}