{"query": "Isaiah 6", "canonical": "Isaiah 6", "parsed": [[23006001, 23006013]], "passage_meta": [{"canonical": "Isaiah 6", "chapter_start": [23006001, 23006013], "chapter_end": [23006001, 23006013], "prev_verse": 23005030, "next_verse": 23007001, "prev_chapter": [23005001, 23005030], "next_chapter": [23007001, 23007025]}], "passages": ["Isaiah 6\n\nIsaiah\u2019s Vision of the Lord\n\n  [1] In the year that King Uzziah died I saw the Lord sitting upon a throne, high and lifted up; and the train(1) of his robe filled the temple. [2] Above him stood the seraphim. Each had six wings: with two he covered his face, and with two he covered his feet, and with two he flew. [3] And one called to another and said:\n\n    \u201cHoly, holy, holy is the LORD of hosts;\n    the whole earth is full of his glory!\u201d(2)\n    \n    \n      [4] And the foundations of the thresholds shook at the voice of him who called, and the house was filled with smoke. [5] And I said: \u201cWoe is me! For I am lost; for I am a man of unclean lips, and I dwell in the midst of a people of unclean lips; for my eyes have seen the King, the LORD of hosts!\u201d\n\n  [6] Then one of the seraphim flew to me, having in his hand a burning coal that he had taken with tongs from the altar. [7] And he touched my mouth and said: \u201cBehold, this has touched your lips; your guilt is taken away, and your sin atoned for.\u201d\n\nIsaiah\u2019s Commission from the Lord\n\n  [8] And I heard the voice of the Lord saying, \u201cWhom shall I send, and who will go for us?\u201d Then I said, \u201cHere I am! Send me.\u201d [9] And he said, \u201cGo, and say to this people:\n\n    \u201c\u2018Keep on hearing,(3) but do not understand;\n    keep on seeing,(4) but do not perceive.\u2019\n    [10] Make the heart of this people dull,(5)\n        and their ears heavy,\n        and blind their eyes;\n    lest they see with their eyes,\n        and hear with their ears,\n    and understand with their hearts,\n        and turn and be healed.\u201d\n    [11] Then I said, \u201cHow long, O Lord?\u201d\n    And he said:\n    \u201cUntil cities lie waste\n        without inhabitant,\n    and houses without people,\n        and the land is a desolate waste,\n    [12] and the LORD removes people far away,\n        and the forsaken places are many in the midst of the land.\n    [13] And though a tenth remain in it,\n        it will be burned(6) again,\n    like a terebinth or an oak,\n        whose stump remains\n        when it is felled.\u201d\n    The holy seed(7) is its stump.\n    \n\nFootnotes\n\n(1) 6:1 Or *hem*\n\n(2) 6:3 Or *may his glory fill the whole earth*\n\n(3) 6:9 Or *Hear indeed*\n\n(4) 6:9 Or *see indeed*\n\n(5) 6:10 Hebrew *fat*\n\n(6) 6:13 Or *purged*\n\n(7) 6:13 Or *offspring*\n (ESV)"]}