{"query": "Isaiah 2", "canonical": "Isaiah 2", "parsed": [[23002001, 23002022]], "passage_meta": [{"canonical": "Isaiah 2", "chapter_start": [23002001, 23002022], "chapter_end": [23002001, 23002022], "prev_verse": 23001031, "next_verse": 23003001, "prev_chapter": [23001001, 23001031], "next_chapter": [23003001, 23003026]}], "passages": ["Isaiah 2\n\nThe Mountain of the LORD\n\n  [1] The word that Isaiah the son of Amoz saw concerning Judah and Jerusalem.\n\n    [2] It shall come to pass in the latter days\n        that the mountain of the house of the LORD\n    shall be established as the highest of the mountains,\n        and shall be lifted up above the hills;\n    and all the nations shall flow to it,\n    [3]     and many peoples shall come, and say:\n    \u201cCome, let us go up to the mountain of the LORD,\n        to the house of the God of Jacob,\n    that he may teach us his ways\n        and that we may walk in his paths.\u201d\n    For out of Zion shall go forth the law,(1)\n        and the word of the LORD from Jerusalem.\n    [4] He shall judge between the nations,\n        and shall decide disputes for many peoples;\n    and they shall beat their swords into plowshares,\n        and their spears into pruning hooks;\n    nation shall not lift up sword against nation,\n        neither shall they learn war anymore.\n    \n    \n    [5] O house of Jacob,\n        come, let us walk\n        in the light of the LORD.\n    \n    \n    The Day of the LORD\n\n    [6] For you have rejected your people,\n        the house of Jacob,\n    because they are full of things from the east\n        and of fortune-tellers like the Philistines,\n        and they strike hands with the children of foreigners.\n    [7] Their land is filled with silver and gold,\n        and there is no end to their treasures;\n    their land is filled with horses,\n        and there is no end to their chariots.\n    [8] Their land is filled with idols;\n        they bow down to the work of their hands,\n        to what their own fingers have made.\n    [9] So man is humbled,\n        and each one is brought low\u2014\n        do not forgive them!\n    [10] Enter into the rock\n        and hide in the dust\n    from before the terror of the LORD,\n        and from the splendor of his majesty.\n    [11] The haughty looks of man shall be brought low,\n        and the lofty pride of men shall be humbled,\n    and the LORD alone will be exalted in that day.\n    \n    \n    [12] For the LORD of hosts has a day\n        against all that is proud and lofty,\n        against all that is lifted up\u2014and it shall be brought low;\n    [13] against all the cedars of Lebanon,\n        lofty and lifted up;\n        and against all the oaks of Bashan;\n    [14] against all the lofty mountains,\n        and against all the uplifted hills;\n    [15] against every high tower,\n        and against every fortified wall;\n    [16] against all the ships of Tarshish,\n        and against all the beautiful craft.\n    [17] And the haughtiness of man shall be humbled,\n        and the lofty pride of men shall be brought low,\n        and the LORD alone will be exalted in that day.\n    [18] And the idols shall utterly pass away.\n    [19] And people shall enter the caves of the rocks\n        and the holes of the ground,(2)\n    from before the terror of the LORD,\n        and from the splendor of his majesty,\n        when he rises to terrify the earth.\n    \n    \n    [20] In that day mankind will cast away\n        their idols of silver and their idols of gold,\n    which they made for themselves to worship,\n        to the moles and to the bats,\n    [21] to enter the caverns of the rocks\n        and the clefts of the cliffs,\n    from before the terror of the LORD,\n        and from the splendor of his majesty,\n        when he rises to terrify the earth.\n    [22] Stop regarding man\n        in whose nostrils is breath,\n        for of what account is he?\n    \n\nFootnotes\n\n(1) 2:3 Or *teaching*\n\n(2) 2:19 Hebrew *dust*\n (ESV)"]}