{"query": "Isaiah 66", "canonical": "Isaiah 66", "parsed": [[23066001, 23066024]], "passage_meta": [{"canonical": "Isaiah 66", "chapter_start": [23066001, 23066024], "chapter_end": [23066001, 23066024], "prev_verse": 23065025, "next_verse": 24001001, "prev_chapter": [23065001, 23065025], "next_chapter": [24001001, 24001019]}], "passages": ["Isaiah 66\n\nThe Humble and Contrite in Spirit\n\n    [1] Thus says the LORD:\n    \u201cHeaven is my throne,\n        and the earth is my footstool;\n    what is the house that you would build for me,\n        and what is the place of my rest?\n    [2] All these things my hand has made,\n        and so all these things came to be,\n                                            declares the LORD.\n    But this is the one to whom I will look:\n        he who is humble and contrite in spirit\n        and trembles at my word.\n    \n    \n    [3] \u201cHe who slaughters an ox is like one who kills a man;\n        he who sacrifices a lamb, like one who breaks a dog\u2019s neck;\n    he who presents a grain offering, like one who offers pig\u2019s blood;\n        he who makes a memorial offering of frankincense, like one who blesses an idol.\n    These have chosen their own ways,\n        and their soul delights in their abominations;\n    [4] I also will choose harsh treatment for them\n        and bring their fears upon them,\n    because when I called, no one answered,\n        when I spoke, they did not listen;\n    but they did what was evil in my eyes\n        and chose that in which I did not delight.\u201d\n    \n    \n    [5] Hear the word of the LORD,\n        you who tremble at his word:\n    \u201cYour brothers who hate you\n        and cast you out for my name\u2019s sake\n    have said, \u2018Let the LORD be glorified,\n        that we may see your joy\u2019;\n        but it is they who shall be put to shame.\n    \n    \n    [6] \u201cThe sound of an uproar from the city!\n        A sound from the temple!\n    The sound of the LORD,\n        rendering recompense to his enemies!\n    \n    \n    Rejoice with Jerusalem\n\n    [7] \u201cBefore she was in labor\n        she gave birth;\n    before her pain came upon her\n        she delivered a son.\n    [8] Who has heard such a thing?\n        Who has seen such things?\n    Shall a land be born in one day?\n        Shall a nation be brought forth in one moment?\n    For as soon as Zion was in labor\n        she brought forth her children.\n    [9] Shall I bring to the point of birth and not cause to bring forth?\u201d\n        says the LORD;\n    \u201cshall I, who cause to bring forth, shut the womb?\u201d\n        says your God.\n    \n    \n    [10] \u201cRejoice with Jerusalem, and be glad for her,\n        all you who love her;\n    rejoice with her in joy,\n        all you who mourn over her;\n    [11] that you may nurse and be satisfied\n        from her consoling breast;\n    that you may drink deeply with delight\n        from her glorious abundance.\u201d(1)\n    \n    \n    [12] For thus says the LORD:\n    \u201cBehold, I will extend peace to her like a river,\n        and the glory of the nations like an overflowing stream;\n    and you shall nurse, you shall be carried upon her hip,\n        and bounced upon her knees.\n    [13] As one whom his mother comforts,\n        so I will comfort you;\n        you shall be comforted in Jerusalem.\n    [14] You shall see, and your heart shall rejoice;\n        your bones shall flourish like the grass;\n    and the hand of the LORD shall be known to his servants,\n        and he shall show his indignation against his enemies.\n    \n    \n    Final Judgment and Glory of the LORD\n\n    [15] \u201cFor behold, the LORD will come in fire,\n        and his chariots like the whirlwind,\n    to render his anger in fury,\n        and his rebuke with flames of fire.\n    [16] For by fire will the LORD enter into judgment,\n        and by his sword, with all flesh;\n        and those slain by the LORD shall be many.\n    \n    \n      [17] \u201cThose who sanctify and purify themselves to go into the gardens, following one in the midst, eating pig\u2019s flesh and the abomination and mice, shall come to an end together, declares the LORD.\n\n  [18] \u201cFor I know(2) their works and their thoughts, and the time is coming(3) to gather all nations and tongues. And they shall come and shall see my glory, [19] and I will set a sign among them. And from them I will send survivors to the nations, to Tarshish, Pul, and Lud, who draw the bow, to Tubal and Javan, to the coastlands far away, that have not heard my fame or seen my glory. And they shall declare my glory among the nations. [20] And they shall bring all your brothers from all the nations as an offering to the LORD, on horses and in chariots and in litters and on mules and on dromedaries, to my holy mountain Jerusalem, says the LORD, just as the Israelites bring their grain offering in a clean vessel to the house of the LORD. [21] And some of them also I will take for priests and for Levites, says the LORD.\n\n    [22] \u201cFor as the new heavens and the new earth\n        that I make\n    shall remain before me, says the LORD,\n        so shall your offspring and your name remain.\n    [23] From new moon to new moon,\n        and from Sabbath to Sabbath,\n    all flesh shall come to worship before me,\n    declares the LORD.\n    \n    \n      [24] \u201cAnd they shall go out and look on the dead bodies of the men who have rebelled against me. For their worm shall not die, their fire shall not be quenched, and they shall be an abhorrence to all flesh.\u201d\n\nFootnotes\n\n(1) 66:11 Or *breast*\n\n(2) 66:18 Septuagint, Syriac; Hebrew lacks *know*\n\n(3) 66:18 Hebrew *and it is coming*\n (ESV)"]}