{"query": "Isaiah 13", "canonical": "Isaiah 13", "parsed": [[23013001, 23013022]], "passage_meta": [{"canonical": "Isaiah 13", "chapter_start": [23013001, 23013022], "chapter_end": [23013001, 23013022], "prev_verse": 23012006, "next_verse": 23014001, "prev_chapter": [23012001, 23012006], "next_chapter": [23014001, 23014032]}], "passages": ["Isaiah 13\n\nThe Judgment of Babylon\n\n  [1] The oracle concerning Babylon which Isaiah the son of Amoz saw.\n\n    [2] On a bare hill raise a signal;\n        cry aloud to them;\n    wave the hand for them to enter\n        the gates of the nobles.\n    [3] I myself have commanded my consecrated ones,\n        and have summoned my mighty men to execute my anger,\n        my proudly exulting ones.(1)\n    \n    \n    [4] The sound of a tumult is on the mountains\n        as of a great multitude!\n    The sound of an uproar of kingdoms,\n        of nations gathering together!\n    The LORD of hosts is mustering\n        a host for battle.\n    [5] They come from a distant land,\n        from the end of the heavens,\n    the LORD and the weapons of his indignation,\n        to destroy the whole land.(2)\n    \n    \n    [6] Wail, for the day of the LORD is near;\n        as destruction from the Almighty(3) it will come!\n    [7] Therefore all hands will be feeble,\n        and every human heart will melt.\n    [8] They will be dismayed:\n        pangs and agony will seize them;\n        they will be in anguish like a woman in labor.\n    They will look aghast at one another;\n        their faces will be aflame.\n    \n    \n    [9] Behold, the day of the LORD comes,\n        cruel, with wrath and fierce anger,\n    to make the land a desolation\n        and to destroy its sinners from it.\n    [10] For the stars of the heavens and their constellations\n        will not give their light;\n    the sun will be dark at its rising,\n        and the moon will not shed its light.\n    [11] I will punish the world for its evil,\n        and the wicked for their iniquity;\n    I will put an end to the pomp of the arrogant,\n        and lay low the pompous pride of the ruthless.\n    [12] I will make people more rare than fine gold,\n        and mankind than the gold of Ophir.\n    [13] Therefore I will make the heavens tremble,\n        and the earth will be shaken out of its place,\n    at the wrath of the LORD of hosts\n        in the day of his fierce anger.\n    [14] And like a hunted gazelle,\n        or like sheep with none to gather them,\n    each will turn to his own people,\n        and each will flee to his own land.\n    [15] Whoever is found will be thrust through,\n        and whoever is caught will fall by the sword.\n    [16] Their infants will be dashed in pieces\n        before their eyes;\n    their houses will be plundered\n        and their wives ravished.\n    \n    \n    [17] Behold, I am stirring up the Medes against them,\n        who have no regard for silver\n        and do not delight in gold.\n    [18] Their bows will slaughter(4) the young men;\n        they will have no mercy on the fruit of the womb;\n        their eyes will not pity children.\n    [19] And Babylon, the glory of kingdoms,\n        the splendor and pomp of the Chaldeans,\n    will be like Sodom and Gomorrah\n        when God overthrew them.\n    [20] It will never be inhabited\n        or lived in for all generations;\n    no Arab will pitch his tent there;\n        no shepherds will make their flocks lie down there.\n    [21] But wild animals will lie down there,\n        and their houses will be full of howling creatures;\n    there ostriches(5) will dwell,\n        and there wild goats will dance.\n    [22] Hyenas(6) will cry in its towers,\n        and jackals in the pleasant palaces;\n    its time is close at hand\n        and its days will not be prolonged.\n    \n\nFootnotes\n\n(1) 13:3 Or *those who exult in my majesty*\n\n(2) 13:5 Or *earth*; also verse 9\n\n(3) 13:6 The Hebrew words for *destruction* and *almighty* sound alike\n\n(4) 13:18 Hebrew *dash in pieces*\n\n(5) 13:21 Or *owls*\n\n(6) 13:22 Or *foxes*\n (ESV)"]}