{"query": "Isaiah 33", "canonical": "Isaiah 33", "parsed": [[23033001, 23033024]], "passage_meta": [{"canonical": "Isaiah 33", "chapter_start": [23033001, 23033024], "chapter_end": [23033001, 23033024], "prev_verse": 23032020, "next_verse": 23034001, "prev_chapter": [23032001, 23032020], "next_chapter": [23034001, 23034017]}], "passages": ["Isaiah 33\n\nO LORD, Be Gracious to Us\n\n    [1] Ah, you destroyer,\n        who yourself have not been destroyed,\n    you traitor,\n        whom none has betrayed!\n    When you have ceased to destroy,\n        you will be destroyed;\n    and when you have finished betraying,\n        they will betray you.\n    \n    \n    [2] O LORD, be gracious to us; we wait for you.\n        Be our arm every morning,\n        our salvation in the time of trouble.\n    [3] At the tumultuous noise peoples flee;\n        when you lift yourself up, nations are scattered,\n    [4] and your spoil is gathered as the caterpillar gathers;\n        as locusts leap, it is leapt upon.\n    \n    \n    [5] The LORD is exalted, for he dwells on high;\n        he will fill Zion with justice and righteousness,\n    [6] and he will be the stability of your times,\n        abundance of salvation, wisdom, and knowledge;\n        the fear of the LORD is Zion\u2019s(1) treasure.\n    \n    \n    [7] Behold, their heroes cry in the streets;\n        the envoys of peace weep bitterly.\n    [8] The highways lie waste;\n        the traveler ceases.\n    Covenants are broken;\n        cities(2) are despised;\n        there is no regard for man.\n    [9] The land mourns and languishes;\n        Lebanon is confounded and withers away;\n    Sharon is like a desert,\n        and Bashan and Carmel shake off their leaves.\n    \n    \n    [10] \u201cNow I will arise,\u201d says the LORD,\n        \u201cnow I will lift myself up;\n        now I will be exalted.\n    [11] You conceive chaff; you give birth to stubble;\n        your breath is a fire that will consume you.\n    [12] And the peoples will be as if burned to lime,\n        like thorns cut down, that are burned in the fire.\u201d\n    \n    \n    [13] Hear, you who are far off, what I have done;\n        and you who are near, acknowledge my might.\n    [14] The sinners in Zion are afraid;\n        trembling has seized the godless:\n    \u201cWho among us can dwell with the consuming fire?\n        Who among us can dwell with everlasting burnings?\u201d\n    [15] He who walks righteously and speaks uprightly,\n        who despises the gain of oppressions,\n    who shakes his hands, lest they hold a bribe,\n        who stops his ears from hearing of bloodshed\n        and shuts his eyes from looking on evil,\n    [16] he will dwell on the heights;\n        his place of defense will be the fortresses of rocks;\n        his bread will be given him; his water will be sure.\n    \n    \n    [17] Your eyes will behold the king in his beauty;\n        they will see a land that stretches afar.\n    [18] Your heart will muse on the terror:\n        \u201cWhere is he who counted, where is he who weighed the tribute?\n        Where is he who counted the towers?\u201d\n    [19] You will see no more the insolent people,\n        the people of an obscure speech that you cannot comprehend,\n        stammering in a tongue that you cannot understand.\n    [20] Behold Zion, the city of our appointed feasts!\n        Your eyes will see Jerusalem,\n        an untroubled habitation, an immovable tent,\n    whose stakes will never be plucked up,\n        nor will any of its cords be broken.\n    [21] But there the LORD in majesty will be for us\n        a place of broad rivers and streams,\n    where no galley with oars can go,\n        nor majestic ship can pass.\n    [22] For the LORD is our judge; the LORD is our lawgiver;\n        the LORD is our king; he will save us.\n    \n    \n    [23] Your cords hang loose;\n        they cannot hold the mast firm in its place\n        or keep the sail spread out.\n    Then prey and spoil in abundance will be divided;\n        even the lame will take the prey.\n    [24] And no inhabitant will say, \u201cI am sick\u201d;\n        the people who dwell there will be forgiven their iniquity.\n    \n\nFootnotes\n\n(1) 33:6 Hebrew *his*\n\n(2) 33:8 Masoretic Text; Dead Sea Scroll *witnesses*\n (ESV)"]}