{"query": "Isaiah 20", "canonical": "Isaiah 20", "parsed": [[23020001, 23020006]], "passage_meta": [{"canonical": "Isaiah 20", "chapter_start": [23020001, 23020006], "chapter_end": [23020001, 23020006], "prev_verse": 23019025, "next_verse": 23021001, "prev_chapter": [23019001, 23019025], "next_chapter": [23021001, 23021017]}], "passages": ["Isaiah 20\n\nA Sign Against Egypt and Cush\n\n  [1] In the year that the commander in chief, who was sent by Sargon the king of Assyria, came to Ashdod and fought against it and captured it\u2014[2] at that time the LORD spoke by Isaiah the son of Amoz, saying, \u201cGo, and loose the sackcloth from your waist and take off your sandals from your feet,\u201d and he did so, walking naked and barefoot.\n\n  [3] Then the LORD said, \u201cAs my servant Isaiah has walked naked and barefoot for three years as a sign and a portent against Egypt and Cush,(1) [4] so shall the king of Assyria lead away the Egyptian captives and the Cushite exiles, both the young and the old, naked and barefoot, with buttocks uncovered, the nakedness of Egypt. [5] Then they shall be dismayed and ashamed because of Cush their hope and of Egypt their boast. [6] And the inhabitants of this coastland will say in that day, \u2018Behold, this is what has happened to those in whom we hoped and to whom we fled for help to be delivered from the king of Assyria! And we, how shall we escape?\u2019\u201d\n\nFootnotes\n\n(1) 20:3 Probably *Nubia*\n (ESV)"]}