{"query": "Isaiah 52", "canonical": "Isaiah 52", "parsed": [[23052001, 23052015]], "passage_meta": [{"canonical": "Isaiah 52", "chapter_start": [23052001, 23052015], "chapter_end": [23052001, 23052015], "prev_verse": 23051023, "next_verse": 23053001, "prev_chapter": [23051001, 23051023], "next_chapter": [23053001, 23053012]}], "passages": ["Isaiah 52\n\nThe LORD\u2019s Coming Salvation\n\n    [1] Awake, awake,\n        put on your strength, O Zion;\n    put on your beautiful garments,\n        O Jerusalem, the holy city;\n    for there shall no more come into you\n        the uncircumcised and the unclean.\n    [2] Shake yourself from the dust and arise;\n        be seated, O Jerusalem;\n    loose the bonds from your neck,\n        O captive daughter of Zion.\n    \n    \n      [3] For thus says the LORD: \u201cYou were sold for nothing, and you shall be redeemed without money.\u201d [4] For thus says the Lord GOD: \u201cMy people went down at the first into Egypt to sojourn there, and the Assyrian oppressed them for nothing.(1) [5] Now therefore what have I here,\u201d declares the LORD, \u201cseeing that my people are taken away for nothing? Their rulers wail,\u201d declares the LORD, \u201cand continually all the day my name is despised. [6] Therefore my people shall know my name. Therefore in that day they shall know that it is I who speak; here I am.\u201d\n\n    [7] How beautiful upon the mountains\n        are the feet of him who brings good news,\n    who publishes peace, who brings good news of happiness,\n        who publishes salvation,\n        who says to Zion, \u201cYour God reigns.\u201d\n    [8] The voice of your watchmen\u2014they lift up their voice;\n        together they sing for joy;\n    for eye to eye they see\n        the return of the LORD to Zion.\n    [9] Break forth together into singing,\n        you waste places of Jerusalem,\n    for the LORD has comforted his people;\n        he has redeemed Jerusalem.\n    [10] The LORD has bared his holy arm\n        before the eyes of all the nations,\n    and all the ends of the earth shall see\n        the salvation of our God.\n    \n    \n    [11] Depart, depart, go out from there;\n        touch no unclean thing;\n    go out from the midst of her; purify yourselves,\n        you who bear the vessels of the LORD.\n    [12] For you shall not go out in haste,\n        and you shall not go in flight,\n    for the LORD will go before you,\n        and the God of Israel will be your rear guard.\n    \n    \n    He Was Pierced for Our Transgressions\n\n    [13] Behold, my servant shall act wisely;(2)\n        he shall be high and lifted up,\n        and shall be exalted.\n    [14] As many were astonished at you\u2014\n        his appearance was so marred, beyond human semblance,\n        and his form beyond that of the children of mankind\u2014\n    [15] so shall he sprinkle(3) many nations.\n        Kings shall shut their mouths because of him,\n    for that which has not been told them they see,\n        and that which they have not heard they understand.\n    \n\nFootnotes\n\n(1) 52:4 Or *the Assyrian has oppressed them of late*\n\n(2) 52:13 Or *shall prosper*\n\n(3) 52:15 Or *startle*\n (ESV)"]}