{"query": "Isaiah 63", "canonical": "Isaiah 63", "parsed": [[23063001, 23063019]], "passage_meta": [{"canonical": "Isaiah 63", "chapter_start": [23063001, 23063019], "chapter_end": [23063001, 23063019], "prev_verse": 23062012, "next_verse": 23064001, "prev_chapter": [23062001, 23062012], "next_chapter": [23064001, 23064012]}], "passages": ["Isaiah 63\n\nThe LORD\u2019s Day of Vengeance\n\n    [1] Who is this who comes from Edom,\n        in crimsoned garments from Bozrah,\n    he who is splendid in his apparel,\n        marching in the greatness of his strength?\n    \u201cIt is I, speaking in righteousness,\n        mighty to save.\u201d\n    \n    \n    [2] Why is your apparel red,\n        and your garments like his who treads in the winepress?\n    \n    \n    [3] \u201cI have trodden the winepress alone,\n        and from the peoples no one was with me;\n    I trod them in my anger\n        and trampled them in my wrath;\n    their lifeblood(1) spattered on my garments,\n        and stained all my apparel.\n    [4] For the day of vengeance was in my heart,\n        and my year of redemption(2) had come.\n    [5] I looked, but there was no one to help;\n        I was appalled, but there was no one to uphold;\n    so my own arm brought me salvation,\n        and my wrath upheld me.\n    [6] I trampled down the peoples in my anger;\n        I made them drunk in my wrath,\n        and I poured out their lifeblood on the earth.\u201d\n    \n    \n    The LORD\u2019s Mercy Remembered\n\n    [7] I will recount the steadfast love of the LORD,\n        the praises of the LORD,\n    according to all that the LORD has granted us,\n        and the great goodness to the house of Israel\n    that he has granted them according to his compassion,\n        according to the abundance of his steadfast love.\n    [8] For he said, \u201cSurely they are my people,\n        children who will not deal falsely.\u201d\n        And he became their Savior.\n    [9] In all their affliction he was afflicted,(3)\n        and the angel of his presence saved them;\n    in his love and in his pity he redeemed them;\n        he lifted them up and carried them all the days of old.\n    \n    \n    [10] But they rebelled\n        and grieved his Holy Spirit;\n    therefore he turned to be their enemy,\n        and himself fought against them.\n    [11] Then he remembered the days of old,\n        of Moses and his people.(4)\n    Where is he who brought them up out of the sea\n        with the shepherds of his flock?\n    Where is he who put in the midst of them\n        his Holy Spirit,\n    [12] who caused his glorious arm\n        to go at the right hand of Moses,\n    who divided the waters before them\n        to make for himself an everlasting name,\n    [13]     who led them through the depths?\n    Like a horse in the desert,\n        they did not stumble.\n    [14] Like livestock that go down into the valley,\n        the Spirit of the LORD gave them rest.\n    So you led your people,\n        to make for yourself a glorious name.\n    \n    \n    Prayer for Mercy\n\n    [15] Look down from heaven and see,\n        from your holy and beautiful(5) habitation.\n    Where are your zeal and your might?\n        The stirring of your inner parts and your compassion\n        are held back from me.\n    [16] For you are our Father,\n        though Abraham does not know us,\n        and Israel does not acknowledge us;\n    you, O LORD, are our Father,\n        our Redeemer from of old is your name.\n    [17] O LORD, why do you make us wander from your ways\n        and harden our heart, so that we fear you not?\n    Return for the sake of your servants,\n        the tribes of your heritage.\n    [18] Your holy people held possession for a little while;(6)\n        our adversaries have trampled down your sanctuary.\n    [19] We have become like those over whom you have never ruled,\n        like those who are not called by your name.\n    \n\nFootnotes\n\n(1) 63:3 Or *their juice*; also verse 6\n\n(2) 63:4 Or *the year of my redeemed*\n\n(3) 63:9 Or *he did not afflict*\n\n(4) 63:11 Or *Then his people remembered the days of old, of Moses*\n\n(5) 63:15 Or *holy and glorious*\n\n(6) 63:18 Or *They have dispossessed your holy people for a little while*\n (ESV)"]}