{"query": "Isaiah 32", "canonical": "Isaiah 32", "parsed": [[23032001, 23032020]], "passage_meta": [{"canonical": "Isaiah 32", "chapter_start": [23032001, 23032020], "chapter_end": [23032001, 23032020], "prev_verse": 23031009, "next_verse": 23033001, "prev_chapter": [23031001, 23031009], "next_chapter": [23033001, 23033024]}], "passages": ["Isaiah 32\n\nA King Will Reign in Righteousness\n\n    [1] Behold, a king will reign in righteousness,\n        and princes will rule in justice.\n    [2] Each will be like a hiding place from the wind,\n        a shelter from the storm,\n    like streams of water in a dry place,\n        like the shade of a great rock in a weary land.\n    [3] Then the eyes of those who see will not be closed,\n        and the ears of those who hear will give attention.\n    [4] The heart of the hasty will understand and know,\n        and the tongue of the stammerers will hasten to speak distinctly.\n    [5] The fool will no more be called noble,\n        nor the scoundrel said to be honorable.\n    [6] For the fool speaks folly,\n        and his heart is busy with iniquity,\n    to practice ungodliness,\n        to utter error concerning the LORD,\n    to leave the craving of the hungry unsatisfied,\n        and to deprive the thirsty of drink.\n    [7] As for the scoundrel\u2014his devices are evil;\n        he plans wicked schemes\n    to ruin the poor with lying words,\n        even when the plea of the needy is right.\n    [8] But he who is noble plans noble things,\n        and on noble things he stands.\n    \n    \n    Complacent Women Warned of Disaster\n\n    [9] Rise up, you women who are at ease, hear my voice;\n        you complacent daughters, give ear to my speech.\n    [10] In little more than a year\n        you will shudder, you complacent women;\n    for the grape harvest fails,\n        the fruit harvest will not come.\n    [11] Tremble, you women who are at ease,\n        shudder, you complacent ones;\n    strip, and make yourselves bare,\n        and tie sackcloth around your waist.\n    [12] Beat your breasts for the pleasant fields,\n        for the fruitful vine,\n    [13] for the soil of my people\n        growing up in thorns and briers,\n    yes, for all the joyous houses\n        in the exultant city.\n    [14] For the palace is forsaken,\n        the populous city deserted;\n    the hill and the watchtower\n        will become dens forever,\n    a joy of wild donkeys,\n        a pasture of flocks;\n    [15] until the Spirit is poured upon us from on high,\n        and the wilderness becomes a fruitful field,\n        and the fruitful field is deemed a forest.\n    [16] Then justice will dwell in the wilderness,\n        and righteousness abide in the fruitful field.\n    [17] And the effect of righteousness will be peace,\n        and the result of righteousness, quietness and trust(1) forever.\n    [18] My people will abide in a peaceful habitation,\n        in secure dwellings, and in quiet resting places.\n    [19] And it will hail when the forest falls down,\n        and the city will be utterly laid low.\n    [20] Happy are you who sow beside all waters,\n        who let the feet of the ox and the donkey range free.\n    \n\nFootnotes\n\n(1) 32:17 Or *security*\n (ESV)"]}