{"query": "Isaiah 65", "canonical": "Isaiah 65", "parsed": [[23065001, 23065025]], "passage_meta": [{"canonical": "Isaiah 65", "chapter_start": [23065001, 23065025], "chapter_end": [23065001, 23065025], "prev_verse": 23064012, "next_verse": 23066001, "prev_chapter": [23064001, 23064012], "next_chapter": [23066001, 23066024]}], "passages": ["Isaiah 65\n\nJudgment and Salvation\n\n    [1] I was ready to be sought by those who did not ask for me;\n        I was ready to be found by those who did not seek me.\n    I said, \u201cHere I am, here I am,\u201d\n        to a nation that was not called by(1) my name.\n    [2] I spread out my hands all the day\n        to a rebellious people,\n    who walk in a way that is not good,\n        following their own devices;\n    [3] a people who provoke me\n        to my face continually,\n    sacrificing in gardens\n        and making offerings on bricks;\n    [4] who sit in tombs,\n        and spend the night in secret places;\n    who eat pig\u2019s flesh,\n        and broth of tainted meat is in their vessels;\n    [5] who say, \u201cKeep to yourself,\n        do not come near me, for I am too holy for you.\u201d\n    These are a smoke in my nostrils,\n        a fire that burns all the day.\n    [6] Behold, it is written before me:\n        \u201cI will not keep silent, but I will repay;\n    I will indeed repay into their lap\n    [7]     both your iniquities and your fathers\u2019 iniquities together,\n                                            says the LORD;\n    because they made offerings on the mountains\n        and insulted me on the hills,\n    I will measure into their lap\n        payment for their former deeds.\u201d(2)\n    \n    \n    [8] Thus says the LORD:\n    \u201cAs the new wine is found in the cluster,\n        and they say, \u2018Do not destroy it,\n        for there is a blessing in it,\u2019\n    so I will do for my servants\u2019 sake,\n        and not destroy them all.\n    [9] I will bring forth offspring from Jacob,\n        and from Judah possessors of my mountains;\n    my chosen shall possess it,\n        and my servants shall dwell there.\n    [10] Sharon shall become a pasture for flocks,\n        and the Valley of Achor a place for herds to lie down,\n        for my people who have sought me.\n    [11] But you who forsake the LORD,\n        who forget my holy mountain,\n    who set a table for Fortune\n        and fill cups of mixed wine for Destiny,\n    [12] I will destine you to the sword,\n        and all of you shall bow down to the slaughter,\n    because, when I called, you did not answer;\n        when I spoke, you did not listen,\n    but you did what was evil in my eyes\n        and chose what I did not delight in.\u201d\n    \n    \n    [13] Therefore thus says the Lord GOD:\n    \u201cBehold, my servants shall eat,\n        but you shall be hungry;\n    behold, my servants shall drink,\n        but you shall be thirsty;\n    behold, my servants shall rejoice,\n        but you shall be put to shame;\n    [14] behold, my servants shall sing for gladness of heart,\n        but you shall cry out for pain of heart\n        and shall wail for breaking of spirit.\n    [15] You shall leave your name to my chosen for a curse,\n        and the Lord GOD will put you to death,\n        but his servants he will call by another name,\n    [16] so that he who blesses himself in the land\n        shall bless himself by the God of truth,\n    and he who takes an oath in the land\n        shall swear by the God of truth;\n    because the former troubles are forgotten\n        and are hidden from my eyes.\n    \n    \n    New Heavens and a New Earth\n\n    [17] \u201cFor behold, I create new heavens\n        and a new earth,\n    and the former things shall not be remembered\n        or come into mind.\n    [18] But be glad and rejoice forever\n        in that which I create;\n    for behold, I create Jerusalem to be a joy,\n        and her people to be a gladness.\n    [19] I will rejoice in Jerusalem\n        and be glad in my people;\n    no more shall be heard in it the sound of weeping\n        and the cry of distress.\n    [20] No more shall there be in it\n        an infant who lives but a few days,\n        or an old man who does not fill out his days,\n    for the young man shall die a hundred years old,\n        and the sinner a hundred years old shall be accursed.\n    [21] They shall build houses and inhabit them;\n        they shall plant vineyards and eat their fruit.\n    [22] They shall not build and another inhabit;\n        they shall not plant and another eat;\n    for like the days of a tree shall the days of my people be,\n        and my chosen shall long enjoy(3) the work of their hands.\n    [23] They shall not labor in vain\n        or bear children for calamity,(4)\n    for they shall be the offspring of the blessed of the LORD,\n        and their descendants with them.\n    [24] Before they call I will answer;\n        while they are yet speaking I will hear.\n    [25] The wolf and the lamb shall graze together;\n        the lion shall eat straw like the ox,\n        and dust shall be the serpent\u2019s food.\n    They shall not hurt or destroy\n        in all my holy mountain,\u201d\n                                            says the LORD.\n    \n\nFootnotes\n\n(1) 65:1 Or *that did not call upon*\n\n(2) 65:7 Or *I will first measure their payment into their lap*\n\n(3) 65:22 Hebrew *shall wear out*\n\n(4) 65:23 Or *for sudden terror*\n (ESV)"]}