{"query": "Isaiah 55", "canonical": "Isaiah 55", "parsed": [[23055001, 23055013]], "passage_meta": [{"canonical": "Isaiah 55", "chapter_start": [23055001, 23055013], "chapter_end": [23055001, 23055013], "prev_verse": 23054017, "next_verse": 23056001, "prev_chapter": [23054001, 23054017], "next_chapter": [23056001, 23056012]}], "passages": ["Isaiah 55\n\nThe Compassion of the LORD\n\n    [1] \u201cCome, everyone who thirsts,\n        come to the waters;\n    and he who has no money,\n        come, buy and eat!\n    Come, buy wine and milk\n        without money and without price.\n    [2] Why do you spend your money for that which is not bread,\n        and your labor for that which does not satisfy?\n    Listen diligently to me, and eat what is good,\n        and delight yourselves in rich food.\n    [3] Incline your ear, and come to me;\n        hear, that your soul may live;\n    and I will make with you an everlasting covenant,\n        my steadfast, sure love for David.\n    [4] Behold, I made him a witness to the peoples,\n        a leader and commander for the peoples.\n    [5] Behold, you shall call a nation that you do not know,\n        and a nation that did not know you shall run to you,\n    because of the LORD your God, and of the Holy One of Israel,\n        for he has glorified you.\n    \n    \n    [6] \u201cSeek the LORD while he may be found;\n        call upon him while he is near;\n    [7] let the wicked forsake his way,\n        and the unrighteous man his thoughts;\n    let him return to the LORD, that he may have compassion on him,\n        and to our God, for he will abundantly pardon.\n    [8] For my thoughts are not your thoughts,\n        neither are your ways my ways, declares the LORD.\n    [9] For as the heavens are higher than the earth,\n        so are my ways higher than your ways\n        and my thoughts than your thoughts.\n    \n    \n    [10] \u201cFor as the rain and the snow come down from heaven\n        and do not return there but water the earth,\n    making it bring forth and sprout,\n        giving seed to the sower and bread to the eater,\n    [11] so shall my word be that goes out from my mouth;\n        it shall not return to me empty,\n    but it shall accomplish that which I purpose,\n        and shall succeed in the thing for which I sent it.\n    \n    \n    [12] \u201cFor you shall go out in joy\n        and be led forth in peace;\n    the mountains and the hills before you\n        shall break forth into singing,\n        and all the trees of the field shall clap their hands.\n    [13] Instead of the thorn shall come up the cypress;\n        instead of the brier shall come up the myrtle;\n    and it shall make a name for the LORD,\n        an everlasting sign that shall not be cut off.\u201d (ESV)"]}