{"query": "Isaiah 42", "canonical": "Isaiah 42", "parsed": [[23042001, 23042025]], "passage_meta": [{"canonical": "Isaiah 42", "chapter_start": [23042001, 23042025], "chapter_end": [23042001, 23042025], "prev_verse": 23041029, "next_verse": 23043001, "prev_chapter": [23041001, 23041029], "next_chapter": [23043001, 23043028]}], "passages": ["Isaiah 42\n\nThe LORD\u2019s Chosen Servant\n\n    [1] Behold my servant, whom I uphold,\n        my chosen, in whom my soul delights;\n    I have put my Spirit upon him;\n        he will bring forth justice to the nations.\n    [2] He will not cry aloud or lift up his voice,\n        or make it heard in the street;\n    [3] a bruised reed he will not break,\n        and a faintly burning wick he will not quench;\n        he will faithfully bring forth justice.\n    [4] He will not grow faint or be discouraged(1)\n        till he has established justice in the earth;\n        and the coastlands wait for his law.\n    \n    \n    [5] Thus says God, the LORD,\n        who created the heavens and stretched them out,\n        who spread out the earth and what comes from it,\n    who gives breath to the people on it\n        and spirit to those who walk in it:\n    [6] \u201cI am the LORD; I have called you(2) in righteousness;\n        I will take you by the hand and keep you;\n    I will give you as a covenant for the people,\n        a light for the nations,\n    [7]     to open the eyes that are blind,\n    to bring out the prisoners from the dungeon,\n        from the prison those who sit in darkness.\n    [8] I am the LORD; that is my name;\n        my glory I give to no other,\n        nor my praise to carved idols.\n    [9] Behold, the former things have come to pass,\n        and new things I now declare;\n    before they spring forth\n        I tell you of them.\u201d\n    \n    \n    Sing to the LORD a New Song\n\n    [10] Sing to the LORD a new song,\n        his praise from the end of the earth,\n    you who go down to the sea, and all that fills it,\n        the coastlands and their inhabitants.\n    [11] Let the desert and its cities lift up their voice,\n        the villages that Kedar inhabits;\n    let the habitants of Sela sing for joy,\n        let them shout from the top of the mountains.\n    [12] Let them give glory to the LORD,\n        and declare his praise in the coastlands.\n    [13] The LORD goes out like a mighty man,\n        like a man of war he stirs up his zeal;\n    he cries out, he shouts aloud,\n        he shows himself mighty against his foes.\n    \n    \n    [14] For a long time I have held my peace;\n        I have kept still and restrained myself;\n    now I will cry out like a woman in labor;\n        I will gasp and pant.\n    [15] I will lay waste mountains and hills,\n        and dry up all their vegetation;\n    I will turn the rivers into islands,(3)\n        and dry up the pools.\n    [16] And I will lead the blind\n        in a way that they do not know,\n    in paths that they have not known\n        I will guide them.\n    I will turn the darkness before them into light,\n        the rough places into level ground.\n    These are the things I do,\n        and I do not forsake them.\n    [17] They are turned back and utterly put to shame,\n        who trust in carved idols,\n    who say to metal images,\n        \u201cYou are our gods.\u201d\n    \n    \n    Israel\u2019s Failure to Hear and See\n\n    [18] Hear, you deaf,\n        and look, you blind, that you may see!\n    [19] Who is blind but my servant,\n        or deaf as my messenger whom I send?\n    Who is blind as my dedicated one,(4)\n        or blind as the servant of the LORD?\n    [20] He sees many things, but does not observe them;\n        his ears are open, but he does not hear.\n    [21] The LORD was pleased, for his righteousness\u2019 sake,\n        to magnify his law and make it glorious.\n    [22] But this is a people plundered and looted;\n        they are all of them trapped in holes\n        and hidden in prisons;\n    they have become plunder with none to rescue,\n        spoil with none to say, \u201cRestore!\u201d\n    [23] Who among you will give ear to this,\n        will attend and listen for the time to come?\n    [24] Who gave up Jacob to the looter,\n        and Israel to the plunderers?\n    Was it not the LORD, against whom we have sinned,\n        in whose ways they would not walk,\n        and whose law they would not obey?\n    [25] So he poured on him the heat of his anger\n        and the might of battle;\n    it set him on fire all around, but he did not understand;\n        it burned him up, but he did not take it to heart.\n    \n\nFootnotes\n\n(1) 42:4 Or *bruised*\n\n(2) 42:6 The Hebrew for *you* is singular; four times in this verse\n\n(3) 42:15 Or *into coastlands*\n\n(4) 42:19 Or *as the one at peace with me*\n (ESV)"]}