{"query": "Isaiah 18", "canonical": "Isaiah 18", "parsed": [[23018001, 23018007]], "passage_meta": [{"canonical": "Isaiah 18", "chapter_start": [23018001, 23018007], "chapter_end": [23018001, 23018007], "prev_verse": 23017014, "next_verse": 23019001, "prev_chapter": [23017001, 23017014], "next_chapter": [23019001, 23019025]}], "passages": ["Isaiah 18\n\nAn Oracle Concerning Cush\n\n    [1] Ah, land of whirring wings\n        that is beyond the rivers of Cush,(1)\n    [2] which sends ambassadors by the sea,\n        in vessels of papyrus on the waters!\n    Go, you swift messengers,\n        to a nation tall and smooth,\n    to a people feared near and far,\n        a nation mighty and conquering,\n        whose land the rivers divide.\n    \n    \n    [3] All you inhabitants of the world,\n        you who dwell on the earth,\n    when a signal is raised on the mountains, look!\n        When a trumpet is blown, hear!\n    [4] For thus the LORD said to me:\n    \u201cI will quietly look from my dwelling\n        like clear heat in sunshine,\n        like a cloud of dew in the heat of harvest.\u201d\n    [5] For before the harvest, when the blossom is over,\n        and the flower becomes a ripening grape,\n    he cuts off the shoots with pruning hooks,\n        and the spreading branches he lops off and clears away.\n    [6] They shall all of them be left\n        to the birds of prey of the mountains\n        and to the beasts of the earth.\n    And the birds of prey will summer on them,\n        and all the beasts of the earth will winter on them.\n    \n    \n      [7] At that time tribute will be brought to the LORD of hosts\n\n    from a people tall and smooth,\n        from a people feared near and far,\n    a nation mighty and conquering,\n        whose land the rivers divide,\n    \n    \n      to Mount Zion, the place of the name of the LORD of hosts.\n\nFootnotes\n\n(1) 18:1 Probably *Nubia*\n (ESV)"]}