{"query": "Isaiah 28", "canonical": "Isaiah 28", "parsed": [[23028001, 23028029]], "passage_meta": [{"canonical": "Isaiah 28", "chapter_start": [23028001, 23028029], "chapter_end": [23028001, 23028029], "prev_verse": 23027013, "next_verse": 23029001, "prev_chapter": [23027001, 23027013], "next_chapter": [23029001, 23029024]}], "passages": ["Isaiah 28\n\nJudgment on Ephraim and Jerusalem\n\n    [1] Ah, the proud crown of the drunkards of Ephraim,\n        and the fading flower of its glorious beauty,\n        which is on the head of the rich valley of those overcome with wine!\n    [2] Behold, the Lord has one who is mighty and strong;\n        like a storm of hail, a destroying tempest,\n    like a storm of mighty, overflowing waters,\n        he casts down to the earth with his hand.\n    [3] The proud crown of the drunkards of Ephraim\n        will be trodden underfoot;\n    [4] and the fading flower of its glorious beauty,\n        which is on the head of the rich valley,\n    will be like a first-ripe fig(1) before the summer:\n        when someone sees it, he swallows it\n        as soon as it is in his hand.\n    \n    \n    [5] In that day the LORD of hosts will be a crown of glory,(2)\n        and a diadem of beauty, to the remnant of his people,\n    [6] and a spirit of justice to him who sits in judgment,\n        and strength to those who turn back the battle at the gate.\n    \n    \n    [7] These also reel with wine\n        and stagger with strong drink;\n    the priest and the prophet reel with strong drink,\n        they are swallowed by(3) wine,\n        they stagger with strong drink,\n    they reel in vision,\n        they stumble in giving judgment.\n    [8] For all tables are full of filthy vomit,\n        with no space left.\n    \n    \n    [9] \u201cTo whom will he teach knowledge,\n        and to whom will he explain the message?\n    Those who are weaned from the milk,\n        those taken from the breast?\n    [10] For it is precept upon precept, precept upon precept,\n        line upon line, line upon line,\n        here a little, there a little.\u201d\n    \n    \n    [11] For by people of strange lips\n        and with a foreign tongue\n    the LORD will speak to this people,\n    [12]     to whom he has said,\n    \u201cThis is rest;\n        give rest to the weary;\n    and this is repose\u201d;\n        yet they would not hear.\n    [13] And the word of the LORD will be to them\n    precept upon precept, precept upon precept,\n        line upon line, line upon line,\n        here a little, there a little,\n    that they may go, and fall backward,\n        and be broken, and snared, and taken.\n    \n    \n    A Cornerstone in Zion\n\n    [14] Therefore hear the word of the LORD, you scoffers,\n        who rule this people in Jerusalem!\n    [15] Because you have said, \u201cWe have made a covenant with death,\n        and with Sheol we have an agreement,\n    when the overwhelming whip passes through\n        it will not come to us,\n    for we have made lies our refuge,\n        and in falsehood we have taken shelter\u201d;\n    [16] therefore thus says the Lord GOD,\n    \u201cBehold, I am the one who has laid(4) as a foundation in Zion,\n        a stone, a tested stone,\n    a precious cornerstone, of a sure foundation:\n        \u2018Whoever believes will not be in haste.\u2019\n    [17] And I will make justice the line,\n        and righteousness the plumb line;\n    and hail will sweep away the refuge of lies,\n        and waters will overwhelm the shelter.\u201d\n    [18] Then your covenant with death will be annulled,\n        and your agreement with Sheol will not stand;\n    when the overwhelming scourge passes through,\n        you will be beaten down by it.\n    [19] As often as it passes through it will take you;\n        for morning by morning it will pass through,\n        by day and by night;\n    and it will be sheer terror to understand the message.\n    [20] For the bed is too short to stretch oneself on,\n        and the covering too narrow to wrap oneself in.\n    [21] For the LORD will rise up as on Mount Perazim;\n        as in the Valley of Gibeon he will be roused;\n    to do his deed\u2014strange is his deed!\n        and to work his work\u2014alien is his work!\n    [22] Now therefore do not scoff,\n        lest your bonds be made strong;\n    for I have heard a decree of destruction\n        from the Lord GOD of hosts against the whole land.\n    \n    \n    [23] Give ear, and hear my voice;\n        give attention, and hear my speech.\n    [24] Does he who plows for sowing plow continually?\n        Does he continually open and harrow his ground?\n    [25] When he has leveled its surface,\n        does he not scatter dill, sow cumin,\n    and put in wheat in rows\n        and barley in its proper place,\n        and emmer(5) as the border?\n    [26] For he is rightly instructed;\n        his God teaches him.\n    \n    \n    [27] Dill is not threshed with a threshing sledge,\n        nor is a cart wheel rolled over cumin,\n    but dill is beaten out with a stick,\n        and cumin with a rod.\n    [28] Does one crush grain for bread?\n        No, he does not thresh it forever;(6)\n    when he drives his cart wheel over it\n        with his horses, he does not crush it.\n    [29] This also comes from the LORD of hosts;\n        he is wonderful in counsel\n        and excellent in wisdom.\n    \n\nFootnotes\n\n(1) 28:4 Or *fruit*\n\n(2) 28:5 The Hebrew words for *glory* and *hosts* sound alike\n\n(3) 28:7 Or *confused by*\n\n(4) 28:16 Dead Sea Scroll *I am laying*\n\n(5) 28:25 A type of wheat\n\n(6) 28:28 Or *Grain is crushed for bread; he will surely thresh it, but not forever*\n (ESV)"]}