{"query": "Isaiah 8", "canonical": "Isaiah 8", "parsed": [[23008001, 23008022]], "passage_meta": [{"canonical": "Isaiah 8", "chapter_start": [23008001, 23008022], "chapter_end": [23008001, 23008022], "prev_verse": 23007025, "next_verse": 23009001, "prev_chapter": [23007001, 23007025], "next_chapter": [23009001, 23009021]}], "passages": ["Isaiah 8\n\nThe Coming Assyrian Invasion\n\n  [1] Then the LORD said to me, \u201cTake a large tablet and write on it in common characters,(1) \u2018Belonging to Maher-shalal-hash-baz.\u2019(2) [2] And I will get reliable witnesses, Uriah the priest and Zechariah the son of Jeberechiah, to attest for me.\u201d\n\n  [3] And I went to the prophetess, and she conceived and bore a son. Then the LORD said to me, \u201cCall his name Maher-shalal-hash-baz; [4] for before the boy knows how to cry \u2018My father\u2019 or \u2018My mother,\u2019 the wealth of Damascus and the spoil of Samaria will be carried away before the king of Assyria.\u201d\n\n  [5] The LORD spoke to me again: [6] \u201cBecause this people has refused the waters of Shiloah that flow gently, and rejoice over Rezin and the son of Remaliah, [7] therefore, behold, the Lord is bringing up against them the waters of the River,(3) mighty and many, the king of Assyria and all his glory. And it will rise over all its channels and go over all its banks, [8] and it will sweep on into Judah, it will overflow and pass on, reaching even to the neck, and its outspread wings will fill the breadth of your land, O Immanuel.\u201d\n\n    [9] Be broken,(4) you peoples, and be shattered;(5)\n        give ear, all you far countries;\n    strap on your armor and be shattered;\n        strap on your armor and be shattered.\n    [10] Take counsel together, but it will come to nothing;\n        speak a word, but it will not stand,\n        for God is with us.(6)\n    \n    \n    Fear God, Wait for the LORD\n\n  [11] For the LORD spoke thus to me with his strong hand upon me, and warned me not to walk in the way of this people, saying: [12] \u201cDo not call conspiracy all that this people calls conspiracy, and do not fear what they fear, nor be in dread. [13] But the LORD of hosts, him you shall honor as holy. Let him be your fear, and let him be your dread. [14] And he will become a sanctuary and a stone of offense and a rock of stumbling to both houses of Israel, a trap and a snare to the inhabitants of Jerusalem. [15] And many shall stumble on it. They shall fall and be broken; they shall be snared and taken.\u201d\n\n  [16] Bind up the testimony; seal the teaching(7) among my disciples. [17] I will wait for the LORD, who is hiding his face from the house of Jacob, and I will hope in him. [18] Behold, I and the children whom the LORD has given me are signs and portents in Israel from the LORD of hosts, who dwells on Mount Zion. [19] And when they say to you, \u201cInquire of the mediums and the necromancers who chirp and mutter,\u201d should not a people inquire of their God? Should they inquire of the dead on behalf of the living? [20] To the teaching and to the testimony! If they will not speak according to this word, it is because they have no dawn. [21] They will pass through the land,(8) greatly distressed and hungry. And when they are hungry, they will be enraged and will speak contemptuously against(9) their king and their God, and turn their faces upward. [22] And they will look to the earth, but behold, distress and darkness, the gloom of anguish. And they will be thrust into thick darkness.\n\nFootnotes\n\n(1) 8:1 Hebrew *with a man\u2019s stylus*\n\n(2) 8:1 *Maher-shalal-hash-baz* means *The spoil speeds, the prey hastens*\n\n(3) 8:7 That is, the Euphrates\n\n(4) 8:9 Or *Be evil*\n\n(5) 8:9 Or *dismayed*\n\n(6) 8:10 The Hebrew for *God is with us* is *Immanuel*\n\n(7) 8:16 Or *law*; also verse 20\n\n(8) 8:21 Hebrew *it*\n\n(9) 8:21 Or *speak contemptuously by*\n (ESV)"]}