{"query": "Song of Solomon 8", "canonical": "Song of Solomon 8", "parsed": [[22008001, 22008014]], "passage_meta": [{"canonical": "Song of Solomon 8", "chapter_start": [22008001, 22008014], "chapter_end": [22008001, 22008014], "prev_verse": 22007013, "next_verse": 23001001, "prev_chapter": [22007001, 22007013], "next_chapter": [23001001, 23001031]}], "passages": ["Song of Solomon 8\n\nLonging for Her Beloved\n\n    [1] Oh that you were like a brother to me\n        who nursed at my mother\u2019s breasts!\n    If I found you outside, I would kiss you,\n        and none would despise me.\n    [2] I would lead you and bring you\n        into the house of my mother\u2014\n        she who used to teach me.\n    I would give you spiced wine to drink,\n        the juice of my pomegranate.\n    [3] His left hand is under my head,\n        and his right hand embraces me!\n    [4] I adjure you, O daughters of Jerusalem,\n        that you not stir up or awaken love\n        until it pleases.\n    \n    \n    [5] Who is that coming up from the wilderness,\n        leaning on her beloved?\n    \n    \n    Under the apple tree I awakened you.\n    There your mother was in labor with you;\n        there she who bore you was in labor.\n    \n    \n    [6] Set me as a seal upon your heart,\n        as a seal upon your arm,\n    for love is strong as death,\n        jealousy(1) is fierce as the grave.(2)\n    Its flashes are flashes of fire,\n        the very flame of the LORD.\n    [7] Many waters cannot quench love,\n        neither can floods drown it.\n    If a man offered for love\n        all the wealth of his house,\n        he(3) would be utterly despised.\n    \n    \n    Final Advice\n\n    Others\n    \n    [8] We have a little sister,\n        and she has no breasts.\n    What shall we do for our sister\n        on the day when she is spoken for?\n    [9] If she is a wall,\n        we will build on her a battlement of silver,\n    but if she is a door,\n        we will enclose her with boards of cedar.\n    \n    \n    She\n    \n    [10] I was a wall,\n        and my breasts were like towers;\n    then I was in his eyes\n        as one who finds(4) peace.\n    \n    \n    [11] Solomon had a vineyard at Baal-hamon;\n        he let out the vineyard to keepers;\n        each one was to bring for its fruit a thousand pieces of silver.\n    [12] My vineyard, my very own, is before me;\n        you, O Solomon, may have the thousand,\n        and the keepers of the fruit two hundred.\n    \n    \n    He\n    \n    [13] O you who dwell in the gardens,\n        with companions listening for your voice;\n        let me hear it.\n    \n    \n    She\n    \n    [14] Make haste, my beloved,\n        and be like a gazelle\n    or a young stag\n        on the mountains of spices.\n    \n\nFootnotes\n\n(1) 8:6 Or *ardor*\n\n(2) 8:6 Hebrew *as Sheol*\n\n(3) 8:7 Or *it*\n\n(4) 8:10 Or *brings out*\n (ESV)"]}