{"query": "Song of Solomon 5", "canonical": "Song of Solomon 5", "parsed": [[22005001, 22005016]], "passage_meta": [{"canonical": "Song of Solomon 5", "chapter_start": [22005001, 22005016], "chapter_end": [22005001, 22005016], "prev_verse": 22004016, "next_verse": 22006001, "prev_chapter": [22004001, 22004016], "next_chapter": [22006001, 22006013]}], "passages": ["Song of Solomon 5\n\n    He\n    \n    [1] I came to my garden, my sister, my bride,\n        I gathered my myrrh with my spice,\n        I ate my honeycomb with my honey,\n        I drank my wine with my milk.\n    \n    \n    Others\n    \n    Eat, friends, drink,\n        and be drunk with love!\n    \n    \n    The Bride Searches for Her Beloved\n\n    She\n    \n    [2] I slept, but my heart was awake.\n    A sound! My beloved is knocking.\n    \u201cOpen to me, my sister, my love,\n        my dove, my perfect one,\n    for my head is wet with dew,\n        my locks with the drops of the night.\u201d\n    [3] I had put off my garment;\n        how could I put it on?\n    I had bathed my feet;\n        how could I soil them?\n    [4] My beloved put his hand to the latch,\n        and my heart was thrilled within me.\n    [5] I arose to open to my beloved,\n        and my hands dripped with myrrh,\n    my fingers with liquid myrrh,\n        on the handles of the bolt.\n    [6] I opened to my beloved,\n        but my beloved had turned and gone.\n    My soul failed me when he spoke.\n    I sought him, but found him not;\n        I called him, but he gave no answer.\n    [7] The watchmen found me\n        as they went about in the city;\n    they beat me, they bruised me,\n        they took away my veil,\n        those watchmen of the walls.\n    [8] I adjure you, O daughters of Jerusalem,\n        if you find my beloved,\n    that you tell him\n        I am sick with love.\n    \n    \n    Others\n    \n    [9] What is your beloved more than another beloved,\n        O most beautiful among women?\n    What is your beloved more than another beloved,\n        that you thus adjure us?\n    \n    \n    The Bride Praises Her Beloved\n\n    She\n    \n    [10] My beloved is radiant and ruddy,\n        distinguished among ten thousand.\n    [11] His head is the finest gold;\n        his locks are wavy,\n        black as a raven.\n    [12] His eyes are like doves\n        beside streams of water,\n    bathed in milk,\n        sitting beside a full pool.(1)\n    [13] His cheeks are like beds of spices,\n        mounds of sweet-smelling herbs.\n    His lips are lilies,\n        dripping liquid myrrh.\n    [14] His arms are rods of gold,\n        set with jewels.\n    His body is polished ivory,(2)\n        bedecked with sapphires.(3)\n    [15] His legs are alabaster columns,\n        set on bases of gold.\n    His appearance is like Lebanon,\n        choice as the cedars.\n    [16] His mouth(4) is most sweet,\n        and he is altogether desirable.\n    This is my beloved and this is my friend,\n        O daughters of Jerusalem.\n    \n\nFootnotes\n\n(1) 5:12 The meaning of the Hebrew is uncertain\n\n(2) 5:14 The meaning of the Hebrew word is uncertain\n\n(3) 5:14 Hebrew *lapis lazuli*\n\n(4) 5:16 Hebrew *palate*\n (ESV)"]}