{"query": "Song of Solomon 6", "canonical": "Song of Solomon 6", "parsed": [[22006001, 22006013]], "passage_meta": [{"canonical": "Song of Solomon 6", "chapter_start": [22006001, 22006013], "chapter_end": [22006001, 22006013], "prev_verse": 22005016, "next_verse": 22007001, "prev_chapter": [22005001, 22005016], "next_chapter": [22007001, 22007013]}], "passages": ["Song of Solomon 6\n\n    Others\n    \n    [1] Where has your beloved gone,\n        O most beautiful among women?\n    Where has your beloved turned,\n        that we may seek him with you?\n    \n    \n    Together in the Garden of Love\n\n    She\n    \n    [2] My beloved has gone down to his garden\n        to the beds of spices,\n    to graze(1) in the gardens\n        and to gather lilies.\n    [3] I am my beloved\u2019s and my beloved is mine;\n        he grazes among the lilies.\n    \n    \n    Solomon and His Bride Delight in Each Other\n\n    He\n    \n    [4] You are beautiful as Tirzah, my love,\n        lovely as Jerusalem,\n        awesome as an army with banners.\n    [5] Turn away your eyes from me,\n        for they overwhelm me\u2014\n    Your hair is like a flock of goats\n        leaping down the slopes of Gilead.\n    [6] Your teeth are like a flock of ewes\n        that have come up from the washing;\n    all of them bear twins;\n        not one among them has lost its young.\n    [7] Your cheeks are like halves of a pomegranate\n        behind your veil.\n    [8] There are sixty queens and eighty concubines,\n        and virgins without number.\n    [9] My dove, my perfect one, is the only one,\n        the only one of her mother,\n        pure to her who bore her.\n    The young women saw her and called her blessed;\n        the queens and concubines also, and they praised her.\n    \n    \n    [10] \u201cWho is this who looks down like the dawn,\n        beautiful as the moon, bright as the sun,\n        awesome as an army with banners?\u201d\n    \n    \n    She\n    \n    [11] I went down to the nut orchard\n        to look at the blossoms of the valley,\n    to see whether the vines had budded,\n        whether the pomegranates were in bloom.\n    [12] Before I was aware, my desire set me\n        among the chariots of my kinsman, a prince.(2)\n    \n    \n    Others\n    \n    [13] (3) Return, return, O Shulammite,\n        return, return, that we may look upon you.\n    \n    \n    He\n    \n    Why should you look upon the Shulammite,\n        as upon a dance before two armies?(4)\n    \n\nFootnotes\n\n(1) 6:2 Or *to pasture his flock*; also verse 3\n\n(2) 6:12 Or *chariots of Ammi-Nadib*\n\n(3) 6:13 Ch 7:1 in Hebrew\n\n(4) 6:13 Or *dance of Mahanaim*\n (ESV)"]}