{"query": "Song of Solomon 2", "canonical": "Song of Solomon 2", "parsed": [[22002001, 22002017]], "passage_meta": [{"canonical": "Song of Solomon 2", "chapter_start": [22002001, 22002017], "chapter_end": [22002001, 22002017], "prev_verse": 22001017, "next_verse": 22003001, "prev_chapter": [22001001, 22001017], "next_chapter": [22003001, 22003011]}], "passages": ["Song of Solomon 2\n\n    [1] I am a rose(1) of Sharon,\n        a lily of the valleys.\n    \n    \n    He\n    \n    [2] As a lily among brambles,\n        so is my love among the young women.\n    \n    \n    She\n    \n    [3] As an apple tree among the trees of the forest,\n        so is my beloved among the young men.\n    With great delight I sat in his shadow,\n        and his fruit was sweet to my taste.\n    [4] He brought me to the banqueting house,(2)\n        and his banner over me was love.\n    [5] Sustain me with raisins;\n        refresh me with apples,\n        for I am sick with love.\n    [6] His left hand is under my head,\n        and his right hand embraces me!\n    [7] I adjure you,(3) O daughters of Jerusalem,\n        by the gazelles or the does of the field,\n    that you not stir up or awaken love\n        until it pleases.\n    \n    \n    The Bride Adores Her Beloved\n\n    [8] The voice of my beloved!\n        Behold, he comes,\n    leaping over the mountains,\n        bounding over the hills.\n    [9] My beloved is like a gazelle\n        or a young stag.\n    Behold, there he stands\n        behind our wall,\n    gazing through the windows,\n        looking through the lattice.\n    [10] My beloved speaks and says to me:\n    \u201cArise, my love, my beautiful one,\n        and come away,\n    [11] for behold, the winter is past;\n        the rain is over and gone.\n    [12] The flowers appear on the earth,\n        the time of singing(4) has come,\n    and the voice of the turtledove\n        is heard in our land.\n    [13] The fig tree ripens its figs,\n        and the vines are in blossom;\n        they give forth fragrance.\n    Arise, my love, my beautiful one,\n        and come away.\n    [14] O my dove, in the clefts of the rock,\n        in the crannies of the cliff,\n    let me see your face,\n        let me hear your voice,\n    for your voice is sweet,\n        and your face is lovely.\n    [15] Catch the foxes(5) for us,\n        the little foxes\n    that spoil the vineyards,\n        for our vineyards are in blossom.\u201d\n    \n    \n    [16] My beloved is mine, and I am his;\n        he grazes(6) among the lilies.\n    [17] Until the day breathes\n        and the shadows flee,\n    turn, my beloved, be like a gazelle\n        or a young stag on cleft mountains.(7)\n    \n\nFootnotes\n\n(1) 2:1 Probably a bulb, such as a crocus, asphodel, or narcissus\n\n(2) 2:4 Hebrew *the house of wine*\n\n(3) 2:7 That is, I put you on oath; so throughout the Song\n\n(4) 2:12 Or *pruning*\n\n(5) 2:15 Or *jackals*\n\n(6) 2:16 Or *he pastures his flock*\n\n(7) 2:17 Or *mountains of Bether*\n (ESV)"]}