{"query": "Song of Solomon 1", "canonical": "Song of Solomon 1", "parsed": [[22001001, 22001017]], "passage_meta": [{"canonical": "Song of Solomon 1", "chapter_start": [22001001, 22001017], "chapter_end": [22001001, 22001017], "prev_verse": 21012014, "next_verse": 22002001, "prev_chapter": [21012001, 21012014], "next_chapter": [22002001, 22002017]}], "passages": ["Song of Solomon 1\n\n\n\n  [1] The Song of Songs, which is Solomon\u2019s.\n\nThe Bride Confesses Her Love\n\n    She(1)\n    \n    [2] Let him kiss me with the kisses of his mouth!\n    For your love is better than wine;\n    [3]     your anointing oils are fragrant;\n    your name is oil poured out;\n        therefore virgins love you.\n    [4] Draw me after you; let us run.\n        The king has brought me into his chambers.\n    \n    \n    Others\n    \n    We will exult and rejoice in you;\n        we will extol your love more than wine;\n        rightly do they love you.\n    \n    \n    She\n    \n    [5] I am very dark, but lovely,\n        O daughters of Jerusalem,\n    like the tents of Kedar,\n        like the curtains of Solomon.\n    [6] Do not gaze at me because I am dark,\n        because the sun has looked upon me.\n    My mother\u2019s sons were angry with me;\n        they made me keeper of the vineyards,\n        but my own vineyard I have not kept!\n    [7] Tell me, you whom my soul loves,\n        where you pasture your flock,\n        where you make it lie down at noon;\n    for why should I be like one who veils herself\n        beside the flocks of your companions?\n    \n    \n    Solomon and His Bride Delight in Each Other\n\n    He\n    \n    [8] If you do not know,\n        O most beautiful among women,\n    follow in the tracks of the flock,\n        and pasture your young goats\n        beside the shepherds\u2019 tents.\n    \n    \n    [9] I compare you, my love,\n        to a mare among Pharaoh\u2019s chariots.\n    [10] Your cheeks are lovely with ornaments,\n        your neck with strings of jewels.\n    \n    \n    Others\n    \n    [11] We will make for you(2) ornaments of gold,\n        studded with silver.\n    \n    \n    She\n    \n    [12] While the king was on his couch,\n        my nard gave forth its fragrance.\n    [13] My beloved is to me a sachet of myrrh\n        that lies between my breasts.\n    [14] My beloved is to me a cluster of henna blossoms\n        in the vineyards of Engedi.\n    \n    \n    He\n    \n    [15] Behold, you are beautiful, my love;\n        behold, you are beautiful;\n        your eyes are doves.\n    \n    \n    She\n    \n    [16] Behold, you are beautiful, my beloved, truly delightful.\n    Our couch is green;\n    [17]     the beams of our house are cedar;\n        our rafters are pine.\n    \n\nFootnotes\n\n(1) 1:2 The translators have added speaker identifications based on the gender and number of the Hebrew words\n\n(2) 1:11 The Hebrew for *you* is feminine singular\n (ESV)"]}