{"query": "Song of Solomon 4", "canonical": "Song of Solomon 4", "parsed": [[22004001, 22004016]], "passage_meta": [{"canonical": "Song of Solomon 4", "chapter_start": [22004001, 22004016], "chapter_end": [22004001, 22004016], "prev_verse": 22003011, "next_verse": 22005001, "prev_chapter": [22003001, 22003011], "next_chapter": [22005001, 22005016]}], "passages": ["Song of Solomon 4\n\nSolomon Admires His Bride\u2019s Beauty\n\n    He\n    \n    [1] Behold, you are beautiful, my love,\n        behold, you are beautiful!\n    Your eyes are doves\n        behind your veil.\n    Your hair is like a flock of goats\n        leaping down the slopes of Gilead.\n    [2] Your teeth are like a flock of shorn ewes\n        that have come up from the washing,\n    all of which bear twins,\n        and not one among them has lost its young.\n    [3] Your lips are like a scarlet thread,\n        and your mouth is lovely.\n    Your cheeks are like halves of a pomegranate\n        behind your veil.\n    [4] Your neck is like the tower of David,\n        built in rows of stone;(1)\n    on it hang a thousand shields,\n        all of them shields of warriors.\n    [5] Your two breasts are like two fawns,\n        twins of a gazelle,\n        that graze among the lilies.\n    [6] Until the day breathes\n        and the shadows flee,\n    I will go away to the mountain of myrrh\n        and the hill of frankincense.\n    [7] You are altogether beautiful, my love;\n        there is no flaw in you.\n    [8] Come with me from Lebanon, my bride;\n        come with me from Lebanon.\n    Depart(2) from the peak of Amana,\n        from the peak of Senir and Hermon,\n    from the dens of lions,\n        from the mountains of leopards.\n    \n    \n    [9] You have captivated my heart, my sister, my bride;\n        you have captivated my heart with one glance of your eyes,\n        with one jewel of your necklace.\n    [10] How beautiful is your love, my sister, my bride!\n        How much better is your love than wine,\n        and the fragrance of your oils than any spice!\n    [11] Your lips drip nectar, my bride;\n        honey and milk are under your tongue;\n        the fragrance of your garments is like the fragrance of Lebanon.\n    [12] A garden locked is my sister, my bride,\n        a spring locked, a fountain sealed.\n    [13] Your shoots are an orchard of pomegranates\n        with all choicest fruits,\n        henna with nard,\n    [14] nard and saffron, calamus and cinnamon,\n        with all trees of frankincense,\n    myrrh and aloes,\n        with all choice spices\u2014\n    [15] a garden fountain, a well of living water,\n        and flowing streams from Lebanon.\n    \n    \n    [16] Awake, O north wind,\n        and come, O south wind!\n    Blow upon my garden,\n        let its spices flow.\n    \n    \n    Together in the Garden of Love\n\n    She\n    \n    Let my beloved come to his garden,\n        and eat its choicest fruits.\n    \n\nFootnotes\n\n(1) 4:4 The meaning of the Hebrew word is uncertain\n\n(2) 4:8 Or *Look*\n (ESV)"]}