{"query": "Song of Solomon 3", "canonical": "Song of Solomon 3", "parsed": [[22003001, 22003011]], "passage_meta": [{"canonical": "Song of Solomon 3", "chapter_start": [22003001, 22003011], "chapter_end": [22003001, 22003011], "prev_verse": 22002017, "next_verse": 22004001, "prev_chapter": [22002001, 22002017], "next_chapter": [22004001, 22004016]}], "passages": ["Song of Solomon 3\n\nThe Bride\u2019s Dream\n\n    [1] On my bed by night\n    I sought him whom my soul loves;\n        I sought him, but found him not.\n    [2] I will rise now and go about the city,\n        in the streets and in the squares;\n    I will seek him whom my soul loves.\n        I sought him, but found him not.\n    [3] The watchmen found me\n        as they went about in the city.\n    \u201cHave you seen him whom my soul loves?\u201d\n    [4] Scarcely had I passed them\n        when I found him whom my soul loves.\n    I held him, and would not let him go\n        until I had brought him into my mother\u2019s house,\n        and into the chamber of her who conceived me.\n    [5] I adjure you, O daughters of Jerusalem,\n        by the gazelles or the does of the field,\n    that you not stir up or awaken love\n        until it pleases.\n    \n    \n    Solomon Arrives for the Wedding\n\n    [6] What is that coming up from the wilderness\n        like columns of smoke,\n    perfumed with myrrh and frankincense,\n        with all the fragrant powders of a merchant?\n    [7] Behold, it is the litter(1) of Solomon!\n    Around it are sixty mighty men,\n        some of the mighty men of Israel,\n    [8] all of them wearing swords\n        and expert in war,\n    each with his sword at his thigh,\n        against terror by night.\n    [9] King Solomon made himself a carriage(2)\n        from the wood of Lebanon.\n    [10] He made its posts of silver,\n        its back of gold, its seat of purple;\n    its interior was inlaid with love\n        by the daughters of Jerusalem.\n    [11] Go out, O daughters of Zion,\n        and look upon King Solomon,\n    with the crown with which his mother crowned him\n        on the day of his wedding,\n        on the day of the gladness of his heart.\n    \n\nFootnotes\n\n(1) 3:7 That is, the couch on which servants carry a king\n\n(2) 3:9 Or *sedan chair*\n (ESV)"]}