{"query": "Song of Solomon 7", "canonical": "Song of Solomon 7", "parsed": [[22007001, 22007013]], "passage_meta": [{"canonical": "Song of Solomon 7", "chapter_start": [22007001, 22007013], "chapter_end": [22007001, 22007013], "prev_verse": 22006013, "next_verse": 22008001, "prev_chapter": [22006001, 22006013], "next_chapter": [22008001, 22008014]}], "passages": ["Song of Solomon 7\n\n    [1] How beautiful are your feet in sandals,\n        O noble daughter!\n    Your rounded thighs are like jewels,\n        the work of a master hand.\n    [2] Your navel is a rounded bowl\n        that never lacks mixed wine.\n    Your belly is a heap of wheat,\n        encircled with lilies.\n    [3] Your two breasts are like two fawns,\n        twins of a gazelle.\n    [4] Your neck is like an ivory tower.\n    Your eyes are pools in Heshbon,\n        by the gate of Bath-rabbim.\n    Your nose is like a tower of Lebanon,\n        which looks toward Damascus.\n    [5] Your head crowns you like Carmel,\n        and your flowing locks are like purple;\n        a king is held captive in the tresses.\n    \n    \n    [6] How beautiful and pleasant you are,\n        O loved one, with all your delights!(1)\n    [7] Your stature is like a palm tree,\n        and your breasts are like its clusters.\n    [8] I say I will climb the palm tree\n        and lay hold of its fruit.\n    Oh may your breasts be like clusters of the vine,\n        and the scent of your breath like apples,\n    [9] and your mouth(2) like the best wine.\n    \n    \n    She\n    \n    It goes down smoothly for my beloved,\n        gliding over lips and teeth.(3)\n    \n    \n    [10] I am my beloved\u2019s,\n        and his desire is for me.\n    \n    \n    The Bride Gives Her Love\n\n    [11] Come, my beloved,\n        let us go out into the fields\n        and lodge in the villages;(4)\n    [12] let us go out early to the vineyards\n        and see whether the vines have budded,\n    whether the grape blossoms have opened\n        and the pomegranates are in bloom.\n    There I will give you my love.\n    [13] The mandrakes give forth fragrance,\n        and beside our doors are all choice fruits,\n    new as well as old,\n        which I have laid up for you, O my beloved.\n    \n\nFootnotes\n\n(1) 7:6 Or *among delights*\n\n(2) 7:9 Hebrew *palate*\n\n(3) 7:9 Septuagint, Syriac, Vulgate; Hebrew *causing the lips of sleepers to speak*, or *gliding over the lips of those who sleep*\n\n(4) 7:11 Or *among the henna plants*\n (ESV)"]}