{"query": "1 Kings 10", "canonical": "1 Kings 10", "parsed": [[11010001, 11010029]], "passage_meta": [{"canonical": "1 Kings 10", "chapter_start": [11010001, 11010029], "chapter_end": [11010001, 11010029], "prev_verse": 11009028, "next_verse": 11011001, "prev_chapter": [11009001, 11009028], "next_chapter": [11011001, 11011043]}], "passages": ["1 Kings 10\n\nThe Queen of Sheba\n\n  [1] Now when the queen of Sheba heard of the fame of Solomon concerning the name of the LORD, she came to test him with hard questions. [2] She came to Jerusalem with a very great retinue, with camels bearing spices and very much gold and precious stones. And when she came to Solomon, she told him all that was on her mind. [3] And Solomon answered all her questions; there was nothing hidden from the king that he could not explain to her. [4] And when the queen of Sheba had seen all the wisdom of Solomon, the house that he had built, [5] the food of his table, the seating of his officials, and the attendance of his servants, their clothing, his cupbearers, and his burnt offerings that he offered at the house of the LORD, there was no more breath in her.\n\n  [6] And she said to the king, \u201cThe report was true that I heard in my own land of your words and of your wisdom, [7] but I did not believe the reports until I came and my own eyes had seen it. And behold, the half was not told me. Your wisdom and prosperity surpass the report that I heard. [8] Happy are your men! Happy are your servants, who continually stand before you and hear your wisdom! [9] Blessed be the LORD your God, who has delighted in you and set you on the throne of Israel! Because the LORD loved Israel forever, he has made you king, that you may execute justice and righteousness.\u201d [10] Then she gave the king 120 talents(1) of gold, and a very great quantity of spices and precious stones. Never again came such an abundance of spices as these that the queen of Sheba gave to King Solomon.\n\n  [11] Moreover, the fleet of Hiram, which brought gold from Ophir, brought from Ophir a very great amount of almug wood and precious stones. [12] And the king made of the almug wood supports for the house of the LORD and for the king\u2019s house, also lyres and harps for the singers. No such almug wood has come or been seen to this day.\n\n  [13] And King Solomon gave to the queen of Sheba all that she desired, whatever she asked besides what was given her by the bounty of King Solomon. So she turned and went back to her own land with her servants.\n\nSolomon\u2019s Great Wealth\n\n  [14] Now the weight of gold that came to Solomon in one year was 666 talents of gold, [15] besides that which came from the explorers and from the business of the merchants, and from all the kings of the west and from the governors of the land. [16] King Solomon made 200 large shields of beaten gold; 600 shekels(2) of gold went into each shield. [17] And he made 300 shields of beaten gold; three minas(3) of gold went into each shield. And the king put them in the House of the Forest of Lebanon. [18] The king also made a great ivory throne and overlaid it with the finest gold. [19] The throne had six steps, and the throne had a round top,(4) and on each side of the seat were armrests and two lions standing beside the armrests, [20] while twelve lions stood there, one on each end of a step on the six steps. The like of it was never made in any kingdom. [21] All King Solomon\u2019s drinking vessels were of gold, and all the vessels of the House of the Forest of Lebanon were of pure gold. None were of silver; silver was not considered as anything in the days of Solomon. [22] For the king had a fleet of ships of Tarshish at sea with the fleet of Hiram. Once every three years the fleet of ships of Tarshish used to come bringing gold, silver, ivory, apes, and peacocks.(5)\n\n  [23] Thus King Solomon excelled all the kings of the earth in riches and in wisdom. [24] And the whole earth sought the presence of Solomon to hear his wisdom, which God had put into his mind. [25] Every one of them brought his present, articles of silver and gold, garments, myrrh,(6) spices, horses, and mules, so much year by year.\n\n  [26] And Solomon gathered together chariots and horsemen. He had 1,400 chariots and 12,000 horsemen, whom he stationed in the chariot cities and with the king in Jerusalem. [27] And the king made silver as common in Jerusalem as stone, and he made cedar as plentiful as the sycamore of the Shephelah. [28] And Solomon\u2019s import of horses was from Egypt and Kue, and the king\u2019s traders received them from Kue at a price. [29] A chariot could be imported from Egypt for 600 shekels of silver and a horse for 150, and so through the king\u2019s traders they were exported to all the kings of the Hittites and the kings of Syria.\n\nFootnotes\n\n(1) 10:10 A *talent* was about 75 pounds or 34 kilograms\n\n(2) 10:16 A *shekel* was about 2/5 ounce or 11 grams\n\n(3) 10:17 A *mina* was about 1 1/4 pounds or 0.6 kilogram\n\n(4) 10:19 Or *and at the back of the throne was a calf\u2019s head*\n\n(5) 10:22 Or *baboons*\n\n(6) 10:25 Or *armor*\n (ESV)"]}