{"query": "1 Kings 19", "canonical": "1 Kings 19", "parsed": [[11019001, 11019021]], "passage_meta": [{"canonical": "1 Kings 19", "chapter_start": [11019001, 11019021], "chapter_end": [11019001, 11019021], "prev_verse": 11018046, "next_verse": 11020001, "prev_chapter": [11018001, 11018046], "next_chapter": [11020001, 11020043]}], "passages": ["1 Kings 19\n\nElijah Flees Jezebel\n\n  [1] Ahab told Jezebel all that Elijah had done, and how he had killed all the prophets with the sword. [2] Then Jezebel sent a messenger to Elijah, saying, \u201cSo may the gods do to me and more also, if I do not make your life as the life of one of them by this time tomorrow.\u201d [3] Then he was afraid, and he arose and ran for his life and came to Beersheba, which belongs to Judah, and left his servant there.\n\n  [4] But he himself went a day\u2019s journey into the wilderness and came and sat down under a broom tree. And he asked that he might die, saying, \u201cIt is enough; now, O LORD, take away my life, for I am no better than my fathers.\u201d [5] And he lay down and slept under a broom tree. And behold, an angel touched him and said to him, \u201cArise and eat.\u201d [6] And he looked, and behold, there was at his head a cake baked on hot stones and a jar of water. And he ate and drank and lay down again. [7] And the angel of the LORD came again a second time and touched him and said, \u201cArise and eat, for the journey is too great for you.\u201d [8] And he arose and ate and drank, and went in the strength of that food forty days and forty nights to Horeb, the mount of God.\n\nThe LORD Speaks to Elijah\n\n  [9] There he came to a cave and lodged in it. And behold, the word of the LORD came to him, and he said to him, \u201cWhat are you doing here, Elijah?\u201d [10] He said, \u201cI have been very jealous for the LORD, the God of hosts. For the people of Israel have forsaken your covenant, thrown down your altars, and killed your prophets with the sword, and I, even I only, am left, and they seek my life, to take it away.\u201d [11] And he said, \u201cGo out and stand on the mount before the LORD.\u201d And behold, the LORD passed by, and a great and strong wind tore the mountains and broke in pieces the rocks before the LORD, but the LORD was not in the wind. And after the wind an earthquake, but the LORD was not in the earthquake. [12] And after the earthquake a fire, but the LORD was not in the fire. And after the fire the sound of a low whisper.(1) [13] And when Elijah heard it, he wrapped his face in his cloak and went out and stood at the entrance of the cave. And behold, there came a voice to him and said, \u201cWhat are you doing here, Elijah?\u201d [14] He said, \u201cI have been very jealous for the LORD, the God of hosts. For the people of Israel have forsaken your covenant, thrown down your altars, and killed your prophets with the sword, and I, even I only, am left, and they seek my life, to take it away.\u201d [15] And the LORD said to him, \u201cGo, return on your way to the wilderness of Damascus. And when you arrive, you shall anoint Hazael to be king over Syria. [16] And Jehu the son of Nimshi you shall anoint to be king over Israel, and Elisha the son of Shaphat of Abel-meholah you shall anoint to be prophet in your place. [17] And the one who escapes from the sword of Hazael shall Jehu put to death, and the one who escapes from the sword of Jehu shall Elisha put to death. [18] Yet I will leave seven thousand in Israel, all the knees that have not bowed to Baal, and every mouth that has not kissed him.\u201d\n\nThe Call of Elisha\n\n  [19] So he departed from there and found Elisha the son of Shaphat, who was plowing with twelve yoke of oxen in front of him, and he was with the twelfth. Elijah passed by him and cast his cloak upon him. [20] And he left the oxen and ran after Elijah and said, \u201cLet me kiss my father and my mother, and then I will follow you.\u201d And he said to him, \u201cGo back again, for what have I done to you?\u201d [21] And he returned from following him and took the yoke of oxen and sacrificed them and boiled their flesh with the yokes of the oxen and gave it to the people, and they ate. Then he arose and went after Elijah and assisted him.\n\nFootnotes\n\n(1) 19:12 Or *a sound, a thin silence*\n (ESV)"]}