{"query": "1 Kings 1", "canonical": "1 Kings 1", "parsed": [[11001001, 11001053]], "passage_meta": [{"canonical": "1 Kings 1", "chapter_start": [11001001, 11001053], "chapter_end": [11001001, 11001053], "prev_verse": 10024025, "next_verse": 11002001, "prev_chapter": [10024001, 10024025], "next_chapter": [11002001, 11002046]}], "passages": ["1 Kings 1\n\nDavid in His Old Age\n\n  [1] Now King David was old and advanced in years. And although they covered him with clothes, he could not get warm. [2] Therefore his servants said to him, \u201cLet a young woman be sought for my lord the king, and let her wait on the king and be in his service. Let her lie in your arms,(1) that my lord the king may be warm.\u201d [3] So they sought for a beautiful young woman throughout all the territory of Israel, and found Abishag the Shunammite, and brought her to the king. [4] The young woman was very beautiful, and she was of service to the king and attended to him, but the king knew her not.\n\nAdonijah Sets Himself Up as King\n\n  [5] Now Adonijah the son of Haggith exalted himself, saying, \u201cI will be king.\u201d And he prepared for himself chariots and horsemen, and fifty men to run before him. [6] His father had never at any time displeased him by asking, \u201cWhy have you done thus and so?\u201d He was also a very handsome man, and he was born next after Absalom. [7] He conferred with Joab the son of Zeruiah and with Abiathar the priest. And they followed Adonijah and helped him. [8] But Zadok the priest and Benaiah the son of Jehoiada and Nathan the prophet and Shimei and Rei and David\u2019s mighty men were not with Adonijah.\n\n  [9] Adonijah sacrificed sheep, oxen, and fattened cattle by the Serpent\u2019s Stone, which is beside En-rogel, and he invited all his brothers, the king\u2019s sons, and all the royal officials of Judah, [10] but he did not invite Nathan the prophet or Benaiah or the mighty men or Solomon his brother.\n\nNathan and Bathsheba Before David\n\n  [11] Then Nathan said to Bathsheba the mother of Solomon, \u201cHave you not heard that Adonijah the son of Haggith has become king and David our lord does not know it? [12] Now therefore come, let me give you advice, that you may save your own life and the life of your son Solomon. [13] Go in at once to King David, and say to him, \u2018Did you not, my lord the king, swear to your servant, saying, \u201cSolomon your son shall reign after me, and he shall sit on my throne\u201d? Why then is Adonijah king?\u2019 [14] Then while you are still speaking with the king, I also will come in after you and confirm(2) your words.\u201d\n\n  [15] So Bathsheba went to the king in his chamber (now the king was very old, and Abishag the Shunammite was attending to the king). [16] Bathsheba bowed and paid homage to the king, and the king said, \u201cWhat do you desire?\u201d [17] She said to him, \u201cMy lord, you swore to your servant by the LORD your God, saying, \u2018Solomon your son shall reign after me, and he shall sit on my throne.\u2019 [18] And now, behold, Adonijah is king, although you, my lord the king, do not know it. [19] He has sacrificed oxen, fattened cattle, and sheep in abundance, and has invited all the sons of the king, Abiathar the priest, and Joab the commander of the army, but Solomon your servant he has not invited. [20] And now, my lord the king, the eyes of all Israel are on you, to tell them who shall sit on the throne of my lord the king after him. [21] Otherwise it will come to pass, when my lord the king sleeps with his fathers, that I and my son Solomon will be counted offenders.\u201d\n\n  [22] While she was still speaking with the king, Nathan the prophet came in. [23] And they told the king, \u201cHere is Nathan the prophet.\u201d And when he came in before the king, he bowed before the king, with his face to the ground. [24] And Nathan said, \u201cMy lord the king, have you said, \u2018Adonijah shall reign after me, and he shall sit on my throne\u2019? [25] For he has gone down this day and has sacrificed oxen, fattened cattle, and sheep in abundance, and has invited all the king\u2019s sons, the commanders(3) of the army, and Abiathar the priest. And behold, they are eating and drinking before him, and saying, \u2018Long live King Adonijah!\u2019 [26] But me, your servant, and Zadok the priest, and Benaiah the son of Jehoiada, and your servant Solomon he has not invited. [27] Has this thing been brought about by my lord the king and you have not told your servants who should sit on the throne of my lord the king after him?\u201d\n\nSolomon Anointed King\n\n  [28] Then King David answered, \u201cCall Bathsheba to me.\u201d So she came into the king\u2019s presence and stood before the king. [29] And the king swore, saying, \u201cAs the LORD lives, who has redeemed my soul out of every adversity, [30] as I swore to you by the LORD, the God of Israel, saying, \u2018Solomon your son shall reign after me, and he shall sit on my throne in my place,\u2019 even so will I do this day.\u201d [31] Then Bathsheba bowed with her face to the ground and paid homage to the king and said, \u201cMay my lord King David live forever!\u201d\n\n  [32] King David said, \u201cCall to me Zadok the priest, Nathan the prophet, and Benaiah the son of Jehoiada.\u201d So they came before the king. [33] And the king said to them, \u201cTake with you the servants of your lord and have Solomon my son ride on my own mule, and bring him down to Gihon. [34] And let Zadok the priest and Nathan the prophet there anoint him king over Israel. Then blow the trumpet and say, \u2018Long live King Solomon!\u2019 [35] You shall then come up after him, and he shall come and sit on my throne, for he shall be king in my place. And I have appointed him to be ruler over Israel and over Judah.\u201d [36] And Benaiah the son of Jehoiada answered the king, \u201cAmen! May the LORD, the God of my lord the king, say so. [37] As the LORD has been with my lord the king, even so may he be with Solomon, and make his throne greater than the throne of my lord King David.\u201d\n\n  [38] So Zadok the priest, Nathan the prophet, and Benaiah the son of Jehoiada, and the Cherethites and the Pelethites went down and had Solomon ride on King David\u2019s mule and brought him to Gihon. [39] There Zadok the priest took the horn of oil from the tent and anointed Solomon. Then they blew the trumpet, and all the people said, \u201cLong live King Solomon!\u201d [40] And all the people went up after him, playing on pipes, and rejoicing with great joy, so that the earth was split by their noise.\n\n  [41] Adonijah and all the guests who were with him heard it as they finished feasting. And when Joab heard the sound of the trumpet, he said, \u201cWhat does this uproar in the city mean?\u201d [42] While he was still speaking, behold, Jonathan the son of Abiathar the priest came. And Adonijah said, \u201cCome in, for you are a worthy man and bring good news.\u201d [43] Jonathan answered Adonijah, \u201cNo, for our lord King David has made Solomon king, [44] and the king has sent with him Zadok the priest, Nathan the prophet, and Benaiah the son of Jehoiada, and the Cherethites and the Pelethites. And they had him ride on the king\u2019s mule. [45] And Zadok the priest and Nathan the prophet have anointed him king at Gihon, and they have gone up from there rejoicing, so that the city is in an uproar. This is the noise that you have heard. [46] Solomon sits on the royal throne. [47] Moreover, the king\u2019s servants came to congratulate our lord King David, saying, \u2018May your God make the name of Solomon more famous than yours, and make his throne greater than your throne.\u2019 And the king bowed himself on the bed. [48] And the king also said, \u2018Blessed be the LORD, the God of Israel, who has granted someone(4) to sit on my throne this day, my own eyes seeing it.\u2019\u201d\n\n  [49] Then all the guests of Adonijah trembled and rose, and each went his own way. [50] And Adonijah feared Solomon. So he arose and went and took hold of the horns of the altar. [51] Then it was told Solomon, \u201cBehold, Adonijah fears King Solomon, for behold, he has laid hold of the horns of the altar, saying, \u2018Let King Solomon swear to me first that he will not put his servant to death with the sword.\u2019\u201d [52] And Solomon said, \u201cIf he will show himself a worthy man, not one of his hairs shall fall to the earth, but if wickedness is found in him, he shall die.\u201d [53] So King Solomon sent, and they brought him down from the altar. And he came and paid homage to King Solomon, and Solomon said to him, \u201cGo to your house.\u201d\n\nFootnotes\n\n(1) 1:2 Or *in your bosom*\n\n(2) 1:14 Or *expand on*\n\n(3) 1:25 Hebrew; Septuagint *Joab the commander*\n\n(4) 1:48 Septuagint *one of my offspring*\n (ESV)"]}