{"query": "1 Kings 21", "canonical": "1 Kings 21", "parsed": [[11021001, 11021029]], "passage_meta": [{"canonical": "1 Kings 21", "chapter_start": [11021001, 11021029], "chapter_end": [11021001, 11021029], "prev_verse": 11020043, "next_verse": 11022001, "prev_chapter": [11020001, 11020043], "next_chapter": [11022001, 11022053]}], "passages": ["1 Kings 21\n\nNaboth\u2019s Vineyard\n\n  [1] Now Naboth the Jezreelite had a vineyard in Jezreel, beside the palace of Ahab king of Samaria. [2] And after this Ahab said to Naboth, \u201cGive me your vineyard, that I may have it for a vegetable garden, because it is near my house, and I will give you a better vineyard for it; or, if it seems good to you, I will give you its value in money.\u201d [3] But Naboth said to Ahab, \u201cThe LORD forbid that I should give you the inheritance of my fathers.\u201d [4] And Ahab went into his house vexed and sullen because of what Naboth the Jezreelite had said to him, for he had said, \u201cI will not give you the inheritance of my fathers.\u201d And he lay down on his bed and turned away his face and would eat no food.\n\n  [5] But Jezebel his wife came to him and said to him, \u201cWhy is your spirit so vexed that you eat no food?\u201d [6] And he said to her, \u201cBecause I spoke to Naboth the Jezreelite and said to him, \u2018Give me your vineyard for money, or else, if it please you, I will give you another vineyard for it.\u2019 And he answered, \u2018I will not give you my vineyard.\u2019\u201d [7] And Jezebel his wife said to him, \u201cDo you now govern Israel? Arise and eat bread and let your heart be cheerful; I will give you the vineyard of Naboth the Jezreelite.\u201d\n\n  [8] So she wrote letters in Ahab\u2019s name and sealed them with his seal, and she sent the letters to the elders and the leaders who lived with Naboth in his city. [9] And she wrote in the letters, \u201cProclaim a fast, and set Naboth at the head of the people. [10] And set two worthless men opposite him, and let them bring a charge against him, saying, \u2018You have cursed(1) God and the king.\u2019 Then take him out and stone him to death.\u201d [11] And the men of his city, the elders and the leaders who lived in his city, did as Jezebel had sent word to them. As it was written in the letters that she had sent to them, [12] they proclaimed a fast and set Naboth at the head of the people. [13] And the two worthless men came in and sat opposite him. And the worthless men brought a charge against Naboth in the presence of the people, saying, \u201cNaboth cursed God and the king.\u201d So they took him outside the city and stoned him to death with stones. [14] Then they sent to Jezebel, saying, \u201cNaboth has been stoned; he is dead.\u201d\n\n  [15] As soon as Jezebel heard that Naboth had been stoned and was dead, Jezebel said to Ahab, \u201cArise, take possession of the vineyard of Naboth the Jezreelite, which he refused to give you for money, for Naboth is not alive, but dead.\u201d [16] And as soon as Ahab heard that Naboth was dead, Ahab arose to go down to the vineyard of Naboth the Jezreelite, to take possession of it.\n\nThe LORD Condemns Ahab\n\n  [17] Then the word of the LORD came to Elijah the Tishbite, saying, [18] \u201cArise, go down to meet Ahab king of Israel, who is in Samaria; behold, he is in the vineyard of Naboth, where he has gone to take possession. [19] And you shall say to him, \u2018Thus says the LORD, \u201cHave you killed and also taken possession?\u201d\u2019 And you shall say to him, \u2018Thus says the LORD: \u201cIn the place where dogs licked up the blood of Naboth shall dogs lick your own blood.\u201d\u2019\u201d\n\n  [20] Ahab said to Elijah, \u201cHave you found me, O my enemy?\u201d He answered, \u201cI have found you, because you have sold yourself to do what is evil in the sight of the LORD. [21] Behold, I will bring disaster upon you. I will utterly burn you up, and will cut off from Ahab every male, bond or free, in Israel. [22] And I will make your house like the house of Jeroboam the son of Nebat, and like the house of Baasha the son of Ahijah, for the anger to which you have provoked me, and because you have made Israel to sin. [23] And of Jezebel the LORD also said, \u2018The dogs shall eat Jezebel within the walls of Jezreel.\u2019 [24] Anyone belonging to Ahab who dies in the city the dogs shall eat, and anyone of his who dies in the open country the birds of the heavens shall eat.\u201d\n\nAhab\u2019s Repentance\n\n  [25] (There was none who sold himself to do what was evil in the sight of the LORD like Ahab, whom Jezebel his wife incited. [26] He acted very abominably in going after idols, as the Amorites had done, whom the LORD cast out before the people of Israel.)\n\n  [27] And when Ahab heard those words, he tore his clothes and put sackcloth on his flesh and fasted and lay in sackcloth and went about dejectedly. [28] And the word of the LORD came to Elijah the Tishbite, saying, [29] \u201cHave you seen how Ahab has humbled himself before me? Because he has humbled himself before me, I will not bring the disaster in his days; but in his son\u2019s days I will bring the disaster upon his house.\u201d\n\nFootnotes\n\n(1) 21:10 Hebrew *blessed*; also verse 13\n (ESV)"]}