{"query": "1 Kings 20", "canonical": "1 Kings 20", "parsed": [[11020001, 11020043]], "passage_meta": [{"canonical": "1 Kings 20", "chapter_start": [11020001, 11020043], "chapter_end": [11020001, 11020043], "prev_verse": 11019021, "next_verse": 11021001, "prev_chapter": [11019001, 11019021], "next_chapter": [11021001, 11021029]}], "passages": ["1 Kings 20\n\nAhab\u2019s Wars with Syria\n\n  [1] Ben-hadad the king of Syria gathered all his army together. Thirty-two kings were with him, and horses and chariots. And he went up and closed in on Samaria and fought against it. [2] And he sent messengers into the city to Ahab king of Israel and said to him, \u201cThus says Ben-hadad: [3] \u2018Your silver and your gold are mine; your best wives and children also are mine.\u2019\u201d [4] And the king of Israel answered, \u201cAs you say, my lord, O king, I am yours, and all that I have.\u201d [5] The messengers came again and said, \u201cThus says Ben-hadad: \u2018I sent to you, saying, \u201cDeliver to me your silver and your gold, your wives and your children.\u201d [6] Nevertheless I will send my servants to you tomorrow about this time, and they shall search your house and the houses of your servants and lay hands on whatever pleases you and take it away.\u2019\u201d\n\n  [7] Then the king of Israel called all the elders of the land and said, \u201cMark, now, and see how this man is seeking trouble, for he sent to me for my wives and my children, and for my silver and my gold, and I did not refuse him.\u201d [8] And all the elders and all the people said to him, \u201cDo not listen or consent.\u201d [9] So he said to the messengers of Ben-hadad, \u201cTell my lord the king, \u2018All that you first demanded of your servant I will do, but this thing I cannot do.\u2019\u201d And the messengers departed and brought him word again. [10] Ben-hadad sent to him and said, \u201cThe gods do so to me and more also, if the dust of Samaria shall suffice for handfuls for all the people who follow me.\u201d [11] And the king of Israel answered, \u201cTell him, \u2018Let not him who straps on his armor boast himself as he who takes it off.\u2019\u201d [12] When Ben-hadad heard this message as he was drinking with the kings in the booths, he said to his men, \u201cTake your positions.\u201d And they took their positions against the city.\n\nAhab Defeats Ben-hadad\n\n  [13] And behold, a prophet came near to Ahab king of Israel and said, \u201cThus says the LORD, Have you seen all this great multitude? Behold, I will give it into your hand this day, and you shall know that I am the LORD.\u201d [14] And Ahab said, \u201cBy whom?\u201d He said, \u201cThus says the LORD, By the servants of the governors of the districts.\u201d Then he said, \u201cWho shall begin the battle?\u201d He answered, \u201cYou.\u201d [15] Then he mustered the servants of the governors of the districts, and they were 232. And after them he mustered all the people of Israel, seven thousand.\n\n  [16] And they went out at noon, while Ben-hadad was drinking himself drunk in the booths, he and the thirty-two kings who helped him. [17] The servants of the governors of the districts went out first. And Ben-hadad sent out scouts, and they reported to him, \u201cMen are coming out from Samaria.\u201d [18] He said, \u201cIf they have come out for peace, take them alive. Or if they have come out for war, take them alive.\u201d\n\n  [19] So these went out of the city, the servants of the governors of the districts and the army that followed them. [20] And each struck down his man. The Syrians fled, and Israel pursued them, but Ben-hadad king of Syria escaped on a horse with horsemen. [21] And the king of Israel went out and struck the horses and chariots, and struck the Syrians with a great blow.\n\n  [22] Then the prophet came near to the king of Israel and said to him, \u201cCome, strengthen yourself, and consider well what you have to do, for in the spring the king of Syria will come up against you.\u201d\n\n  [23] And the servants of the king of Syria said to him, \u201cTheir gods are gods of the hills, and so they were stronger than we. But let us fight against them in the plain, and surely we shall be stronger than they. [24] And do this: remove the kings, each from his post, and put commanders in their places, [25] and muster an army like the army that you have lost, horse for horse, and chariot for chariot. Then we will fight against them in the plain, and surely we shall be stronger than they.\u201d And he listened to their voice and did so.\n\nAhab Defeats Ben-hadad Again\n\n  [26] In the spring, Ben-hadad mustered the Syrians and went up to Aphek to fight against Israel. [27] And the people of Israel were mustered and were provisioned and went against them. The people of Israel encamped before them like two little flocks of goats, but the Syrians filled the country. [28] And a man of God came near and said to the king of Israel, \u201cThus says the LORD, \u2018Because the Syrians have said, \u201cThe LORD is a god of the hills but he is not a god of the valleys,\u201d therefore I will give all this great multitude into your hand, and you shall know that I am the LORD.\u2019\u201d [29] And they encamped opposite one another seven days. Then on the seventh day the battle was joined. And the people of Israel struck down of the Syrians 100,000 foot soldiers in one day. [30] And the rest fled into the city of Aphek, and the wall fell upon 27,000 men who were left.\n\n  Ben-hadad also fled and entered an inner chamber in the city. [31] And his servants said to him, \u201cBehold now, we have heard that the kings of the house of Israel are merciful kings. Let us put sackcloth around our waists and ropes on our heads and go out to the king of Israel. Perhaps he will spare your life.\u201d [32] So they tied sackcloth around their waists and put ropes on their heads and went to the king of Israel and said, \u201cYour servant Ben-hadad says, \u2018Please, let me live.\u2019\u201d And he said, \u201cDoes he still live? He is my brother.\u201d [33] Now the men were watching for a sign, and they quickly took it up from him and said, \u201cYes, your brother Ben-hadad.\u201d Then he said, \u201cGo and bring him.\u201d Then Ben-hadad came out to him, and he caused him to come up into the chariot. [34] And Ben-hadad said to him, \u201cThe cities that my father took from your father I will restore, and you may establish bazaars for yourself in Damascus, as my father did in Samaria.\u201d And Ahab said, \u201cI will let you go on these terms.\u201d So he made a covenant with him and let him go.\n\nA Prophet Condemns Ben-hadad\u2019s Release\n\n  [35] And a certain man of the sons of the prophets said to his fellow at the command of the LORD, \u201cStrike me, please.\u201d But the man refused to strike him. [36] Then he said to him, \u201cBecause you have not obeyed the voice of the LORD, behold, as soon as you have gone from me, a lion shall strike you down.\u201d And as soon as he had departed from him, a lion met him and struck him down. [37] Then he found another man and said, \u201cStrike me, please.\u201d And the man struck him\u2014struck him and wounded him. [38] So the prophet departed and waited for the king by the way, disguising himself with a bandage over his eyes. [39] And as the king passed, he cried to the king and said, \u201cYour servant went out into the midst of the battle, and behold, a soldier turned and brought a man to me and said, \u2018Guard this man; if by any means he is missing, your life shall be for his life, or else you shall pay a talent(1) of silver.\u2019 [40] And as your servant was busy here and there, he was gone.\u201d The king of Israel said to him, \u201cSo shall your judgment be; you yourself have decided it.\u201d [41] Then he hurried to take the bandage away from his eyes, and the king of Israel recognized him as one of the prophets. [42] And he said to him, \u201cThus says the LORD, \u2018Because you have let go out of your hand the man whom I had devoted to destruction,(2) therefore your life shall be for his life, and your people for his people.\u2019\u201d [43] And the king of Israel went to his house vexed and sullen and came to Samaria.\n\nFootnotes\n\n(1) 20:39 A *talent* was about 75 pounds or 34 kilograms\n\n(2) 20:42 That is, set apart (devoted) as an offering to the Lord (for destruction)\n (ESV)"]}