{"query": "1 Kings 22", "canonical": "1 Kings 22", "parsed": [[11022001, 11022053]], "passage_meta": [{"canonical": "1 Kings 22", "chapter_start": [11022001, 11022053], "chapter_end": [11022001, 11022053], "prev_verse": 11021029, "next_verse": 12001001, "prev_chapter": [11021001, 11021029], "next_chapter": [12001001, 12001018]}], "passages": ["1 Kings 22\n\nAhab and the False Prophets\n\n  [1] For three years Syria and Israel continued without war. [2] But in the third year Jehoshaphat the king of Judah came down to the king of Israel. [3] And the king of Israel said to his servants, \u201cDo you know that Ramoth-gilead belongs to us, and we keep quiet and do not take it out of the hand of the king of Syria?\u201d [4] And he said to Jehoshaphat, \u201cWill you go with me to battle at Ramoth-gilead?\u201d And Jehoshaphat said to the king of Israel, \u201cI am as you are, my people as your people, my horses as your horses.\u201d\n\n  [5] And Jehoshaphat said to the king of Israel, \u201cInquire first for the word of the LORD.\u201d [6] Then the king of Israel gathered the prophets together, about four hundred men, and said to them, \u201cShall I go to battle against Ramoth-gilead, or shall I refrain?\u201d And they said, \u201cGo up, for the Lord will give it into the hand of the king.\u201d [7] But Jehoshaphat said, \u201cIs there not here another prophet of the LORD of whom we may inquire?\u201d [8] And the king of Israel said to Jehoshaphat, \u201cThere is yet one man by whom we may inquire of the LORD, Micaiah the son of Imlah, but I hate him, for he never prophesies good concerning me, but evil.\u201d And Jehoshaphat said, \u201cLet not the king say so.\u201d [9] Then the king of Israel summoned an officer and said, \u201cBring quickly Micaiah the son of Imlah.\u201d [10] Now the king of Israel and Jehoshaphat the king of Judah were sitting on their thrones, arrayed in their robes, at the threshing floor at the entrance of the gate of Samaria, and all the prophets were prophesying before them. [11] And Zedekiah the son of Chenaanah made for himself horns of iron and said, \u201cThus says the LORD, \u2018With these you shall push the Syrians until they are destroyed.\u2019\u201d [12] And all the prophets prophesied so and said, \u201cGo up to Ramoth-gilead and triumph; the LORD will give it into the hand of the king.\u201d\n\nMicaiah Prophesies Against Ahab\n\n  [13] And the messenger who went to summon Micaiah said to him, \u201cBehold, the words of the prophets with one accord are favorable to the king. Let your word be like the word of one of them, and speak favorably.\u201d [14] But Micaiah said, \u201cAs the LORD lives, what the LORD says to me, that I will speak.\u201d [15] And when he had come to the king, the king said to him, \u201cMicaiah, shall we go to Ramoth-gilead to battle, or shall we refrain?\u201d And he answered him, \u201cGo up and triumph; the LORD will give it into the hand of the king.\u201d [16] But the king said to him, \u201cHow many times shall I make you swear that you speak to me nothing but the truth in the name of the LORD?\u201d [17] And he said, \u201cI saw all Israel scattered on the mountains, as sheep that have no shepherd. And the LORD said, \u2018These have no master; let each return to his home in peace.\u2019\u201d [18] And the king of Israel said to Jehoshaphat, \u201cDid I not tell you that he would not prophesy good concerning me, but evil?\u201d [19] And Micaiah said, \u201cTherefore hear the word of the LORD: I saw the LORD sitting on his throne, and all the host of heaven standing beside him on his right hand and on his left; [20] and the LORD said, \u2018Who will entice Ahab, that he may go up and fall at Ramoth-gilead?\u2019 And one said one thing, and another said another. [21] Then a spirit came forward and stood before the LORD, saying, \u2018I will entice him.\u2019 [22] And the LORD said to him, \u2018By what means?\u2019 And he said, \u2018I will go out, and will be a lying spirit in the mouth of all his prophets.\u2019 And he said, \u2018You are to entice him, and you shall succeed; go out and do so.\u2019 [23] Now therefore behold, the LORD has put a lying spirit in the mouth of all these your prophets; the LORD has declared disaster for you.\u201d\n\n  [24] Then Zedekiah the son of Chenaanah came near and struck Micaiah on the cheek and said, \u201cHow did the Spirit of the LORD go from me to speak to you?\u201d [25] And Micaiah said, \u201cBehold, you shall see on that day when you go into an inner chamber to hide yourself.\u201d [26] And the king of Israel said, \u201cSeize Micaiah, and take him back to Amon the governor of the city and to Joash the king\u2019s son, [27] and say, \u2018Thus says the king, \u201cPut this fellow in prison and feed him meager rations of bread and water, until I come in peace.\u201d\u2019\u201d [28] And Micaiah said, \u201cIf you return in peace, the LORD has not spoken by me.\u201d And he said, \u201cHear, all you peoples!\u201d\n\nAhab Killed in Battle\n\n  [29] So the king of Israel and Jehoshaphat the king of Judah went up to Ramoth-gilead. [30] And the king of Israel said to Jehoshaphat, \u201cI will disguise myself and go into battle, but you wear your robes.\u201d And the king of Israel disguised himself and went into battle. [31] Now the king of Syria had commanded the thirty-two captains of his chariots, \u201cFight with neither small nor great, but only with the king of Israel.\u201d [32] And when the captains of the chariots saw Jehoshaphat, they said, \u201cIt is surely the king of Israel.\u201d So they turned to fight against him. And Jehoshaphat cried out. [33] And when the captains of the chariots saw that it was not the king of Israel, they turned back from pursuing him. [34] But a certain man drew his bow at random(1) and struck the king of Israel between the scale armor and the breastplate. Therefore he said to the driver of his chariot, \u201cTurn around and carry me out of the battle, for I am wounded.\u201d [35] And the battle continued that day, and the king was propped up in his chariot facing the Syrians, until at evening he died. And the blood of the wound flowed into the bottom of the chariot. [36] And about sunset a cry went through the army, \u201cEvery man to his city, and every man to his country!\u201d\n\n  [37] So the king died, and was brought to Samaria. And they buried the king in Samaria. [38] And they washed the chariot by the pool of Samaria, and the dogs licked up his blood, and the prostitutes washed themselves in it, according to the word of the LORD that he had spoken. [39] Now the rest of the acts of Ahab and all that he did, and the ivory house that he built and all the cities that he built, are they not written in the Book of the Chronicles of the Kings of Israel? [40] So Ahab slept with his fathers, and Ahaziah his son reigned in his place.\n\nJehoshaphat Reigns in Judah\n\n  [41] Jehoshaphat the son of Asa began to reign over Judah in the fourth year of Ahab king of Israel. [42] Jehoshaphat was thirty-five years old when he began to reign, and he reigned twenty-five years in Jerusalem. His mother\u2019s name was Azubah the daughter of Shilhi. [43] He walked in all the way of Asa his father. He did not turn aside from it, doing what was right in the sight of the LORD. Yet the high places were not taken away, and the people still sacrificed and made offerings on the high places. [44] Jehoshaphat also made peace with the king of Israel.\n\n  [45] Now the rest of the acts of Jehoshaphat, and his might that he showed, and how he warred, are they not written in the Book of the Chronicles of the Kings of Judah? [46] And from the land he exterminated the remnant of the male cult prostitutes who remained in the days of his father Asa.\n\n  [47] There was no king in Edom; a deputy was king. [48] Jehoshaphat made ships of Tarshish to go to Ophir for gold, but they did not go, for the ships were wrecked at Ezion-geber. [49] Then Ahaziah the son of Ahab said to Jehoshaphat, \u201cLet my servants go with your servants in the ships,\u201d but Jehoshaphat was not willing. [50] And Jehoshaphat slept with his fathers and was buried with his fathers in the city of David his father, and Jehoram his son reigned in his place.\n\nAhaziah Reigns in Israel\n\n  [51] Ahaziah the son of Ahab began to reign over Israel in Samaria in the seventeenth year of Jehoshaphat king of Judah, and he reigned two years over Israel. [52] He did what was evil in the sight of the LORD and walked in the way of his father and in the way of his mother and in the way of Jeroboam the son of Nebat, who made Israel to sin. [53] He served Baal and worshiped him and provoked the LORD, the God of Israel, to anger in every way that his father had done.\n\nFootnotes\n\n(1) 22:34 Hebrew *in his innocence*\n (ESV)"]}