{"query": "1 Samuel 16", "canonical": "1 Samuel 16", "parsed": [[9016001, 9016023]], "passage_meta": [{"canonical": "1 Samuel 16", "chapter_start": [9016001, 9016023], "chapter_end": [9016001, 9016023], "prev_verse": 9015035, "next_verse": 9017001, "prev_chapter": [9015001, 9015035], "next_chapter": [9017001, 9017058]}], "passages": ["1 Samuel 16\n\nDavid Anointed King\n\n  [1] The LORD said to Samuel, \u201cHow long will you grieve over Saul, since I have rejected him from being king over Israel? Fill your horn with oil, and go. I will send you to Jesse the Bethlehemite, for I have provided for myself a king among his sons.\u201d [2] And Samuel said, \u201cHow can I go? If Saul hears it, he will kill me.\u201d And the LORD said, \u201cTake a heifer with you and say, \u2018I have come to sacrifice to the LORD.\u2019 [3] And invite Jesse to the sacrifice, and I will show you what you shall do. And you shall anoint for me him whom I declare to you.\u201d [4] Samuel did what the LORD commanded and came to Bethlehem. The elders of the city came to meet him trembling and said, \u201cDo you come peaceably?\u201d [5] And he said, \u201cPeaceably; I have come to sacrifice to the LORD. Consecrate yourselves, and come with me to the sacrifice.\u201d And he consecrated Jesse and his sons and invited them to the sacrifice.\n\n  [6] When they came, he looked on Eliab and thought, \u201cSurely the LORD\u2019s anointed is before him.\u201d [7] But the LORD said to Samuel, \u201cDo not look on his appearance or on the height of his stature, because I have rejected him. For the LORD sees not as man sees: man looks on the outward appearance, but the LORD looks on the heart.\u201d [8] Then Jesse called Abinadab and made him pass before Samuel. And he said, \u201cNeither has the LORD chosen this one.\u201d [9] Then Jesse made Shammah pass by. And he said, \u201cNeither has the LORD chosen this one.\u201d [10] And Jesse made seven of his sons pass before Samuel. And Samuel said to Jesse, \u201cThe LORD has not chosen these.\u201d [11] Then Samuel said to Jesse, \u201cAre all your sons here?\u201d And he said, \u201cThere remains yet the youngest,(1) but behold, he is keeping the sheep.\u201d And Samuel said to Jesse, \u201cSend and get him, for we will not sit down till he comes here.\u201d [12] And he sent and brought him in. Now he was ruddy and had beautiful eyes and was handsome. And the LORD said, \u201cArise, anoint him, for this is he.\u201d [13] Then Samuel took the horn of oil and anointed him in the midst of his brothers. And the Spirit of the LORD rushed upon David from that day forward. And Samuel rose up and went to Ramah.\n\nDavid in Saul\u2019s Service\n\n  [14] Now the Spirit of the LORD departed from Saul, and a harmful spirit from the LORD tormented him. [15] And Saul\u2019s servants said to him, \u201cBehold now, a harmful spirit from God is tormenting you. [16] Let our lord now command your servants who are before you to seek out a man who is skillful in playing the lyre, and when the harmful spirit from God is upon you, he will play it, and you will be well.\u201d [17] So Saul said to his servants, \u201cProvide for me a man who can play well and bring him to me.\u201d [18] One of the young men answered, \u201cBehold, I have seen a son of Jesse the Bethlehemite, who is skillful in playing, a man of valor, a man of war, prudent in speech, and a man of good presence, and the LORD is with him.\u201d [19] Therefore Saul sent messengers to Jesse and said, \u201cSend me David your son, who is with the sheep.\u201d [20] And Jesse took a donkey laden with bread and a skin of wine and a young goat and sent them by David his son to Saul. [21] And David came to Saul and entered his service. And Saul loved him greatly, and he became his armor-bearer. [22] And Saul sent to Jesse, saying, \u201cLet David remain in my service, for he has found favor in my sight.\u201d [23] And whenever the harmful spirit from God was upon Saul, David took the lyre and played it with his hand. So Saul was refreshed and was well, and the harmful spirit departed from him.\n\nFootnotes\n\n(1) 16:11 Or *smallest*\n (ESV)"]}