{"query": "1 Samuel 15", "canonical": "1 Samuel 15", "parsed": [[9015001, 9015035]], "passage_meta": [{"canonical": "1 Samuel 15", "chapter_start": [9015001, 9015035], "chapter_end": [9015001, 9015035], "prev_verse": 9014052, "next_verse": 9016001, "prev_chapter": [9014001, 9014052], "next_chapter": [9016001, 9016023]}], "passages": ["1 Samuel 15\n\nThe LORD Rejects Saul\n\n  [1] And Samuel said to Saul, \u201cThe LORD sent me to anoint you king over his people Israel; now therefore listen to the words of the LORD. [2] Thus says the LORD of hosts, \u2018I have noted what Amalek did to Israel in opposing them on the way when they came up out of Egypt. [3] Now go and strike Amalek and devote to destruction(1) all that they have. Do not spare them, but kill both man and woman, child and infant, ox and sheep, camel and donkey.\u2019\u201d\n\n  [4] So Saul summoned the people and numbered them in Telaim, two hundred thousand men on foot, and ten thousand men of Judah. [5] And Saul came to the city of Amalek and lay in wait in the valley. [6] Then Saul said to the Kenites, \u201cGo, depart; go down from among the Amalekites, lest I destroy you with them. For you showed kindness to all the people of Israel when they came up out of Egypt.\u201d So the Kenites departed from among the Amalekites. [7] And Saul defeated the Amalekites from Havilah as far as Shur, which is east of Egypt. [8] And he took Agag the king of the Amalekites alive and devoted to destruction all the people with the edge of the sword. [9] But Saul and the people spared Agag and the best of the sheep and of the oxen and of the fattened calves(2) and the lambs, and all that was good, and would not utterly destroy them. All that was despised and worthless they devoted to destruction.\n\n  [10] The word of the LORD came to Samuel: [11] \u201cI regret(3) that I have made Saul king, for he has turned back from following me and has not performed my commandments.\u201d And Samuel was angry, and he cried to the LORD all night. [12] And Samuel rose early to meet Saul in the morning. And it was told Samuel, \u201cSaul came to Carmel, and behold, he set up a monument for himself and turned and passed on and went down to Gilgal.\u201d [13] And Samuel came to Saul, and Saul said to him, \u201cBlessed be you to the LORD. I have performed the commandment of the LORD.\u201d [14] And Samuel said, \u201cWhat then is this bleating of the sheep in my ears and the lowing of the oxen that I hear?\u201d [15] Saul said, \u201cThey have brought them from the Amalekites, for the people spared the best of the sheep and of the oxen to sacrifice to the LORD your God, and the rest we have devoted to destruction.\u201d [16] Then Samuel said to Saul, \u201cStop! I will tell you what the LORD said to me this night.\u201d And he said to him, \u201cSpeak.\u201d\n\n  [17] And Samuel said, \u201cThough you are little in your own eyes, are you not the head of the tribes of Israel? The LORD anointed you king over Israel. [18] And the LORD sent you on a mission and said, \u2018Go, devote to destruction the sinners, the Amalekites, and fight against them until they are consumed.\u2019 [19] Why then did you not obey the voice of the LORD? Why did you pounce on the spoil and do what was evil in the sight of the LORD?\u201d [20] And Saul said to Samuel, \u201cI have obeyed the voice of the LORD. I have gone on the mission on which the LORD sent me. I have brought Agag the king of Amalek, and I have devoted the Amalekites to destruction. [21] But the people took of the spoil, sheep and oxen, the best of the things devoted to destruction, to sacrifice to the LORD your God in Gilgal.\u201d [22] And Samuel said,\n\n    \u201cHas the LORD as great delight in burnt offerings and sacrifices,\n        as in obeying the voice of the LORD?\n    Behold, to obey is better than sacrifice,\n        and to listen than the fat of rams.\n    [23] For rebellion is as the sin of divination,\n        and presumption is as iniquity and idolatry.\n    Because you have rejected the word of the LORD,\n        he has also rejected you from being king.\u201d\n    \n    \n      [24] Saul said to Samuel, \u201cI have sinned, for I have transgressed the commandment of the LORD and your words, because I feared the people and obeyed their voice. [25] Now therefore, please pardon my sin and return with me that I may bow before the LORD.\u201d [26] And Samuel said to Saul, \u201cI will not return with you. For you have rejected the word of the LORD, and the LORD has rejected you from being king over Israel.\u201d [27] As Samuel turned to go away, Saul seized the skirt of his robe, and it tore. [28] And Samuel said to him, \u201cThe LORD has torn the kingdom of Israel from you this day and has given it to a neighbor of yours, who is better than you. [29] And also the Glory of Israel will not lie or have regret, for he is not a man, that he should have regret.\u201d [30] Then he said, \u201cI have sinned; yet honor me now before the elders of my people and before Israel, and return with me, that I may bow before the LORD your God.\u201d [31] So Samuel turned back after Saul, and Saul bowed before the LORD.\n\n  [32] Then Samuel said, \u201cBring here to me Agag the king of the Amalekites.\u201d And Agag came to him cheerfully.(4) Agag said, \u201cSurely the bitterness of death is past.\u201d [33] And Samuel said, \u201cAs your sword has made women childless, so shall your mother be childless among women.\u201d And Samuel hacked Agag to pieces before the LORD in Gilgal.\n\n  [34] Then Samuel went to Ramah, and Saul went up to his house in Gibeah of Saul. [35] And Samuel did not see Saul again until the day of his death, but Samuel grieved over Saul. And the LORD regretted that he had made Saul king over Israel.\n\nFootnotes\n\n(1) 15:3 That is, set apart (devote) as an offering to the Lord (for destruction); also verses 8, 9, 15, 18, 20, 21\n\n(2) 15:9 The meaning of the Hebrew term is uncertain\n\n(3) 15:11 See also verses 29, 35\n\n(4) 15:32 Or *haltingly* (compare Septuagint); the Hebrew is uncertain\n (ESV)"]}