{"query": "1 Samuel 3", "canonical": "1 Samuel 3", "parsed": [[9003001, 9003021]], "passage_meta": [{"canonical": "1 Samuel 3", "chapter_start": [9003001, 9003021], "chapter_end": [9003001, 9003021], "prev_verse": 9002036, "next_verse": 9004001, "prev_chapter": [9002001, 9002036], "next_chapter": [9004001, 9004022]}], "passages": ["1 Samuel 3\n\nThe LORD Calls Samuel\n\n  [1] Now the boy Samuel was ministering to the LORD in the presence of Eli. And the word of the LORD was rare in those days; there was no frequent vision.\n\n  [2] At that time Eli, whose eyesight had begun to grow dim so that he could not see, was lying down in his own place. [3] The lamp of God had not yet gone out, and Samuel was lying down in the temple of the LORD, where the ark of God was.\n\n  [4] Then the LORD called Samuel, and he said, \u201cHere I am!\u201d [5] and ran to Eli and said, \u201cHere I am, for you called me.\u201d But he said, \u201cI did not call; lie down again.\u201d So he went and lay down.\n\n  [6] And the LORD called again, \u201cSamuel!\u201d and Samuel arose and went to Eli and said, \u201cHere I am, for you called me.\u201d But he said, \u201cI did not call, my son; lie down again.\u201d [7] Now Samuel did not yet know the LORD, and the word of the LORD had not yet been revealed to him.\n\n  [8] And the LORD called Samuel again the third time. And he arose and went to Eli and said, \u201cHere I am, for you called me.\u201d Then Eli perceived that the LORD was calling the boy. [9] Therefore Eli said to Samuel, \u201cGo, lie down, and if he calls you, you shall say, \u2018Speak, LORD, for your servant hears.\u2019\u201d So Samuel went and lay down in his place.\n\n  [10] And the LORD came and stood, calling as at other times, \u201cSamuel! Samuel!\u201d And Samuel said, \u201cSpeak, for your servant hears.\u201d [11] Then the LORD said to Samuel, \u201cBehold, I am about to do a thing in Israel at which the two ears of everyone who hears it will tingle. [12] On that day I will fulfill against Eli all that I have spoken concerning his house, from beginning to end. [13] And I declare to him that I am about to punish his house forever, for the iniquity that he knew, because his sons were blaspheming God,(1) and he did not restrain them. [14] Therefore I swear to the house of Eli that the iniquity of Eli\u2019s house shall not be atoned for by sacrifice or offering forever.\u201d\n\n  [15] Samuel lay until morning; then he opened the doors of the house of the LORD. And Samuel was afraid to tell the vision to Eli. [16] But Eli called Samuel and said, \u201cSamuel, my son.\u201d And he said, \u201cHere I am.\u201d [17] And Eli said, \u201cWhat was it that he told you? Do not hide it from me. May God do so to you and more also if you hide anything from me of all that he told you.\u201d [18] So Samuel told him everything and hid nothing from him. And he said, \u201cIt is the LORD. Let him do what seems good to him.\u201d\n\n  [19] And Samuel grew, and the LORD was with him and let none of his words fall to the ground. [20] And all Israel from Dan to Beersheba knew that Samuel was established as a prophet of the LORD. [21] And the LORD appeared again at Shiloh, for the LORD revealed himself to Samuel at Shiloh by the word of the LORD.\n\nFootnotes\n\n(1) 3:13 Or *blaspheming for themselves*\n (ESV)"]}