{"query": "1 Samuel 10", "canonical": "1 Samuel 10", "parsed": [[9010001, 9010027]], "passage_meta": [{"canonical": "1 Samuel 10", "chapter_start": [9010001, 9010027], "chapter_end": [9010001, 9010027], "prev_verse": 9009027, "next_verse": 9011001, "prev_chapter": [9009001, 9009027], "next_chapter": [9011001, 9011015]}], "passages": ["1 Samuel 10\n\nSaul Anointed King\n\n  [1] Then Samuel took a flask of oil and poured it on his head and kissed him and said, \u201cHas not the LORD anointed you to be prince(1) over his people Israel? And you shall reign over the people of the LORD and you will save them from the hand of their surrounding enemies. And this shall be the sign to you that the LORD has anointed you to be prince(2) over his heritage. [2] When you depart from me today, you will meet two men by Rachel\u2019s tomb in the territory of Benjamin at Zelzah, and they will say to you, \u2018The donkeys that you went to seek are found, and now your father has ceased to care about the donkeys and is anxious about you, saying, \u201cWhat shall I do about my son?\u201d\u2019 [3] Then you shall go on from there farther and come to the oak of Tabor. Three men going up to God at Bethel will meet you there, one carrying three young goats, another carrying three loaves of bread, and another carrying a skin of wine. [4] And they will greet you and give you two loaves of bread, which you shall accept from their hand. [5] After that you shall come to Gibeath-elohim,(3) where there is a garrison of the Philistines. And there, as soon as you come to the city, you will meet a group of prophets coming down from the high place with harp, tambourine, flute, and lyre before them, prophesying. [6] Then the Spirit of the LORD will rush upon you, and you will prophesy with them and be turned into another man. [7] Now when these signs meet you, do what your hand finds to do, for God is with you. [8] Then go down before me to Gilgal. And behold, I am coming down to you to offer burnt offerings and to sacrifice peace offerings. Seven days you shall wait, until I come to you and show you what you shall do.\u201d\n\n  [9] When he turned his back to leave Samuel, God gave him another heart. And all these signs came to pass that day. [10] When they came to Gibeah,(4) behold, a group of prophets met him, and the Spirit of God rushed upon him, and he prophesied among them. [11] And when all who knew him previously saw how he prophesied with the prophets, the people said to one another, \u201cWhat has come over the son of Kish? Is Saul also among the prophets?\u201d [12] And a man of the place answered, \u201cAnd who is their father?\u201d Therefore it became a proverb, \u201cIs Saul also among the prophets?\u201d [13] When he had finished prophesying, he came to the high place.\n\n  [14] Saul\u2019s uncle said to him and to his servant, \u201cWhere did you go?\u201d And he said, \u201cTo seek the donkeys. And when we saw they were not to be found, we went to Samuel.\u201d [15] And Saul\u2019s uncle said, \u201cPlease tell me what Samuel said to you.\u201d [16] And Saul said to his uncle, \u201cHe told us plainly that the donkeys had been found.\u201d But about the matter of the kingdom, of which Samuel had spoken, he did not tell him anything.\n\nSaul Proclaimed King\n\n  [17] Now Samuel called the people together to the LORD at Mizpah. [18] And he said to the people of Israel, \u201cThus says the LORD, the God of Israel, \u2018I brought up Israel out of Egypt, and I delivered you from the hand of the Egyptians and from the hand of all the kingdoms that were oppressing you.\u2019 [19] But today you have rejected your God, who saves you from all your calamities and your distresses, and you have said to him, \u2018Set a king over us.\u2019 Now therefore present yourselves before the LORD by your tribes and by your thousands.\u201d\n\n  [20] Then Samuel brought all the tribes of Israel near, and the tribe of Benjamin was taken by lot. [21] He brought the tribe of Benjamin near by its clans, and the clan of the Matrites was taken by lot;(5) and Saul the son of Kish was taken by lot. But when they sought him, he could not be found. [22] So they inquired again of the LORD, \u201cIs there a man still to come?\u201d and the LORD said, \u201cBehold, he has hidden himself among the baggage.\u201d [23] Then they ran and took him from there. And when he stood among the people, he was taller than any of the people from his shoulders upward. [24] And Samuel said to all the people, \u201cDo you see him whom the LORD has chosen? There is none like him among all the people.\u201d And all the people shouted, \u201cLong live the king!\u201d\n\n  [25] Then Samuel told the people the rights and duties of the kingship, and he wrote them in a book and laid it up before the LORD. Then Samuel sent all the people away, each one to his home. [26] Saul also went to his home at Gibeah, and with him went men of valor whose hearts God had touched. [27] But some worthless fellows said, \u201cHow can this man save us?\u201d And they despised him and brought him no present. But he held his peace.\n\nFootnotes\n\n(1) 10:1 Or *leader*\n\n(2) 10:1 Septuagint; Hebrew lacks *over his people Israel? And you shall.\u00a0.\u00a0.\u00a0. to be prince*\n\n(3) 10:5 *Gibeath-elohim* means *the hill of God*\n\n(4) 10:10 *Gibeah* means *the hill*\n\n(5) 10:21 Septuagint adds *finally he brought the family of the Matrites near, man by man*\n (ESV)"]}