{"query": "1 Samuel 7", "canonical": "1 Samuel 7", "parsed": [[9007001, 9007017]], "passage_meta": [{"canonical": "1 Samuel 7", "chapter_start": [9007001, 9007017], "chapter_end": [9007001, 9007017], "prev_verse": 9006021, "next_verse": 9008001, "prev_chapter": [9006001, 9006021], "next_chapter": [9008001, 9008022]}], "passages": ["1 Samuel 7\n\n  [1] And the men of Kiriath-jearim came and took up the ark of the LORD and brought it to the house of Abinadab on the hill. And they consecrated his son Eleazar to have charge of the ark of the LORD. [2] From the day that the ark was lodged at Kiriath-jearim, a long time passed, some twenty years, and all the house of Israel lamented after the LORD.\n\nSamuel Judges Israel\n\n  [3] And Samuel said to all the house of Israel, \u201cIf you are returning to the LORD with all your heart, then put away the foreign gods and the Ashtaroth from among you and direct your heart to the LORD and serve him only, and he will deliver you out of the hand of the Philistines.\u201d [4] So the people of Israel put away the Baals and the Ashtaroth, and they served the LORD only.\n\n  [5] Then Samuel said, \u201cGather all Israel at Mizpah, and I will pray to the LORD for you.\u201d [6] So they gathered at Mizpah and drew water and poured it out before the LORD and fasted on that day and said there, \u201cWe have sinned against the LORD.\u201d And Samuel judged the people of Israel at Mizpah. [7] Now when the Philistines heard that the people of Israel had gathered at Mizpah, the lords of the Philistines went up against Israel. And when the people of Israel heard of it, they were afraid of the Philistines. [8] And the people of Israel said to Samuel, \u201cDo not cease to cry out to the LORD our God for us, that he may save us from the hand of the Philistines.\u201d [9] So Samuel took a nursing lamb and offered it as a whole burnt offering to the LORD. And Samuel cried out to the LORD for Israel, and the LORD answered him. [10] As Samuel was offering up the burnt offering, the Philistines drew near to attack Israel. But the LORD thundered with a mighty sound that day against the Philistines and threw them into confusion, and they were defeated before Israel. [11] And the men of Israel went out from Mizpah and pursued the Philistines and struck them, as far as below Beth-car.\n\n  [12] Then Samuel took a stone and set it up between Mizpah and Shen(1) and called its name Ebenezer;(2) for he said, \u201cTill now the LORD has helped us.\u201d [13] So the Philistines were subdued and did not again enter the territory of Israel. And the hand of the LORD was against the Philistines all the days of Samuel. [14] The cities that the Philistines had taken from Israel were restored to Israel, from Ekron to Gath, and Israel delivered their territory from the hand of the Philistines. There was peace also between Israel and the Amorites.\n\n  [15] Samuel judged Israel all the days of his life. [16] And he went on a circuit year by year to Bethel, Gilgal, and Mizpah. And he judged Israel in all these places. [17] Then he would return to Ramah, for his home was there, and there also he judged Israel. And he built there an altar to the LORD.\n\nFootnotes\n\n(1) 7:12 Hebrew; Septuagint, Syriac *Jeshanah*\n\n(2) 7:12 *Ebenezer* means *stone of help*\n (ESV)"]}