{"query": "1 Samuel 11", "canonical": "1 Samuel 11", "parsed": [[9011001, 9011015]], "passage_meta": [{"canonical": "1 Samuel 11", "chapter_start": [9011001, 9011015], "chapter_end": [9011001, 9011015], "prev_verse": 9010027, "next_verse": 9012001, "prev_chapter": [9010001, 9010027], "next_chapter": [9012001, 9012025]}], "passages": ["1 Samuel 11\n\nSaul Defeats the Ammonites\n\n  [1] Then Nahash the Ammonite went up and besieged Jabesh-gilead, and all the men of Jabesh said to Nahash, \u201cMake a treaty with us, and we will serve you.\u201d [2] But Nahash the Ammonite said to them, \u201cOn this condition I will make a treaty with you, that I gouge out all your right eyes, and thus bring disgrace on all Israel.\u201d [3] The elders of Jabesh said to him, \u201cGive us seven days\u2019 respite that we may send messengers through all the territory of Israel. Then, if there is no one to save us, we will give ourselves up to you.\u201d [4] When the messengers came to Gibeah of Saul, they reported the matter in the ears of the people, and all the people wept aloud.\n\n  [5] Now, behold, Saul was coming from the field behind the oxen. And Saul said, \u201cWhat is wrong with the people, that they are weeping?\u201d So they told him the news of the men of Jabesh. [6] And the Spirit of God rushed upon Saul when he heard these words, and his anger was greatly kindled. [7] He took a yoke of oxen and cut them in pieces and sent them throughout all the territory of Israel by the hand of the messengers, saying, \u201cWhoever does not come out after Saul and Samuel, so shall it be done to his oxen!\u201d Then the dread of the LORD fell upon the people, and they came out as one man. [8] When he mustered them at Bezek, the people of Israel were three hundred thousand, and the men of Judah thirty thousand. [9] And they said to the messengers who had come, \u201cThus shall you say to the men of Jabesh-gilead: \u2018Tomorrow, by the time the sun is hot, you shall have salvation.\u2019\u201d When the messengers came and told the men of Jabesh, they were glad. [10] Therefore the men of Jabesh said, \u201cTomorrow we will give ourselves up to you, and you may do to us whatever seems good to you.\u201d [11] And the next day Saul put the people in three companies. And they came into the midst of the camp in the morning watch and struck down the Ammonites until the heat of the day. And those who survived were scattered, so that no two of them were left together.\n\nThe Kingdom Is Renewed\n\n  [12] Then the people said to Samuel, \u201cWho is it that said, \u2018Shall Saul reign over us?\u2019 Bring the men, that we may put them to death.\u201d [13] But Saul said, \u201cNot a man shall be put to death this day, for today the LORD has worked salvation in Israel.\u201d [14] Then Samuel said to the people, \u201cCome, let us go to Gilgal and there renew the kingdom.\u201d [15] So all the people went to Gilgal, and there they made Saul king before the LORD in Gilgal. There they sacrificed peace offerings before the LORD, and there Saul and all the men of Israel rejoiced greatly. (ESV)"]}