{"query": "1 Samuel 27", "canonical": "1 Samuel 27", "parsed": [[9027001, 9027012]], "passage_meta": [{"canonical": "1 Samuel 27", "chapter_start": [9027001, 9027012], "chapter_end": [9027001, 9027012], "prev_verse": 9026025, "next_verse": 9028001, "prev_chapter": [9026001, 9026025], "next_chapter": [9028001, 9028025]}], "passages": ["1 Samuel 27\n\nDavid Flees to the Philistines\n\n  [1] Then David said in his heart, \u201cNow I shall perish one day by the hand of Saul. There is nothing better for me than that I should escape to the land of the Philistines. Then Saul will despair of seeking me any longer within the borders of Israel, and I shall escape out of his hand.\u201d [2] So David arose and went over, he and the six hundred men who were with him, to Achish the son of Maoch, king of Gath. [3] And David lived with Achish at Gath, he and his men, every man with his household, and David with his two wives, Ahinoam of Jezreel, and Abigail of Carmel, Nabal\u2019s widow. [4] And when it was told Saul that David had fled to Gath, he no longer sought him.\n\n  [5] Then David said to Achish, \u201cIf I have found favor in your eyes, let a place be given me in one of the country towns, that I may dwell there. For why should your servant dwell in the royal city with you?\u201d [6] So that day Achish gave him Ziklag. Therefore Ziklag has belonged to the kings of Judah to this day. [7] And the number of the days that David lived in the country of the Philistines was a year and four months.\n\n  [8] Now David and his men went up and made raids against the Geshurites, the Girzites, and the Amalekites, for these were the inhabitants of the land from of old, as far as Shur, to the land of Egypt. [9] And David would strike the land and would leave neither man nor woman alive, but would take away the sheep, the oxen, the donkeys, the camels, and the garments, and come back to Achish. [10] When Achish asked, \u201cWhere have you made a raid today?\u201d David would say, \u201cAgainst the Negeb of Judah,\u201d or, \u201cAgainst the Negeb of the Jerahmeelites,\u201d or, \u201cAgainst the Negeb of the Kenites.\u201d [11] And David would leave neither man nor woman alive to bring news to Gath, thinking, \u201clest they should tell about us and say, \u2018So David has done.\u2019\u201d Such was his custom all the while he lived in the country of the Philistines. [12] And Achish trusted David, thinking, \u201cHe has made himself an utter stench to his people Israel; therefore he shall always be my servant.\u201d (ESV)"]}