{"query": "1 Samuel 4", "canonical": "1 Samuel 4", "parsed": [[9004001, 9004022]], "passage_meta": [{"canonical": "1 Samuel 4", "chapter_start": [9004001, 9004022], "chapter_end": [9004001, 9004022], "prev_verse": 9003021, "next_verse": 9005001, "prev_chapter": [9003001, 9003021], "next_chapter": [9005001, 9005012]}], "passages": ["1 Samuel 4\n\nThe Philistines Capture the Ark\n\n  [1] And the word of Samuel came to all Israel.\n\n  Now Israel went out to battle against the Philistines. They encamped at Ebenezer, and the Philistines encamped at Aphek. [2] The Philistines drew up in line against Israel, and when the battle spread, Israel was defeated before the Philistines, who killed about four thousand men on the field of battle. [3] And when the people came to the camp, the elders of Israel said, \u201cWhy has the LORD defeated us today before the Philistines? Let us bring the ark of the covenant of the LORD here from Shiloh, that it(1) may come among us and save us from the power of our enemies.\u201d [4] So the people sent to Shiloh and brought from there the ark of the covenant of the LORD of hosts, who is enthroned on the cherubim. And the two sons of Eli, Hophni and Phinehas, were there with the ark of the covenant of God.\n\n  [5] As soon as the ark of the covenant of the LORD came into the camp, all Israel gave a mighty shout, so that the earth resounded. [6] And when the Philistines heard the noise of the shouting, they said, \u201cWhat does this great shouting in the camp of the Hebrews mean?\u201d And when they learned that the ark of the LORD had come to the camp, [7] the Philistines were afraid, for they said, \u201cA god has come into the camp.\u201d And they said, \u201cWoe to us! For nothing like this has happened before. [8] Woe to us! Who can deliver us from the power of these mighty gods? These are the gods who struck the Egyptians with every sort of plague in the wilderness. [9] Take courage, and be men, O Philistines, lest you become slaves to the Hebrews as they have been to you; be men and fight.\u201d\n\n  [10] So the Philistines fought, and Israel was defeated, and they fled, every man to his home. And there was a very great slaughter, for thirty thousand foot soldiers of Israel fell. [11] And the ark of God was captured, and the two sons of Eli, Hophni and Phinehas, died.\n\nThe Death of Eli\n\n  [12] A man of Benjamin ran from the battle line and came to Shiloh the same day, with his clothes torn and with dirt on his head. [13] When he arrived, Eli was sitting on his seat by the road watching, for his heart trembled for the ark of God. And when the man came into the city and told the news, all the city cried out. [14] When Eli heard the sound of the outcry, he said, \u201cWhat is this uproar?\u201d Then the man hurried and came and told Eli. [15] Now Eli was ninety-eight years old and his eyes were set so that he could not see. [16] And the man said to Eli, \u201cI am he who has come from the battle; I fled from the battle today.\u201d And he said, \u201cHow did it go, my son?\u201d [17] He who brought the news answered and said, \u201cIsrael has fled before the Philistines, and there has also been a great defeat among the people. Your two sons also, Hophni and Phinehas, are dead, and the ark of God has been captured.\u201d [18] As soon as he mentioned the ark of God, Eli fell over backward from his seat by the side of the gate, and his neck was broken and he died, for the man was old and heavy. He had judged Israel forty years.\n\n  [19] Now his daughter-in-law, the wife of Phinehas, was pregnant, about to give birth. And when she heard the news that the ark of God was captured, and that her father-in-law and her husband were dead, she bowed and gave birth, for her pains came upon her. [20] And about the time of her death the women attending her said to her, \u201cDo not be afraid, for you have borne a son.\u201d But she did not answer or pay attention. [21] And she named the child Ichabod, saying, \u201cThe glory has departed(2) from Israel!\u201d because the ark of God had been captured and because of her father-in-law and her husband. [22] And she said, \u201cThe glory has departed from Israel, for the ark of God has been captured.\u201d\n\nFootnotes\n\n(1) 4:3 Or *he*\n\n(2) 4:21 Or *gone into exile*; also verse 22\n (ESV)"]}