{"query": "1 Samuel 25", "canonical": "1 Samuel 25", "parsed": [[9025001, 9025044]], "passage_meta": [{"canonical": "1 Samuel 25", "chapter_start": [9025001, 9025044], "chapter_end": [9025001, 9025044], "prev_verse": 9024022, "next_verse": 9026001, "prev_chapter": [9024001, 9024022], "next_chapter": [9026001, 9026025]}], "passages": ["1 Samuel 25\n\nThe Death of Samuel\n\n  [1] Now Samuel died. And all Israel assembled and mourned for him, and they buried him in his house at Ramah.\n\nDavid and Abigail\n\n   Then David rose and went down to the wilderness of Paran. [2] And there was a man in Maon whose business was in Carmel. The man was very rich; he had three thousand sheep and a thousand goats. He was shearing his sheep in Carmel. [3] Now the name of the man was Nabal, and the name of his wife Abigail. The woman was discerning and beautiful, but the man was harsh and badly behaved; he was a Calebite. [4] David heard in the wilderness that Nabal was shearing his sheep. [5] So David sent ten young men. And David said to the young men, \u201cGo up to Carmel, and go to Nabal and greet him in my name. [6] And thus you shall greet him: \u2018Peace be to you, and peace be to your house, and peace be to all that you have. [7] I hear that you have shearers. Now your shepherds have been with us, and we did them no harm, and they missed nothing all the time they were in Carmel. [8] Ask your young men, and they will tell you. Therefore let my young men find favor in your eyes, for we come on a feast day. Please give whatever you have at hand to your servants and to your son David.\u2019\u201d\n\n  [9] When David\u2019s young men came, they said all this to Nabal in the name of David, and then they waited. [10] And Nabal answered David\u2019s servants, \u201cWho is David? Who is the son of Jesse? There are many servants these days who are breaking away from their masters. [11] Shall I take my bread and my water and my meat that I have killed for my shearers and give it to men who come from I do not know where?\u201d [12] So David\u2019s young men turned away and came back and told him all this. [13] And David said to his men, \u201cEvery man strap on his sword!\u201d And every man of them strapped on his sword. David also strapped on his sword. And about four hundred men went up after David, while two hundred remained with the baggage.\n\n  [14] But one of the young men told Abigail, Nabal\u2019s wife, \u201cBehold, David sent messengers out of the wilderness to greet our master, and he railed at them. [15] Yet the men were very good to us, and we suffered no harm, and we did not miss anything when we were in the fields, as long as we went with them. [16] They were a wall to us both by night and by day, all the while we were with them keeping the sheep. [17] Now therefore know this and consider what you should do, for harm is determined against our master and against all his house, and he is such a worthless man that one cannot speak to him.\u201d\n\n  [18] Then Abigail made haste and took two hundred loaves and two skins of wine and five sheep already prepared and five seahs(1) of parched grain and a hundred clusters of raisins and two hundred cakes of figs, and laid them on donkeys. [19] And she said to her young men, \u201cGo on before me; behold, I come after you.\u201d But she did not tell her husband Nabal. [20] And as she rode on the donkey and came down under cover of the mountain, behold, David and his men came down toward her, and she met them. [21] Now David had said, \u201cSurely in vain have I guarded all that this fellow has in the wilderness, so that nothing was missed of all that belonged to him, and he has returned me evil for good. [22] God do so to the enemies of David(2) and more also, if by morning I leave so much as one male of all who belong to him.\u201d\n\n  [23] When Abigail saw David, she hurried and got down from the donkey and fell before David on her face and bowed to the ground. [24] She fell at his feet and said, \u201cOn me alone, my lord, be the guilt. Please let your servant speak in your ears, and hear the words of your servant. [25] Let not my lord regard this worthless fellow, Nabal, for as his name is, so is he. Nabal(3) is his name, and folly is with him. But I your servant did not see the young men of my lord, whom you sent. [26] Now then, my lord, as the LORD lives, and as your soul lives, because the LORD has restrained you from bloodguilt and from saving with your own hand, now then let your enemies and those who seek to do evil to my lord be as Nabal. [27] And now let this present that your servant has brought to my lord be given to the young men who follow my lord. [28] Please forgive the trespass of your servant. For the LORD will certainly make my lord a sure house, because my lord is fighting the battles of the LORD, and evil shall not be found in you so long as you live. [29] If men rise up to pursue you and to seek your life, the life of my lord shall be bound in the bundle of the living in the care of the LORD your God. And the lives of your enemies he shall sling out as from the hollow of a sling. [30] And when the LORD has done to my lord according to all the good that he has spoken concerning you and has appointed you prince(4) over Israel, [31] my lord shall have no cause of grief or pangs of conscience for having shed blood without cause or for my lord working salvation himself. And when the LORD has dealt well with my lord, then remember your servant.\u201d\n\n  [32] And David said to Abigail, \u201cBlessed be the LORD, the God of Israel, who sent you this day to meet me! [33] Blessed be your discretion, and blessed be you, who have kept me this day from bloodguilt and from working salvation with my own hand! [34] For as surely as the LORD, the God of Israel, lives, who has restrained me from hurting you, unless you had hurried and come to meet me, truly by morning there had not been left to Nabal so much as one male.\u201d [35] Then David received from her hand what she had brought him. And he said to her, \u201cGo up in peace to your house. See, I have obeyed your voice, and I have granted your petition.\u201d\n\n  [36] And Abigail came to Nabal, and behold, he was holding a feast in his house, like the feast of a king. And Nabal\u2019s heart was merry within him, for he was very drunk. So she told him nothing at all until the morning light. [37] In the morning, when the wine had gone out of Nabal, his wife told him these things, and his heart died within him, and he became as a stone. [38] And about ten days later the LORD struck Nabal, and he died.\n\n  [39] When David heard that Nabal was dead, he said, \u201cBlessed be the LORD who has avenged the insult I received at the hand of Nabal, and has kept back his servant from wrongdoing. The LORD has returned the evil of Nabal on his own head.\u201d Then David sent and spoke to Abigail, to take her as his wife. [40] When the servants of David came to Abigail at Carmel, they said to her, \u201cDavid has sent us to you to take you to him as his wife.\u201d [41] And she rose and bowed with her face to the ground and said, \u201cBehold, your handmaid is a servant to wash the feet of the servants of my lord.\u201d [42] And Abigail hurried and rose and mounted a donkey, and her five young women attended her. She followed the messengers of David and became his wife.\n\n  [43] David also took Ahinoam of Jezreel, and both of them became his wives. [44] Saul had given Michal his daughter, David\u2019s wife, to Palti the son of Laish, who was of Gallim.\n\nFootnotes\n\n(1) 25:18 A *seah* was about 7 quarts or 7.3 liters\n\n(2) 25:22 Septuagint *to David*\n\n(3) 25:25 *Nabal* means *fool*\n\n(4) 25:30 Or *leader*\n (ESV)"]}