{"query": "1 Samuel 21", "canonical": "1 Samuel 21", "parsed": [[9021001, 9021015]], "passage_meta": [{"canonical": "1 Samuel 21", "chapter_start": [9021001, 9021015], "chapter_end": [9021001, 9021015], "prev_verse": 9020042, "next_verse": 9022001, "prev_chapter": [9020001, 9020042], "next_chapter": [9022001, 9022023]}], "passages": ["1 Samuel 21\n\nDavid and the Holy Bread\n\n  [1] (1) Then David came to Nob, to Ahimelech the priest. And Ahimelech came to meet David, trembling, and said to him, \u201cWhy are you alone, and no one with you?\u201d [2] And David said to Ahimelech the priest, \u201cThe king has charged me with a matter and said to me, \u2018Let no one know anything of the matter about which I send you, and with which I have charged you.\u2019 I have made an appointment with the young men for such and such a place. [3] Now then, what do you have on hand? Give me five loaves of bread, or whatever is here.\u201d [4] And the priest answered David, \u201cI have no common bread on hand, but there is holy bread\u2014if the young men have kept themselves from women.\u201d [5] And David answered the priest, \u201cTruly women have been kept from us as always when I go on an expedition. The vessels of the young men are holy even when it is an ordinary journey. How much more today will their vessels be holy?\u201d [6] So the priest gave him the holy bread, for there was no bread there but the bread of the Presence, which is removed from before the LORD, to be replaced by hot bread on the day it is taken away.\n\n  [7] Now a certain man of the servants of Saul was there that day, detained before the LORD. His name was Doeg the Edomite, the chief of Saul\u2019s herdsmen.\n\n  [8] Then David said to Ahimelech, \u201cThen have you not here a spear or a sword at hand? For I have brought neither my sword nor my weapons with me, because the king\u2019s business required haste.\u201d [9] And the priest said, \u201cThe sword of Goliath the Philistine, whom you struck down in the Valley of Elah, behold, it is here wrapped in a cloth behind the ephod. If you will take that, take it, for there is none but that here.\u201d And David said, \u201cThere is none like that; give it to me.\u201d\n\nDavid Flees to Gath\n\n  [10] And David rose and fled that day from Saul and went to Achish the king of Gath. [11] And the servants of Achish said to him, \u201cIs not this David the king of the land? Did they not sing to one another of him in dances,\n\n    \u2018Saul has struck down his thousands,\n        and David his ten thousands\u2019?\u201d\n    \n    \n      [12] And David took these words to heart and was much afraid of Achish the king of Gath. [13] So he changed his behavior before them and pretended to be insane in their hands and made marks on the doors of the gate and let his spittle run down his beard. [14] Then Achish said to his servants, \u201cBehold, you see the man is mad. Why then have you brought him to me? [15] Do I lack madmen, that you have brought this fellow to behave as a madman in my presence? Shall this fellow come into my house?\u201d\n\nFootnotes\n\n(1) 21:1 Ch 21:2 in Hebrew\n (ESV)"]}