{"query": "1 Samuel 28", "canonical": "1 Samuel 28", "parsed": [[9028001, 9028025]], "passage_meta": [{"canonical": "1 Samuel 28", "chapter_start": [9028001, 9028025], "chapter_end": [9028001, 9028025], "prev_verse": 9027012, "next_verse": 9029001, "prev_chapter": [9027001, 9027012], "next_chapter": [9029001, 9029011]}], "passages": ["1 Samuel 28\n\nSaul and the Medium of En-dor\n\n  [1] In those days the Philistines gathered their forces for war, to fight against Israel. And Achish said to David, \u201cUnderstand that you and your men are to go out with me in the army.\u201d [2] David said to Achish, \u201cVery well, you shall know what your servant can do.\u201d And Achish said to David, \u201cVery well, I will make you my bodyguard for life.\u201d\n\n  [3] Now Samuel had died, and all Israel had mourned for him and buried him in Ramah, his own city. And Saul had put the mediums and the necromancers out of the land. [4] The Philistines assembled and came and encamped at Shunem. And Saul gathered all Israel, and they encamped at Gilboa. [5] When Saul saw the army of the Philistines, he was afraid, and his heart trembled greatly. [6] And when Saul inquired of the LORD, the LORD did not answer him, either by dreams, or by Urim, or by prophets. [7] Then Saul said to his servants, \u201cSeek out for me a woman who is a medium, that I may go to her and inquire of her.\u201d And his servants said to him, \u201cBehold, there is a medium at En-dor.\u201d\n\n  [8] So Saul disguised himself and put on other garments and went, he and two men with him. And they came to the woman by night. And he said, \u201cDivine for me by a spirit and bring up for me whomever I shall name to you.\u201d [9] The woman said to him, \u201cSurely you know what Saul has done, how he has cut off the mediums and the necromancers from the land. Why then are you laying a trap for my life to bring about my death?\u201d [10] But Saul swore to her by the LORD, \u201cAs the LORD lives, no punishment shall come upon you for this thing.\u201d [11] Then the woman said, \u201cWhom shall I bring up for you?\u201d He said, \u201cBring up Samuel for me.\u201d [12] When the woman saw Samuel, she cried out with a loud voice. And the woman said to Saul, \u201cWhy have you deceived me? You are Saul.\u201d [13] The king said to her, \u201cDo not be afraid. What do you see?\u201d And the woman said to Saul, \u201cI see a god coming up out of the earth.\u201d [14] He said to her, \u201cWhat is his appearance?\u201d And she said, \u201cAn old man is coming up, and he is wrapped in a robe.\u201d And Saul knew that it was Samuel, and he bowed with his face to the ground and paid homage.\n\n  [15] Then Samuel said to Saul, \u201cWhy have you disturbed me by bringing me up?\u201d Saul answered, \u201cI am in great distress, for the Philistines are warring against me, and God has turned away from me and answers me no more, either by prophets or by dreams. Therefore I have summoned you to tell me what I shall do.\u201d [16] And Samuel said, \u201cWhy then do you ask me, since the LORD has turned from you and become your enemy? [17] The LORD has done to you as he spoke by me, for the LORD has torn the kingdom out of your hand and given it to your neighbor, David. [18] Because you did not obey the voice of the LORD and did not carry out his fierce wrath against Amalek, therefore the LORD has done this thing to you this day. [19] Moreover, the LORD will give Israel also with you into the hand of the Philistines, and tomorrow you and your sons shall be with me. The LORD will give the army of Israel also into the hand of the Philistines.\u201d\n\n  [20] Then Saul fell at once full length on the ground, filled with fear because of the words of Samuel. And there was no strength in him, for he had eaten nothing all day and all night. [21] And the woman came to Saul, and when she saw that he was terrified, she said to him, \u201cBehold, your servant has obeyed you. I have taken my life in my hand and have listened to what you have said to me. [22] Now therefore, you also obey your servant. Let me set a morsel of bread before you; and eat, that you may have strength when you go on your way.\u201d [23] He refused and said, \u201cI will not eat.\u201d But his servants, together with the woman, urged him, and he listened to their words. So he arose from the earth and sat on the bed. [24] Now the woman had a fattened calf in the house, and she quickly killed it, and she took flour and kneaded it and baked unleavened bread of it, [25] and she put it before Saul and his servants, and they ate. Then they rose and went away that night. (ESV)"]}