{"query": "1 Samuel 2", "canonical": "1 Samuel 2", "parsed": [[9002001, 9002036]], "passage_meta": [{"canonical": "1 Samuel 2", "chapter_start": [9002001, 9002036], "chapter_end": [9002001, 9002036], "prev_verse": 9001028, "next_verse": 9003001, "prev_chapter": [9001001, 9001028], "next_chapter": [9003001, 9003021]}], "passages": ["1 Samuel 2\n\nHannah\u2019s Prayer\n\n  [1] And Hannah prayed and said,\n\n    \u201cMy heart exults in the LORD;\n        my horn is exalted in the LORD.\n    My mouth derides my enemies,\n        because I rejoice in your salvation.\n    \n    \n    [2] \u201cThere is none holy like the LORD:\n        for there is none besides you;\n        there is no rock like our God.\n    [3] Talk no more so very proudly,\n        let not arrogance come from your mouth;\n    for the LORD is a God of knowledge,\n        and by him actions are weighed.\n    [4] The bows of the mighty are broken,\n        but the feeble bind on strength.\n    [5] Those who were full have hired themselves out for bread,\n        but those who were hungry have ceased to hunger.\n    The barren has borne seven,\n        but she who has many children is forlorn.\n    [6] The LORD kills and brings to life;\n        he brings down to Sheol and raises up.\n    [7] The LORD makes poor and makes rich;\n        he brings low and he exalts.\n    [8] He raises up the poor from the dust;\n        he lifts the needy from the ash heap\n    to make them sit with princes\n        and inherit a seat of honor.\n    For the pillars of the earth are the LORD\u2019s,\n        and on them he has set the world.\n    \n    \n    [9] \u201cHe will guard the feet of his faithful ones,\n        but the wicked shall be cut off in darkness,\n        for not by might shall a man prevail.\n    [10] The adversaries of the LORD shall be broken to pieces;\n        against them he will thunder in heaven.\n    The LORD will judge the ends of the earth;\n        he will give strength to his king\n        and exalt the horn of his anointed.\u201d\n    \n    \n      [11] Then Elkanah went home to Ramah. And the boy(1) was ministering to the LORD in the presence of Eli the priest.\n\nEli\u2019s Worthless Sons\n\n  [12] Now the sons of Eli were worthless men. They did not know the LORD. [13] The custom of the priests with the people was that when any man offered sacrifice, the priest\u2019s servant would come, while the meat was boiling, with a three-pronged fork in his hand, [14] and he would thrust it into the pan or kettle or cauldron or pot. All that the fork brought up the priest would take for himself. This is what they did at Shiloh to all the Israelites who came there. [15] Moreover, before the fat was burned, the priest\u2019s servant would come and say to the man who was sacrificing, \u201cGive meat for the priest to roast, for he will not accept boiled meat from you but only raw.\u201d [16] And if the man said to him, \u201cLet them burn the fat first, and then take as much as you wish,\u201d he would say, \u201cNo, you must give it now, and if not, I will take it by force.\u201d [17] Thus the sin of the young men was very great in the sight of the LORD, for the men treated the offering of the LORD with contempt.\n\n  [18] Samuel was ministering before the LORD, a boy clothed with a linen ephod. [19] And his mother used to make for him a little robe and take it to him each year when she went up with her husband to offer the yearly sacrifice. [20] Then Eli would bless Elkanah and his wife, and say, \u201cMay the LORD give you children by this woman for the petition she asked of the LORD.\u201d So then they would return to their home.\n\n  [21] Indeed the LORD visited Hannah, and she conceived and bore three sons and two daughters. And the boy Samuel grew in the presence of the LORD.\n\nEli Rebukes His Sons\n\n  [22] Now Eli was very old, and he kept hearing all that his sons were doing to all Israel, and how they lay with the women who were serving at the entrance to the tent of meeting. [23] And he said to them, \u201cWhy do you do such things? For I hear of your evil dealings from all these people. [24] No, my sons; it is no good report that I hear the people of the LORD spreading abroad. [25] If someone sins against a man, God will mediate for him, but if someone sins against the LORD, who can intercede for him?\u201d But they would not listen to the voice of their father, for it was the will of the LORD to put them to death.\n\n  [26] Now the boy Samuel continued to grow both in stature and in favor with the LORD and also with man.\n\nThe LORD Rejects Eli\u2019s Household\n\n  [27] And there came a man of God to Eli and said to him, \u201cThus says the LORD, \u2018Did I indeed reveal myself to the house of your father when they were in Egypt subject to the house of Pharaoh? [28] Did I choose him out of all the tribes of Israel to be my priest, to go up to my altar, to burn incense, to wear an ephod before me? I gave to the house of your father all my offerings by fire from the people of Israel. [29] Why then do you scorn(2) my sacrifices and my offerings that I commanded for my dwelling, and honor your sons above me by fattening yourselves on the choicest parts of every offering of my people Israel?\u2019 [30] Therefore the LORD, the God of Israel, declares: \u2018I promised that your house and the house of your father should go in and out before me forever,\u2019 but now the LORD declares: \u2018Far be it from me, for those who honor me I will honor, and those who despise me shall be lightly esteemed. [31] Behold, the days are coming when I will cut off your strength and the strength of your father\u2019s house, so that there will not be an old man in your house. [32] Then in distress you will look with envious eye on all the prosperity that shall be bestowed on Israel, and there shall not be an old man in your house forever. [33] The only one of you whom I shall not cut off from my altar shall be spared to weep his(3) eyes out to grieve his heart, and all the descendants(4) of your house shall die by the sword of men.(5) [34] And this that shall come upon your two sons, Hophni and Phinehas, shall be the sign to you: both of them shall die on the same day. [35] And I will raise up for myself a faithful priest, who shall do according to what is in my heart and in my mind. And I will build him a sure house, and he shall go in and out before my anointed forever. [36] And everyone who is left in your house shall come to implore him for a piece of silver or a loaf of bread and shall say, \u201cPlease put me in one of the priests\u2019 places, that I may eat a morsel of bread.\u201d\u2019\u201d\n\nFootnotes\n\n(1) 2:11 Hebrew *na\u2018ar* can be rendered *boy* (2:11, 18, 21, 26; 3:1, 8), *servant* (2:13, 15), or *young man* (2:17), depending on the context\n\n(2) 2:29 Hebrew *kick at*\n\n(3) 2:33 Septuagint; Hebrew *your*; twice in this verse\n\n(4) 2:33 Hebrew *increase*\n\n(5) 2:33 Septuagint; Hebrew *die as men*\n (ESV)"]}