{"query": "1 Samuel 13", "canonical": "1 Samuel 13", "parsed": [[9013001, 9013023]], "passage_meta": [{"canonical": "1 Samuel 13", "chapter_start": [9013001, 9013023], "chapter_end": [9013001, 9013023], "prev_verse": 9012025, "next_verse": 9014001, "prev_chapter": [9012001, 9012025], "next_chapter": [9014001, 9014052]}], "passages": ["1 Samuel 13\n\nSaul Fights the Philistines\n\n  [1] Saul lived for one year and then became king, and when he had reigned for two years over Israel,(1) [2] Saul chose three thousand men of Israel. Two thousand were with Saul in Michmash and the hill country of Bethel, and a thousand were with Jonathan in Gibeah of Benjamin. The rest of the people he sent home, every man to his tent. [3] Jonathan defeated the garrison of the Philistines that was at Geba, and the Philistines heard of it. And Saul blew the trumpet throughout all the land, saying, \u201cLet the Hebrews hear.\u201d [4] And all Israel heard it said that Saul had defeated the garrison of the Philistines, and also that Israel had become a stench to the Philistines. And the people were called out to join Saul at Gilgal.\n\n  [5] And the Philistines mustered to fight with Israel, thirty thousand chariots and six thousand horsemen and troops like the sand on the seashore in multitude. They came up and encamped in Michmash, to the east of Beth-aven. [6] When the men of Israel saw that they were in trouble (for the people were hard pressed), the people hid themselves in caves and in holes and in rocks and in tombs and in cisterns, [7] and some Hebrews crossed the fords of the Jordan to the land of Gad and Gilead. Saul was still at Gilgal, and all the people followed him trembling.\n\nSaul\u2019s Unlawful Sacrifice\n\n  [8] He waited seven days, the time appointed by Samuel. But Samuel did not come to Gilgal, and the people were scattering from him. [9] So Saul said, \u201cBring the burnt offering here to me, and the peace offerings.\u201d And he offered the burnt offering. [10] As soon as he had finished offering the burnt offering, behold, Samuel came. And Saul went out to meet him and greet him. [11] Samuel said, \u201cWhat have you done?\u201d And Saul said, \u201cWhen I saw that the people were scattering from me, and that you did not come within the days appointed, and that the Philistines had mustered at Michmash, [12] I said, \u2018Now the Philistines will come down against me at Gilgal, and I have not sought the favor of the LORD.\u2019 So I forced myself, and offered the burnt offering.\u201d [13] And Samuel said to Saul, \u201cYou have done foolishly. You have not kept the command of the LORD your God, with which he commanded you. For then the LORD would have established your kingdom over Israel forever. [14] But now your kingdom shall not continue. The LORD has sought out a man after his own heart, and the LORD has commanded him to be prince(2) over his people, because you have not kept what the LORD commanded you.\u201d [15] And Samuel arose and went up from Gilgal. The rest of the people went up after Saul to meet the army; they went up from Gilgal(3) to Gibeah of Benjamin.\n\n  And Saul numbered the people who were present with him, about six hundred men. [16] And Saul and Jonathan his son and the people who were present with them stayed in Geba of Benjamin, but the Philistines encamped in Michmash. [17] And raiders came out of the camp of the Philistines in three companies. One company turned toward Ophrah, to the land of Shual; [18] another company turned toward Beth-horon; and another company turned toward the border that looks down on the Valley of Zeboim toward the wilderness.\n\n  [19] Now there was no blacksmith to be found throughout all the land of Israel, for the Philistines said, \u201cLest the Hebrews make themselves swords or spears.\u201d [20] But every one of the Israelites went down to the Philistines to sharpen his plowshare, his mattock, his axe, or his sickle,(4) [21] and the charge was two-thirds of a shekel(5) for the plowshares and for the mattocks, and a third of a shekel(6) for sharpening the axes and for setting the goads.(7) [22] So on the day of the battle there was neither sword nor spear found in the hand of any of the people with Saul and Jonathan, but Saul and Jonathan his son had them. [23] And the garrison of the Philistines went out to the pass of Michmash.\n\nFootnotes\n\n(1) 13:1 Hebrew *Saul was one year old when he became king, and he reigned two years over Israel*; some Greek manuscripts give Saul\u2019s age when he began to reign as thirty years\n\n(2) 13:14 Or *leader*\n\n(3) 13:15 Septuagint; Hebrew lacks *The rest of the people\u00a0.\u00a0.\u00a0. from Gilgal*\n\n(4) 13:20 Septuagint; Hebrew *plowshare*\n\n(5) 13:21 Hebrew *was a pim*\n\n(6) 13:21 A *shekel* was about 2/5 ounce or 11 grams\n\n(7) 13:21 The meaning of the Hebrew verse is uncertain\n (ESV)"]}