{"query": "1 Samuel 1", "canonical": "1 Samuel 1", "parsed": [[9001001, 9001028]], "passage_meta": [{"canonical": "1 Samuel 1", "chapter_start": [9001001, 9001028], "chapter_end": [9001001, 9001028], "prev_verse": 8004022, "next_verse": 9002001, "prev_chapter": [8004001, 8004022], "next_chapter": [9002001, 9002036]}], "passages": ["1 Samuel 1\n\nThe Birth of Samuel\n\n  [1] There was a certain man of Ramathaim-zophim of the hill country of Ephraim whose name was Elkanah the son of Jeroham, son of Elihu, son of Tohu, son of Zuph, an Ephrathite. [2] He had two wives. The name of the one was Hannah, and the name of the other, Peninnah. And Peninnah had children, but Hannah had no children.\n\n  [3] Now this man used to go up year by year from his city to worship and to sacrifice to the LORD of hosts at Shiloh, where the two sons of Eli, Hophni and Phinehas, were priests of the LORD. [4] On the day when Elkanah sacrificed, he would give portions to Peninnah his wife and to all her sons and daughters. [5] But to Hannah he gave a double portion, because he loved her, though the LORD had closed her womb.(1) [6] And her rival used to provoke her grievously to irritate her, because the LORD had closed her womb. [7] So it went on year by year. As often as she went up to the house of the LORD, she used to provoke her. Therefore Hannah wept and would not eat. [8] And Elkanah, her husband, said to her, \u201cHannah, why do you weep? And why do you not eat? And why is your heart sad? Am I not more to you than ten sons?\u201d\n\n  [9] After they had eaten and drunk in Shiloh, Hannah rose. Now Eli the priest was sitting on the seat beside the doorpost of the temple of the LORD. [10] She was deeply distressed and prayed to the LORD and wept bitterly. [11] And she vowed a vow and said, \u201cO LORD of hosts, if you will indeed look on the affliction of your servant and remember me and not forget your servant, but will give to your servant a son, then I will give him to the LORD all the days of his life, and no razor shall touch his head.\u201d\n\n  [12] As she continued praying before the LORD, Eli observed her mouth. [13] Hannah was speaking in her heart; only her lips moved, and her voice was not heard. Therefore Eli took her to be a drunken woman. [14] And Eli said to her, \u201cHow long will you go on being drunk? Put your wine away from you.\u201d [15] But Hannah answered, \u201cNo, my lord, I am a woman troubled in spirit. I have drunk neither wine nor strong drink, but I have been pouring out my soul before the LORD. [16] Do not regard your servant as a worthless woman, for all along I have been speaking out of my great anxiety and vexation.\u201d [17] Then Eli answered, \u201cGo in peace, and the God of Israel grant your petition that you have made to him.\u201d [18] And she said, \u201cLet your servant find favor in your eyes.\u201d Then the woman went her way and ate, and her face was no longer sad.\n\n  [19] They rose early in the morning and worshiped before the LORD; then they went back to their house at Ramah. And Elkanah knew Hannah his wife, and the LORD remembered her. [20] And in due time Hannah conceived and bore a son, and she called his name Samuel, for she said, \u201cI have asked for him from the LORD.\u201d(2)\n\nSamuel Given to the LORD\n\n  [21] The man Elkanah and all his house went up to offer to the LORD the yearly sacrifice and to pay his vow. [22] But Hannah did not go up, for she said to her husband, \u201cAs soon as the child is weaned, I will bring him, so that he may appear in the presence of the LORD and dwell there forever.\u201d [23] Elkanah her husband said to her, \u201cDo what seems best to you; wait until you have weaned him; only, may the LORD establish his word.\u201d So the woman remained and nursed her son until she weaned him. [24] And when she had weaned him, she took him up with her, along with a three-year-old bull,(3) an ephah(4) of flour, and a skin of wine, and she brought him to the house of the LORD at Shiloh. And the child was young. [25] Then they slaughtered the bull, and they brought the child to Eli. [26] And she said, \u201cOh, my lord! As you live, my lord, I am the woman who was standing here in your presence, praying to the LORD. [27] For this child I prayed, and the LORD has granted me my petition that I made to him. [28] Therefore I have lent him to the LORD. As long as he lives, he is lent to the LORD.\u201d\n\n  And he worshiped the LORD there.\n\nFootnotes\n\n(1) 1:5 Syriac; the meaning of the Hebrew is uncertain. Septuagint *And, although he loved Hannah, he would give Hannah only one portion, because the Lord had closed her womb*\n\n(2) 1:20 *Samuel* sounds like the Hebrew for *heard of God*\n\n(3) 1:24 Dead Sea Scroll, Septuagint, Syriac; Masoretic Text *three bulls*\n\n(4) 1:24 An *ephah* was about 3/5 bushel or 22 liters\n (ESV)"]}