{"query": "1 Samuel 12", "canonical": "1 Samuel 12", "parsed": [[9012001, 9012025]], "passage_meta": [{"canonical": "1 Samuel 12", "chapter_start": [9012001, 9012025], "chapter_end": [9012001, 9012025], "prev_verse": 9011015, "next_verse": 9013001, "prev_chapter": [9011001, 9011015], "next_chapter": [9013001, 9013023]}], "passages": ["1 Samuel 12\n\nSamuel\u2019s Farewell Address\n\n  [1] And Samuel said to all Israel, \u201cBehold, I have obeyed your voice in all that you have said to me and have made a king over you. [2] And now, behold, the king walks before you, and I am old and gray; and behold, my sons are with you. I have walked before you from my youth until this day. [3] Here I am; testify against me before the LORD and before his anointed. Whose ox have I taken? Or whose donkey have I taken? Or whom have I defrauded? Whom have I oppressed? Or from whose hand have I taken a bribe to blind my eyes with it? Testify against me(1) and I will restore it to you.\u201d [4] They said, \u201cYou have not defrauded us or oppressed us or taken anything from any man\u2019s hand.\u201d [5] And he said to them, \u201cThe LORD is witness against you, and his anointed is witness this day, that you have not found anything in my hand.\u201d And they said, \u201cHe is witness.\u201d\n\n  [6] And Samuel said to the people, \u201cThe LORD is witness,(2) who appointed Moses and Aaron and brought your fathers up out of the land of Egypt. [7] Now therefore stand still that I may plead with you before the LORD concerning all the righteous deeds of the LORD that he performed for you and for your fathers. [8] When Jacob went into Egypt, and the Egyptians oppressed them,(3) then your fathers cried out to the LORD and the LORD sent Moses and Aaron, who brought your fathers out of Egypt and made them dwell in this place. [9] But they forgot the LORD their God. And he sold them into the hand of Sisera, commander of the army of Hazor,(4) and into the hand of the Philistines, and into the hand of the king of Moab. And they fought against them. [10] And they cried out to the LORD and said, \u2018We have sinned, because we have forsaken the LORD and have served the Baals and the Ashtaroth. But now deliver us out of the hand of our enemies, that we may serve you.\u2019 [11] And the LORD sent Jerubbaal and Barak(5) and Jephthah and Samuel and delivered you out of the hand of your enemies on every side, and you lived in safety. [12] And when you saw that Nahash the king of the Ammonites came against you, you said to me, \u2018No, but a king shall reign over us,\u2019 when the LORD your God was your king. [13] And now behold the king whom you have chosen, for whom you have asked; behold, the LORD has set a king over you. [14] If you will fear the LORD and serve him and obey his voice and not rebel against the commandment of the LORD, and if both you and the king who reigns over you will follow the LORD your God, it will be well. [15] But if you will not obey the voice of the LORD, but rebel against the commandment of the LORD, then the hand of the LORD will be against you and your king.(6) [16] Now therefore stand still and see this great thing that the LORD will do before your eyes. [17] Is it not wheat harvest today? I will call upon the LORD, that he may send thunder and rain. And you shall know and see that your wickedness is great, which you have done in the sight of the LORD, in asking for yourselves a king.\u201d [18] So Samuel called upon the LORD, and the LORD sent thunder and rain that day, and all the people greatly feared the LORD and Samuel.\n\n  [19] And all the people said to Samuel, \u201cPray for your servants to the LORD your God, that we may not die, for we have added to all our sins this evil, to ask for ourselves a king.\u201d [20] And Samuel said to the people, \u201cDo not be afraid; you have done all this evil. Yet do not turn aside from following the LORD, but serve the LORD with all your heart. [21] And do not turn aside after empty things that cannot profit or deliver, for they are empty. [22] For the LORD will not forsake his people, for his great name\u2019s sake, because it has pleased the LORD to make you a people for himself. [23] Moreover, as for me, far be it from me that I should sin against the LORD by ceasing to pray for you, and I will instruct you in the good and the right way. [24] Only fear the LORD and serve him faithfully with all your heart. For consider what great things he has done for you. [25] But if you still do wickedly, you shall be swept away, both you and your king.\u201d\n\nFootnotes\n\n(1) 12:3 Septuagint; Hebrew lacks *Testify against me*\n\n(2) 12:6 Septuagint; Hebrew lacks *is witness*\n\n(3) 12:8 Septuagint; Hebrew lacks *and the Egyptians oppressed them*\n\n(4) 12:9 Septuagint *the army of Jabin king of Hazor*\n\n(5) 12:11 Septuagint, Syriac; Hebrew *Bedan*\n\n(6) 12:15 Septuagint; Hebrew *fathers*\n (ESV)"]}