{"query": "1 Samuel 22", "canonical": "1 Samuel 22", "parsed": [[9022001, 9022023]], "passage_meta": [{"canonical": "1 Samuel 22", "chapter_start": [9022001, 9022023], "chapter_end": [9022001, 9022023], "prev_verse": 9021015, "next_verse": 9023001, "prev_chapter": [9021001, 9021015], "next_chapter": [9023001, 9023029]}], "passages": ["1 Samuel 22\n\nDavid at the Cave of Adullam\n\n  [1] David departed from there and escaped to the cave of Adullam. And when his brothers and all his father\u2019s house heard it, they went down there to him. [2] And everyone who was in distress, and everyone who was in debt, and everyone who was bitter in soul,(1) gathered to him. And he became commander over them. And there were with him about four hundred men.\n\n  [3] And David went from there to Mizpeh of Moab. And he said to the king of Moab, \u201cPlease let my father and my mother stay(2) with you, till I know what God will do for me.\u201d [4] And he left them with the king of Moab, and they stayed with him all the time that David was in the stronghold. [5] Then the prophet Gad said to David, \u201cDo not remain in the stronghold; depart, and go into the land of Judah.\u201d So David departed and went into the forest of Hereth.\n\nSaul Kills the Priests at Nob\n\n  [6] Now Saul heard that David was discovered, and the men who were with him. Saul was sitting at Gibeah under the tamarisk tree on the height with his spear in his hand, and all his servants were standing about him. [7] And Saul said to his servants who stood about him, \u201cHear now, people of Benjamin; will the son of Jesse give every one of you fields and vineyards, will he make you all commanders of thousands and commanders of hundreds, [8] that all of you have conspired against me? No one discloses to me when my son makes a covenant with the son of Jesse. None of you is sorry for me or discloses to me that my son has stirred up my servant against me, to lie in wait, as at this day.\u201d [9] Then answered Doeg the Edomite, who stood by the servants of Saul, \u201cI saw the son of Jesse coming to Nob, to Ahimelech the son of Ahitub, [10] and he inquired of the LORD for him and gave him provisions and gave him the sword of Goliath the Philistine.\u201d\n\n  [11] Then the king sent to summon Ahimelech the priest, the son of Ahitub, and all his father\u2019s house, the priests who were at Nob, and all of them came to the king. [12] And Saul said, \u201cHear now, son of Ahitub.\u201d And he answered, \u201cHere I am, my lord.\u201d [13] And Saul said to him, \u201cWhy have you conspired against me, you and the son of Jesse, in that you have given him bread and a sword and have inquired of God for him, so that he has risen against me, to lie in wait, as at this day?\u201d [14] Then Ahimelech answered the king, \u201cAnd who among all your servants is so faithful as David, who is the king\u2019s son-in-law, and captain over(3) your bodyguard, and honored in your house? [15] Is today the first time that I have inquired of God for him? No! Let not the king impute anything to his servant or to all the house of my father, for your servant has known nothing of all this, much or little.\u201d [16] And the king said, \u201cYou shall surely die, Ahimelech, you and all your father\u2019s house.\u201d [17] And the king said to the guard who stood about him, \u201cTurn and kill the priests of the LORD, because their hand also is with David, and they knew that he fled and did not disclose it to me.\u201d But the servants of the king would not put out their hand to strike the priests of the LORD. [18] Then the king said to Doeg, \u201cYou turn and strike the priests.\u201d And Doeg the Edomite turned and struck down the priests, and he killed on that day eighty-five persons who wore the linen ephod. [19] And Nob, the city of the priests, he put to the sword; both man and woman, child and infant, ox, donkey and sheep, he put to the sword.\n\n  [20] But one of the sons of Ahimelech the son of Ahitub, named Abiathar, escaped and fled after David. [21] And Abiathar told David that Saul had killed the priests of the LORD. [22] And David said to Abiathar, \u201cI knew on that day, when Doeg the Edomite was there, that he would surely tell Saul. I have occasioned the death of all the persons of your father\u2019s house. [23] Stay with me; do not be afraid, for he who seeks my life seeks your life. With me you shall be in safekeeping.\u201d\n\nFootnotes\n\n(1) 22:2 Or *discontented*\n\n(2) 22:3 Syriac, Vulgate; Hebrew *go out*\n\n(3) 22:14 Septuagint, Targum; Hebrew *and has turned aside to*\n (ESV)"]}