{"query": "1 Samuel 20", "canonical": "1 Samuel 20", "parsed": [[9020001, 9020042]], "passage_meta": [{"canonical": "1 Samuel 20", "chapter_start": [9020001, 9020042], "chapter_end": [9020001, 9020042], "prev_verse": 9019024, "next_verse": 9021001, "prev_chapter": [9019001, 9019024], "next_chapter": [9021001, 9021015]}], "passages": ["1 Samuel 20\n\nJonathan Warns David\n\n  [1] Then David fled from Naioth in Ramah and came and said before Jonathan, \u201cWhat have I done? What is my guilt? And what is my sin before your father, that he seeks my life?\u201d [2] And he said to him, \u201cFar from it! You shall not die. Behold, my father does nothing either great or small without disclosing it to me. And why should my father hide this from me? It is not so.\u201d [3] But David vowed again, saying, \u201cYour father knows well that I have found favor in your eyes, and he thinks, \u2018Do not let Jonathan know this, lest he be grieved.\u2019 But truly, as the LORD lives and as your soul lives, there is but a step between me and death.\u201d [4] Then Jonathan said to David, \u201cWhatever you say, I will do for you.\u201d [5] David said to Jonathan, \u201cBehold, tomorrow is the new moon, and I should not fail to sit at table with the king. But let me go, that I may hide myself in the field till the third day at evening. [6] If your father misses me at all, then say, \u2018David earnestly asked leave of me to run to Bethlehem his city, for there is a yearly sacrifice there for all the clan.\u2019 [7] If he says, \u2018Good!\u2019 it will be well with your servant, but if he is angry, then know that harm is determined by him. [8] Therefore deal kindly with your servant, for you have brought your servant into a covenant of the LORD with you. But if there is guilt in me, kill me yourself, for why should you bring me to your father?\u201d [9] And Jonathan said, \u201cFar be it from you! If I knew that it was determined by my father that harm should come to you, would I not tell you?\u201d [10] Then David said to Jonathan, \u201cWho will tell me if your father answers you roughly?\u201d [11] And Jonathan said to David, \u201cCome, let us go out into the field.\u201d So they both went out into the field.\n\n  [12] And Jonathan said to David, \u201cThe LORD, the God of Israel, be witness!(1) When I have sounded out my father, about this time tomorrow, or the third day, behold, if he is well disposed toward David, shall I not then send and disclose it to you? [13] But should it please my father to do you harm, the LORD do so to Jonathan and more also if I do not disclose it to you and send you away, that you may go in safety. May the LORD be with you, as he has been with my father. [14] If I am still alive, show me the steadfast love of the LORD, that I may not die; [15] and do not cut off(2) your steadfast love from my house forever, when the LORD cuts off every one of the enemies of David from the face of the earth.\u201d [16] And Jonathan made a covenant with the house of David, saying, \u201cMay(3) the LORD take vengeance on David\u2019s enemies.\u201d [17] And Jonathan made David swear again by his love for him, for he loved him as he loved his own soul.\n\n  [18] Then Jonathan said to him, \u201cTomorrow is the new moon, and you will be missed, because your seat will be empty. [19] On the third day go down quickly to the place where you hid yourself when the matter was in hand, and remain beside the stone heap.(4) [20] And I will shoot three arrows to the side of it, as though I shot at a mark. [21] And behold, I will send the boy, saying, \u2018Go, find the arrows.\u2019 If I say to the boy, \u2018Look, the arrows are on this side of you, take them,\u2019 then you are to come, for, as the LORD lives, it is safe for you and there is no danger. [22] But if I say to the youth, \u2018Look, the arrows are beyond you,\u2019 then go, for the LORD has sent you away. [23] And as for the matter of which you and I have spoken, behold, the LORD is between you and me forever.\u201d\n\n  [24] So David hid himself in the field. And when the new moon came, the king sat down to eat food. [25] The king sat on his seat, as at other times, on the seat by the wall. Jonathan sat opposite,(5) and Abner sat by Saul\u2019s side, but David\u2019s place was empty.\n\n  [26] Yet Saul did not say anything that day, for he thought, \u201cSomething has happened to him. He is not clean; surely he is not clean.\u201d [27] But on the second day, the day after the new moon, David\u2019s place was empty. And Saul said to Jonathan his son, \u201cWhy has not the son of Jesse come to the meal, either yesterday or today?\u201d [28] Jonathan answered Saul, \u201cDavid earnestly asked leave of me to go to Bethlehem. [29] He said, \u2018Let me go, for our clan holds a sacrifice in the city, and my brother has commanded me to be there. So now, if I have found favor in your eyes, let me get away and see my brothers.\u2019 For this reason he has not come to the king\u2019s table.\u201d\n\n  [30] Then Saul\u2019s anger was kindled against Jonathan, and he said to him, \u201cYou son of a perverse, rebellious woman, do I not know that you have chosen the son of Jesse to your own shame, and to the shame of your mother\u2019s nakedness? [31] For as long as the son of Jesse lives on the earth, neither you nor your kingdom shall be established. Therefore send and bring him to me, for he shall surely die.\u201d [32] Then Jonathan answered Saul his father, \u201cWhy should he be put to death? What has he done?\u201d [33] But Saul hurled his spear at him to strike him. So Jonathan knew that his father was determined to put David to death. [34] And Jonathan rose from the table in fierce anger and ate no food the second day of the month, for he was grieved for David, because his father had disgraced him.\n\n  [35] In the morning Jonathan went out into the field to the appointment with David, and with him a little boy. [36] And he said to his boy, \u201cRun and find the arrows that I shoot.\u201d As the boy ran, he shot an arrow beyond him. [37] And when the boy came to the place of the arrow that Jonathan had shot, Jonathan called after the boy and said, \u201cIs not the arrow beyond you?\u201d [38] And Jonathan called after the boy, \u201cHurry! Be quick! Do not stay!\u201d So Jonathan\u2019s boy gathered up the arrows and came to his master. [39] But the boy knew nothing. Only Jonathan and David knew the matter. [40] And Jonathan gave his weapons to his boy and said to him, \u201cGo and carry them to the city.\u201d [41] And as soon as the boy had gone, David rose from beside the stone heap(6) and fell on his face to the ground and bowed three times. And they kissed one another and wept with one another, David weeping the most. [42] Then Jonathan said to David, \u201cGo in peace, because we have sworn both of us in the name of the LORD, saying, \u2018The LORD shall be between me and you, and between my offspring and your offspring, forever.\u2019\u201d And he rose and departed, and Jonathan went into the city.(7)\n\nFootnotes\n\n(1) 20:12 Hebrew lacks *be witness*\n\n(2) 20:15 Or *but if I die, do not cut off*\n\n(3) 20:16 Septuagint *earth, [16] let not the name of Jonathan be cut off from the house of David. And may*\n\n(4) 20:19 Septuagint; Hebrew *the stone Ezel*\n\n(5) 20:25 Compare Septuagint; Hebrew *stood up*\n\n(6) 20:41 Septuagint; Hebrew *from beside the south*\n\n(7) 20:42 This sentence is 21:1 in Hebrew\n (ESV)"]}