{"query": "1 Samuel 9", "canonical": "1 Samuel 9", "parsed": [[9009001, 9009027]], "passage_meta": [{"canonical": "1 Samuel 9", "chapter_start": [9009001, 9009027], "chapter_end": [9009001, 9009027], "prev_verse": 9008022, "next_verse": 9010001, "prev_chapter": [9008001, 9008022], "next_chapter": [9010001, 9010027]}], "passages": ["1 Samuel 9\n\nSaul Chosen to Be King\n\n  [1] There was a man of Benjamin whose name was Kish, the son of Abiel, son of Zeror, son of Becorath, son of Aphiah, a Benjaminite, a man of wealth. [2] And he had a son whose name was Saul, a handsome young man. There was not a man among the people of Israel more handsome than he. From his shoulders upward he was taller than any of the people.\n\n  [3] Now the donkeys of Kish, Saul\u2019s father, were lost. So Kish said to Saul his son, \u201cTake one of the young men with you, and arise, go and look for the donkeys.\u201d [4] And he passed through the hill country of Ephraim and passed through the land of Shalishah, but they did not find them. And they passed through the land of Shaalim, but they were not there. Then they passed through the land of Benjamin, but did not find them.\n\n  [5] When they came to the land of Zuph, Saul said to his servant(1) who was with him, \u201cCome, let us go back, lest my father cease to care about the donkeys and become anxious about us.\u201d [6] But he said to him, \u201cBehold, there is a man of God in this city, and he is a man who is held in honor; all that he says comes true. So now let us go there. Perhaps he can tell us the way we should go.\u201d [7] Then Saul said to his servant, \u201cBut if we go, what can we bring the man? For the bread in our sacks is gone, and there is no present to bring to the man of God. What do we have?\u201d [8] The servant answered Saul again, \u201cHere, I have with me a quarter of a shekel(2) of silver, and I will give it to the man of God to tell us our way.\u201d [9] (Formerly in Israel, when a man went to inquire of God, he said, \u201cCome, let us go to the seer,\u201d for today\u2019s \u201cprophet\u201d was formerly called a seer.) [10] And Saul said to his servant, \u201cWell said; come, let us go.\u201d So they went to the city where the man of God was.\n\n  [11] As they went up the hill to the city, they met young women coming out to draw water and said to them, \u201cIs the seer here?\u201d [12] They answered, \u201cHe is; behold, he is just ahead of you. Hurry. He has come just now to the city, because the people have a sacrifice today on the high place. [13] As soon as you enter the city you will find him, before he goes up to the high place to eat. For the people will not eat till he comes, since he must bless the sacrifice; afterward those who are invited will eat. Now go up, for you will meet him immediately.\u201d [14] So they went up to the city. As they were entering the city, they saw Samuel coming out toward them on his way up to the high place.\n\n  [15] Now the day before Saul came, the LORD had revealed to Samuel: [16] \u201cTomorrow about this time I will send to you a man from the land of Benjamin, and you shall anoint him to be prince(3) over my people Israel. He shall save my people from the hand of the Philistines. For I have seen(4) my people, because their cry has come to me.\u201d [17] When Samuel saw Saul, the LORD told him, \u201cHere is the man of whom I spoke to you! He it is who shall restrain my people.\u201d [18] Then Saul approached Samuel in the gate and said, \u201cTell me where is the house of the seer?\u201d [19] Samuel answered Saul, \u201cI am the seer. Go up before me to the high place, for today you shall eat with me, and in the morning I will let you go and will tell you all that is on your mind. [20] As for your donkeys that were lost three days ago, do not set your mind on them, for they have been found. And for whom is all that is desirable in Israel? Is it not for you and for all your father\u2019s house?\u201d [21] Saul answered, \u201cAm I not a Benjaminite, from the least of the tribes of Israel? And is not my clan the humblest of all the clans of the tribe of Benjamin? Why then have you spoken to me in this way?\u201d\n\n  [22] Then Samuel took Saul and his young man and brought them into the hall and gave them a place at the head of those who had been invited, who were about thirty persons. [23] And Samuel said to the cook, \u201cBring the portion I gave you, of which I said to you, \u2018Put it aside.\u2019\u201d [24] So the cook took up the leg and what was on it and set them before Saul. And Samuel said, \u201cSee, what was kept is set before you. Eat, because it was kept for you until the hour appointed, that you might eat with the guests.\u201d(5)\n\n  So Saul ate with Samuel that day. [25] And when they came down from the high place into the city, a bed was spread for Saul on the roof, and he lay down to sleep.(6) [26] Then at the break of dawn(7) Samuel called to Saul on the roof, \u201cUp, that I may send you on your way.\u201d So Saul arose, and both he and Samuel went out into the street.\n\n  [27] As they were going down to the outskirts of the city, Samuel said to Saul, \u201cTell the servant to pass on before us, and when he has passed on, stop here yourself for a while, that I may make known to you the word of God.\u201d\n\nFootnotes\n\n(1) 9:5 Hebrew *young man*; also verses 7, 8, 10, 27\n\n(2) 9:8 A *shekel* was about 2/5 ounce or 11 grams\n\n(3) 9:16 Or *leader*\n\n(4) 9:16 Septuagint adds *the affliction of*\n\n(5) 9:24 Hebrew *appointed, saying, \u2018I have invited the people\u2019*\n\n(6) 9:25 Septuagint; Hebrew *city, he spoke with Saul on the roof*\n\n(7) 9:26 Septuagint; Hebrew *And they arose early, and at the break of dawn*\n (ESV)"]}