{"query": "1 Samuel 18", "canonical": "1 Samuel 18", "parsed": [[9018001, 9018030]], "passage_meta": [{"canonical": "1 Samuel 18", "chapter_start": [9018001, 9018030], "chapter_end": [9018001, 9018030], "prev_verse": 9017058, "next_verse": 9019001, "prev_chapter": [9017001, 9017058], "next_chapter": [9019001, 9019024]}], "passages": ["1 Samuel 18\n\nDavid and Jonathan\u2019s Friendship\n\n  [1] As soon as he had finished speaking to Saul, the soul of Jonathan was knit to the soul of David, and Jonathan loved him as his own soul. [2] And Saul took him that day and would not let him return to his father\u2019s house. [3] Then Jonathan made a covenant with David, because he loved him as his own soul. [4] And Jonathan stripped himself of the robe that was on him and gave it to David, and his armor, and even his sword and his bow and his belt. [5] And David went out and was successful wherever Saul sent him, so that Saul set him over the men of war. And this was good in the sight of all the people and also in the sight of Saul\u2019s servants.\n\nSaul\u2019s Jealousy of David\n\n  [6] As they were coming home, when David returned from striking down the Philistine, the women came out of all the cities of Israel, singing and dancing, to meet King Saul, with tambourines, with songs of joy, and with musical instruments.(1) [7] And the women sang to one another as they celebrated,\n\n    \u201cSaul has struck down his thousands,\n        and David his ten thousands.\u201d\n    \n    \n      [8] And Saul was very angry, and this saying displeased him. He said, \u201cThey have ascribed to David ten thousands, and to me they have ascribed thousands, and what more can he have but the kingdom?\u201d [9] And Saul eyed David from that day on.\n\n  [10] The next day a harmful spirit from God rushed upon Saul, and he raved within his house while David was playing the lyre, as he did day by day. Saul had his spear in his hand. [11] And Saul hurled the spear, for he thought, \u201cI will pin David to the wall.\u201d But David evaded him twice.\n\n  [12] Saul was afraid of David because the LORD was with him but had departed from Saul. [13] So Saul removed him from his presence and made him a commander of a thousand. And he went out and came in before the people. [14] And David had success in all his undertakings, for the LORD was with him. [15] And when Saul saw that he had great success, he stood in fearful awe of him. [16] But all Israel and Judah loved David, for he went out and came in before them.\n\nDavid Marries Michal\n\n  [17] Then Saul said to David, \u201cHere is my elder daughter Merab. I will give her to you for a wife. Only be valiant for me and fight the LORD\u2019s battles.\u201d For Saul thought, \u201cLet not my hand be against him, but let the hand of the Philistines be against him.\u201d [18] And David said to Saul, \u201cWho am I, and who are my relatives, my father\u2019s clan in Israel, that I should be son-in-law to the king?\u201d [19] But at the time when Merab, Saul\u2019s daughter, should have been given to David, she was given to Adriel the Meholathite for a wife.\n\n  [20] Now Saul\u2019s daughter Michal loved David. And they told Saul, and the thing pleased him. [21] Saul thought, \u201cLet me give her to him, that she may be a snare for him and that the hand of the Philistines may be against him.\u201d Therefore Saul said to David a second time,(2) \u201cYou shall now be my son-in-law.\u201d [22] And Saul commanded his servants, \u201cSpeak to David in private and say, \u2018Behold, the king has delight in you, and all his servants love you. Now then become the king\u2019s son-in-law.\u2019\u201d [23] And Saul\u2019s servants spoke those words in the ears of David. And David said, \u201cDoes it seem to you a little thing to become the king\u2019s son-in-law, since I am a poor man and have no reputation?\u201d [24] And the servants of Saul told him, \u201cThus and so did David speak.\u201d [25] Then Saul said, \u201cThus shall you say to David, \u2018The king desires no bride-price except a hundred foreskins of the Philistines, that he may be avenged of the king\u2019s enemies.\u2019\u201d Now Saul thought to make David fall by the hand of the Philistines. [26] And when his servants told David these words, it pleased David well to be the king\u2019s son-in-law. Before the time had expired, [27] David arose and went, along with his men, and killed two hundred of the Philistines. And David brought their foreskins, which were given in full number to the king, that he might become the king\u2019s son-in-law. And Saul gave him his daughter Michal for a wife. [28] But when Saul saw and knew that the LORD was with David, and that Michal, Saul\u2019s daughter, loved him, [29] Saul was even more afraid of David. So Saul was David\u2019s enemy continually.\n\n  [30] Then the commanders of the Philistines came out to battle, and as often as they came out David had more success than all the servants of Saul, so that his name was highly esteemed.\n\nFootnotes\n\n(1) 18:6 Or *triangles*, or *three-stringed instruments*\n\n(2) 18:21 Hebrew *by two*\n (ESV)"]}