{"query": "2 Kings 1", "canonical": "2 Kings 1", "parsed": [[12001001, 12001018]], "passage_meta": [{"canonical": "2 Kings 1", "chapter_start": [12001001, 12001018], "chapter_end": [12001001, 12001018], "prev_verse": 11022053, "next_verse": 12002001, "prev_chapter": [11022001, 11022053], "next_chapter": [12002001, 12002025]}], "passages": ["2 Kings 1\n\nElijah Denounces Ahaziah\n\n  [1] After the death of Ahab, Moab rebelled against Israel.\n\n  [2] Now Ahaziah fell through the lattice in his upper chamber in Samaria, and lay sick; so he sent messengers, telling them, \u201cGo, inquire of Baal-zebub, the god of Ekron, whether I shall recover from this sickness.\u201d [3] But the angel of the LORD said to Elijah the Tishbite, \u201cArise, go up to meet the messengers of the king of Samaria, and say to them, \u2018Is it because there is no God in Israel that you are going to inquire of Baal-zebub, the god of Ekron? [4] Now therefore thus says the LORD, You shall not come down from the bed to which you have gone up, but you shall surely die.\u2019\u201d So Elijah went.\n\n  [5] The messengers returned to the king, and he said to them, \u201cWhy have you returned?\u201d [6] And they said to him, \u201cThere came a man to meet us, and said to us, \u2018Go back to the king who sent you, and say to him, Thus says the LORD, Is it because there is no God in Israel that you are sending to inquire of Baal-zebub, the god of Ekron? Therefore you shall not come down from the bed to which you have gone up, but you shall surely die.\u2019\u201d [7] He said to them, \u201cWhat kind of man was he who came to meet you and told you these things?\u201d [8] They answered him, \u201cHe wore a garment of hair, with a belt of leather about his waist.\u201d And he said, \u201cIt is Elijah the Tishbite.\u201d\n\n  [9] Then the king sent to him a captain of fifty men with his fifty. He went up to Elijah, who was sitting on the top of a hill, and said to him, \u201cO man of God, the king says, \u2018Come down.\u2019\u201d [10] But Elijah answered the captain of fifty, \u201cIf I am a man of God, let fire come down from heaven and consume you and your fifty.\u201d Then fire came down from heaven and consumed him and his fifty.\n\n  [11] Again the king sent to him another captain of fifty men with his fifty. And he answered and said to him, \u201cO man of God, this is the king\u2019s order, \u2018Come down quickly!\u2019\u201d [12] But Elijah answered them, \u201cIf I am a man of God, let fire come down from heaven and consume you and your fifty.\u201d Then the fire of God came down from heaven and consumed him and his fifty.\n\n  [13] Again the king sent the captain of a third fifty with his fifty. And the third captain of fifty went up and came and fell on his knees before Elijah and entreated him, \u201cO man of God, please let my life, and the life of these fifty servants of yours, be precious in your sight. [14] Behold, fire came down from heaven and consumed the two former captains of fifty men with their fifties, but now let my life be precious in your sight.\u201d [15] Then the angel of the LORD said to Elijah, \u201cGo down with him; do not be afraid of him.\u201d So he arose and went down with him to the king [16] and said to him, \u201cThus says the LORD, \u2018Because you have sent messengers to inquire of Baal-zebub, the god of Ekron\u2014is it because there is no God in Israel to inquire of his word?\u2014therefore you shall not come down from the bed to which you have gone up, but you shall surely die.\u2019\u201d\n\n  [17] So he died according to the word of the LORD that Elijah had spoken. Jehoram became king in his place in the second year of Jehoram the son of Jehoshaphat, king of Judah, because Ahaziah had no son. [18] Now the rest of the acts of Ahaziah that he did, are they not written in the Book of the Chronicles of the Kings of Israel? (ESV)"]}