{"query": "2 Kings 2", "canonical": "2 Kings 2", "parsed": [[12002001, 12002025]], "passage_meta": [{"canonical": "2 Kings 2", "chapter_start": [12002001, 12002025], "chapter_end": [12002001, 12002025], "prev_verse": 12001018, "next_verse": 12003001, "prev_chapter": [12001001, 12001018], "next_chapter": [12003001, 12003027]}], "passages": ["2 Kings 2\n\nElijah Taken to Heaven\n\n  [1] Now when the LORD was about to take Elijah up to heaven by a whirlwind, Elijah and Elisha were on their way from Gilgal. [2] And Elijah said to Elisha, \u201cPlease stay here, for the LORD has sent me as far as Bethel.\u201d But Elisha said, \u201cAs the LORD lives, and as you yourself live, I will not leave you.\u201d So they went down to Bethel. [3] And the sons of the prophets who were in Bethel came out to Elisha and said to him, \u201cDo you know that today the LORD will take away your master from over you?\u201d And he said, \u201cYes, I know it; keep quiet.\u201d\n\n  [4] Elijah said to him, \u201cElisha, please stay here, for the LORD has sent me to Jericho.\u201d But he said, \u201cAs the LORD lives, and as you yourself live, I will not leave you.\u201d So they came to Jericho. [5] The sons of the prophets who were at Jericho drew near to Elisha and said to him, \u201cDo you know that today the LORD will take away your master from over you?\u201d And he answered, \u201cYes, I know it; keep quiet.\u201d\n\n  [6] Then Elijah said to him, \u201cPlease stay here, for the LORD has sent me to the Jordan.\u201d But he said, \u201cAs the LORD lives, and as you yourself live, I will not leave you.\u201d So the two of them went on. [7] Fifty men of the sons of the prophets also went and stood at some distance from them, as they both were standing by the Jordan. [8] Then Elijah took his cloak and rolled it up and struck the water, and the water was parted to the one side and to the other, till the two of them could go over on dry ground.\n\n  [9] When they had crossed, Elijah said to Elisha, \u201cAsk what I shall do for you, before I am taken from you.\u201d And Elisha said, \u201cPlease let there be a double portion of your spirit on me.\u201d [10] And he said, \u201cYou have asked a hard thing; yet, if you see me as I am being taken from you, it shall be so for you, but if you do not see me, it shall not be so.\u201d [11] And as they still went on and talked, behold, chariots of fire and horses of fire separated the two of them. And Elijah went up by a whirlwind into heaven. [12] And Elisha saw it and he cried, \u201cMy father, my father! The chariots of Israel and its horsemen!\u201d And he saw him no more.\n\n  Then he took hold of his own clothes and tore them in two pieces. [13] And he took up the cloak of Elijah that had fallen from him and went back and stood on the bank of the Jordan. [14] Then he took the cloak of Elijah that had fallen from him and struck the water, saying, \u201cWhere is the LORD, the God of Elijah?\u201d And when he had struck the water, the water was parted to the one side and to the other, and Elisha went over.\n\nElisha Succeeds Elijah\n\n  [15] Now when the sons of the prophets who were at Jericho saw him opposite them, they said, \u201cThe spirit of Elijah rests on Elisha.\u201d And they came to meet him and bowed to the ground before him. [16] And they said to him, \u201cBehold now, there are with your servants fifty strong men. Please let them go and seek your master. It may be that the Spirit of the LORD has caught him up and cast him upon some mountain or into some valley.\u201d And he said, \u201cYou shall not send.\u201d [17] But when they urged him till he was ashamed, he said, \u201cSend.\u201d They sent therefore fifty men. And for three days they sought him but did not find him. [18] And they came back to him while he was staying at Jericho, and he said to them, \u201cDid I not say to you, \u2018Do not go\u2019?\u201d\n\n  [19] Now the men of the city said to Elisha, \u201cBehold, the situation of this city is pleasant, as my lord sees, but the water is bad, and the land is unfruitful.\u201d [20] He said, \u201cBring me a new bowl, and put salt in it.\u201d So they brought it to him. [21] Then he went to the spring of water and threw salt in it and said, \u201cThus says the LORD, I have healed this water; from now on neither death nor miscarriage shall come from it.\u201d [22] So the water has been healed to this day, according to the word that Elisha spoke.\n\n  [23] He went up from there to Bethel, and while he was going up on the way, some small boys came out of the city and jeered at him, saying, \u201cGo up, you baldhead! Go up, you baldhead!\u201d [24] And he turned around, and when he saw them, he cursed them in the name of the LORD. And two she-bears came out of the woods and tore forty-two of the boys. [25] From there he went on to Mount Carmel, and from there he returned to Samaria. (ESV)"]}