{"query": "2 Kings 15", "canonical": "2 Kings 15", "parsed": [[12015001, 12015038]], "passage_meta": [{"canonical": "2 Kings 15", "chapter_start": [12015001, 12015038], "chapter_end": [12015001, 12015038], "prev_verse": 12014029, "next_verse": 12016001, "prev_chapter": [12014001, 12014029], "next_chapter": [12016001, 12016020]}], "passages": ["2 Kings 15\n\nAzariah Reigns in Judah\n\n  [1] In the twenty-seventh year of Jeroboam king of Israel, Azariah the son of Amaziah, king of Judah, began to reign. [2] He was sixteen years old when he began to reign, and he reigned fifty-two years in Jerusalem. His mother\u2019s name was Jecoliah of Jerusalem. [3] And he did what was right in the eyes of the LORD, according to all that his father Amaziah had done. [4] Nevertheless, the high places were not taken away. The people still sacrificed and made offerings on the high places. [5] And the LORD touched the king, so that he was a leper(1) to the day of his death, and he lived in a separate house.(2) And Jotham the king\u2019s son was over the household, governing the people of the land. [6] Now the rest of the acts of Azariah, and all that he did, are they not written in the Book of the Chronicles of the Kings of Judah? [7] And Azariah slept with his fathers, and they buried him with his fathers in the city of David, and Jotham his son reigned in his place.\n\nZechariah Reigns in Israel\n\n  [8] In the thirty-eighth year of Azariah king of Judah, Zechariah the son of Jeroboam reigned over Israel in Samaria six months. [9] And he did what was evil in the sight of the LORD, as his fathers had done. He did not depart from the sins of Jeroboam the son of Nebat, which he made Israel to sin. [10] Shallum the son of Jabesh conspired against him and struck him down at Ibleam and put him to death and reigned in his place. [11] Now the rest of the deeds of Zechariah, behold, they are written in the Book of the Chronicles of the Kings of Israel. [12] (This was the promise of the LORD that he gave to Jehu, \u201cYour sons shall sit on the throne of Israel to the fourth generation.\u201d And so it came to pass.)\n\nShallum Reigns in Israel\n\n  [13] Shallum the son of Jabesh began to reign in the thirty-ninth year of Uzziah(3) king of Judah, and he reigned one month in Samaria. [14] Then Menahem the son of Gadi came up from Tirzah and came to Samaria, and he struck down Shallum the son of Jabesh in Samaria and put him to death and reigned in his place. [15] Now the rest of the deeds of Shallum, and the conspiracy that he made, behold, they are written in the Book of the Chronicles of the Kings of Israel. [16] At that time Menahem sacked Tiphsah and all who were in it and its territory from Tirzah on, because they did not open it to him. Therefore he sacked it, and he ripped open all the women in it who were pregnant.\n\nMenahem Reigns in Israel\n\n  [17] In the thirty-ninth year of Azariah king of Judah, Menahem the son of Gadi began to reign over Israel, and he reigned ten years in Samaria. [18] And he did what was evil in the sight of the LORD. He did not depart all his days from all the sins of Jeroboam the son of Nebat, which he made Israel to sin. [19] Pul(4) the king of Assyria came against the land, and Menahem gave Pul a thousand talents(5) of silver, that he might help him to confirm his hold on the royal power. [20] Menahem exacted the money from Israel, that is, from all the wealthy men, fifty shekels(6) of silver from every man, to give to the king of Assyria. So the king of Assyria turned back and did not stay there in the land. [21] Now the rest of the deeds of Menahem and all that he did, are they not written in the Book of the Chronicles of the Kings of Israel? [22] And Menahem slept with his fathers, and Pekahiah his son reigned in his place.\n\nPekahiah Reigns in Israel\n\n  [23] In the fiftieth year of Azariah king of Judah, Pekahiah the son of Menahem began to reign over Israel in Samaria, and he reigned two years. [24] And he did what was evil in the sight of the LORD. He did not turn away from the sins of Jeroboam the son of Nebat, which he made Israel to sin. [25] And Pekah the son of Remaliah, his captain, conspired against him with fifty men of the people of Gilead, and struck him down in Samaria, in the citadel of the king\u2019s house with Argob and Arieh; he put him to death and reigned in his place. [26] Now the rest of the deeds of Pekahiah and all that he did, behold, they are written in the Book of the Chronicles of the Kings of Israel.\n\nPekah Reigns in Israel\n\n  [27] In the fifty-second year of Azariah king of Judah, Pekah the son of Remaliah began to reign over Israel in Samaria, and he reigned twenty years. [28] And he did what was evil in the sight of the LORD. He did not depart from the sins of Jeroboam the son of Nebat, which he made Israel to sin.\n\n  [29] In the days of Pekah king of Israel, Tiglath-pileser king of Assyria came and captured Ijon, Abel-beth-maacah, Janoah, Kedesh, Hazor, Gilead, and Galilee, all the land of Naphtali, and he carried the people captive to Assyria. [30] Then Hoshea the son of Elah made a conspiracy against Pekah the son of Remaliah and struck him down and put him to death and reigned in his place, in the twentieth year of Jotham the son of Uzziah. [31] Now the rest of the acts of Pekah and all that he did, behold, they are written in the Book of the Chronicles of the Kings of Israel.\n\nJotham Reigns in Judah\n\n  [32] In the second year of Pekah the son of Remaliah, king of Israel, Jotham the son of Uzziah, king of Judah, began to reign. [33] He was twenty-five years old when he began to reign, and he reigned sixteen years in Jerusalem. His mother\u2019s name was Jerusha the daughter of Zadok. [34] And he did what was right in the eyes of the LORD, according to all that his father Uzziah had done. [35] Nevertheless, the high places were not removed. The people still sacrificed and made offerings on the high places. He built the upper gate of the house of the LORD. [36] Now the rest of the acts of Jotham and all that he did, are they not written in the Book of the Chronicles of the Kings of Judah? [37] In those days the LORD began to send Rezin the king of Syria and Pekah the son of Remaliah against Judah. [38] Jotham slept with his fathers and was buried with his fathers in the city of David his father, and Ahaz his son reigned in his place.\n\nFootnotes\n\n(1) 15:5 *Leprosy* was a term for several skin diseases; see Leviticus 13\n\n(2) 15:5 The meaning of the Hebrew word is uncertain\n\n(3) 15:13 Another name for *Azariah*\n\n(4) 15:19 Another name for *Tiglath-pileser III* (compare verse 29)\n\n(5) 15:19 A *talent* was about 75 pounds or 34 kilograms\n\n(6) 15:20 A *shekel* was about 2/5 ounce or 11 grams\n (ESV)"]}