{"query": "2 Kings 9", "canonical": "2 Kings 9", "parsed": [[12009001, 12009037]], "passage_meta": [{"canonical": "2 Kings 9", "chapter_start": [12009001, 12009037], "chapter_end": [12009001, 12009037], "prev_verse": 12008029, "next_verse": 12010001, "prev_chapter": [12008001, 12008029], "next_chapter": [12010001, 12010036]}], "passages": ["2 Kings 9\n\nJehu Anointed King of Israel\n\n  [1] Then Elisha the prophet called one of the sons of the prophets and said to him, \u201cTie up your garments, and take this flask of oil in your hand, and go to Ramoth-gilead. [2] And when you arrive, look there for Jehu the son of Jehoshaphat, son of Nimshi. And go in and have him rise from among his fellows, and lead him to an inner chamber. [3] Then take the flask of oil and pour it on his head and say, \u2018Thus says the LORD, I anoint you king over Israel.\u2019 Then open the door and flee; do not linger.\u201d\n\n  [4] So the young man, the servant of the prophet, went to Ramoth-gilead. [5] And when he came, behold, the commanders of the army were in council. And he said, \u201cI have a word for you, O commander.\u201d And Jehu said, \u201cTo which of us all?\u201d And he said, \u201cTo you, O commander.\u201d [6] So he arose and went into the house. And the young man poured the oil on his head, saying to him, \u201cThus says the LORD, the God of Israel, I anoint you king over the people of the LORD, over Israel. [7] And you shall strike down the house of Ahab your master, so that I may avenge on Jezebel the blood of my servants the prophets, and the blood of all the servants of the LORD. [8] For the whole house of Ahab shall perish, and I will cut off from Ahab every male, bond or free, in Israel. [9] And I will make the house of Ahab like the house of Jeroboam the son of Nebat, and like the house of Baasha the son of Ahijah. [10] And the dogs shall eat Jezebel in the territory of Jezreel, and none shall bury her.\u201d Then he opened the door and fled.\n\n  [11] When Jehu came out to the servants of his master, they said to him, \u201cIs all well? Why did this mad fellow come to you?\u201d And he said to them, \u201cYou know the fellow and his talk.\u201d [12] And they said, \u201cThat is not true; tell us now.\u201d And he said, \u201cThus and so he spoke to me, saying, \u2018Thus says the LORD, I anoint you king over Israel.\u2019\u201d [13] Then in haste every man of them took his garment and put it under him on the bare(1) steps, and they blew the trumpet and proclaimed, \u201cJehu is king.\u201d\n\nJehu Assassinates Joram and Ahaziah\n\n  [14] Thus Jehu the son of Jehoshaphat the son of Nimshi conspired against Joram. (Now Joram with all Israel had been on guard at Ramoth-gilead against Hazael king of Syria, [15] but King Joram had returned to be healed in Jezreel of the wounds that the Syrians had given him, when he fought with Hazael king of Syria.) So Jehu said, \u201cIf this is your decision, then let no one slip out of the city to go and tell the news in Jezreel.\u201d [16] Then Jehu mounted his chariot and went to Jezreel, for Joram lay there. And Ahaziah king of Judah had come down to visit Joram.\n\n  [17] Now the watchman was standing on the tower in Jezreel, and he saw the company of Jehu as he came and said, \u201cI see a company.\u201d And Joram said, \u201cTake a horseman and send to meet them, and let him say, \u2018Is it peace?\u2019\u201d [18] So a man on horseback went to meet him and said, \u201cThus says the king, \u2018Is it peace?\u2019\u201d And Jehu said, \u201cWhat do you have to do with peace? Turn around and ride behind me.\u201d And the watchman reported, saying, \u201cThe messenger reached them, but he is not coming back.\u201d [19] Then he sent out a second horseman, who came to them and said, \u201cThus the king has said, \u2018Is it peace?\u2019\u201d And Jehu answered, \u201cWhat do you have to do with peace? Turn around and ride behind me.\u201d [20] Again the watchman reported, \u201cHe reached them, but he is not coming back. And the driving is like the driving of Jehu the son of Nimshi, for he drives furiously.\u201d\n\n  [21] Joram said, \u201cMake ready.\u201d And they made ready his chariot. Then Joram king of Israel and Ahaziah king of Judah set out, each in his chariot, and went to meet Jehu, and met him at the property of Naboth the Jezreelite. [22] And when Joram saw Jehu, he said, \u201cIs it peace, Jehu?\u201d He answered, \u201cWhat peace can there be, so long as the whorings and the sorceries of your mother Jezebel are so many?\u201d [23] Then Joram reined about and fled, saying to Ahaziah, \u201cTreachery, O Ahaziah!\u201d [24] And Jehu drew his bow with his full strength, and shot Joram between the shoulders, so that the arrow pierced his heart, and he sank in his chariot. [25] Jehu said to Bidkar his aide, \u201cTake him up and throw him on the plot of ground belonging to Naboth the Jezreelite. For remember, when you and I rode side by side behind Ahab his father, how the LORD made this pronouncement against him: [26] \u2018As surely as I saw yesterday the blood of Naboth and the blood of his sons\u2014declares the LORD\u2014I will repay you on this plot of ground.\u2019 Now therefore take him up and throw him on the plot of ground, in accordance with the word of the LORD.\u201d\n\n  [27] When Ahaziah the king of Judah saw this, he fled in the direction of Beth-haggan. And Jehu pursued him and said, \u201cShoot him also.\u201d And they shot him(2) in the chariot at the ascent of Gur, which is by Ibleam. And he fled to Megiddo and died there. [28] His servants carried him in a chariot to Jerusalem, and buried him in his tomb with his fathers in the city of David.\n\n  [29] In the eleventh year of Joram the son of Ahab, Ahaziah began to reign over Judah.\n\nJehu Executes Jezebel\n\n  [30] When Jehu came to Jezreel, Jezebel heard of it. And she painted her eyes and adorned her head and looked out of the window. [31] And as Jehu entered the gate, she said, \u201cIs it peace, you Zimri, murderer of your master?\u201d [32] And he lifted up his face to the window and said, \u201cWho is on my side? Who?\u201d Two or three eunuchs looked out at him. [33] He said, \u201cThrow her down.\u201d So they threw her down. And some of her blood spattered on the wall and on the horses, and they trampled on her. [34] Then he went in and ate and drank. And he said, \u201cSee now to this cursed woman and bury her, for she is a king\u2019s daughter.\u201d [35] But when they went to bury her, they found no more of her than the skull and the feet and the palms of her hands. [36] When they came back and told him, he said, \u201cThis is the word of the LORD, which he spoke by his servant Elijah the Tishbite: \u2018In the territory of Jezreel the dogs shall eat the flesh of Jezebel, [37] and the corpse of Jezebel shall be as dung on the face of the field in the territory of Jezreel, so that no one can say, This is Jezebel.\u2019\u201d\n\nFootnotes\n\n(1) 9:13 The meaning of the Hebrew word is uncertain\n\n(2) 9:27 Syriac, Vulgate (compare Septuagint); Hebrew lacks *and they shot him*\n (ESV)"]}