{"query": "2 Kings 20", "canonical": "2 Kings 20", "parsed": [[12020001, 12020021]], "passage_meta": [{"canonical": "2 Kings 20", "chapter_start": [12020001, 12020021], "chapter_end": [12020001, 12020021], "prev_verse": 12019037, "next_verse": 12021001, "prev_chapter": [12019001, 12019037], "next_chapter": [12021001, 12021026]}], "passages": ["2 Kings 20\n\nHezekiah\u2019s Illness and Recovery\n\n  [1] In those days Hezekiah became sick and was at the point of death. And Isaiah the prophet the son of Amoz came to him and said to him, \u201cThus says the LORD, \u2018Set your house in order, for you shall die; you shall not recover.\u2019\u201d [2] Then Hezekiah turned his face to the wall and prayed to the LORD, saying, [3] \u201cNow, O LORD, please remember how I have walked before you in faithfulness and with a whole heart, and have done what is good in your sight.\u201d And Hezekiah wept bitterly. [4] And before Isaiah had gone out of the middle court, the word of the LORD came to him: [5] \u201cTurn back, and say to Hezekiah the leader of my people, Thus says the LORD, the God of David your father: I have heard your prayer; I have seen your tears. Behold, I will heal you. On the third day you shall go up to the house of the LORD, [6] and I will add fifteen years to your life. I will deliver you and this city out of the hand of the king of Assyria, and I will defend this city for my own sake and for my servant David\u2019s sake.\u201d [7] And Isaiah said, \u201cBring a cake of figs. And let them take and lay it on the boil, that he may recover.\u201d\n\n  [8] And Hezekiah said to Isaiah, \u201cWhat shall be the sign that the LORD will heal me, and that I shall go up to the house of the LORD on the third day?\u201d [9] And Isaiah said, \u201cThis shall be the sign to you from the LORD, that the LORD will do the thing that he has promised: shall the shadow go forward ten steps, or go back ten steps?\u201d [10] And Hezekiah answered, \u201cIt is an easy thing for the shadow to lengthen ten steps. Rather let the shadow go back ten steps.\u201d [11] And Isaiah the prophet called to the LORD, and he brought the shadow back ten steps, by which it had gone down on the steps of Ahaz.\n\nHezekiah and the Babylonian Envoys\n\n  [12] At that time Merodach-baladan the son of Baladan, king of Babylon, sent envoys with letters and a present to Hezekiah, for he heard that Hezekiah had been sick. [13] And Hezekiah welcomed them, and he showed them all his treasure house, the silver, the gold, the spices, the precious oil, his armory, all that was found in his storehouses. There was nothing in his house or in all his realm that Hezekiah did not show them. [14] Then Isaiah the prophet came to King Hezekiah, and said to him, \u201cWhat did these men say? And from where did they come to you?\u201d And Hezekiah said, \u201cThey have come from a far country, from Babylon.\u201d [15] He said, \u201cWhat have they seen in your house?\u201d And Hezekiah answered, \u201cThey have seen all that is in my house; there is nothing in my storehouses that I did not show them.\u201d\n\n  [16] Then Isaiah said to Hezekiah, \u201cHear the word of the LORD: [17] Behold, the days are coming, when all that is in your house, and that which your fathers have stored up till this day, shall be carried to Babylon. Nothing shall be left, says the LORD. [18] And some of your own sons, who will come from you, whom you will father, shall be taken away, and they shall be eunuchs in the palace of the king of Babylon.\u201d [19] Then Hezekiah said to Isaiah, \u201cThe word of the LORD that you have spoken is good.\u201d For he thought, \u201cWhy not, if there will be peace and security in my days?\u201d\n\n  [20] The rest of the deeds of Hezekiah and all his might and how he made the pool and the conduit and brought water into the city, are they not written in the Book of the Chronicles of the Kings of Judah? [21] And Hezekiah slept with his fathers, and Manasseh his son reigned in his place. (ESV)"]}