{"query": "2 Kings 4", "canonical": "2 Kings 4", "parsed": [[12004001, 12004044]], "passage_meta": [{"canonical": "2 Kings 4", "chapter_start": [12004001, 12004044], "chapter_end": [12004001, 12004044], "prev_verse": 12003027, "next_verse": 12005001, "prev_chapter": [12003001, 12003027], "next_chapter": [12005001, 12005027]}], "passages": ["2 Kings 4\n\nElisha and the Widow\u2019s Oil\n\n  [1] Now the wife of one of the sons of the prophets cried to Elisha, \u201cYour servant my husband is dead, and you know that your servant feared the LORD, but the creditor has come to take my two children to be his slaves.\u201d [2] And Elisha said to her, \u201cWhat shall I do for you? Tell me; what have you in the house?\u201d And she said, \u201cYour servant has nothing in the house except a jar of oil.\u201d [3] Then he said, \u201cGo outside, borrow vessels from all your neighbors, empty vessels and not too few. [4] Then go in and shut the door behind yourself and your sons and pour into all these vessels. And when one is full, set it aside.\u201d [5] So she went from him and shut the door behind herself and her sons. And as she poured they brought the vessels to her. [6] When the vessels were full, she said to her son, \u201cBring me another vessel.\u201d And he said to her, \u201cThere is not another.\u201d Then the oil stopped flowing. [7] She came and told the man of God, and he said, \u201cGo, sell the oil and pay your debts, and you and your sons can live on the rest.\u201d\n\nElisha and the Shunammite Woman\n\n  [8] One day Elisha went on to Shunem, where a wealthy woman lived, who urged him to eat some food. So whenever he passed that way, he would turn in there to eat food. [9] And she said to her husband, \u201cBehold now, I know that this is a holy man of God who is continually passing our way. [10] Let us make a small room on the roof with walls and put there for him a bed, a table, a chair, and a lamp, so that whenever he comes to us, he can go in there.\u201d\n\n  [11] One day he came there, and he turned into the chamber and rested there. [12] And he said to Gehazi his servant, \u201cCall this Shunammite.\u201d When he had called her, she stood before him. [13] And he said to him, \u201cSay now to her, \u2018See, you have taken all this trouble for us; what is to be done for you? Would you have a word spoken on your behalf to the king or to the commander of the army?\u2019\u201d She answered, \u201cI dwell among my own people.\u201d [14] And he said, \u201cWhat then is to be done for her?\u201d Gehazi answered, \u201cWell, she has no son, and her husband is old.\u201d [15] He said, \u201cCall her.\u201d And when he had called her, she stood in the doorway. [16] And he said, \u201cAt this season, about this time next year, you shall embrace a son.\u201d And she said, \u201cNo, my lord, O man of God; do not lie to your servant.\u201d [17] But the woman conceived, and she bore a son about that time the following spring, as Elisha had said to her.\n\nElisha Raises the Shunammite\u2019s Son\n\n  [18] When the child had grown, he went out one day to his father among the reapers. [19] And he said to his father, \u201cOh, my head, my head!\u201d The father said to his servant, \u201cCarry him to his mother.\u201d [20] And when he had lifted him and brought him to his mother, the child sat on her lap till noon, and then he died. [21] And she went up and laid him on the bed of the man of God and shut the door behind him and went out. [22] Then she called to her husband and said, \u201cSend me one of the servants and one of the donkeys, that I may quickly go to the man of God and come back again.\u201d [23] And he said, \u201cWhy will you go to him today? It is neither new moon nor Sabbath.\u201d She said, \u201cAll is well.\u201d [24] Then she saddled the donkey, and she said to her servant, \u201cUrge the animal on; do not slacken the pace for me unless I tell you.\u201d [25] So she set out and came to the man of God at Mount Carmel.\n\n  When the man of God saw her coming, he said to Gehazi his servant, \u201cLook, there is the Shunammite. [26] Run at once to meet her and say to her, \u2018Is all well with you? Is all well with your husband? Is all well with the child?\u2019\u201d And she answered, \u201cAll is well.\u201d [27] And when she came to the mountain to the man of God, she caught hold of his feet. And Gehazi came to push her away. But the man of God said, \u201cLeave her alone, for she is in bitter distress, and the LORD has hidden it from me and has not told me.\u201d [28] Then she said, \u201cDid I ask my lord for a son? Did I not say, \u2018Do not deceive me?\u2019\u201d [29] He said to Gehazi, \u201cTie up your garment and take my staff in your hand and go. If you meet anyone, do not greet him, and if anyone greets you, do not reply. And lay my staff on the face of the child.\u201d [30] Then the mother of the child said, \u201cAs the LORD lives and as you yourself live, I will not leave you.\u201d So he arose and followed her. [31] Gehazi went on ahead and laid the staff on the face of the child, but there was no sound or sign of life. Therefore he returned to meet him and told him, \u201cThe child has not awakened.\u201d\n\n  [32] When Elisha came into the house, he saw the child lying dead on his bed. [33] So he went in and shut the door behind the two of them and prayed to the LORD. [34] Then he went up and lay on the child, putting his mouth on his mouth, his eyes on his eyes, and his hands on his hands. And as he stretched himself upon him, the flesh of the child became warm. [35] Then he got up again and walked once back and forth in the house, and went up and stretched himself upon him. The child sneezed seven times, and the child opened his eyes. [36] Then he summoned Gehazi and said, \u201cCall this Shunammite.\u201d So he called her. And when she came to him, he said, \u201cPick up your son.\u201d [37] She came and fell at his feet, bowing to the ground. Then she picked up her son and went out.\n\nElisha Purifies the Deadly Stew\n\n  [38] And Elisha came again to Gilgal when there was a famine in the land. And as the sons of the prophets were sitting before him, he said to his servant, \u201cSet on the large pot, and boil stew for the sons of the prophets.\u201d [39] One of them went out into the field to gather herbs, and found a wild vine and gathered from it his lap full of wild gourds, and came and cut them up into the pot of stew, not knowing what they were. [40] And they poured out some for the men to eat. But while they were eating of the stew, they cried out, \u201cO man of God, there is death in the pot!\u201d And they could not eat it. [41] He said, \u201cThen bring flour.\u201d And he threw it into the pot and said, \u201cPour some out for the men, that they may eat.\u201d And there was no harm in the pot.\n\n  [42] A man came from Baal-shalishah, bringing the man of God bread of the firstfruits, twenty loaves of barley and fresh ears of grain in his sack. And Elisha said, \u201cGive to the men, that they may eat.\u201d [43] But his servant said, \u201cHow can I set this before a hundred men?\u201d So he repeated, \u201cGive them to the men, that they may eat, for thus says the LORD, \u2018They shall eat and have some left.\u2019\u201d [44] So he set it before them. And they ate and had some left, according to the word of the LORD. (ESV)"]}