{"query": "2 Samuel 22", "canonical": "2 Samuel 22", "parsed": [[10022001, 10022051]], "passage_meta": [{"canonical": "2 Samuel 22", "chapter_start": [10022001, 10022051], "chapter_end": [10022001, 10022051], "prev_verse": 10021022, "next_verse": 10023001, "prev_chapter": [10021001, 10021022], "next_chapter": [10023001, 10023039]}], "passages": ["2 Samuel 22\n\nDavid\u2019s Song of Deliverance\n\n  [1] And David spoke to the LORD the words of this song on the day when the LORD delivered him from the hand of all his enemies, and from the hand of Saul. [2] He said,\n\n    \u201cThe LORD is my rock and my fortress and my deliverer,\n    [3]     my(1) God, my rock, in whom I take refuge,\n    my shield, and the horn of my salvation,\n        my stronghold and my refuge,\n        my savior; you save me from violence.\n    [4] I call upon the LORD, who is worthy to be praised,\n        and I am saved from my enemies.\n    \n    \n    [5] \u201cFor the waves of death encompassed me,\n        the torrents of destruction assailed me;(2)\n    [6] the cords of Sheol entangled me;\n        the snares of death confronted me.\n    \n    \n    [7] \u201cIn my distress I called upon the LORD;\n        to my God I called.\n    From his temple he heard my voice,\n        and my cry came to his ears.\n    \n    \n    [8] \u201cThen the earth reeled and rocked;\n        the foundations of the heavens trembled\n        and quaked, because he was angry.\n    [9] Smoke went up from his nostrils,(3)\n        and devouring fire from his mouth;\n        glowing coals flamed forth from him.\n    [10] He bowed the heavens and came down;\n        thick darkness was under his feet.\n    [11] He rode on a cherub and flew;\n        he was seen on the wings of the wind.\n    [12] He made darkness around him his canopy,\n        thick clouds, a gathering of water.\n    [13] Out of the brightness before him\n        coals of fire flamed forth.\n    [14] The LORD thundered from heaven,\n        and the Most High uttered his voice.\n    [15] And he sent out arrows and scattered them;\n        lightning, and routed them.\n    [16] Then the channels of the sea were seen;\n        the foundations of the world were laid bare,\n    at the rebuke of the LORD,\n        at the blast of the breath of his nostrils.\n    \n    \n    [17] \u201cHe sent from on high, he took me;\n        he drew me out of many waters.\n    [18] He rescued me from my strong enemy,\n        from those who hated me,\n        for they were too mighty for me.\n    [19] They confronted me in the day of my calamity,\n        but the LORD was my support.\n    [20] He brought me out into a broad place;\n        he rescued me, because he delighted in me.\n    \n    \n    [21] \u201cThe LORD dealt with me according to my righteousness;\n        according to the cleanness of my hands he rewarded me.\n    [22] For I have kept the ways of the LORD\n        and have not wickedly departed from my God.\n    [23] For all his rules were before me,\n        and from his statutes I did not turn aside.\n    [24] I was blameless before him,\n        and I kept myself from guilt.\n    [25] And the LORD has rewarded me according to my righteousness,\n        according to my cleanness in his sight.\n    \n    \n    [26] \u201cWith the merciful you show yourself merciful;\n        with the blameless man you show yourself blameless;\n    [27] with the purified you deal purely,\n        and with the crooked you make yourself seem tortuous.\n    [28] You save a humble people,\n        but your eyes are on the haughty to bring them down.\n    [29] For you are my lamp, O LORD,\n        and my God lightens my darkness.\n    [30] For by you I can run against a troop,\n        and by my God I can leap over a wall.\n    [31] This God\u2014his way is perfect;\n        the word of the LORD proves true;\n        he is a shield for all those who take refuge in him.\n    \n    \n    [32] \u201cFor who is God, but the LORD?\n        And who is a rock, except our God?\n    [33] This God is my strong refuge\n        and has made my(4) way blameless.(5)\n    [34] He made my feet like the feet of a deer\n        and set me secure on the heights.\n    [35] He trains my hands for war,\n        so that my arms can bend a bow of bronze.\n    [36] You have given me the shield of your salvation,\n        and your gentleness made me great.\n    [37] You gave a wide place for my steps under me,\n        and my feet(6) did not slip;\n    [38] I pursued my enemies and destroyed them,\n        and did not turn back until they were consumed.\n    [39] I consumed them; I thrust them through, so that they did not rise;\n        they fell under my feet.\n    [40] For you equipped me with strength for the battle;\n        you made those who rise against me sink under me.\n    [41] You made my enemies turn their backs to me,(7)\n        those who hated me, and I destroyed them.\n    [42] They looked, but there was none to save;\n        they cried to the LORD, but he did not answer them.\n    [43] I beat them fine as the dust of the earth;\n        I crushed them and stamped them down like the mire of the streets.\n    \n    \n    [44] \u201cYou delivered me from strife with my people;(8)\n        you kept me as the head of the nations;\n        people whom I had not known served me.\n    [45] Foreigners came cringing to me;\n        as soon as they heard of me, they obeyed me.\n    [46] Foreigners lost heart\n        and came trembling(9) out of their fortresses.\n    \n    \n    [47] \u201cThe LORD lives, and blessed be my rock,\n        and exalted be my God, the rock of my salvation,\n    [48] the God who gave me vengeance\n        and brought down peoples under me,\n    [49] who brought me out from my enemies;\n        you exalted me above those who rose against me;\n        you delivered me from men of violence.\n    \n    \n    [50] \u201cFor this I will praise you, O LORD, among the nations,\n        and sing praises to your name.\n    [51] Great salvation he brings(10) to his king,\n        and shows steadfast love to his anointed,\n        to David and his offspring forever.\u201d\n    \n\nFootnotes\n\n(1) 22:3 Septuagint (compare Psalm 18:2); Hebrew lacks *my*\n\n(2) 22:5 Or *terrified me*\n\n(3) 22:9 Or *in his wrath*\n\n(4) 22:33 Or *his*; also verse 34\n\n(5) 22:33 Compare Psalm 18:32; Hebrew *he has blamelessly set my way free*, or *he has made my way spring up blamelessly*\n\n(6) 22:37 Hebrew *ankles*\n\n(7) 22:41 Or *You gave me my enemies\u2019 necks*\n\n(8) 22:44 Septuagint *with the peoples*\n\n(9) 22:46 Compare Psalm 18:45; Hebrew *equipped themselves*\n\n(10) 22:51 Or *He is a tower of salvation*\n (ESV)"]}