{"query": "2 Samuel 1", "canonical": "2 Samuel 1", "parsed": [[10001001, 10001027]], "passage_meta": [{"canonical": "2 Samuel 1", "chapter_start": [10001001, 10001027], "chapter_end": [10001001, 10001027], "prev_verse": 9031013, "next_verse": 10002001, "prev_chapter": [9031001, 9031013], "next_chapter": [10002001, 10002032]}], "passages": ["2 Samuel 1\n\nDavid Hears of Saul\u2019s Death\n\n  [1] After the death of Saul, when David had returned from striking down the Amalekites, David remained two days in Ziklag. [2] And on the third day, behold, a man came from Saul\u2019s camp, with his clothes torn and dirt on his head. And when he came to David, he fell to the ground and paid homage. [3] David said to him, \u201cWhere do you come from?\u201d And he said to him, \u201cI have escaped from the camp of Israel.\u201d [4] And David said to him, \u201cHow did it go? Tell me.\u201d And he answered, \u201cThe people fled from the battle, and also many of the people have fallen and are dead, and Saul and his son Jonathan are also dead.\u201d [5] Then David said to the young man who told him, \u201cHow do you know that Saul and his son Jonathan are dead?\u201d [6] And the young man who told him said, \u201cBy chance I happened to be on Mount Gilboa, and there was Saul leaning on his spear, and behold, the chariots and the horsemen were close upon him. [7] And when he looked behind him, he saw me, and called to me. And I answered, \u2018Here I am.\u2019 [8] And he said to me, \u2018Who are you?\u2019 I answered him, \u2018I am an Amalekite.\u2019 [9] And he said to me, \u2018Stand beside me and kill me, for anguish has seized me, and yet my life still lingers.\u2019 [10] So I stood beside him and killed him, because I was sure that he could not live after he had fallen. And I took the crown that was on his head and the armlet that was on his arm, and I have brought them here to my lord.\u201d\n\n  [11] Then David took hold of his clothes and tore them, and so did all the men who were with him. [12] And they mourned and wept and fasted until evening for Saul and for Jonathan his son and for the people of the LORD and for the house of Israel, because they had fallen by the sword. [13] And David said to the young man who told him, \u201cWhere do you come from?\u201d And he answered, \u201cI am the son of a sojourner, an Amalekite.\u201d [14] David said to him, \u201cHow is it you were not afraid to put out your hand to destroy the LORD\u2019s anointed?\u201d [15] Then David called one of the young men and said, \u201cGo, execute him.\u201d And he struck him down so that he died. [16] And David said to him, \u201cYour blood be on your head, for your own mouth has testified against you, saying, \u2018I have killed the LORD\u2019s anointed.\u2019\u201d\n\nDavid\u2019s Lament for Saul and Jonathan\n\n  [17] And David lamented with this lamentation over Saul and Jonathan his son, [18] and he said it(1) should be taught to the people of Judah; behold, it is written in the Book of Jashar.(2) He said:\n\n    [19] \u201cYour glory, O Israel, is slain on your high places!\n        How the mighty have fallen!\n    [20] Tell it not in Gath,\n        publish it not in the streets of Ashkelon,\n    lest the daughters of the Philistines rejoice,\n        lest the daughters of the uncircumcised exult.\n    \n    \n    [21] \u201cYou mountains of Gilboa,\n        let there be no dew or rain upon you,\n        nor fields of offerings!(3)\n    For there the shield of the mighty was defiled,\n        the shield of Saul, not anointed with oil.\n    \n    \n    [22] \u201cFrom the blood of the slain,\n        from the fat of the mighty,\n    the bow of Jonathan turned not back,\n        and the sword of Saul returned not empty.\n    \n    \n    [23] \u201cSaul and Jonathan, beloved and lovely!\n        In life and in death they were not divided;\n    they were swifter than eagles;\n        they were stronger than lions.\n    \n    \n    [24] \u201cYou daughters of Israel, weep over Saul,\n        who clothed you luxuriously in scarlet,\n        who put ornaments of gold on your apparel.\n    \n    \n    [25] \u201cHow the mighty have fallen\n        in the midst of the battle!\n    \n    \n    \u201cJonathan lies slain on your high places.\n    [26]     I am distressed for you, my brother Jonathan;\n    very pleasant have you been to me;\n        your love to me was extraordinary,\n        surpassing the love of women.\n    \n    \n    [27] \u201cHow the mighty have fallen,\n        and the weapons of war perished!\u201d\n    \n\nFootnotes\n\n(1) 1:18 Septuagint; Hebrew *the Bow*, which may be the name of the lament\u2019s tune\n\n(2) 1:18 Or *of the upright*\n\n(3) 1:21 Septuagint *firstfruits*\n (ESV)"]}