{"query": "2 Samuel 16", "canonical": "2 Samuel 16", "parsed": [[10016001, 10016023]], "passage_meta": [{"canonical": "2 Samuel 16", "chapter_start": [10016001, 10016023], "chapter_end": [10016001, 10016023], "prev_verse": 10015037, "next_verse": 10017001, "prev_chapter": [10015001, 10015037], "next_chapter": [10017001, 10017029]}], "passages": ["2 Samuel 16\n\nDavid and Ziba\n\n  [1] When David had passed a little beyond the summit, Ziba the servant of Mephibosheth met him, with a couple of donkeys saddled, bearing two hundred loaves of bread, a hundred bunches of raisins, a hundred of summer fruits, and a skin of wine. [2] And the king said to Ziba, \u201cWhy have you brought these?\u201d Ziba answered, \u201cThe donkeys are for the king\u2019s household to ride on, the bread and summer fruit for the young men to eat, and the wine for those who faint in the wilderness to drink.\u201d [3] And the king said, \u201cAnd where is your master\u2019s son?\u201d Ziba said to the king, \u201cBehold, he remains in Jerusalem, for he said, \u2018Today the house of Israel will give me back the kingdom of my father.\u2019\u201d [4] Then the king said to Ziba, \u201cBehold, all that belonged to Mephibosheth is now yours.\u201d And Ziba said, \u201cI pay homage; let me ever find favor in your sight, my lord the king.\u201d\n\nShimei Curses David\n\n  [5] When King David came to Bahurim, there came out a man of the family of the house of Saul, whose name was Shimei, the son of Gera, and as he came he cursed continually. [6] And he threw stones at David and at all the servants of King David, and all the people and all the mighty men were on his right hand and on his left. [7] And Shimei said as he cursed, \u201cGet out, get out, you man of blood, you worthless man! [8] The LORD has avenged on you all the blood of the house of Saul, in whose place you have reigned, and the LORD has given the kingdom into the hand of your son Absalom. See, your evil is on you, for you are a man of blood.\u201d\n\n  [9] Then Abishai the son of Zeruiah said to the king, \u201cWhy should this dead dog curse my lord the king? Let me go over and take off his head.\u201d [10] But the king said, \u201cWhat have I to do with you, you sons of Zeruiah? If he is cursing because the LORD has said to him, \u2018Curse David,\u2019 who then shall say, \u2018Why have you done so?\u2019\u201d [11] And David said to Abishai and to all his servants, \u201cBehold, my own son seeks my life; how much more now may this Benjaminite! Leave him alone, and let him curse, for the LORD has told him to. [12] It may be that the LORD will look on the wrong done to me,(1) and that the LORD will repay me with good for his cursing today.\u201d [13] So David and his men went on the road, while Shimei went along on the hillside opposite him and cursed as he went and threw stones at him and flung dust. [14] And the king, and all the people who were with him, arrived weary at the Jordan.(2) And there he refreshed himself.\n\nAbsalom Enters Jerusalem\n\n  [15] Now Absalom and all the people, the men of Israel, came to Jerusalem, and Ahithophel with him. [16] And when Hushai the Archite, David\u2019s friend, came to Absalom, Hushai said to Absalom, \u201cLong live the king! Long live the king!\u201d [17] And Absalom said to Hushai, \u201cIs this your loyalty to your friend? Why did you not go with your friend?\u201d [18] And Hushai said to Absalom, \u201cNo, for whom the LORD and this people and all the men of Israel have chosen, his I will be, and with him I will remain. [19] And again, whom should I serve? Should it not be his son? As I have served your father, so I will serve you.\u201d\n\n  [20] Then Absalom said to Ahithophel, \u201cGive your counsel. What shall we do?\u201d [21] Ahithophel said to Absalom, \u201cGo in to your father\u2019s concubines, whom he has left to keep the house, and all Israel will hear that you have made yourself a stench to your father, and the hands of all who are with you will be strengthened.\u201d [22] So they pitched a tent for Absalom on the roof. And Absalom went in to his father\u2019s concubines in the sight of all Israel. [23] Now in those days the counsel that Ahithophel gave was as if one consulted the word of God; so was all the counsel of Ahithophel esteemed, both by David and by Absalom.\n\nFootnotes\n\n(1) 16:12 Septuagint, Vulgate *will look upon my affliction*\n\n(2) 16:14 Septuagint; Hebrew lacks *at the Jordan*\n (ESV)"]}