{"query": "2 Samuel 18", "canonical": "2 Samuel 18", "parsed": [[10018001, 10018033]], "passage_meta": [{"canonical": "2 Samuel 18", "chapter_start": [10018001, 10018033], "chapter_end": [10018001, 10018033], "prev_verse": 10017029, "next_verse": 10019001, "prev_chapter": [10017001, 10017029], "next_chapter": [10019001, 10019043]}], "passages": ["2 Samuel 18\n\nAbsalom Killed\n\n  [1] Then David mustered the men who were with him and set over them commanders of thousands and commanders of hundreds. [2] And David sent out the army, one third under the command of Joab, one third under the command of Abishai the son of Zeruiah, Joab\u2019s brother, and one third under the command of Ittai the Gittite. And the king said to the men, \u201cI myself will also go out with you.\u201d [3] But the men said, \u201cYou shall not go out. For if we flee, they will not care about us. If half of us die, they will not care about us. But you are worth ten thousand of us. Therefore it is better that you send us help from the city.\u201d [4] The king said to them, \u201cWhatever seems best to you I will do.\u201d So the king stood at the side of the gate, while all the army marched out by hundreds and by thousands. [5] And the king ordered Joab and Abishai and Ittai, \u201cDeal gently for my sake with the young man Absalom.\u201d And all the people heard when the king gave orders to all the commanders about Absalom.\n\n  [6] So the army went out into the field against Israel, and the battle was fought in the forest of Ephraim. [7] And the men of Israel were defeated there by the servants of David, and the loss there was great on that day, twenty thousand men. [8] The battle spread over the face of all the country, and the forest devoured more people that day than the sword.\n\n  [9] And Absalom happened to meet the servants of David. Absalom was riding on his mule, and the mule went under the thick branches of a great oak,(1) and his head caught fast in the oak, and he was suspended between heaven and earth, while the mule that was under him went on. [10] And a certain man saw it and told Joab, \u201cBehold, I saw Absalom hanging in an oak.\u201d [11] Joab said to the man who told him, \u201cWhat, you saw him! Why then did you not strike him there to the ground? I would have been glad to give you ten pieces of silver and a belt.\u201d [12] But the man said to Joab, \u201cEven if I felt in my hand the weight of a thousand pieces of silver, I would not reach out my hand against the king\u2019s son, for in our hearing the king commanded you and Abishai and Ittai, \u2018For my sake protect the young man Absalom.\u2019 [13] On the other hand, if I had dealt treacherously against his life(2) (and there is nothing hidden from the king), then you yourself would have stood aloof.\u201d [14] Joab said, \u201cI will not waste time like this with you.\u201d And he took three javelins in his hand and thrust them into the heart of Absalom while he was still alive in the oak. [15] And ten young men, Joab\u2019s armor-bearers, surrounded Absalom and struck him and killed him.\n\n  [16] Then Joab blew the trumpet, and the troops came back from pursuing Israel, for Joab restrained them. [17] And they took Absalom and threw him into a great pit in the forest and raised over him a very great heap of stones. And all Israel fled every one to his own home. [18] Now Absalom in his lifetime had taken and set up for himself the pillar that is in the King\u2019s Valley, for he said, \u201cI have no son to keep my name in remembrance.\u201d He called the pillar after his own name, and it is called Absalom\u2019s monument(3) to this day.\n\nDavid Hears of Absalom\u2019s Death\n\n  [19] Then Ahimaaz the son of Zadok said, \u201cLet me run and carry news to the king that the LORD has delivered him from the hand of his enemies.\u201d [20] And Joab said to him, \u201cYou are not to carry news today. You may carry news another day, but today you shall carry no news, because the king\u2019s son is dead.\u201d [21] Then Joab said to the Cushite, \u201cGo, tell the king what you have seen.\u201d The Cushite bowed before Joab, and ran. [22] Then Ahimaaz the son of Zadok said again to Joab, \u201cCome what may, let me also run after the Cushite.\u201d And Joab said, \u201cWhy will you run, my son, seeing that you will have no reward for the news?\u201d [23] \u201cCome what may,\u201d he said, \u201cI will run.\u201d So he said to him, \u201cRun.\u201d Then Ahimaaz ran by the way of the plain, and outran the Cushite.\n\n  [24] Now David was sitting between the two gates, and the watchman went up to the roof of the gate by the wall, and when he lifted up his eyes and looked, he saw a man running alone. [25] The watchman called out and told the king. And the king said, \u201cIf he is alone, there is news in his mouth.\u201d And he drew nearer and nearer. [26] The watchman saw another man running. And the watchman called to the gate and said, \u201cSee, another man running alone!\u201d The king said, \u201cHe also brings news.\u201d [27] The watchman said, \u201cI think the running of the first is like the running of Ahimaaz the son of Zadok.\u201d And the king said, \u201cHe is a good man and comes with good news.\u201d\n\n  [28] Then Ahimaaz cried out to the king, \u201cAll is well.\u201d And he bowed before the king with his face to the earth and said, \u201cBlessed be the LORD your God, who has delivered up the men who raised their hand against my lord the king.\u201d [29] And the king said, \u201cIs it well with the young man Absalom?\u201d Ahimaaz answered, \u201cWhen Joab sent the king\u2019s servant, your servant, I saw a great commotion, but I do not know what it was.\u201d [30] And the king said, \u201cTurn aside and stand here.\u201d So he turned aside and stood still.\n\nDavid\u2019s Grief\n\n  [31] And behold, the Cushite came, and the Cushite said, \u201cGood news for my lord the king! For the LORD has delivered you this day from the hand of all who rose up against you.\u201d [32] The king said to the Cushite, \u201cIs it well with the young man Absalom?\u201d And the Cushite answered, \u201cMay the enemies of my lord the king and all who rise up against you for evil be like that young man.\u201d [33] (4) And the king was deeply moved and went up to the chamber over the gate and wept. And as he went, he said, \u201cO my son Absalom, my son, my son Absalom! Would I had died instead of you, O Absalom, my son, my son!\u201d\n\nFootnotes\n\n(1) 18:9 Or *terebinth*; also verses 10, 14\n\n(2) 18:13 Or *at the risk of my life*\n\n(3) 18:18 Or *Absalom\u2019s hand*\n\n(4) 18:33 Ch 19:1 in Hebrew\n (ESV)"]}