{"query": "2 Samuel 4", "canonical": "2 Samuel 4", "parsed": [[10004001, 10004012]], "passage_meta": [{"canonical": "2 Samuel 4", "chapter_start": [10004001, 10004012], "chapter_end": [10004001, 10004012], "prev_verse": 10003039, "next_verse": 10005001, "prev_chapter": [10003001, 10003039], "next_chapter": [10005001, 10005025]}], "passages": ["2 Samuel 4\n\nIsh-bosheth Murdered\n\n  [1] When Ish-bosheth, Saul\u2019s son, heard that Abner had died at Hebron, his courage failed, and all Israel was dismayed. [2] Now Saul\u2019s son had two men who were captains of raiding bands; the name of the one was Baanah, and the name of the other Rechab, sons of Rimmon a man of Benjamin from Beeroth (for Beeroth also is counted part of Benjamin; [3] the Beerothites fled to Gittaim and have been sojourners there to this day).\n\n  [4] Jonathan, the son of Saul, had a son who was crippled in his feet. He was five years old when the news about Saul and Jonathan came from Jezreel, and his nurse took him up and fled, and as she fled in her haste, he fell and became lame. And his name was Mephibosheth.\n\n  [5] Now the sons of Rimmon the Beerothite, Rechab and Baanah, set out, and about the heat of the day they came to the house of Ish-bosheth as he was taking his noonday rest. [6] And they came into the midst of the house as if to get wheat, and they stabbed him in the stomach. Then Rechab and Baanah his brother escaped.(1) [7] When they came into the house, as he lay on his bed in his bedroom, they struck him and put him to death and beheaded him. They took his head and went by the way of the Arabah all night, [8] and brought the head of Ish-bosheth to David at Hebron. And they said to the king, \u201cHere is the head of Ish-bosheth, the son of Saul, your enemy, who sought your life. The LORD has avenged my lord the king this day on Saul and on his offspring.\u201d [9] But David answered Rechab and Baanah his brother, the sons of Rimmon the Beerothite, \u201cAs the LORD lives, who has redeemed my life out of every adversity, [10] when one told me, \u2018Behold, Saul is dead,\u2019 and thought he was bringing good news, I seized him and killed him at Ziklag, which was the reward I gave him for his news. [11] How much more, when wicked men have killed a righteous man in his own house on his bed, shall I not now require his blood at your hand and destroy you from the earth?\u201d [12] And David commanded his young men, and they killed them and cut off their hands and feet and hanged them beside the pool at Hebron. But they took the head of Ish-bosheth and buried it in the tomb of Abner at Hebron.\n\nFootnotes\n\n(1) 4:6 Septuagint *And behold, the doorkeeper of the house had been cleaning wheat, but she grew drowsy and slept. So Rechab and Baanah his brother slipped in*\n (ESV)"]}