{"query": "2 Samuel 19", "canonical": "2 Samuel 19", "parsed": [[10019001, 10019043]], "passage_meta": [{"canonical": "2 Samuel 19", "chapter_start": [10019001, 10019043], "chapter_end": [10019001, 10019043], "prev_verse": 10018033, "next_verse": 10020001, "prev_chapter": [10018001, 10018033], "next_chapter": [10020001, 10020026]}], "passages": ["2 Samuel 19\n\nJoab Rebukes David\n\n  [1] It was told Joab, \u201cBehold, the king is weeping and mourning for Absalom.\u201d [2] So the victory that day was turned into mourning for all the people, for the people heard that day, \u201cThe king is grieving for his son.\u201d [3] And the people stole into the city that day as people steal in who are ashamed when they flee in battle. [4] The king covered his face, and the king cried with a loud voice, \u201cO my son Absalom, O Absalom, my son, my son!\u201d [5] Then Joab came into the house to the king and said, \u201cYou have today covered with shame the faces of all your servants, who have this day saved your life and the lives of your sons and your daughters and the lives of your wives and your concubines, [6] because you love those who hate you and hate those who love you. For you have made it clear today that commanders and servants are nothing to you, for today I know that if Absalom were alive and all of us were dead today, then you would be pleased. [7] Now therefore arise, go out and speak kindly to your servants, for I swear by the LORD, if you do not go, not a man will stay with you this night, and this will be worse for you than all the evil that has come upon you from your youth until now.\u201d [8] Then the king arose and took his seat in the gate. And the people were all told, \u201cBehold, the king is sitting in the gate.\u201d And all the people came before the king.\n\nDavid Returns to Jerusalem\n\n  Now Israel had fled every man to his own home. [9] And all the people were arguing throughout all the tribes of Israel, saying, \u201cThe king delivered us from the hand of our enemies and saved us from the hand of the Philistines, and now he has fled out of the land from Absalom. [10] But Absalom, whom we anointed over us, is dead in battle. Now therefore why do you say nothing about bringing the king back?\u201d\n\n  [11] And King David sent this message to Zadok and Abiathar the priests: \u201cSay to the elders of Judah, \u2018Why should you be the last to bring the king back to his house, when the word of all Israel has come to the king?(1) [12] You are my brothers; you are my bone and my flesh. Why then should you be the last to bring back the king?\u2019 [13] And say to Amasa, \u2018Are you not my bone and my flesh? God do so to me and more also, if you are not commander of my army from now on in place of Joab.\u2019\u201d [14] And he swayed the heart of all the men of Judah as one man, so that they sent word to the king, \u201cReturn, both you and all your servants.\u201d [15] So the king came back to the Jordan, and Judah came to Gilgal to meet the king and to bring the king over the Jordan.\n\nDavid Pardons His Enemies\n\n  [16] And Shimei the son of Gera, the Benjaminite, from Bahurim, hurried to come down with the men of Judah to meet King David. [17] And with him were a thousand men from Benjamin. And Ziba the servant of the house of Saul, with his fifteen sons and his twenty servants, rushed down to the Jordan before the king, [18] and they crossed the ford to bring over the king\u2019s household and to do his pleasure. And Shimei the son of Gera fell down before the king, as he was about to cross the Jordan, [19] and said to the king, \u201cLet not my lord hold me guilty or remember how your servant did wrong on the day my lord the king left Jerusalem. Do not let the king take it to heart. [20] For your servant knows that I have sinned. Therefore, behold, I have come this day, the first of all the house of Joseph to come down to meet my lord the king.\u201d [21] Abishai the son of Zeruiah answered, \u201cShall not Shimei be put to death for this, because he cursed the LORD\u2019s anointed?\u201d [22] But David said, \u201cWhat have I to do with you, you sons of Zeruiah, that you should this day be as an adversary to me? Shall anyone be put to death in Israel this day? For do I not know that I am this day king over Israel?\u201d [23] And the king said to Shimei, \u201cYou shall not die.\u201d And the king gave him his oath.\n\n  [24] And Mephibosheth the son of Saul came down to meet the king. He had neither taken care of his feet nor trimmed his beard nor washed his clothes, from the day the king departed until the day he came back in safety. [25] And when he came to Jerusalem to meet the king, the king said to him, \u201cWhy did you not go with me, Mephibosheth?\u201d [26] He answered, \u201cMy lord, O king, my servant deceived me, for your servant said to him, \u2018I will saddle a donkey for myself,(2) that I may ride on it and go with the king.\u2019 For your servant is lame. [27] He has slandered your servant to my lord the king. But my lord the king is like the angel of God; do therefore what seems good to you. [28] For all my father\u2019s house were but men doomed to death before my lord the king, but you set your servant among those who eat at your table. What further right have I, then, to cry to the king?\u201d [29] And the king said to him, \u201cWhy speak any more of your affairs? I have decided: you and Ziba shall divide the land.\u201d [30] And Mephibosheth said to the king, \u201cOh, let him take it all, since my lord the king has come safely home.\u201d\n\n  [31] Now Barzillai the Gileadite had come down from Rogelim, and he went on with the king to the Jordan, to escort him over the Jordan. [32] Barzillai was a very aged man, eighty years old. He had provided the king with food while he stayed at Mahanaim, for he was a very wealthy man. [33] And the king said to Barzillai, \u201cCome over with me, and I will provide for you with me in Jerusalem.\u201d [34] But Barzillai said to the king, \u201cHow many years have I still to live, that I should go up with the king to Jerusalem? [35] I am this day eighty years old. Can I discern what is pleasant and what is not? Can your servant taste what he eats or what he drinks? Can I still listen to the voice of singing men and singing women? Why then should your servant be an added burden to my lord the king? [36] Your servant will go a little way over the Jordan with the king. Why should the king repay me with such a reward? [37] Please let your servant return, that I may die in my own city near the grave of my father and my mother. But here is your servant Chimham. Let him go over with my lord the king, and do for him whatever seems good to you.\u201d [38] And the king answered, \u201cChimham shall go over with me, and I will do for him whatever seems good to you, and all that you desire of me I will do for you.\u201d [39] Then all the people went over the Jordan, and the king went over. And the king kissed Barzillai and blessed him, and he returned to his own home. [40] The king went on to Gilgal, and Chimham went on with him. All the people of Judah, and also half the people of Israel, brought the king on his way.\n\n  [41] Then all the men of Israel came to the king and said to the king, \u201cWhy have our brothers the men of Judah stolen you away and brought the king and his household over the Jordan, and all David\u2019s men with him?\u201d [42] All the men of Judah answered the men of Israel, \u201cBecause the king is our close relative. Why then are you angry over this matter? Have we eaten at all at the king\u2019s expense? Or has he given us any gift?\u201d [43] And the men of Israel answered the men of Judah, \u201cWe have ten shares in the king, and in David also we have more than you. Why then did you despise us? Were we not the first to speak of bringing back our king?\u201d But the words of the men of Judah were fiercer than the words of the men of Israel.\n\nFootnotes\n\n(1) 19:11 Septuagint; Hebrew *to the king, to his house*\n\n(2) 19:26 Septuagint, Syriac, Vulgate *Saddle a donkey for me*\n (ESV)"]}