{"query": "2 Samuel 13", "canonical": "2 Samuel 13", "parsed": [[10013001, 10013039]], "passage_meta": [{"canonical": "2 Samuel 13", "chapter_start": [10013001, 10013039], "chapter_end": [10013001, 10013039], "prev_verse": 10012031, "next_verse": 10014001, "prev_chapter": [10012001, 10012031], "next_chapter": [10014001, 10014033]}], "passages": ["2 Samuel 13\n\nAmnon and Tamar\n\n  [1] Now Absalom, David\u2019s son, had a beautiful sister, whose name was Tamar. And after a time Amnon, David\u2019s son, loved her. [2] And Amnon was so tormented that he made himself ill because of his sister Tamar, for she was a virgin, and it seemed impossible to Amnon to do anything to her. [3] But Amnon had a friend, whose name was Jonadab, the son of Shimeah, David\u2019s brother. And Jonadab was a very crafty man. [4] And he said to him, \u201cO son of the king, why are you so haggard morning after morning? Will you not tell me?\u201d Amnon said to him, \u201cI love Tamar, my brother Absalom\u2019s sister.\u201d [5] Jonadab said to him, \u201cLie down on your bed and pretend to be ill. And when your father comes to see you, say to him, \u2018Let my sister Tamar come and give me bread to eat, and prepare the food in my sight, that I may see it and eat it from her hand.\u2019\u201d [6] So Amnon lay down and pretended to be ill. And when the king came to see him, Amnon said to the king, \u201cPlease let my sister Tamar come and make a couple of cakes in my sight, that I may eat from her hand.\u201d\n\n  [7] Then David sent home to Tamar, saying, \u201cGo to your brother Amnon\u2019s house and prepare food for him.\u201d [8] So Tamar went to her brother Amnon\u2019s house, where he was lying down. And she took dough and kneaded it and made cakes in his sight and baked the cakes. [9] And she took the pan and emptied it out before him, but he refused to eat. And Amnon said, \u201cSend out everyone from me.\u201d So everyone went out from him. [10] Then Amnon said to Tamar, \u201cBring the food into the chamber, that I may eat from your hand.\u201d And Tamar took the cakes she had made and brought them into the chamber to Amnon her brother. [11] But when she brought them near him to eat, he took hold of her and said to her, \u201cCome, lie with me, my sister.\u201d [12] She answered him, \u201cNo, my brother, do not violate(1) me, for such a thing is not done in Israel; do not do this outrageous thing. [13] As for me, where could I carry my shame? And as for you, you would be as one of the outrageous fools in Israel. Now therefore, please speak to the king, for he will not withhold me from you.\u201d [14] But he would not listen to her, and being stronger than she, he violated her and lay with her.\n\n  [15] Then Amnon hated her with very great hatred, so that the hatred with which he hated her was greater than the love with which he had loved her. And Amnon said to her, \u201cGet up! Go!\u201d [16] But she said to him, \u201cNo, my brother, for this wrong in sending me away is greater than the other that you did to me.\u201d(2) But he would not listen to her. [17] He called the young man who served him and said, \u201cPut this woman out of my presence and bolt the door after her.\u201d [18] Now she was wearing a long robe with sleeves,(3) for thus were the virgin daughters of the king dressed. So his servant put her out and bolted the door after her. [19] And Tamar put ashes on her head and tore the long robe that she wore. And she laid her hand on her head and went away, crying aloud as she went.\n\n  [20] And her brother Absalom said to her, \u201cHas Amnon your brother been with you? Now hold your peace, my sister. He is your brother; do not take this to heart.\u201d So Tamar lived, a desolate woman, in her brother Absalom\u2019s house. [21] When King David heard of all these things, he was very angry.(4) [22] But Absalom spoke to Amnon neither good nor bad, for Absalom hated Amnon, because he had violated his sister Tamar.\n\nAbsalom Murders Amnon\n\n  [23] After two full years Absalom had sheepshearers at Baal-hazor, which is near Ephraim, and Absalom invited all the king\u2019s sons. [24] And Absalom came to the king and said, \u201cBehold, your servant has sheepshearers. Please let the king and his servants go with your servant.\u201d [25] But the king said to Absalom, \u201cNo, my son, let us not all go, lest we be burdensome to you.\u201d He pressed him, but he would not go but gave him his blessing. [26] Then Absalom said, \u201cIf not, please let my brother Amnon go with us.\u201d And the king said to him, \u201cWhy should he go with you?\u201d [27] But Absalom pressed him until he let Amnon and all the king\u2019s sons go with him. [28] Then Absalom commanded his servants, \u201cMark when Amnon\u2019s heart is merry with wine, and when I say to you, \u2018Strike Amnon,\u2019 then kill him. Do not fear; have I not commanded you? Be courageous and be valiant.\u201d [29] So the servants of Absalom did to Amnon as Absalom had commanded. Then all the king\u2019s sons arose, and each mounted his mule and fled.\n\n  [30] While they were on the way, news came to David, \u201cAbsalom has struck down all the king\u2019s sons, and not one of them is left.\u201d [31] Then the king arose and tore his garments and lay on the earth. And all his servants who were standing by tore their garments. [32] But Jonadab the son of Shimeah, David\u2019s brother, said, \u201cLet not my lord suppose that they have killed all the young men, the king\u2019s sons, for Amnon alone is dead. For by the command of Absalom this has been determined from the day he violated his sister Tamar. [33] Now therefore let not my lord the king so take it to heart as to suppose that all the king\u2019s sons are dead, for Amnon alone is dead.\u201d\n\nAbsalom Flees to Geshur\n\n  [34] But Absalom fled. And the young man who kept the watch lifted up his eyes and looked, and behold, many people were coming from the road behind him(5) by the side of the mountain. [35] And Jonadab said to the king, \u201cBehold, the king\u2019s sons have come; as your servant said, so it has come about.\u201d [36] And as soon as he had finished speaking, behold, the king\u2019s sons came and lifted up their voice and wept. And the king also and all his servants wept very bitterly.\n\n  [37] But Absalom fled and went to Talmai the son of Ammihud, king of Geshur. And David mourned for his son day after day. [38] So Absalom fled and went to Geshur, and was there three years. [39] And the spirit of the king(6) longed to go out(7) to Absalom, because he was comforted about Amnon, since he was dead.\n\nFootnotes\n\n(1) 13:12 Or *humiliate*; also verses 14, 22, 32\n\n(2) 13:16 Compare Septuagint, Vulgate; the meaning of the Hebrew is uncertain\n\n(3) 13:18 Or *a robe of many colors* (compare Genesis 37:3); compare *long robe*, verse 19\n\n(4) 13:21 Dead Sea Scroll, Septuagint add *But he would not punish his son Amnon, because he loved him, since he was his firstborn*\n\n(5) 13:34 Septuagint *the Horonaim Road*\n\n(6) 13:39 Dead Sea Scroll, Septuagint; Hebrew *David*\n\n(7) 13:39 Compare Vulgate *ceased to go out*\n (ESV)"]}