{"query": "2 Samuel 9", "canonical": "2 Samuel 9", "parsed": [[10009001, 10009013]], "passage_meta": [{"canonical": "2 Samuel 9", "chapter_start": [10009001, 10009013], "chapter_end": [10009001, 10009013], "prev_verse": 10008018, "next_verse": 10010001, "prev_chapter": [10008001, 10008018], "next_chapter": [10010001, 10010019]}], "passages": ["2 Samuel 9\n\nDavid\u2019s Kindness to Mephibosheth\n\n  [1] And David said, \u201cIs there still anyone left of the house of Saul, that I may show him kindness for Jonathan\u2019s sake?\u201d [2] Now there was a servant of the house of Saul whose name was Ziba, and they called him to David. And the king said to him, \u201cAre you Ziba?\u201d And he said, \u201cI am your servant.\u201d [3] And the king said, \u201cIs there not still someone of the house of Saul, that I may show the kindness of God to him?\u201d Ziba said to the king, \u201cThere is still a son of Jonathan; he is crippled in his feet.\u201d [4] The king said to him, \u201cWhere is he?\u201d And Ziba said to the king, \u201cHe is in the house of Machir the son of Ammiel, at Lo-debar.\u201d [5] Then King David sent and brought him from the house of Machir the son of Ammiel, at Lo-debar. [6] And Mephibosheth the son of Jonathan, son of Saul, came to David and fell on his face and paid homage. And David said, \u201cMephibosheth!\u201d And he answered, \u201cBehold, I am your servant.\u201d [7] And David said to him, \u201cDo not fear, for I will show you kindness for the sake of your father Jonathan, and I will restore to you all the land of Saul your father, and you shall eat at my table always.\u201d [8] And he paid homage and said, \u201cWhat is your servant, that you should show regard for a dead dog such as I?\u201d\n\n  [9] Then the king called Ziba, Saul\u2019s servant, and said to him, \u201cAll that belonged to Saul and to all his house I have given to your master\u2019s grandson. [10] And you and your sons and your servants shall till the land for him and shall bring in the produce, that your master\u2019s grandson may have bread to eat. But Mephibosheth your master\u2019s grandson shall always eat at my table.\u201d Now Ziba had fifteen sons and twenty servants. [11] Then Ziba said to the king, \u201cAccording to all that my lord the king commands his servant, so will your servant do.\u201d So Mephibosheth ate at David\u2019s(1) table, like one of the king\u2019s sons. [12] And Mephibosheth had a young son, whose name was Mica. And all who lived in Ziba\u2019s house became Mephibosheth\u2019s servants. [13] So Mephibosheth lived in Jerusalem, for he ate always at the king\u2019s table. Now he was lame in both his feet.\n\nFootnotes\n\n(1) 9:11 Septuagint; Hebrew *my*\n (ESV)"]}