{"query": "2 Samuel 23", "canonical": "2 Samuel 23", "parsed": [[10023001, 10023039]], "passage_meta": [{"canonical": "2 Samuel 23", "chapter_start": [10023001, 10023039], "chapter_end": [10023001, 10023039], "prev_verse": 10022051, "next_verse": 10024001, "prev_chapter": [10022001, 10022051], "next_chapter": [10024001, 10024025]}], "passages": ["2 Samuel 23\n\nThe Last Words of David\n\n  [1] Now these are the last words of David:\n\n    The oracle of David, the son of Jesse,\n        the oracle of the man who was raised on high,\n    the anointed of the God of Jacob,\n        the sweet psalmist of Israel:(1)\n    \n    \n    [2] \u201cThe Spirit of the LORD speaks by me;\n        his word is on my tongue.\n    [3] The God of Israel has spoken;\n        the Rock of Israel has said to me:\n    When one rules justly over men,\n        ruling in the fear of God,\n    [4] he dawns on them like the morning light,\n        like the sun shining forth on a cloudless morning,\n        like rain(2) that makes grass to sprout from the earth.\n    \n    \n    [5] \u201cFor does not my house stand so with God?\n        For he has made with me an everlasting covenant,\n        ordered in all things and secure.\n    For will he not cause to prosper\n        all my help and my desire?\n    [6] But worthless men(3) are all like thorns that are thrown away,\n        for they cannot be taken with the hand;\n    [7] but the man who touches them\n        arms himself with iron and the shaft of a spear,\n        and they are utterly consumed with fire.\u201d(4)\n    \n    \n    David\u2019s Mighty Men\n\n  [8] These are the names of the mighty men whom David had: Josheb-basshebeth a Tahchemonite; he was chief of the three.(5) He wielded his spear(6) against eight hundred whom he killed at one time.\n\n  [9] And next to him among the three mighty men was Eleazar the son of Dodo, son of Ahohi. He was with David when they defied the Philistines who were gathered there for battle, and the men of Israel withdrew. [10] He rose and struck down the Philistines until his hand was weary, and his hand clung to the sword. And the LORD brought about a great victory that day, and the men returned after him only to strip the slain.\n\n  [11] And next to him was Shammah, the son of Agee the Hararite. The Philistines gathered together at Lehi,(7) where there was a plot of ground full of lentils, and the men fled from the Philistines. [12] But he took his stand in the midst of the plot and defended it and struck down the Philistines, and the LORD worked a great victory.\n\n  [13] And three of the thirty chief men went down and came about harvest time to David at the cave of Adullam, when a band of Philistines was encamped in the Valley of Rephaim. [14] David was then in the stronghold, and the garrison of the Philistines was then at Bethlehem. [15] And David said longingly, \u201cOh, that someone would give me water to drink from the well of Bethlehem that is by the gate!\u201d [16] Then the three mighty men broke through the camp of the Philistines and drew water out of the well of Bethlehem that was by the gate and carried and brought it to David. But he would not drink of it. He poured it out to the LORD [17] and said, \u201cFar be it from me, O LORD, that I should do this. Shall I drink the blood of the men who went at the risk of their lives?\u201d Therefore he would not drink it. These things the three mighty men did.\n\n  [18] Now Abishai, the brother of Joab, the son of Zeruiah, was chief of the thirty.(8) And he wielded his spear against three hundred men(9) and killed them and won a name beside the three. [19] He was the most renowned of the thirty(10) and became their commander, but he did not attain to the three.\n\n  [20] And Benaiah the son of Jehoiada was a valiant man(11) of Kabzeel, a doer of great deeds. He struck down two ariels(12) of Moab. He also went down and struck down a lion in a pit on a day when snow had fallen. [21] And he struck down an Egyptian, a handsome man. The Egyptian had a spear in his hand, but Benaiah went down to him with a staff and snatched the spear out of the Egyptian\u2019s hand and killed him with his own spear. [22] These things did Benaiah the son of Jehoiada, and won a name beside the three mighty men. [23] He was renowned among the thirty, but he did not attain to the three. And David set him over his bodyguard.\n\n  [24] Asahel the brother of Joab was one of the thirty; Elhanan the son of Dodo of Bethlehem, [25] Shammah of Harod, Elika of Harod, [26] Helez the Paltite, Ira the son of Ikkesh of Tekoa, [27] Abiezer of Anathoth, Mebunnai the Hushathite, [28] Zalmon the Ahohite, Maharai of Netophah, [29] Heleb the son of Baanah of Netophah, Ittai the son of Ribai of Gibeah of the people of Benjamin, [30] Benaiah of Pirathon, Hiddai of the brooks of Gaash, [31] Abi-albon the Arbathite, Azmaveth of Bahurim, [32] Eliahba the Shaalbonite, the sons of Jashen, Jonathan, [33] Shammah the Hararite, Ahiam the son of Sharar the Hararite, [34] Eliphelet the son of Ahasbai of Maacah, Eliam the son of Ahithophel the Gilonite, [35] Hezro(13) of Carmel, Paarai the Arbite, [36] Igal the son of Nathan of Zobah, Bani the Gadite, [37] Zelek the Ammonite, Naharai of Beeroth, the armor-bearer of Joab the son of Zeruiah, [38] Ira the Ithrite, Gareb the Ithrite, [39] Uriah the Hittite: thirty-seven in all.\n\nFootnotes\n\n(1) 23:1 Or *the favorite of the songs of Israel*\n\n(2) 23:4 Hebrew *from rain*\n\n(3) 23:6 Hebrew *worthlessness*\n\n(4) 23:7 Hebrew *consumed with fire in the sitting*\n\n(5) 23:8 Or *of the captains*\n\n(6) 23:8 Compare 1 Chronicles 11:11; the meaning of the Hebrew expression is uncertain\n\n(7) 23:11 Or *gathered together as a camp*\n\n(8) 23:18 Two Hebrew manuscripts, Syriac; most Hebrew manuscripts *three*\n\n(9) 23:18 Or *slain ones*\n\n(10) 23:19 Compare 1 Chronicles 11:21; Hebrew *Was he the most renowned of the three?*\n\n(11) 23:20 Or *the son of Ishhai*\n\n(12) 23:20 The meaning of the word *ariel* is unknown\n\n(13) 23:35 Or *Hezrai*\n (ESV)"]}