{"query": "2 Samuel 2", "canonical": "2 Samuel 2", "parsed": [[10002001, 10002032]], "passage_meta": [{"canonical": "2 Samuel 2", "chapter_start": [10002001, 10002032], "chapter_end": [10002001, 10002032], "prev_verse": 10001027, "next_verse": 10003001, "prev_chapter": [10001001, 10001027], "next_chapter": [10003001, 10003039]}], "passages": ["2 Samuel 2\n\nDavid Anointed King of Judah\n\n  [1] After this David inquired of the LORD, \u201cShall I go up into any of the cities of Judah?\u201d And the LORD said to him, \u201cGo up.\u201d David said, \u201cTo which shall I go up?\u201d And he said, \u201cTo Hebron.\u201d [2] So David went up there, and his two wives also, Ahinoam of Jezreel and Abigail the widow of Nabal of Carmel. [3] And David brought up his men who were with him, everyone with his household, and they lived in the towns of Hebron. [4] And the men of Judah came, and there they anointed David king over the house of Judah.\n\n  When they told David, \u201cIt was the men of Jabesh-gilead who buried Saul,\u201d [5] David sent messengers to the men of Jabesh-gilead and said to them, \u201cMay you be blessed by the LORD, because you showed this loyalty to Saul your lord and buried him. [6] Now may the LORD show steadfast love and faithfulness to you. And I will do good to you because you have done this thing. [7] Now therefore let your hands be strong, and be valiant, for Saul your lord is dead, and the house of Judah has anointed me king over them.\u201d\n\nIsh-bosheth Made King of Israel\n\n  [8] But Abner the son of Ner, commander of Saul\u2019s army, took Ish-bosheth the son of Saul and brought him over to Mahanaim, [9] and he made him king over Gilead and the Ashurites and Jezreel and Ephraim and Benjamin and all Israel. [10] Ish-bosheth, Saul\u2019s son, was forty years old when he began to reign over Israel, and he reigned two years. But the house of Judah followed David. [11] And the time that David was king in Hebron over the house of Judah was seven years and six months.\n\nThe Battle of Gibeon\n\n  [12] Abner the son of Ner, and the servants of Ish-bosheth the son of Saul, went out from Mahanaim to Gibeon. [13] And Joab the son of Zeruiah and the servants of David went out and met them at the pool of Gibeon. And they sat down, the one on the one side of the pool, and the other on the other side of the pool. [14] And Abner said to Joab, \u201cLet the young men arise and compete before us.\u201d And Joab said, \u201cLet them arise.\u201d [15] Then they arose and passed over by number, twelve for Benjamin and Ish-bosheth the son of Saul, and twelve of the servants of David. [16] And each caught his opponent by the head and thrust his sword in his opponent\u2019s side, so they fell down together. Therefore that place was called Helkath-hazzurim,(1) which is at Gibeon. [17] And the battle was very fierce that day. And Abner and the men of Israel were beaten before the servants of David.\n\n  [18] And the three sons of Zeruiah were there, Joab, Abishai, and Asahel. Now Asahel was as swift of foot as a wild gazelle. [19] And Asahel pursued Abner, and as he went, he turned neither to the right hand nor to the left from following Abner. [20] Then Abner looked behind him and said, \u201cIs it you, Asahel?\u201d And he answered, \u201cIt is I.\u201d [21] Abner said to him, \u201cTurn aside to your right hand or to your left, and seize one of the young men and take his spoil.\u201d But Asahel would not turn aside from following him. [22] And Abner said again to Asahel, \u201cTurn aside from following me. Why should I strike you to the ground? How then could I lift up my face to your brother Joab?\u201d [23] But he refused to turn aside. Therefore Abner struck him in the stomach with the butt of his spear, so that the spear came out at his back. And he fell there and died where he was. And all who came to the place where Asahel had fallen and died, stood still.\n\n  [24] But Joab and Abishai pursued Abner. And as the sun was going down they came to the hill of Ammah, which lies before Giah on the way to the wilderness of Gibeon. [25] And the people of Benjamin gathered themselves together behind Abner and became one group and took their stand on the top of a hill. [26] Then Abner called to Joab, \u201cShall the sword devour forever? Do you not know that the end will be bitter? How long will it be before you tell your people to turn from the pursuit of their brothers?\u201d [27] And Joab said, \u201cAs God lives, if you had not spoken, surely the men would not have given up the pursuit of their brothers until the morning.\u201d [28] So Joab blew the trumpet, and all the men stopped and pursued Israel no more, nor did they fight anymore.\n\n  [29] And Abner and his men went all that night through the Arabah. They crossed the Jordan, and marching the whole morning, they came to Mahanaim. [30] Joab returned from the pursuit of Abner. And when he had gathered all the people together, there were missing from David\u2019s servants nineteen men besides Asahel. [31] But the servants of David had struck down of Benjamin 360 of Abner\u2019s men. [32] And they took up Asahel and buried him in the tomb of his father, which was at Bethlehem. And Joab and his men marched all night, and the day broke upon them at Hebron.\n\nFootnotes\n\n(1) 2:16 *Helkath-hazzurim* means *the field of sword-edges*\n (ESV)"]}