{"query": "2 Samuel 12", "canonical": "2 Samuel 12", "parsed": [[10012001, 10012031]], "passage_meta": [{"canonical": "2 Samuel 12", "chapter_start": [10012001, 10012031], "chapter_end": [10012001, 10012031], "prev_verse": 10011027, "next_verse": 10013001, "prev_chapter": [10011001, 10011027], "next_chapter": [10013001, 10013039]}], "passages": ["2 Samuel 12\n\nNathan Rebukes David\n\n  [1] And the LORD sent Nathan to David. He came to him and said to him, \u201cThere were two men in a certain city, the one rich and the other poor. [2] The rich man had very many flocks and herds, [3] but the poor man had nothing but one little ewe lamb, which he had bought. And he brought it up, and it grew up with him and with his children. It used to eat of his morsel and drink from his cup and lie in his arms,(1) and it was like a daughter to him. [4] Now there came a traveler to the rich man, and he was unwilling to take one of his own flock or herd to prepare for the guest who had come to him, but he took the poor man\u2019s lamb and prepared it for the man who had come to him.\u201d [5] Then David\u2019s anger was greatly kindled against the man, and he said to Nathan, \u201cAs the LORD lives, the man who has done this deserves to die, [6] and he shall restore the lamb fourfold, because he did this thing, and because he had no pity.\u201d\n\n  [7] Nathan said to David, \u201cYou are the man! Thus says the LORD, the God of Israel, \u2018I anointed you king over Israel, and I delivered you out of the hand of Saul. [8] And I gave you your master\u2019s house and your master\u2019s wives into your arms and gave you the house of Israel and of Judah. And if this were too little, I would add to you as much more. [9] Why have you despised the word of the LORD, to do what is evil in his sight? You have struck down Uriah the Hittite with the sword and have taken his wife to be your wife and have killed him with the sword of the Ammonites. [10] Now therefore the sword shall never depart from your house, because you have despised me and have taken the wife of Uriah the Hittite to be your wife.\u2019 [11] Thus says the LORD, \u2018Behold, I will raise up evil against you out of your own house. And I will take your wives before your eyes and give them to your neighbor, and he shall lie with your wives in the sight of this sun. [12] For you did it secretly, but I will do this thing before all Israel and before the sun.\u2019\u201d [13] David said to Nathan, \u201cI have sinned against the LORD.\u201d And Nathan said to David, \u201cThe LORD also has put away your sin; you shall not die. [14] Nevertheless, because by this deed you have utterly scorned the LORD,(2) the child who is born to you shall die.\u201d [15] Then Nathan went to his house.\n\nDavid\u2019s Child Dies\n\n  And the LORD afflicted the child that Uriah\u2019s wife bore to David, and he became sick. [16] David therefore sought God on behalf of the child. And David fasted and went in and lay all night on the ground. [17] And the elders of his house stood beside him, to raise him from the ground, but he would not, nor did he eat food with them. [18] On the seventh day the child died. And the servants of David were afraid to tell him that the child was dead, for they said, \u201cBehold, while the child was yet alive, we spoke to him, and he did not listen to us. How then can we say to him the child is dead? He may do himself some harm.\u201d [19] But when David saw that his servants were whispering together, David understood that the child was dead. And David said to his servants, \u201cIs the child dead?\u201d They said, \u201cHe is dead.\u201d [20] Then David arose from the earth and washed and anointed himself and changed his clothes. And he went into the house of the LORD and worshiped. He then went to his own house. And when he asked, they set food before him, and he ate. [21] Then his servants said to him, \u201cWhat is this thing that you have done? You fasted and wept for the child while he was alive; but when the child died, you arose and ate food.\u201d [22] He said, \u201cWhile the child was still alive, I fasted and wept, for I said, \u2018Who knows whether the LORD will be gracious to me, that the child may live?\u2019 [23] But now he is dead. Why should I fast? Can I bring him back again? I shall go to him, but he will not return to me.\u201d\n\nSolomon\u2019s Birth\n\n  [24] Then David comforted his wife, Bathsheba, and went in to her and lay with her, and she bore a son, and he called his name Solomon. And the LORD loved him [25] and sent a message by Nathan the prophet. So he called his name Jedidiah,(3) because of the LORD.\n\nRabbah Is Captured\n\n  [26] Now Joab fought against Rabbah of the Ammonites and took the royal city. [27] And Joab sent messengers to David and said, \u201cI have fought against Rabbah; moreover, I have taken the city of waters. [28] Now then gather the rest of the people together and encamp against the city and take it, lest I take the city and it be called by my name.\u201d [29] So David gathered all the people together and went to Rabbah and fought against it and took it. [30] And he took the crown of their king from his head. The weight of it was a talent(4) of gold, and in it was a precious stone, and it was placed on David\u2019s head. And he brought out the spoil of the city, a very great amount. [31] And he brought out the people who were in it and set them to labor with saws and iron picks and iron axes and made them toil at(5) the brick kilns. And thus he did to all the cities of the Ammonites. Then David and all the people returned to Jerusalem.\n\nFootnotes\n\n(1) 12:3 Hebrew *bosom*; also verse 8\n\n(2) 12:14 Masoretic Text *the enemies of the Lord*; Dead Sea Scroll *the word of the Lord*\n\n(3) 12:25 *Jedidiah* means *beloved of the Lord*\n\n(4) 12:30 A *talent* was about 75 pounds or 34 kilograms\n\n(5) 12:31 Hebrew *pass through*\n (ESV)"]}