{"query": "2 Samuel 6", "canonical": "2 Samuel 6", "parsed": [[10006001, 10006023]], "passage_meta": [{"canonical": "2 Samuel 6", "chapter_start": [10006001, 10006023], "chapter_end": [10006001, 10006023], "prev_verse": 10005025, "next_verse": 10007001, "prev_chapter": [10005001, 10005025], "next_chapter": [10007001, 10007029]}], "passages": ["2 Samuel 6\n\nThe Ark Brought to Jerusalem\n\n  [1] David again gathered all the chosen men of Israel, thirty thousand. [2] And David arose and went with all the people who were with him from Baale-judah to bring up from there the ark of God, which is called by the name of the LORD of hosts who sits enthroned on the cherubim. [3] And they carried the ark of God on a new cart and brought it out of the house of Abinadab, which was on the hill. And Uzzah and Ahio,(1) the sons of Abinadab, were driving the new cart, [4] with the ark of God,(2) and Ahio went before the ark.\n\nUzzah and the Ark\n\n  [5] And David and all the house of Israel were celebrating before the LORD, with songs(3) and lyres and harps and tambourines and castanets and cymbals. [6] And when they came to the threshing floor of Nacon, Uzzah put out his hand to the ark of God and took hold of it, for the oxen stumbled. [7] And the anger of the LORD was kindled against Uzzah, and God struck him down there because of his error, and he died there beside the ark of God. [8] And David was angry because the LORD had broken out against Uzzah. And that place is called Perez-uzzah(4) to this day. [9] And David was afraid of the LORD that day, and he said, \u201cHow can the ark of the LORD come to me?\u201d [10] So David was not willing to take the ark of the LORD into the city of David. But David took it aside to the house of Obed-edom the Gittite. [11] And the ark of the LORD remained in the house of Obed-edom the Gittite three months, and the LORD blessed Obed-edom and all his household.\n\n  [12] And it was told King David, \u201cThe LORD has blessed the household of Obed-edom and all that belongs to him, because of the ark of God.\u201d So David went and brought up the ark of God from the house of Obed-edom to the city of David with rejoicing. [13] And when those who bore the ark of the LORD had gone six steps, he sacrificed an ox and a fattened animal. [14] And David danced before the LORD with all his might. And David was wearing a linen ephod. [15] So David and all the house of Israel brought up the ark of the LORD with shouting and with the sound of the horn.\n\nDavid and Michal\n\n  [16] As the ark of the LORD came into the city of David, Michal the daughter of Saul looked out of the window and saw King David leaping and dancing before the LORD, and she despised him in her heart. [17] And they brought in the ark of the LORD and set it in its place, inside the tent that David had pitched for it. And David offered burnt offerings and peace offerings before the LORD. [18] And when David had finished offering the burnt offerings and the peace offerings, he blessed the people in the name of the LORD of hosts [19] and distributed among all the people, the whole multitude of Israel, both men and women, a cake of bread, a portion of meat,(5) and a cake of raisins to each one. Then all the people departed, each to his house.\n\n  [20] And David returned to bless his household. But Michal the daughter of Saul came out to meet David and said, \u201cHow the king of Israel honored himself today, uncovering himself today before the eyes of his servants\u2019 female servants, as one of the vulgar fellows shamelessly uncovers himself!\u201d [21] And David said to Michal, \u201cIt was before the LORD, who chose me above your father and above all his house, to appoint me as prince(6) over Israel, the people of the LORD\u2014and I will celebrate before the LORD. [22] I will make myself yet more contemptible than this, and I will be abased in your(7) eyes. But by the female servants of whom you have spoken, by them I shall be held in honor.\u201d [23] And Michal the daughter of Saul had no child to the day of her death.\n\nFootnotes\n\n(1) 6:3 Or *and his brother*; also verse 4\n\n(2) 6:4 Compare Septuagint; Hebrew *the new cart, [4] and brought it out of the house of Abinadab, which was on the hill, with the ark of God*\n\n(3) 6:5 Septuagint, 1 Chronicles 13:8; Hebrew *fir trees*\n\n(4) 6:8 *Perez-uzzah* means *the breaking out against Uzzah*\n\n(5) 6:19 Vulgate; the meaning of the Hebrew term is uncertain\n\n(6) 6:21 Or *leader*\n\n(7) 6:22 Septuagint; Hebrew *my*\n (ESV)"]}