{"query": "2 Samuel 14", "canonical": "2 Samuel 14", "parsed": [[10014001, 10014033]], "passage_meta": [{"canonical": "2 Samuel 14", "chapter_start": [10014001, 10014033], "chapter_end": [10014001, 10014033], "prev_verse": 10013039, "next_verse": 10015001, "prev_chapter": [10013001, 10013039], "next_chapter": [10015001, 10015037]}], "passages": ["2 Samuel 14\n\nAbsalom Returns to Jerusalem\n\n  [1] Now Joab the son of Zeruiah knew that the king\u2019s heart went out to Absalom. [2] And Joab sent to Tekoa and brought from there a wise woman and said to her, \u201cPretend to be a mourner and put on mourning garments. Do not anoint yourself with oil, but behave like a woman who has been mourning many days for the dead. [3] Go to the king and speak thus to him.\u201d So Joab put the words in her mouth.\n\n  [4] When the woman of Tekoa came to the king, she fell on her face to the ground and paid homage and said, \u201cSave me, O king.\u201d [5] And the king said to her, \u201cWhat is your trouble?\u201d She answered, \u201cAlas, I am a widow; my husband is dead. [6] And your servant had two sons, and they quarreled with one another in the field. There was no one to separate them, and one struck the other and killed him. [7] And now the whole clan has risen against your servant, and they say, \u2018Give up the man who struck his brother, that we may put him to death for the life of his brother whom he killed.\u2019 And so they would destroy the heir also. Thus they would quench my coal that is left and leave to my husband neither name nor remnant on the face of the earth.\u201d\n\n  [8] Then the king said to the woman, \u201cGo to your house, and I will give orders concerning you.\u201d [9] And the woman of Tekoa said to the king, \u201cOn me be the guilt, my lord the king, and on my father\u2019s house; let the king and his throne be guiltless.\u201d [10] The king said, \u201cIf anyone says anything to you, bring him to me, and he shall never touch you again.\u201d [11] Then she said, \u201cPlease let the king invoke the LORD your God, that the avenger of blood kill no more, and my son be not destroyed.\u201d He said, \u201cAs the LORD lives, not one hair of your son shall fall to the ground.\u201d\n\n  [12] Then the woman said, \u201cPlease let your servant speak a word to my lord the king.\u201d He said, \u201cSpeak.\u201d [13] And the woman said, \u201cWhy then have you planned such a thing against the people of God? For in giving this decision the king convicts himself, inasmuch as the king does not bring his banished one home again. [14] We must all die; we are like water spilled on the ground, which cannot be gathered up again. But God will not take away life, and he devises means so that the banished one will not remain an outcast. [15] Now I have come to say this to my lord the king because the people have made me afraid, and your servant thought, \u2018I will speak to the king; it may be that the king will perform the request of his servant. [16] For the king will hear and deliver his servant from the hand of the man who would destroy me and my son together from the heritage of God.\u2019 [17] And your servant thought, \u2018The word of my lord the king will set me at rest,\u2019 for my lord the king is like the angel of God to discern good and evil. The LORD your God be with you!\u201d\n\n  [18] Then the king answered the woman, \u201cDo not hide from me anything I ask you.\u201d And the woman said, \u201cLet my lord the king speak.\u201d [19] The king said, \u201cIs the hand of Joab with you in all this?\u201d The woman answered and said, \u201cAs surely as you live, my lord the king, one cannot turn to the right hand or to the left from anything that my lord the king has said. It was your servant Joab who commanded me; it was he who put all these words in the mouth of your servant. [20] In order to change the course of things your servant Joab did this. But my lord has wisdom like the wisdom of the angel of God to know all things that are on the earth.\u201d\n\n  [21] Then the king said to Joab, \u201cBehold now, I grant this; go, bring back the young man Absalom.\u201d [22] And Joab fell on his face to the ground and paid homage and blessed the king. And Joab said, \u201cToday your servant knows that I have found favor in your sight, my lord the king, in that the king has granted the request of his servant.\u201d [23] So Joab arose and went to Geshur and brought Absalom to Jerusalem. [24] And the king said, \u201cLet him dwell apart in his own house; he is not to come into my presence.\u201d So Absalom lived apart in his own house and did not come into the king\u2019s presence.\n\n  [25] Now in all Israel there was no one so much to be praised for his handsome appearance as Absalom. From the sole of his foot to the crown of his head there was no blemish in him. [26] And when he cut the hair of his head (for at the end of every year he used to cut it; when it was heavy on him, he cut it), he weighed the hair of his head, two hundred shekels(1) by the king\u2019s weight. [27] There were born to Absalom three sons, and one daughter whose name was Tamar. She was a beautiful woman.\n\n  [28] So Absalom lived two full years in Jerusalem, without coming into the king\u2019s presence. [29] Then Absalom sent for Joab, to send him to the king, but Joab would not come to him. And he sent a second time, but Joab would not come. [30] Then he said to his servants, \u201cSee, Joab\u2019s field is next to mine, and he has barley there; go and set it on fire.\u201d So Absalom\u2019s servants set the field on fire.(2) [31] Then Joab arose and went to Absalom at his house and said to him, \u201cWhy have your servants set my field on fire?\u201d [32] Absalom answered Joab, \u201cBehold, I sent word to you, \u2018Come here, that I may send you to the king, to ask, \u201cWhy have I come from Geshur? It would be better for me to be there still.\u201d Now therefore let me go into the presence of the king, and if there is guilt in me, let him put me to death.\u2019\u201d [33] Then Joab went to the king and told him, and he summoned Absalom. So he came to the king and bowed himself on his face to the ground before the king, and the king kissed Absalom.\n\nFootnotes\n\n(1) 14:26 A *shekel* was about 2/5 ounce or 11 grams\n\n(2) 14:30 Septuagint, Dead Sea Scroll add *So Joab\u2019s servants came to him with their clothes torn, and they said to him, \u201cThe servants of Absalom have set your field on fire.\u201d*\n (ESV)"]}