{"query": "2 Samuel 7", "canonical": "2 Samuel 7", "parsed": [[10007001, 10007029]], "passage_meta": [{"canonical": "2 Samuel 7", "chapter_start": [10007001, 10007029], "chapter_end": [10007001, 10007029], "prev_verse": 10006023, "next_verse": 10008001, "prev_chapter": [10006001, 10006023], "next_chapter": [10008001, 10008018]}], "passages": ["2 Samuel 7\n\nThe Lord\u2019s Covenant with David\n\n  [1] Now when the king lived in his house and the LORD had given him rest from all his surrounding enemies, [2] the king said to Nathan the prophet, \u201cSee now, I dwell in a house of cedar, but the ark of God dwells in a tent.\u201d [3] And Nathan said to the king, \u201cGo, do all that is in your heart, for the LORD is with you.\u201d\n\n  [4] But that same night the word of the LORD came to Nathan, [5] \u201cGo and tell my servant David, \u2018Thus says the LORD: Would you build me a house to dwell in? [6] I have not lived in a house since the day I brought up the people of Israel from Egypt to this day, but I have been moving about in a tent for my dwelling. [7] In all places where I have moved with all the people of Israel, did I speak a word with any of the judges(1) of Israel, whom I commanded to shepherd my people Israel, saying, \u201cWhy have you not built me a house of cedar?\u201d\u2019 [8] Now, therefore, thus you shall say to my servant David, \u2018Thus says the LORD of hosts, I took you from the pasture, from following the sheep, that you should be prince(2) over my people Israel. [9] And I have been with you wherever you went and have cut off all your enemies from before you. And I will make for you a great name, like the name of the great ones of the earth. [10] And I will appoint a place for my people Israel and will plant them, so that they may dwell in their own place and be disturbed no more. And violent men shall afflict them no more, as formerly, [11] from the time that I appointed judges over my people Israel. And I will give you rest from all your enemies. Moreover, the LORD declares to you that the LORD will make you a house. [12] When your days are fulfilled and you lie down with your fathers, I will raise up your offspring after you, who shall come from your body, and I will establish his kingdom. [13] He shall build a house for my name, and I will establish the throne of his kingdom forever. [14] I will be to him a father, and he shall be to me a son. When he commits iniquity, I will discipline him with the rod of men, with the stripes of the sons of men, [15] but my steadfast love will not depart from him, as I took it from Saul, whom I put away from before you. [16] And your house and your kingdom shall be made sure forever before me.(3) Your throne shall be established forever.\u2019\u201d [17] In accordance with all these words, and in accordance with all this vision, Nathan spoke to David.\n\nDavid\u2019s Prayer of Gratitude\n\n  [18] Then King David went in and sat before the LORD and said, \u201cWho am I, O Lord GOD, and what is my house, that you have brought me thus far? [19] And yet this was a small thing in your eyes, O Lord GOD. You have spoken also of your servant\u2019s house for a great while to come, and this is instruction for mankind, O Lord GOD! [20] And what more can David say to you? For you know your servant, O Lord GOD! [21] Because of your promise, and according to your own heart, you have brought about all this greatness, to make your servant know it. [22] Therefore you are great, O LORD God. For there is none like you, and there is no God besides you, according to all that we have heard with our ears. [23] And who is like your people Israel, the one nation on earth whom God went to redeem to be his people, making himself a name and doing for them(4) great and awesome things by driving out before your people,(5) whom you redeemed for yourself from Egypt, a nation and its gods? [24] And you established for yourself your people Israel to be your people forever. And you, O LORD, became their God. [25] And now, O LORD God, confirm forever the word that you have spoken concerning your servant and concerning his house, and do as you have spoken. [26] And your name will be magnified forever, saying, \u2018The LORD of hosts is God over Israel,\u2019 and the house of your servant David will be established before you. [27] For you, O LORD of hosts, the God of Israel, have made this revelation to your servant, saying, \u2018I will build you a house.\u2019 Therefore your servant has found courage to pray this prayer to you. [28] And now, O Lord GOD, you are God, and your words are true, and you have promised this good thing to your servant. [29] Now therefore may it please you to bless the house of your servant, so that it may continue forever before you. For you, O Lord GOD, have spoken, and with your blessing shall the house of your servant be blessed forever.\u201d\n\nFootnotes\n\n(1) 7:7 Compare 1 Chronicles 17:6; Hebrew *tribes*\n\n(2) 7:8 Or *leader*\n\n(3) 7:16 Septuagint; Hebrew *you*\n\n(4) 7:23 With a few Targums, Vulgate, Syriac; Hebrew *you*\n\n(5) 7:23 Septuagint (compare 1 Chronicles 17:21); Hebrew *awesome things for your land, before your people*\n (ESV)"]}