{"query": "2 Samuel 24", "canonical": "2 Samuel 24", "parsed": [[10024001, 10024025]], "passage_meta": [{"canonical": "2 Samuel 24", "chapter_start": [10024001, 10024025], "chapter_end": [10024001, 10024025], "prev_verse": 10023039, "next_verse": 11001001, "prev_chapter": [10023001, 10023039], "next_chapter": [11001001, 11001053]}], "passages": ["2 Samuel 24\n\nDavid\u2019s Census\n\n  [1] Again the anger of the LORD was kindled against Israel, and he incited David against them, saying, \u201cGo, number Israel and Judah.\u201d [2] So the king said to Joab, the commander of the army,(1) who was with him, \u201cGo through all the tribes of Israel, from Dan to Beersheba, and number the people, that I may know the number of the people.\u201d [3] But Joab said to the king, \u201cMay the LORD your God add to the people a hundred times as many as they are, while the eyes of my lord the king still see it, but why does my lord the king delight in this thing?\u201d [4] But the king\u2019s word prevailed against Joab and the commanders of the army. So Joab and the commanders of the army went out from the presence of the king to number the people of Israel. [5] They crossed the Jordan and began from Aroer,(2) and from the city that is in the middle of the valley, toward Gad and on to Jazer. [6] Then they came to Gilead, and to Kadesh in the land of the Hittites;(3) and they came to Dan, and from Dan(4) they went around to Sidon, [7] and came to the fortress of Tyre and to all the cities of the Hivites and Canaanites; and they went out to the Negeb of Judah at Beersheba. [8] So when they had gone through all the land, they came to Jerusalem at the end of nine months and twenty days. [9] And Joab gave the sum of the numbering of the people to the king: in Israel there were 800,000 valiant men who drew the sword, and the men of Judah were 500,000.\n\nThe LORD\u2019s Judgment of David\u2019s Sin\n\n  [10] But David\u2019s heart struck him after he had numbered the people. And David said to the LORD, \u201cI have sinned greatly in what I have done. But now, O LORD, please take away the iniquity of your servant, for I have done very foolishly.\u201d [11] And when David arose in the morning, the word of the LORD came to the prophet Gad, David\u2019s seer, saying, [12] \u201cGo and say to David, \u2018Thus says the LORD, Three things I offer(5) you. Choose one of them, that I may do it to you.\u2019\u201d [13] So Gad came to David and told him, and said to him, \u201cShall three(6) years of famine come to you in your land? Or will you flee three months before your foes while they pursue you? Or shall there be three days\u2019 pestilence in your land? Now consider, and decide what answer I shall return to him who sent me.\u201d [14] Then David said to Gad, \u201cI am in great distress. Let us fall into the hand of the LORD, for his mercy is great; but let me not fall into the hand of man.\u201d\n\n  [15] So the LORD sent a pestilence on Israel from the morning until the appointed time. And there died of the people from Dan to Beersheba 70,000 men. [16] And when the angel stretched out his hand toward Jerusalem to destroy it, the LORD relented from the calamity and said to the angel who was working destruction among the people, \u201cIt is enough; now stay your hand.\u201d And the angel of the LORD was by the threshing floor of Araunah the Jebusite. [17] Then David spoke to the LORD when he saw the angel who was striking the people, and said, \u201cBehold, I have sinned, and I have done wickedly. But these sheep, what have they done? Please let your hand be against me and against my father\u2019s house.\u201d\n\nDavid Builds an Altar\n\n  [18] And Gad came that day to David and said to him, \u201cGo up, raise an altar to the LORD on the threshing floor of Araunah the Jebusite.\u201d [19] So David went up at Gad\u2019s word, as the LORD commanded. [20] And when Araunah looked down, he saw the king and his servants coming on toward him. And Araunah went out and paid homage to the king with his face to the ground. [21] And Araunah said, \u201cWhy has my lord the king come to his servant?\u201d David said, \u201cTo buy the threshing floor from you, in order to build an altar to the LORD, that the plague may be averted from the people.\u201d [22] Then Araunah said to David, \u201cLet my lord the king take and offer up what seems good to him. Here are the oxen for the burnt offering and the threshing sledges and the yokes of the oxen for the wood. [23] All this, O king, Araunah gives to the king.\u201d And Araunah said to the king, \u201cMay the LORD your God accept you.\u201d [24] But the king said to Araunah, \u201cNo, but I will buy it from you for a price. I will not offer burnt offerings to the LORD my God that cost me nothing.\u201d So David bought the threshing floor and the oxen for fifty shekels(7) of silver. [25] And David built there an altar to the LORD and offered burnt offerings and peace offerings. So the LORD responded to the plea for the land, and the plague was averted from Israel.\n\nFootnotes\n\n(1) 24:2 Septuagint *to Joab and the commanders of the army*\n\n(2) 24:5 Septuagint; Hebrew *encamped in Aroer*\n\n(3) 24:6 Septuagint; Hebrew *to the land of Tahtim-hodshi*\n\n(4) 24:6 Septuagint; Hebrew *they came to Dan-jaan and*\n\n(5) 24:12 Or *hold over*\n\n(6) 24:13 Compare 1 Chronicles 21:12, Septuagint; Hebrew *seven*\n\n(7) 24:24 A *shekel* was about 2/5 ounce or 11 grams\n (ESV)"]}