{"query": "2 Samuel 5", "canonical": "2 Samuel 5", "parsed": [[10005001, 10005025]], "passage_meta": [{"canonical": "2 Samuel 5", "chapter_start": [10005001, 10005025], "chapter_end": [10005001, 10005025], "prev_verse": 10004012, "next_verse": 10006001, "prev_chapter": [10004001, 10004012], "next_chapter": [10006001, 10006023]}], "passages": ["2 Samuel 5\n\nDavid Anointed King of Israel\n\n  [1] Then all the tribes of Israel came to David at Hebron and said, \u201cBehold, we are your bone and flesh. [2] In times past, when Saul was king over us, it was you who led out and brought in Israel. And the LORD said to you, \u2018You shall be shepherd of my people Israel, and you shall be prince(1) over Israel.\u2019\u201d [3] So all the elders of Israel came to the king at Hebron, and King David made a covenant with them at Hebron before the LORD, and they anointed David king over Israel. [4] David was thirty years old when he began to reign, and he reigned forty years. [5] At Hebron he reigned over Judah seven years and six months, and at Jerusalem he reigned over all Israel and Judah thirty-three years.(2)\n\n  [6] And the king and his men went to Jerusalem against the Jebusites, the inhabitants of the land, who said to David, \u201cYou will not come in here, but the blind and the lame will ward you off\u201d\u2014thinking, \u201cDavid cannot come in here.\u201d [7] Nevertheless, David took the stronghold of Zion, that is, the city of David. [8] And David said on that day, \u201cWhoever would strike the Jebusites, let him get up the water shaft to attack \u2018the lame and the blind,\u2019 who are hated by David\u2019s soul.\u201d Therefore it is said, \u201cThe blind and the lame shall not come into the house.\u201d [9] And David lived in the stronghold and called it the city of David. And David built the city all around from the Millo inward. [10] And David became greater and greater, for the LORD, the God of hosts, was with him.\n\n  [11] And Hiram king of Tyre sent messengers to David, and cedar trees, also carpenters and masons who built David a house. [12] And David knew that the LORD had established him king over Israel, and that he had exalted his kingdom for the sake of his people Israel.\n\n  [13] And David took more concubines and wives from Jerusalem, after he came from Hebron, and more sons and daughters were born to David. [14] And these are the names of those who were born to him in Jerusalem: Shammua, Shobab, Nathan, Solomon, [15] Ibhar, Elishua, Nepheg, Japhia, [16] Elishama, Eliada, and Eliphelet.\n\nDavid Defeats the Philistines\n\n  [17] When the Philistines heard that David had been anointed king over Israel, all the Philistines went up to search for David. But David heard of it and went down to the stronghold. [18] Now the Philistines had come and spread out in the Valley of Rephaim. [19] And David inquired of the LORD, \u201cShall I go up against the Philistines? Will you give them into my hand?\u201d And the LORD said to David, \u201cGo up, for I will certainly give the Philistines into your hand.\u201d [20] And David came to Baal-perazim, and David defeated them there. And he said, \u201cThe LORD has broken through my enemies before me like a breaking flood.\u201d Therefore the name of that place is called Baal-perazim.(3) [21] And the Philistines left their idols there, and David and his men carried them away.\n\n  [22] And the Philistines came up yet again and spread out in the Valley of Rephaim. [23] And when David inquired of the LORD, he said, \u201cYou shall not go up; go around to their rear, and come against them opposite the balsam trees. [24] And when you hear the sound of marching in the tops of the balsam trees, then rouse yourself, for then the LORD has gone out before you to strike down the army of the Philistines.\u201d [25] And David did as the LORD commanded him, and struck down the Philistines from Geba to Gezer.\n\nFootnotes\n\n(1) 5:2 Or *leader*\n\n(2) 5:5 Dead Sea Scroll lacks verses 4\u20135\n\n(3) 5:20 *Baal-perazim* means *Lord of breaking through*\n (ESV)"]}