{"query": "2 Samuel 11", "canonical": "2 Samuel 11", "parsed": [[10011001, 10011027]], "passage_meta": [{"canonical": "2 Samuel 11", "chapter_start": [10011001, 10011027], "chapter_end": [10011001, 10011027], "prev_verse": 10010019, "next_verse": 10012001, "prev_chapter": [10010001, 10010019], "next_chapter": [10012001, 10012031]}], "passages": ["2 Samuel 11\n\nDavid and Bathsheba\n\n  [1] In the spring of the year, the time when kings go out to battle, David sent Joab, and his servants with him, and all Israel. And they ravaged the Ammonites and besieged Rabbah. But David remained at Jerusalem.\n\n  [2] It happened, late one afternoon, when David arose from his couch and was walking on the roof of the king\u2019s house, that he saw from the roof a woman bathing; and the woman was very beautiful. [3] And David sent and inquired about the woman. And one said, \u201cIs not this Bathsheba, the daughter of Eliam, the wife of Uriah the Hittite?\u201d [4] So David sent messengers and took her, and she came to him, and he lay with her. (Now she had been purifying herself from her uncleanness.) Then she returned to her house. [5] And the woman conceived, and she sent and told David, \u201cI am pregnant.\u201d\n\n  [6] So David sent word to Joab, \u201cSend me Uriah the Hittite.\u201d And Joab sent Uriah to David. [7] When Uriah came to him, David asked how Joab was doing and how the people were doing and how the war was going. [8] Then David said to Uriah, \u201cGo down to your house and wash your feet.\u201d And Uriah went out of the king\u2019s house, and there followed him a present from the king. [9] But Uriah slept at the door of the king\u2019s house with all the servants of his lord, and did not go down to his house. [10] When they told David, \u201cUriah did not go down to his house,\u201d David said to Uriah, \u201cHave you not come from a journey? Why did you not go down to your house?\u201d [11] Uriah said to David, \u201cThe ark and Israel and Judah dwell in booths, and my lord Joab and the servants of my lord are camping in the open field. Shall I then go to my house, to eat and to drink and to lie with my wife? As you live, and as your soul lives, I will not do this thing.\u201d [12] Then David said to Uriah, \u201cRemain here today also, and tomorrow I will send you back.\u201d So Uriah remained in Jerusalem that day and the next. [13] And David invited him, and he ate in his presence and drank, so that he made him drunk. And in the evening he went out to lie on his couch with the servants of his lord, but he did not go down to his house.\n\n  [14] In the morning David wrote a letter to Joab and sent it by the hand of Uriah. [15] In the letter he wrote, \u201cSet Uriah in the forefront of the hardest fighting, and then draw back from him, that he may be struck down, and die.\u201d [16] And as Joab was besieging the city, he assigned Uriah to the place where he knew there were valiant men. [17] And the men of the city came out and fought with Joab, and some of the servants of David among the people fell. Uriah the Hittite also died. [18] Then Joab sent and told David all the news about the fighting. [19] And he instructed the messenger, \u201cWhen you have finished telling all the news about the fighting to the king, [20] then, if the king\u2019s anger rises, and if he says to you, \u2018Why did you go so near the city to fight? Did you not know that they would shoot from the wall? [21] Who killed Abimelech the son of Jerubbesheth? Did not a woman cast an upper millstone on him from the wall, so that he died at Thebez? Why did you go so near the wall?\u2019 then you shall say, \u2018Your servant Uriah the Hittite is dead also.\u2019\u201d\n\n  [22] So the messenger went and came and told David all that Joab had sent him to tell. [23] The messenger said to David, \u201cThe men gained an advantage over us and came out against us in the field, but we drove them back to the entrance of the gate. [24] Then the archers shot at your servants from the wall. Some of the king\u2019s servants are dead, and your servant Uriah the Hittite is dead also.\u201d [25] David said to the messenger, \u201cThus shall you say to Joab, \u2018Do not let this matter displease you, for the sword devours now one and now another. Strengthen your attack against the city and overthrow it.\u2019 And encourage him.\u201d\n\n  [26] When the wife of Uriah heard that Uriah her husband was dead, she lamented over her husband. [27] And when the mourning was over, David sent and brought her to his house, and she became his wife and bore him a son. But the thing that David had done displeased the LORD. (ESV)"]}