{"query": "Joshua 7", "canonical": "Joshua 7", "parsed": [[6007001, 6007026]], "passage_meta": [{"canonical": "Joshua 7", "chapter_start": [6007001, 6007026], "chapter_end": [6007001, 6007026], "prev_verse": 6006027, "next_verse": 6008001, "prev_chapter": [6006001, 6006027], "next_chapter": [6008001, 6008035]}], "passages": ["Joshua 7\n\nIsrael Defeated at Ai\n\n  [1] But the people of Israel broke faith in regard to the devoted things, for Achan the son of Carmi, son of Zabdi, son of Zerah, of the tribe of Judah, took some of the devoted things. And the anger of the LORD burned against the people of Israel.\n\n  [2] Joshua sent men from Jericho to Ai, which is near Beth-aven, east of Bethel, and said to them, \u201cGo up and spy out the land.\u201d And the men went up and spied out Ai. [3] And they returned to Joshua and said to him, \u201cDo not have all the people go up, but let about two or three thousand men go up and attack Ai. Do not make the whole people toil up there, for they are few.\u201d [4] So about three thousand men went up there from the people. And they fled before the men of Ai, [5] and the men of Ai killed about thirty-six of their men and chased them before the gate as far as Shebarim and struck them at the descent. And the hearts of the people melted and became as water.\n\n  [6] Then Joshua tore his clothes and fell to the earth on his face before the ark of the LORD until the evening, he and the elders of Israel. And they put dust on their heads. [7] And Joshua said, \u201cAlas, O Lord GOD, why have you brought this people over the Jordan at all, to give us into the hands of the Amorites, to destroy us? Would that we had been content to dwell beyond the Jordan! [8] O Lord, what can I say, when Israel has turned their backs before their enemies! [9] For the Canaanites and all the inhabitants of the land will hear of it and will surround us and cut off our name from the earth. And what will you do for your great name?\u201d\n\nThe Sin of Achan\n\n  [10] The LORD said to Joshua, \u201cGet up! Why have you fallen on your face? [11] Israel has sinned; they have transgressed my covenant that I commanded them; they have taken some of the devoted things; they have stolen and lied and put them among their own belongings. [12] Therefore the people of Israel cannot stand before their enemies. They turn their backs before their enemies, because they have become devoted for destruction.(1) I will be with you no more, unless you destroy the devoted things from among you. [13] Get up! Consecrate the people and say, \u2018Consecrate yourselves for tomorrow; for thus says the LORD, God of Israel, \u201cThere are devoted things in your midst, O Israel. You cannot stand before your enemies until you take away the devoted things from among you.\u201d [14] In the morning therefore you shall be brought near by your tribes. And the tribe that the LORD takes by lot shall come near by clans. And the clan that the LORD takes shall come near by households. And the household that the LORD takes shall come near man by man. [15] And he who is taken with the devoted things shall be burned with fire, he and all that he has, because he has transgressed the covenant of the LORD, and because he has done an outrageous thing in Israel.\u2019\u201d\n\n  [16] So Joshua rose early in the morning and brought Israel near tribe by tribe, and the tribe of Judah was taken. [17] And he brought near the clans of Judah, and the clan of the Zerahites was taken. And he brought near the clan of the Zerahites man by man, and Zabdi was taken. [18] And he brought near his household man by man, and Achan the son of Carmi, son of Zabdi, son of Zerah, of the tribe of Judah, was taken. [19] Then Joshua said to Achan, \u201cMy son, give glory to the LORD God of Israel and give praise(2) to him. And tell me now what you have done; do not hide it from me.\u201d [20] And Achan answered Joshua, \u201cTruly I have sinned against the LORD God of Israel, and this is what I did: [21] when I saw among the spoil a beautiful cloak from Shinar, and 200 shekels of silver, and a bar of gold weighing 50 shekels,(3) then I coveted them and took them. And see, they are hidden in the earth inside my tent, with the silver underneath.\u201d\n\n  [22] So Joshua sent messengers, and they ran to the tent; and behold, it was hidden in his tent with the silver underneath. [23] And they took them out of the tent and brought them to Joshua and to all the people of Israel. And they laid them down before the LORD. [24] And Joshua and all Israel with him took Achan the son of Zerah, and the silver and the cloak and the bar of gold, and his sons and daughters and his oxen and donkeys and sheep and his tent and all that he had. And they brought them up to the Valley of Achor. [25] And Joshua said, \u201cWhy did you bring trouble on us? The LORD brings trouble on you today.\u201d And all Israel stoned him with stones. They burned them with fire and stoned them with stones. [26] And they raised over him a great heap of stones that remains to this day. Then the LORD turned from his burning anger. Therefore, to this day the name of that place is called the Valley of Achor.(4)\n\nFootnotes\n\n(1) 7:12 That is, set apart (devoted) as an offering to the Lord (for destruction)\n\n(2) 7:19 Or *and make confession*\n\n(3) 7:21 A *shekel* was about 2/5 ounce or 11 grams\n\n(4) 7:26 *Achor* means *trouble*\n (ESV)"]}