{"query": "Joshua 4", "canonical": "Joshua 4", "parsed": [[6004001, 6004024]], "passage_meta": [{"canonical": "Joshua 4", "chapter_start": [6004001, 6004024], "chapter_end": [6004001, 6004024], "prev_verse": 6003017, "next_verse": 6005001, "prev_chapter": [6003001, 6003017], "next_chapter": [6005001, 6005015]}], "passages": ["Joshua 4\n\nTwelve Memorial Stones from the Jordan\n\n  [1] When all the nation had finished passing over the Jordan, the LORD said to Joshua, [2] \u201cTake twelve men from the people, from each tribe a man, [3] and command them, saying, \u2018Take twelve stones from here out of the midst of the Jordan, from the very place where the priests\u2019 feet stood firmly, and bring them over with you and lay them down in the place where you lodge tonight.\u2019\u201d [4] Then Joshua called the twelve men from the people of Israel, whom he had appointed, a man from each tribe. [5] And Joshua said to them, \u201cPass on before the ark of the LORD your God into the midst of the Jordan, and take up each of you a stone upon his shoulder, according to the number of the tribes of the people of Israel, [6] that this may be a sign among you. When your children ask in time to come, \u2018What do those stones mean to you?\u2019 [7] then you shall tell them that the waters of the Jordan were cut off before the ark of the covenant of the LORD. When it passed over the Jordan, the waters of the Jordan were cut off. So these stones shall be to the people of Israel a memorial forever.\u201d\n\n  [8] And the people of Israel did just as Joshua commanded and took up twelve stones out of the midst of the Jordan, according to the number of the tribes of the people of Israel, just as the LORD told Joshua. And they carried them over with them to the place where they lodged and laid them down(1) there. [9] And Joshua set up(2) twelve stones in the midst of the Jordan, in the place where the feet of the priests bearing the ark of the covenant had stood; and they are there to this day. [10] For the priests bearing the ark stood in the midst of the Jordan until everything was finished that the LORD commanded Joshua to tell the people, according to all that Moses had commanded Joshua.\n\n  The people passed over in haste. [11] And when all the people had finished passing over, the ark of the LORD and the priests passed over before the people. [12] The sons of Reuben and the sons of Gad and the half-tribe of Manasseh passed over armed before the people of Israel, as Moses had told them. [13] About 40,000 ready for war passed over before the LORD for battle, to the plains of Jericho. [14] On that day the LORD exalted Joshua in the sight of all Israel, and they stood in awe of him just as they had stood in awe of Moses, all the days of his life.\n\n  [15] And the LORD said to Joshua, [16] \u201cCommand the priests bearing the ark of the testimony to come up out of the Jordan.\u201d [17] So Joshua commanded the priests, \u201cCome up out of the Jordan.\u201d [18] And when the priests bearing the ark of the covenant of the LORD came up from the midst of the Jordan, and the soles of the priests\u2019 feet were lifted up on dry ground, the waters of the Jordan returned to their place and overflowed all its banks, as before.\n\n  [19] The people came up out of the Jordan on the tenth day of the first month, and they encamped at Gilgal on the east border of Jericho. [20] And those twelve stones, which they took out of the Jordan, Joshua set up at Gilgal. [21] And he said to the people of Israel, \u201cWhen your children ask their fathers in times to come, \u2018What do these stones mean?\u2019 [22] then you shall let your children know, \u2018Israel passed over this Jordan on dry ground.\u2019 [23] For the LORD your God dried up the waters of the Jordan for you until you passed over, as the LORD your God did to the Red Sea, which he dried up for us until we passed over, [24] so that all the peoples of the earth may know that the hand of the LORD is mighty, that you may fear the LORD your God forever.\u201d(3)\n\nFootnotes\n\n(1) 4:8 Or *to rest*\n\n(2) 4:9 Or *Joshua had set up*\n\n(3) 4:24 Or *all the days*\n (ESV)"]}