{"query": "Joshua 2", "canonical": "Joshua 2", "parsed": [[6002001, 6002024]], "passage_meta": [{"canonical": "Joshua 2", "chapter_start": [6002001, 6002024], "chapter_end": [6002001, 6002024], "prev_verse": 6001018, "next_verse": 6003001, "prev_chapter": [6001001, 6001018], "next_chapter": [6003001, 6003017]}], "passages": ["Joshua 2\n\nRahab Hides the Spies\n\n  [1] And Joshua the son of Nun sent(1) two men secretly from Shittim as spies, saying, \u201cGo, view the land, especially Jericho.\u201d And they went and came into the house of a prostitute whose name was Rahab and lodged there. [2] And it was told to the king of Jericho, \u201cBehold, men of Israel have come here tonight to search out the land.\u201d [3] Then the king of Jericho sent to Rahab, saying, \u201cBring out the men who have come to you, who entered your house, for they have come to search out all the land.\u201d [4] But the woman had taken the two men and hidden them. And she said, \u201cTrue, the men came to me, but I did not know where they were from. [5] And when the gate was about to be closed at dark, the men went out. I do not know where the men went. Pursue them quickly, for you will overtake them.\u201d [6] But she had brought them up to the roof and hid them with the stalks of flax that she had laid in order on the roof. [7] So the men pursued after them on the way to the Jordan as far as the fords. And the gate was shut as soon as the pursuers had gone out.\n\n  [8] Before the men(2) lay down, she came up to them on the roof [9] and said to the men, \u201cI know that the LORD has given you the land, and that the fear of you has fallen upon us, and that all the inhabitants of the land melt away before you. [10] For we have heard how the LORD dried up the water of the Red Sea before you when you came out of Egypt, and what you did to the two kings of the Amorites who were beyond the Jordan, to Sihon and Og, whom you devoted to destruction.(3) [11] And as soon as we heard it, our hearts melted, and there was no spirit left in any man because of you, for the LORD your God, he is God in the heavens above and on the earth beneath. [12] Now then, please swear to me by the LORD that, as I have dealt kindly with you, you also will deal kindly with my father\u2019s house, and give me a sure sign [13] that you will save alive my father and mother, my brothers and sisters, and all who belong to them, and deliver our lives from death.\u201d [14] And the men said to her, \u201cOur life for yours even to death! If you do not tell this business of ours, then when the LORD gives us the land we will deal kindly and faithfully with you.\u201d\n\n  [15] Then she let them down by a rope through the window, for her house was built into the city wall, so that she lived in the wall. [16] And she said(4) to them, \u201cGo into the hills, or the pursuers will encounter you, and hide there three days until the pursuers have returned. Then afterward you may go your way.\u201d [17] The men said to her, \u201cWe will be guiltless with respect to this oath of yours that you have made us swear. [18] Behold, when we come into the land, you shall tie this scarlet cord in the window through which you let us down, and you shall gather into your house your father and mother, your brothers, and all your father\u2019s household. [19] Then if anyone goes out of the doors of your house into the street, his blood shall be on his own head, and we shall be guiltless. But if a hand is laid on anyone who is with you in the house, his blood shall be on our head. [20] But if you tell this business of ours, then we shall be guiltless with respect to your oath that you have made us swear.\u201d [21] And she said, \u201cAccording to your words, so be it.\u201d Then she sent them away, and they departed. And she tied the scarlet cord in the window.\n\n  [22] They departed and went into the hills and remained there three days until the pursuers returned, and the pursuers searched all along the way and found nothing. [23] Then the two men returned. They came down from the hills and passed over and came to Joshua the son of Nun, and they told him all that had happened to them. [24] And they said to Joshua, \u201cTruly the LORD has given all the land into our hands. And also, all the inhabitants of the land melt away because of us.\u201d\n\nFootnotes\n\n(1) 2:1 Or *had sent*\n\n(2) 2:8 Hebrew *they*\n\n(3) 2:10 That is, set apart (devoted) as an offering to the Lord (for destruction)\n\n(4) 2:16 Or *had said*\n (ESV)"]}