{"query": "Joshua 18", "canonical": "Joshua 18", "parsed": [[6018001, 6018028]], "passage_meta": [{"canonical": "Joshua 18", "chapter_start": [6018001, 6018028], "chapter_end": [6018001, 6018028], "prev_verse": 6017018, "next_verse": 6019001, "prev_chapter": [6017001, 6017018], "next_chapter": [6019001, 6019051]}], "passages": ["Joshua 18\n\nAllotment of the Remaining Land\n\n  [1] Then the whole congregation of the people of Israel assembled at Shiloh and set up the tent of meeting there. The land lay subdued before them.\n\n  [2] There remained among the people of Israel seven tribes whose inheritance had not yet been apportioned. [3] So Joshua said to the people of Israel, \u201cHow long will you put off going in to take possession of the land, which the LORD, the God of your fathers, has given you? [4] Provide three men from each tribe, and I will send them out that they may set out and go up and down the land. They shall write a description of it with a view to their inheritances, and then come to me. [5] They shall divide it into seven portions. Judah shall continue in his territory on the south, and the house of Joseph shall continue in their territory on the north. [6] And you shall describe the land in seven divisions and bring the description here to me. And I will cast lots for you here before the LORD our God. [7] The Levites have no portion among you, for the priesthood of the LORD is their heritage. And Gad and Reuben and half the tribe of Manasseh have received their inheritance beyond the Jordan eastward, which Moses the servant of the LORD gave them.\u201d\n\n  [8] So the men arose and went, and Joshua charged those who went to write the description of the land, saying, \u201cGo up and down in the land and write a description and return to me. And I will cast lots for you here before the LORD in Shiloh.\u201d [9] So the men went and passed up and down in the land and wrote in a book a description of it by towns in seven divisions. Then they came to Joshua to the camp at Shiloh, [10] and Joshua cast lots for them in Shiloh before the LORD. And there Joshua apportioned the land to the people of Israel, to each his portion.\n\nThe Inheritance for Benjamin\n\n  [11] The lot of the tribe of the people of Benjamin according to its clans came up, and the territory allotted to it fell between the people of Judah and the people of Joseph. [12] On the north side their boundary began at the Jordan. Then the boundary goes up to the shoulder north of Jericho, then up through the hill country westward, and it ends at the wilderness of Beth-aven. [13] From there the boundary passes along southward in the direction of Luz, to the shoulder of Luz (that is, Bethel), then the boundary goes down to Ataroth-addar, on the mountain that lies south of Lower Beth-horon. [14] Then the boundary goes in another direction, turning on the western side southward from the mountain that lies to the south, opposite Beth-horon, and it ends at Kiriath-baal (that is, Kiriath-jearim), a city belonging to the people of Judah. This forms the western side. [15] And the southern side begins at the outskirts of Kiriath-jearim. And the boundary goes from there to Ephron,(1) to the spring of the waters of Nephtoah. [16] Then the boundary goes down to the border of the mountain that overlooks the Valley of the Son of Hinnom, which is at the north end of the Valley of Rephaim. And it then goes down the Valley of Hinnom, south of the shoulder of the Jebusites, and downward to En-rogel. [17] Then it bends in a northerly direction going on to En-shemesh, and from there goes to Geliloth, which is opposite the ascent of Adummim. Then it goes down to the stone of Bohan the son of Reuben, [18] and passing on to the north of the shoulder of Beth-arabah(2) it goes down to the Arabah. [19] Then the boundary passes on to the north of the shoulder of Beth-hoglah. And the boundary ends at the northern bay of the Salt Sea, at the south end of the Jordan: this is the southern border. [20] The Jordan forms its boundary on the eastern side. This is the inheritance of the people of Benjamin, according to their clans, boundary by boundary all around.\n\n  [21] Now the cities of the tribe of the people of Benjamin according to their clans were Jericho, Beth-hoglah, Emek-keziz, [22] Beth-arabah, Zemaraim, Bethel, [23] Avvim, Parah, Ophrah, [24] Chephar-ammoni, Ophni, Geba\u2014twelve cities with their villages: [25] Gibeon, Ramah, Beeroth, [26] Mizpeh, Chephirah, Mozah, [27] Rekem, Irpeel, Taralah, [28] Zela, Haeleph, Jebus(3) (that is, Jerusalem), Gibeah(4) and Kiriath-jearim(5)\u2014fourteen cities with their villages. This is the inheritance of the people of Benjamin according to its clans.\n\nFootnotes\n\n(1) 18:15 See 15:9; Hebrew *westward*\n\n(2) 18:18 Septuagint; Hebrew *to the shoulder over against the Arabah*\n\n(3) 18:28 Septuagint, Syriac, Vulgate; Hebrew *the Jebusite*\n\n(4) 18:28 Hebrew *Gibeath*\n\n(5) 18:28 Septuagint; Hebrew *Kiriath*\n (ESV)"]}