{"query": "Joshua 10", "canonical": "Joshua 10", "parsed": [[6010001, 6010043]], "passage_meta": [{"canonical": "Joshua 10", "chapter_start": [6010001, 6010043], "chapter_end": [6010001, 6010043], "prev_verse": 6009027, "next_verse": 6011001, "prev_chapter": [6009001, 6009027], "next_chapter": [6011001, 6011023]}], "passages": ["Joshua 10\n\nThe Sun Stands Still\n\n  [1] As soon as Adoni-zedek, king of Jerusalem, heard how Joshua had captured Ai and had devoted it to destruction,(1) doing to Ai and its king as he had done to Jericho and its king, and how the inhabitants of Gibeon had made peace with Israel and were among them, [2] he(2) feared greatly, because Gibeon was a great city, like one of the royal cities, and because it was greater than Ai, and all its men were warriors. [3] So Adoni-zedek king of Jerusalem sent to Hoham king of Hebron, to Piram king of Jarmuth, to Japhia king of Lachish, and to Debir king of Eglon, saying, [4] \u201cCome up to me and help me, and let us strike Gibeon. For it has made peace with Joshua and with the people of Israel.\u201d [5] Then the five kings of the Amorites, the king of Jerusalem, the king of Hebron, the king of Jarmuth, the king of Lachish, and the king of Eglon, gathered their forces and went up with all their armies and encamped against Gibeon and made war against it.\n\n  [6] And the men of Gibeon sent to Joshua at the camp in Gilgal, saying, \u201cDo not relax your hand from your servants. Come up to us quickly and save us and help us, for all the kings of the Amorites who dwell in the hill country are gathered against us.\u201d [7] So Joshua went up from Gilgal, he and all the people of war with him, and all the mighty men of valor. [8] And the LORD said to Joshua, \u201cDo not fear them, for I have given them into your hands. Not a man of them shall stand before you.\u201d [9] So Joshua came upon them suddenly, having marched up all night from Gilgal. [10] And the LORD threw them into a panic before Israel, who(3) struck them with a great blow at Gibeon and chased them by the way of the ascent of Beth-horon and struck them as far as Azekah and Makkedah. [11] And as they fled before Israel, while they were going down the ascent of Beth-horon, the LORD threw down large stones from heaven on them as far as Azekah, and they died. There were more who died because of the hailstones than the sons of Israel killed with the sword.\n\n  [12] At that time Joshua spoke to the LORD in the day when the LORD gave the Amorites over to the sons of Israel, and he said in the sight of Israel,\n\n    \u201cSun, stand still at Gibeon,\n        and moon, in the Valley of Aijalon.\u201d\n    [13] And the sun stood still, and the moon stopped,\n        until the nation took vengeance on their enemies.\n    \n    \n      Is this not written in the Book of Jashar? The sun stopped in the midst of heaven and did not hurry to set for about a whole day. [14] There has been no day like it before or since, when the LORD heeded the voice of a man, for the LORD fought for Israel.\n\n  [15] So Joshua returned, and all Israel with him, to the camp at Gilgal.\n\nFive Amorite Kings Executed\n\n  [16] These five kings fled and hid themselves in the cave at Makkedah. [17] And it was told to Joshua, \u201cThe five kings have been found, hidden in the cave at Makkedah.\u201d [18] And Joshua said, \u201cRoll large stones against the mouth of the cave and set men by it to guard them, [19] but do not stay there yourselves. Pursue your enemies; attack their rear guard. Do not let them enter their cities, for the LORD your God has given them into your hand.\u201d [20] When Joshua and the sons of Israel had finished striking them with a great blow until they were wiped out, and when the remnant that remained of them had entered into the fortified cities, [21] then all the people returned safe to Joshua in the camp at Makkedah. Not a man moved his tongue against any of the people of Israel.\n\n  [22] Then Joshua said, \u201cOpen the mouth of the cave and bring those five kings out to me from the cave.\u201d [23] And they did so, and brought those five kings out to him from the cave, the king of Jerusalem, the king of Hebron, the king of Jarmuth, the king of Lachish, and the king of Eglon. [24] And when they brought those kings out to Joshua, Joshua summoned all the men of Israel and said to the chiefs of the men of war who had gone with him, \u201cCome near; put your feet on the necks of these kings.\u201d Then they came near and put their feet on their necks. [25] And Joshua said to them, \u201cDo not be afraid or dismayed; be strong and courageous. For thus the LORD will do to all your enemies against whom you fight.\u201d [26] And afterward Joshua struck them and put them to death, and he hanged them on five trees. And they hung on the trees until evening. [27] But at the time of the going down of the sun, Joshua commanded, and they took them down from the trees and threw them into the cave where they had hidden themselves, and they set large stones against the mouth of the cave, which remain to this very day.\n\n  [28] As for Makkedah, Joshua captured it on that day and struck it, and its king, with the edge of the sword. He devoted to destruction every person in it; he left none remaining. And he did to the king of Makkedah just as he had done to the king of Jericho.\n\nConquest of Southern Canaan\n\n  [29] Then Joshua and all Israel with him passed on from Makkedah to Libnah and fought against Libnah. [30] And the LORD gave it also and its king into the hand of Israel. And he struck it with the edge of the sword, and every person in it; he left none remaining in it. And he did to its king as he had done to the king of Jericho.\n\n  [31] Then Joshua and all Israel with him passed on from Libnah to Lachish and laid siege to it and fought against it. [32] And the LORD gave Lachish into the hand of Israel, and he captured it on the second day and struck it with the edge of the sword, and every person in it, as he had done to Libnah.\n\n  [33] Then Horam king of Gezer came up to help Lachish. And Joshua struck him and his people, until he left none remaining.\n\n  [34] Then Joshua and all Israel with him passed on from Lachish to Eglon. And they laid siege to it and fought against it. [35] And they captured it on that day, and struck it with the edge of the sword. And he devoted every person in it to destruction that day, as he had done to Lachish.\n\n  [36] Then Joshua and all Israel with him went up from Eglon to Hebron. And they fought against it [37] and captured it and struck it with the edge of the sword, and its king and its towns, and every person in it. He left none remaining, as he had done to Eglon, and devoted it to destruction and every person in it.\n\n  [38] Then Joshua and all Israel with him turned back to Debir and fought against it [39] and he captured it with its king and all its towns. And they struck them with the edge of the sword and devoted to destruction every person in it; he left none remaining. Just as he had done to Hebron and to Libnah and its king, so he did to Debir and to its king.\n\n  [40] So Joshua struck the whole land, the hill country and the Negeb and the lowland and the slopes, and all their kings. He left none remaining, but devoted to destruction all that breathed, just as the LORD God of Israel commanded. [41] And Joshua struck them from Kadesh-barnea as far as Gaza, and all the country of Goshen, as far as Gibeon. [42] And Joshua captured all these kings and their land at one time, because the LORD God of Israel fought for Israel. [43] Then Joshua returned, and all Israel with him, to the camp at Gilgal.\n\nFootnotes\n\n(1) 10:1 That is, set apart (devoted) as an offering to the Lord (for destruction); also verses 28, 35, 37, 39, 40\n\n(2) 10:2 One Hebrew manuscript, Vulgate (compare Syriac); most Hebrew manuscripts *they*\n\n(3) 10:10 Or *and he*\n (ESV)"]}