{"query": "Joshua 9", "canonical": "Joshua 9", "parsed": [[6009001, 6009027]], "passage_meta": [{"canonical": "Joshua 9", "chapter_start": [6009001, 6009027], "chapter_end": [6009001, 6009027], "prev_verse": 6008035, "next_verse": 6010001, "prev_chapter": [6008001, 6008035], "next_chapter": [6010001, 6010043]}], "passages": ["Joshua 9\n\nThe Gibeonite Deception\n\n  [1] As soon as all the kings who were beyond the Jordan in the hill country and in the lowland all along the coast of the Great Sea toward Lebanon, the Hittites, the Amorites, the Canaanites, the Perizzites, the Hivites, and the Jebusites, heard of this, [2] they gathered together as one to fight against Joshua and Israel.\n\n  [3] But when the inhabitants of Gibeon heard what Joshua had done to Jericho and to Ai, [4] they on their part acted with cunning and went and made ready provisions and took worn-out sacks for their donkeys, and wineskins, worn-out and torn and mended, [5] with worn-out, patched sandals on their feet, and worn-out clothes. And all their provisions were dry and crumbly. [6] And they went to Joshua in the camp at Gilgal and said to him and to the men of Israel, \u201cWe have come from a distant country, so now make a covenant with us.\u201d [7] But the men of Israel said to the Hivites, \u201cPerhaps you live among us; then how can we make a covenant with you?\u201d [8] They said to Joshua, \u201cWe are your servants.\u201d And Joshua said to them, \u201cWho are you? And where do you come from?\u201d [9] They said to him, \u201cFrom a very distant country your servants have come, because of the name of the LORD your God. For we have heard a report of him, and all that he did in Egypt, [10] and all that he did to the two kings of the Amorites who were beyond the Jordan, to Sihon the king of Heshbon, and to Og king of Bashan, who lived in Ashtaroth. [11] So our elders and all the inhabitants of our country said to us, \u2018Take provisions in your hand for the journey and go to meet them and say to them, \u201cWe are your servants. Come now, make a covenant with us.\u201d\u2019 [12] Here is our bread. It was still warm when we took it from our houses as our food for the journey on the day we set out to come to you, but now, behold, it is dry and crumbly. [13] These wineskins were new when we filled them, and behold, they have burst. And these garments and sandals of ours are worn out from the very long journey.\u201d [14] So the men took some of their provisions, but did not ask counsel from the LORD. [15] And Joshua made peace with them and made a covenant with them, to let them live, and the leaders of the congregation swore to them.\n\n  [16] At the end of three days after they had made a covenant with them, they heard that they were their neighbors and that they lived among them. [17] And the people of Israel set out and reached their cities on the third day. Now their cities were Gibeon, Chephirah, Beeroth, and Kiriath-jearim. [18] But the people of Israel did not attack them, because the leaders of the congregation had sworn to them by the LORD, the God of Israel. Then all the congregation murmured against the leaders. [19] But all the leaders said to all the congregation, \u201cWe have sworn to them by the LORD, the God of Israel, and now we may not touch them. [20] This we will do to them: let them live, lest wrath be upon us, because of the oath that we swore to them.\u201d [21] And the leaders said to them, \u201cLet them live.\u201d So they became cutters of wood and drawers of water for all the congregation, just as the leaders had said of them.\n\n  [22] Joshua summoned them, and he said to them, \u201cWhy did you deceive us, saying, \u2018We are very far from you,\u2019 when you dwell among us? [23] Now therefore you are cursed, and some of you shall never be anything but servants, cutters of wood and drawers of water for the house of my God.\u201d [24] They answered Joshua, \u201cBecause it was told to your servants for a certainty that the LORD your God had commanded his servant Moses to give you all the land and to destroy all the inhabitants of the land from before you\u2014so we feared greatly for our lives because of you and did this thing. [25] And now, behold, we are in your hand. Whatever seems good and right in your sight to do to us, do it.\u201d [26] So he did this to them and delivered them out of the hand of the people of Israel, and they did not kill them. [27] But Joshua made them that day cutters of wood and drawers of water for the congregation and for the altar of the LORD, to this day, in the place that he should choose. (ESV)"]}