{"query": "Joshua 6", "canonical": "Joshua 6", "parsed": [[6006001, 6006027]], "passage_meta": [{"canonical": "Joshua 6", "chapter_start": [6006001, 6006027], "chapter_end": [6006001, 6006027], "prev_verse": 6005015, "next_verse": 6007001, "prev_chapter": [6005001, 6005015], "next_chapter": [6007001, 6007026]}], "passages": ["Joshua 6\n\nThe Fall of Jericho\n\n  [1] Now Jericho was shut up inside and outside because of the people of Israel. None went out, and none came in. [2] And the LORD said to Joshua, \u201cSee, I have given Jericho into your hand, with its king and mighty men of valor. [3] You shall march around the city, all the men of war going around the city once. Thus shall you do for six days. [4] Seven priests shall bear seven trumpets of rams\u2019 horns before the ark. On the seventh day you shall march around the city seven times, and the priests shall blow the trumpets. [5] And when they make a long blast with the ram\u2019s horn, when you hear the sound of the trumpet, then all the people shall shout with a great shout, and the wall of the city will fall down flat,(1) and the people shall go up, everyone straight before him.\u201d [6] So Joshua the son of Nun called the priests and said to them, \u201cTake up the ark of the covenant and let seven priests bear seven trumpets of rams\u2019 horns before the ark of the LORD.\u201d [7] And he said to the people, \u201cGo forward. March around the city and let the armed men pass on before the ark of the LORD.\u201d\n\n  [8] And just as Joshua had commanded the people, the seven priests bearing the seven trumpets of rams\u2019 horns before the LORD went forward, blowing the trumpets, with the ark of the covenant of the LORD following them. [9] The armed men were walking before the priests who were blowing the trumpets, and the rear guard was walking after the ark, while the trumpets blew continually. [10] But Joshua commanded the people, \u201cYou shall not shout or make your voice heard, neither shall any word go out of your mouth, until the day I tell you to shout. Then you shall shout.\u201d [11] So he caused the ark of the LORD to circle the city, going about it once. And they came into the camp and spent the night in the camp.\n\n  [12] Then Joshua rose early in the morning, and the priests took up the ark of the LORD. [13] And the seven priests bearing the seven trumpets of rams\u2019 horns before the ark of the LORD walked on, and they blew the trumpets continually. And the armed men were walking before them, and the rear guard was walking after the ark of the LORD, while the trumpets blew continually. [14] And the second day they marched around the city once, and returned into the camp. So they did for six days.\n\n  [15] On the seventh day they rose early, at the dawn of day, and marched around the city in the same manner seven times. It was only on that day that they marched around the city seven times. [16] And at the seventh time, when the priests had blown the trumpets, Joshua said to the people, \u201cShout, for the LORD has given you the city. [17] And the city and all that is within it shall be devoted to the LORD for destruction.(2) Only Rahab the prostitute and all who are with her in her house shall live, because she hid the messengers whom we sent. [18] But you, keep yourselves from the things devoted to destruction, lest when you have devoted them you take any of the devoted things and make the camp of Israel a thing for destruction and bring trouble upon it. [19] But all silver and gold, and every vessel of bronze and iron, are holy to the LORD; they shall go into the treasury of the LORD.\u201d [20] So the people shouted, and the trumpets were blown. As soon as the people heard the sound of the trumpet, the people shouted a great shout, and the wall fell down flat, so that the people went up into the city, every man straight before him, and they captured the city. [21] Then they devoted all in the city to destruction, both men and women, young and old, oxen, sheep, and donkeys, with the edge of the sword.\n\n  [22] But to the two men who had spied out the land, Joshua said, \u201cGo into the prostitute\u2019s house and bring out from there the woman and all who belong to her, as you swore to her.\u201d [23] So the young men who had been spies went in and brought out Rahab and her father and mother and brothers and all who belonged to her. And they brought all her relatives and put them outside the camp of Israel. [24] And they burned the city with fire, and everything in it. Only the silver and gold, and the vessels of bronze and of iron, they put into the treasury of the house of the LORD. [25] But Rahab the prostitute and her father\u2019s household and all who belonged to her, Joshua saved alive. And she has lived in Israel to this day, because she hid the messengers whom Joshua sent to spy out Jericho.\n\n  [26] Joshua laid an oath on them at that time, saying, \u201cCursed before the LORD be the man who rises up and rebuilds this city, Jericho.\n\n    \u201cAt the cost of his firstborn shall he\n        lay its foundation,\n    and at the cost of his youngest son\n        shall he set up its gates.\u201d\n    \n    \n      [27] So the LORD was with Joshua, and his fame was in all the land.\n\nFootnotes\n\n(1) 6:5 Hebrew *under itself*; also verse 20\n\n(2) 6:17 That is, set apart (devoted) as an offering to the Lord (for destruction); also verses 18, 21\n (ESV)"]}