{"query": "Joshua 3", "canonical": "Joshua 3", "parsed": [[6003001, 6003017]], "passage_meta": [{"canonical": "Joshua 3", "chapter_start": [6003001, 6003017], "chapter_end": [6003001, 6003017], "prev_verse": 6002024, "next_verse": 6004001, "prev_chapter": [6002001, 6002024], "next_chapter": [6004001, 6004024]}], "passages": ["Joshua 3\n\nIsrael Crosses the Jordan\n\n  [1] Then Joshua rose early in the morning and they set out from Shittim. And they came to the Jordan, he and all the people of Israel, and lodged there before they passed over. [2] At the end of three days the officers went through the camp [3] and commanded the people, \u201cAs soon as you see the ark of the covenant of the LORD your God being carried by the Levitical priests, then you shall set out from your place and follow it. [4] Yet there shall be a distance between you and it, about 2,000 cubits(1) in length. Do not come near it, in order that you may know the way you shall go, for you have not passed this way before.\u201d [5] Then Joshua said to the people, \u201cConsecrate yourselves, for tomorrow the LORD will do wonders among you.\u201d [6] And Joshua said to the priests, \u201cTake up the ark of the covenant and pass on before the people.\u201d So they took up the ark of the covenant and went before the people.\n\n  [7] The LORD said to Joshua, \u201cToday I will begin to exalt you in the sight of all Israel, that they may know that, as I was with Moses, so I will be with you. [8] And as for you, command the priests who bear the ark of the covenant, \u2018When you come to the brink of the waters of the Jordan, you shall stand still in the Jordan.\u2019\u201d [9] And Joshua said to the people of Israel, \u201cCome here and listen to the words of the LORD your God.\u201d [10] And Joshua said, \u201cHere is how you shall know that the living God is among you and that he will without fail drive out from before you the Canaanites, the Hittites, the Hivites, the Perizzites, the Girgashites, the Amorites, and the Jebusites. [11] Behold, the ark of the covenant of the Lord of all the earth(2) is passing over before you into the Jordan. [12] Now therefore take twelve men from the tribes of Israel, from each tribe a man. [13] And when the soles of the feet of the priests bearing the ark of the LORD, the Lord of all the earth, shall rest in the waters of the Jordan, the waters of the Jordan shall be cut off from flowing, and the waters coming down from above shall stand in one heap.\u201d\n\n  [14] So when the people set out from their tents to pass over the Jordan with the priests bearing the ark of the covenant before the people, [15] and as soon as those bearing the ark had come as far as the Jordan, and the feet of the priests bearing the ark were dipped in the brink of the water (now the Jordan overflows all its banks throughout the time of harvest), [16] the waters coming down from above stood and rose up in a heap very far away, at Adam, the city that is beside Zarethan, and those flowing down toward the Sea of the Arabah, the Salt Sea, were completely cut off. And the people passed over opposite Jericho. [17] Now the priests bearing the ark of the covenant of the LORD stood firmly on dry ground in the midst of the Jordan, and all Israel was passing over on dry ground until all the nation finished passing over the Jordan.\n\nFootnotes\n\n(1) 3:4 A *cubit* was about 18 inches or 45 centimeters\n\n(2) 3:11 Hebrew *the ark of the covenant, the Lord of all the earth*\n (ESV)"]}