{"query": "Joshua 5", "canonical": "Joshua 5", "parsed": [[6005001, 6005015]], "passage_meta": [{"canonical": "Joshua 5", "chapter_start": [6005001, 6005015], "chapter_end": [6005001, 6005015], "prev_verse": 6004024, "next_verse": 6006001, "prev_chapter": [6004001, 6004024], "next_chapter": [6006001, 6006027]}], "passages": ["Joshua 5\n\nThe New Generation Circumcised\n\n  [1] As soon as all the kings of the Amorites who were beyond the Jordan to the west, and all the kings of the Canaanites who were by the sea, heard that the LORD had dried up the waters of the Jordan for the people of Israel until they had crossed over, their hearts melted and there was no longer any spirit in them because of the people of Israel.\n\n  [2] At that time the LORD said to Joshua, \u201cMake flint knives and circumcise the sons of Israel a second time.\u201d [3] So Joshua made flint knives and circumcised the sons of Israel at Gibeath-haaraloth.(1) [4] And this is the reason why Joshua circumcised them: all the males of the people who came out of Egypt, all the men of war, had died in the wilderness on the way after they had come out of Egypt. [5] Though all the people who came out had been circumcised, yet all the people who were born on the way in the wilderness after they had come out of Egypt had not been circumcised. [6] For the people of Israel walked forty years in the wilderness, until all the nation, the men of war who came out of Egypt, perished, because they did not obey the voice of the LORD; the LORD swore to them that he would not let them see the land that the LORD had sworn to their fathers to give to us, a land flowing with milk and honey. [7] So it was their children, whom he raised up in their place, that Joshua circumcised. For they were uncircumcised, because they had not been circumcised on the way.\n\n  [8] When the circumcising of the whole nation was finished, they remained in their places in the camp until they were healed. [9] And the LORD said to Joshua, \u201cToday I have rolled away the reproach of Egypt from you.\u201d And so the name of that place is called Gilgal(2) to this day.\n\nFirst Passover in Canaan\n\n  [10] While the people of Israel were encamped at Gilgal, they kept the Passover on the fourteenth day of the month in the evening on the plains of Jericho. [11] And the day after the Passover, on that very day, they ate of the produce of the land, unleavened cakes and parched grain. [12] And the manna ceased the day after they ate of the produce of the land. And there was no longer manna for the people of Israel, but they ate of the fruit of the land of Canaan that year.\n\nThe Commander of the LORD\u2019s Army\n\n  [13] When Joshua was by Jericho, he lifted up his eyes and looked, and behold, a man was standing before him with his drawn sword in his hand. And Joshua went to him and said to him, \u201cAre you for us, or for our adversaries?\u201d [14] And he said, \u201cNo; but I am the commander of the army of the LORD. Now I have come.\u201d And Joshua fell on his face to the earth and worshiped(3) and said to him, \u201cWhat does my lord say to his servant?\u201d [15] And the commander of the LORD\u2019s army said to Joshua, \u201cTake off your sandals from your feet, for the place where you are standing is holy.\u201d And Joshua did so.\n\nFootnotes\n\n(1) 5:3 *Gibeath-haaraloth* means *the hill of the foreskins*\n\n(2) 5:9 *Gilgal* sounds like the Hebrew for *to roll*\n\n(3) 5:14 Or *and paid homage*\n (ESV)"]}