{"query": "Joshua 14", "canonical": "Joshua 14", "parsed": [[6014001, 6014015]], "passage_meta": [{"canonical": "Joshua 14", "chapter_start": [6014001, 6014015], "chapter_end": [6014001, 6014015], "prev_verse": 6013033, "next_verse": 6015001, "prev_chapter": [6013001, 6013033], "next_chapter": [6015001, 6015063]}], "passages": ["Joshua 14\n\nThe Inheritance West of the Jordan\n\n  [1] These are the inheritances that the people of Israel received in the land of Canaan, which Eleazar the priest and Joshua the son of Nun and the heads of the fathers\u2019 houses of the tribes of the people of Israel gave them to inherit. [2] Their inheritance was by lot, just as the LORD had commanded by the hand of Moses for the nine and one-half tribes. [3] For Moses had given an inheritance to the two and one-half tribes beyond the Jordan, but to the Levites he gave no inheritance among them. [4] For the people of Joseph were two tribes, Manasseh and Ephraim. And no portion was given to the Levites in the land, but only cities to dwell in, with their pasturelands for their livestock and their substance. [5] The people of Israel did as the LORD commanded Moses; they allotted the land.\n\nCaleb\u2019s Request and Inheritance\n\n  [6] Then the people of Judah came to Joshua at Gilgal. And Caleb the son of Jephunneh the Kenizzite said to him, \u201cYou know what the LORD said to Moses the man of God in Kadesh-barnea concerning you and me. [7] I was forty years old when Moses the servant of the LORD sent me from Kadesh-barnea to spy out the land, and I brought him word again as it was in my heart. [8] But my brothers who went up with me made the heart of the people melt; yet I wholly followed the LORD my God. [9] And Moses swore on that day, saying, \u2018Surely the land on which your foot has trodden shall be an inheritance for you and your children forever, because you have wholly followed the LORD my God.\u2019 [10] And now, behold, the LORD has kept me alive, just as he said, these forty-five years since the time that the LORD spoke this word to Moses, while Israel walked in the wilderness. And now, behold, I am this day eighty-five years old. [11] I am still as strong today as I was in the day that Moses sent me; my strength now is as my strength was then, for war and for going and coming. [12] So now give me this hill country of which the LORD spoke on that day, for you heard on that day how the Anakim were there, with great fortified cities. It may be that the LORD will be with me, and I shall drive them out just as the LORD said.\u201d\n\n  [13] Then Joshua blessed him, and he gave Hebron to Caleb the son of Jephunneh for an inheritance. [14] Therefore Hebron became the inheritance of Caleb the son of Jephunneh the Kenizzite to this day, because he wholly followed the LORD, the God of Israel. [15] Now the name of Hebron formerly was Kiriath-arba.(1) (Arba(2) was the greatest man among the Anakim.) And the land had rest from war.\n\nFootnotes\n\n(1) 14:15 *Kiriath-arba* means *the city of Arba*\n\n(2) 14:15 Hebrew *He*\n (ESV)"]}