{"query": "Joshua 1", "canonical": "Joshua 1", "parsed": [[6001001, 6001018]], "passage_meta": [{"canonical": "Joshua 1", "chapter_start": [6001001, 6001018], "chapter_end": [6001001, 6001018], "prev_verse": 5034012, "next_verse": 6002001, "prev_chapter": [5034001, 5034012], "next_chapter": [6002001, 6002024]}], "passages": ["Joshua 1\n\nGod Commissions Joshua\n\n  [1] After the death of Moses the servant of the LORD, the LORD said to Joshua the son of Nun, Moses\u2019 assistant, [2] \u201cMoses my servant is dead. Now therefore arise, go over this Jordan, you and all this people, into the land that I am giving to them, to the people of Israel. [3] Every place that the sole of your foot will tread upon I have given to you, just as I promised to Moses. [4] From the wilderness and this Lebanon as far as the great river, the river Euphrates, all the land of the Hittites to the Great Sea toward the going down of the sun shall be your territory. [5] No man shall be able to stand before you all the days of your life. Just as I was with Moses, so I will be with you. I will not leave you or forsake you. [6] Be strong and courageous, for you shall cause this people to inherit the land that I swore to their fathers to give them. [7] Only be strong and very courageous, being careful to do according to all the law that Moses my servant commanded you. Do not turn from it to the right hand or to the left, that you may have good success(1) wherever you go. [8] This Book of the Law shall not depart from your mouth, but you shall meditate on it day and night, so that you may be careful to do according to all that is written in it. For then you will make your way prosperous, and then you will have good success. [9] Have I not commanded you? Be strong and courageous. Do not be frightened, and do not be dismayed, for the LORD your God is with you wherever you go.\u201d\n\nJoshua Assumes Command\n\n  [10] And Joshua commanded the officers of the people, [11] \u201cPass through the midst of the camp and command the people, \u2018Prepare your provisions, for within three days you are to pass over this Jordan to go in to take possession of the land that the LORD your God is giving you to possess.\u2019\u201d\n\n  [12] And to the Reubenites, the Gadites, and the half-tribe of Manasseh Joshua said, [13] \u201cRemember the word that Moses the servant of the LORD commanded you, saying, \u2018The LORD your God is providing you a place of rest and will give you this land.\u2019 [14] Your wives, your little ones, and your livestock shall remain in the land that Moses gave you beyond the Jordan, but all the men of valor among you shall pass over armed before your brothers and shall help them, [15] until the LORD gives rest to your brothers as he has to you, and they also take possession of the land that the LORD your God is giving them. Then you shall return to the land of your possession and shall possess it, the land that Moses the servant of the LORD gave you beyond the Jordan toward the sunrise.\u201d\n\n  [16] And they answered Joshua, \u201cAll that you have commanded us we will do, and wherever you send us we will go. [17] Just as we obeyed Moses in all things, so we will obey you. Only may the LORD your God be with you, as he was with Moses! [18] Whoever rebels against your commandment and disobeys your words, whatever you command him, shall be put to death. Only be strong and courageous.\u201d\n\nFootnotes\n\n(1) 1:7 Or *may act wisely*\n (ESV)"]}