{"query": "Joshua 15", "canonical": "Joshua 15", "parsed": [[6015001, 6015063]], "passage_meta": [{"canonical": "Joshua 15", "chapter_start": [6015001, 6015063], "chapter_end": [6015001, 6015063], "prev_verse": 6014015, "next_verse": 6016001, "prev_chapter": [6014001, 6014015], "next_chapter": [6016001, 6016010]}], "passages": ["Joshua 15\n\nThe Allotment for Judah\n\n  [1] The allotment for the tribe of the people of Judah according to their clans reached southward to the boundary of Edom, to the wilderness of Zin at the farthest south. [2] And their south boundary ran from the end of the Salt Sea, from the bay that faces southward. [3] It goes out southward of the ascent of Akrabbim, passes along to Zin, and goes up south of Kadesh-barnea, along by Hezron, up to Addar, turns about to Karka, [4] passes along to Azmon, goes out by the Brook of Egypt, and comes to its end at the sea. This shall be your south boundary. [5] And the east boundary is the Salt Sea, to the mouth of the Jordan. And the boundary on the north side runs from the bay of the sea at the mouth of the Jordan. [6] And the boundary goes up to Beth-hoglah and passes along north of Beth-arabah. And the boundary goes up to the stone of Bohan the son of Reuben. [7] And the boundary goes up to Debir from the Valley of Achor, and so northward, turning toward Gilgal, which is opposite the ascent of Adummim, which is on the south side of the valley. And the boundary passes along to the waters of En-shemesh and ends at En-rogel. [8] Then the boundary goes up by the Valley of the Son of Hinnom at the southern shoulder of the Jebusite (that is, Jerusalem). And the boundary goes up to the top of the mountain that lies over against the Valley of Hinnom, on the west, at the northern end of the Valley of Rephaim. [9] Then the boundary extends from the top of the mountain to the spring of the waters of Nephtoah, and from there to the cities of Mount Ephron. Then the boundary bends around to Baalah (that is, Kiriath-jearim). [10] And the boundary circles west of Baalah to Mount Seir, passes along to the northern shoulder of Mount Jearim (that is, Chesalon), and goes down to Beth-shemesh and passes along by Timnah. [11] The boundary goes out to the shoulder of the hill north of Ekron, then the boundary bends around to Shikkeron and passes along to Mount Baalah and goes out to Jabneel. Then the boundary comes to an end at the sea. [12] And the west boundary was the Great Sea with its coastline. This is the boundary around the people of Judah according to their clans.\n\n  [13] According to the commandment of the LORD to Joshua, he gave to Caleb the son of Jephunneh a portion among the people of Judah, Kiriath-arba, that is, Hebron (Arba was the father of Anak). [14] And Caleb drove out from there the three sons of Anak, Sheshai and Ahiman and Talmai, the descendants of Anak. [15] And he went up from there against the inhabitants of Debir. Now the name of Debir formerly was Kiriath-sepher. [16] And Caleb said, \u201cWhoever strikes Kiriath-sepher and captures it, to him will I give Achsah my daughter as wife.\u201d [17] And Othniel the son of Kenaz, the brother of Caleb, captured it. And he gave him Achsah his daughter as wife. [18] When she came to him, she urged him to ask her father for a field. And she got off her donkey, and Caleb said to her, \u201cWhat do you want?\u201d [19] She said to him, \u201cGive me a blessing. Since you have given me the land of the Negeb, give me also springs of water.\u201d And he gave her the upper springs and the lower springs.\n\n  [20] This is the inheritance of the tribe of the people of Judah according to their clans. [21] The cities belonging to the tribe of the people of Judah in the extreme south, toward the boundary of Edom, were Kabzeel, Eder, Jagur, [22] Kinah, Dimonah, Adadah, [23] Kedesh, Hazor, Ithnan, [24] Ziph, Telem, Bealoth, [25] Hazor-hadattah, Kerioth-hezron (that is, Hazor), [26] Amam, Shema, Moladah, [27] Hazar-gaddah, Heshmon, Beth-pelet, [28] Hazar-shual, Beersheba, Biziothiah, [29] Baalah, Iim, Ezem, [30] Eltolad, Chesil, Hormah, [31] Ziklag, Madmannah, Sansannah, [32] Lebaoth, Shilhim, Ain, and Rimmon: in all, twenty-nine cities with their villages.\n\n  [33] And in the lowland, Eshtaol, Zorah, Ashnah, [34] Zanoah, En-gannim, Tappuah, Enam, [35] Jarmuth, Adullam, Socoh, Azekah, [36] Shaaraim, Adithaim, Gederah, Gederothaim: fourteen cities with their villages.\n\n  [37] Zenan, Hadashah, Migdal-gad, [38] Dilean, Mizpeh, Joktheel, [39] Lachish, Bozkath, Eglon, [40] Cabbon, Lahmam, Chitlish, [41] Gederoth, Beth-dagon, Naamah, and Makkedah: sixteen cities with their villages.\n\n  [42] Libnah, Ether, Ashan, [43] Iphtah, Ashnah, Nezib, [44] Keilah, Achzib, and Mareshah: nine cities with their villages.\n\n  [45] Ekron, with its towns and its villages; [46] from Ekron to the sea, all that were by the side of Ashdod, with their villages.\n\n  [47] Ashdod, its towns and its villages; Gaza, its towns and its villages; to the Brook of Egypt, and the Great Sea with its coastline.\n\n  [48] And in the hill country, Shamir, Jattir, Socoh, [49] Dannah, Kiriath-sannah (that is, Debir), [50] Anab, Eshtemoh, Anim, [51] Goshen, Holon, and Giloh: eleven cities with their villages.\n\n  [52] Arab, Dumah, Eshan, [53] Janim, Beth-tappuah, Aphekah, [54] Humtah, Kiriath-arba (that is, Hebron), and Zior: nine cities with their villages.\n\n  [55] Maon, Carmel, Ziph, Juttah, [56] Jezreel, Jokdeam, Zanoah, [57] Kain, Gibeah, and Timnah: ten cities with their villages.\n\n  [58] Halhul, Beth-zur, Gedor, [59] Maarath, Beth-anoth, and Eltekon: six cities with their villages.\n\n  [60] Kiriath-baal (that is, Kiriath-jearim), and Rabbah: two cities with their villages.\n\n  [61] In the wilderness, Beth-arabah, Middin, Secacah, [62] Nibshan, the City of Salt, and Engedi: six cities with their villages.\n\n  [63] But the Jebusites, the inhabitants of Jerusalem, the people of Judah could not drive out, so the Jebusites dwell with the people of Judah at Jerusalem to this day. (ESV)"]}