{"query": "Judges 17", "canonical": "Judges 17", "parsed": [[7017001, 7017013]], "passage_meta": [{"canonical": "Judges 17", "chapter_start": [7017001, 7017013], "chapter_end": [7017001, 7017013], "prev_verse": 7016031, "next_verse": 7018001, "prev_chapter": [7016001, 7016031], "next_chapter": [7018001, 7018031]}], "passages": ["Judges 17\n\nMicah and the Levite\n\n  [1] There was a man of the hill country of Ephraim, whose name was Micah. [2] And he said to his mother, \u201cThe 1,100 pieces of silver that were taken from you, about which you uttered a curse, and also spoke it in my ears, behold, the silver is with me; I took it.\u201d And his mother said, \u201cBlessed be my son by the LORD.\u201d [3] And he restored the 1,100 pieces of silver to his mother. And his mother said, \u201cI dedicate the silver to the LORD from my hand for my son, to make a carved image and a metal image. Now therefore I will restore it to you.\u201d [4] So when he restored the money to his mother, his mother took 200 pieces of silver and gave it to the silversmith, who made it into a carved image and a metal image. And it was in the house of Micah. [5] And the man Micah had a shrine, and he made an ephod and household gods, and ordained(1) one of his sons, who became his priest. [6] In those days there was no king in Israel. Everyone did what was right in his own eyes.\n\n  [7] Now there was a young man of Bethlehem in Judah, of the family of Judah, who was a Levite, and he sojourned there. [8] And the man departed from the town of Bethlehem in Judah to sojourn where he could find a place. And as he journeyed, he came to the hill country of Ephraim to the house of Micah. [9] And Micah said to him, \u201cWhere do you come from?\u201d And he said to him, \u201cI am a Levite of Bethlehem in Judah, and I am going to sojourn where I may find a place.\u201d [10] And Micah said to him, \u201cStay with me, and be to me a father and a priest, and I will give you ten pieces of silver a year and a suit of clothes and your living.\u201d And the Levite went in. [11] And the Levite was content to dwell with the man, and the young man became to him like one of his sons. [12] And Micah ordained the Levite, and the young man became his priest, and was in the house of Micah. [13] Then Micah said, \u201cNow I know that the LORD will prosper me, because I have a Levite as priest.\u201d\n\nFootnotes\n\n(1) 17:5 Hebrew *filled the hand of*; also verse 12\n (ESV)"]}