{"query": "Judges 12", "canonical": "Judges 12", "parsed": [[7012001, 7012015]], "passage_meta": [{"canonical": "Judges 12", "chapter_start": [7012001, 7012015], "chapter_end": [7012001, 7012015], "prev_verse": 7011040, "next_verse": 7013001, "prev_chapter": [7011001, 7011040], "next_chapter": [7013001, 7013025]}], "passages": ["Judges 12\n\nJephthah\u2019s Conflict with Ephraim\n\n  [1] The men of Ephraim were called to arms, and they crossed to Zaphon and said to Jephthah, \u201cWhy did you cross over to fight against the Ammonites and did not call us to go with you? We will burn your house over you with fire.\u201d [2] And Jephthah said to them, \u201cI and my people had a great dispute with the Ammonites, and when I called you, you did not save me from their hand. [3] And when I saw that you would not save me, I took my life in my hand and crossed over against the Ammonites, and the LORD gave them into my hand. Why then have you come up to me this day to fight against me?\u201d [4] Then Jephthah gathered all the men of Gilead and fought with Ephraim. And the men of Gilead struck Ephraim, because they said, \u201cYou are fugitives of Ephraim, you Gileadites, in the midst of Ephraim and Manasseh.\u201d [5] And the Gileadites captured the fords of the Jordan against the Ephraimites. And when any of the fugitives of Ephraim said, \u201cLet me go over,\u201d the men of Gilead said to him, \u201cAre you an Ephraimite?\u201d When he said, \u201cNo,\u201d [6] they said to him, \u201cThen say Shibboleth,\u201d and he said, \u201cSibboleth,\u201d for he could not pronounce it right. Then they seized him and slaughtered him at the fords of the Jordan. At that time 42,000 of the Ephraimites fell.\n\n  [7] Jephthah judged Israel six years. Then Jephthah the Gileadite died and was buried in his city in Gilead.(1)\n\nIbzan, Elon, and Abdon\n\n  [8] After him Ibzan of Bethlehem judged Israel. [9] He had thirty sons, and thirty daughters he gave in marriage outside his clan, and thirty daughters he brought in from outside for his sons. And he judged Israel seven years. [10] Then Ibzan died and was buried at Bethlehem.\n\n  [11] After him Elon the Zebulunite judged Israel, and he judged Israel ten years. [12] Then Elon the Zebulunite died and was buried at Aijalon in the land of Zebulun.\n\n  [13] After him Abdon the son of Hillel the Pirathonite judged Israel. [14] He had forty sons and thirty grandsons, who rode on seventy donkeys, and he judged Israel eight years. [15] Then Abdon the son of Hillel the Pirathonite died and was buried at Pirathon in the land of Ephraim, in the hill country of the Amalekites.\n\nFootnotes\n\n(1) 12:7 Septuagint; Hebrew *in the cities of Gilead*\n (ESV)"]}