{"query": "Judges 16", "canonical": "Judges 16", "parsed": [[7016001, 7016031]], "passage_meta": [{"canonical": "Judges 16", "chapter_start": [7016001, 7016031], "chapter_end": [7016001, 7016031], "prev_verse": 7015020, "next_verse": 7017001, "prev_chapter": [7015001, 7015020], "next_chapter": [7017001, 7017013]}], "passages": ["Judges 16\n\nSamson and Delilah\n\n  [1] Samson went to Gaza, and there he saw a prostitute, and he went in to her. [2] The Gazites were told, \u201cSamson has come here.\u201d And they surrounded the place and set an ambush for him all night at the gate of the city. They kept quiet all night, saying, \u201cLet us wait till the light of the morning; then we will kill him.\u201d [3] But Samson lay till midnight, and at midnight he arose and took hold of the doors of the gate of the city and the two posts, and pulled them up, bar and all, and put them on his shoulders and carried them to the top of the hill that is in front of Hebron.\n\n  [4] After this he loved a woman in the Valley of Sorek, whose name was Delilah. [5] And the lords of the Philistines came up to her and said to her, \u201cSeduce him, and see where his great strength lies, and by what means we may overpower him, that we may bind him to humble him. And we will each give you 1,100 pieces of silver.\u201d [6] So Delilah said to Samson, \u201cPlease tell me where your great strength lies, and how you might be bound, that one could subdue you.\u201d\n\n  [7] Samson said to her, \u201cIf they bind me with seven fresh bowstrings that have not been dried, then I shall become weak and be like any other man.\u201d [8] Then the lords of the Philistines brought up to her seven fresh bowstrings that had not been dried, and she bound him with them. [9] Now she had men lying in ambush in an inner chamber. And she said to him, \u201cThe Philistines are upon you, Samson!\u201d But he snapped the bowstrings, as a thread of flax snaps when it touches the fire. So the secret of his strength was not known.\n\n  [10] Then Delilah said to Samson, \u201cBehold, you have mocked me and told me lies. Please tell me how you might be bound.\u201d [11] And he said to her, \u201cIf they bind me with new ropes that have not been used, then I shall become weak and be like any other man.\u201d [12] So Delilah took new ropes and bound him with them and said to him, \u201cThe Philistines are upon you, Samson!\u201d And the men lying in ambush were in an inner chamber. But he snapped the ropes off his arms like a thread.\n\n  [13] Then Delilah said to Samson, \u201cUntil now you have mocked me and told me lies. Tell me how you might be bound.\u201d And he said to her, \u201cIf you weave the seven locks of my head with the web and fasten it tight with the pin, then I shall become weak and be like any other man.\u201d [14] So while he slept, Delilah took the seven locks of his head and wove them into the web.(1) And she made them tight with the pin and said to him, \u201cThe Philistines are upon you, Samson!\u201d But he awoke from his sleep and pulled away the pin, the loom, and the web.\n\n  [15] And she said to him, \u201cHow can you say, \u2018I love you,\u2019 when your heart is not with me? You have mocked me these three times, and you have not told me where your great strength lies.\u201d [16] And when she pressed him hard with her words day after day, and urged him, his soul was vexed to death. [17] And he told her all his heart, and said to her, \u201cA razor has never come upon my head, for I have been a Nazirite to God from my mother\u2019s womb. If my head is shaved, then my strength will leave me, and I shall become weak and be like any other man.\u201d\n\n  [18] When Delilah saw that he had told her all his heart, she sent and called the lords of the Philistines, saying, \u201cCome up again, for he has told me all his heart.\u201d Then the lords of the Philistines came up to her and brought the money in their hands. [19] She made him sleep on her knees. And she called a man and had him shave off the seven locks of his head. Then she began to torment him, and his strength left him. [20] And she said, \u201cThe Philistines are upon you, Samson!\u201d And he awoke from his sleep and said, \u201cI will go out as at other times and shake myself free.\u201d But he did not know that the LORD had left him. [21] And the Philistines seized him and gouged out his eyes and brought him down to Gaza and bound him with bronze shackles. And he ground at the mill in the prison. [22] But the hair of his head began to grow again after it had been shaved.\n\nThe Death of Samson\n\n  [23] Now the lords of the Philistines gathered to offer a great sacrifice to Dagon their god and to rejoice, and they said, \u201cOur god has given Samson our enemy into our hand.\u201d [24] And when the people saw him, they praised their god. For they said, \u201cOur god has given our enemy into our hand, the ravager of our country, who has killed many of us.\u201d(2) [25] And when their hearts were merry, they said, \u201cCall Samson, that he may entertain us.\u201d So they called Samson out of the prison, and he entertained them. They made him stand between the pillars. [26] And Samson said to the young man who held him by the hand, \u201cLet me feel the pillars on which the house rests, that I may lean against them.\u201d [27] Now the house was full of men and women. All the lords of the Philistines were there, and on the roof there were about 3,000 men and women, who looked on while Samson entertained.\n\n  [28] Then Samson called to the LORD and said, \u201cO Lord GOD, please remember me and please strengthen me only this once, O God, that I may be avenged on the Philistines for my two eyes.\u201d [29] And Samson grasped the two middle pillars on which the house rested, and he leaned his weight against them, his right hand on the one and his left hand on the other. [30] And Samson said, \u201cLet me die with the Philistines.\u201d Then he bowed with all his strength, and the house fell upon the lords and upon all the people who were in it. So the dead whom he killed at his death were more than those whom he had killed during his life. [31] Then his brothers and all his family came down and took him and brought him up and buried him between Zorah and Eshtaol in the tomb of Manoah his father. He had judged Israel twenty years.\n\nFootnotes\n\n(1) 16:14 Compare Septuagint; Hebrew lacks *and fasten it tight\u00a0.\u00a0.\u00a0. into the web*\n\n(2) 16:24 Or *who has multiplied our slain*\n (ESV)"]}