{"query": "Judges 21", "canonical": "Judges 21", "parsed": [[7021001, 7021025]], "passage_meta": [{"canonical": "Judges 21", "chapter_start": [7021001, 7021025], "chapter_end": [7021001, 7021025], "prev_verse": 7020048, "next_verse": 8001001, "prev_chapter": [7020001, 7020048], "next_chapter": [8001001, 8001022]}], "passages": ["Judges 21\n\nWives Provided for the Tribe of Benjamin\n\n  [1] Now the men of Israel had sworn at Mizpah, \u201cNo one of us shall give his daughter in marriage to Benjamin.\u201d [2] And the people came to Bethel and sat there till evening before God, and they lifted up their voices and wept bitterly. [3] And they said, \u201cO LORD, the God of Israel, why has this happened in Israel, that today there should be one tribe lacking in Israel?\u201d [4] And the next day the people rose early and built there an altar and offered burnt offerings and peace offerings. [5] And the people of Israel said, \u201cWhich of all the tribes of Israel did not come up in the assembly to the LORD?\u201d For they had taken a great oath concerning him who did not come up to the LORD to Mizpah, saying, \u201cHe shall surely be put to death.\u201d [6] And the people of Israel had compassion for Benjamin their brother and said, \u201cOne tribe is cut off from Israel this day. [7] What shall we do for wives for those who are left, since we have sworn by the LORD that we will not give them any of our daughters for wives?\u201d\n\n  [8] And they said, \u201cWhat one is there of the tribes of Israel that did not come up to the LORD to Mizpah?\u201d And behold, no one had come to the camp from Jabesh-gilead, to the assembly. [9] For when the people were mustered, behold, not one of the inhabitants of Jabesh-gilead was there. [10] So the congregation sent 12,000 of their bravest men there and commanded them, \u201cGo and strike the inhabitants of Jabesh-gilead with the edge of the sword; also the women and the little ones. [11] This is what you shall do: every male and every woman that has lain with a male you shall devote to destruction.\u201d [12] And they found among the inhabitants of Jabesh-gilead 400 young virgins who had not known a man by lying with him, and they brought them to the camp at Shiloh, which is in the land of Canaan.\n\n  [13] Then the whole congregation sent word to the people of Benjamin who were at the rock of Rimmon and proclaimed peace to them. [14] And Benjamin returned at that time. And they gave them the women whom they had saved alive of the women of Jabesh-gilead, but they were not enough for them. [15] And the people had compassion on Benjamin because the LORD had made a breach in the tribes of Israel.\n\n  [16] Then the elders of the congregation said, \u201cWhat shall we do for wives for those who are left, since the women are destroyed out of Benjamin?\u201d [17] And they said, \u201cThere must be an inheritance for the survivors of Benjamin, that a tribe not be blotted out from Israel. [18] Yet we cannot give them wives from our daughters.\u201d For the people of Israel had sworn, \u201cCursed be he who gives a wife to Benjamin.\u201d [19] So they said, \u201cBehold, there is the yearly feast of the LORD at Shiloh, which is north of Bethel, on the east of the highway that goes up from Bethel to Shechem, and south of Lebonah.\u201d [20] And they commanded the people of Benjamin, saying, \u201cGo and lie in ambush in the vineyards [21] and watch. If the daughters of Shiloh come out to dance in the dances, then come out of the vineyards and snatch each man his wife from the daughters of Shiloh, and go to the land of Benjamin. [22] And when their fathers or their brothers come to complain to us, we will say to them, \u2018Grant them graciously to us, because we did not take for each man of them his wife in battle, neither did you give them to them, else you would now be guilty.\u2019\u201d [23] And the people of Benjamin did so and took their wives, according to their number, from the dancers whom they carried off. Then they went and returned to their inheritance and rebuilt the towns and lived in them. [24] And the people of Israel departed from there at that time, every man to his tribe and family, and they went out from there every man to his inheritance.\n\n  [25] In those days there was no king in Israel. Everyone did what was right in his own eyes. (ESV)"]}