{"query": "Judges 14", "canonical": "Judges 14", "parsed": [[7014001, 7014020]], "passage_meta": [{"canonical": "Judges 14", "chapter_start": [7014001, 7014020], "chapter_end": [7014001, 7014020], "prev_verse": 7013025, "next_verse": 7015001, "prev_chapter": [7013001, 7013025], "next_chapter": [7015001, 7015020]}], "passages": ["Judges 14\n\nSamson\u2019s Marriage\n\n  [1] Samson went down to Timnah, and at Timnah he saw one of the daughters of the Philistines. [2] Then he came up and told his father and mother, \u201cI saw one of the daughters of the Philistines at Timnah. Now get her for me as my wife.\u201d [3] But his father and mother said to him, \u201cIs there not a woman among the daughters of your relatives, or among all our people, that you must go to take a wife from the uncircumcised Philistines?\u201d But Samson said to his father, \u201cGet her for me, for she is right in my eyes.\u201d\n\n  [4] His father and mother did not know that it was from the LORD, for he was seeking an opportunity against the Philistines. At that time the Philistines ruled over Israel.\n\n  [5] Then Samson went down with his father and mother to Timnah, and they came to the vineyards of Timnah. And behold, a young lion came toward him roaring. [6] Then the Spirit of the LORD rushed upon him, and although he had nothing in his hand, he tore the lion in pieces as one tears a young goat. But he did not tell his father or his mother what he had done. [7] Then he went down and talked with the woman, and she was right in Samson\u2019s eyes.\n\n  [8] After some days he returned to take her. And he turned aside to see the carcass of the lion, and behold, there was a swarm of bees in the body of the lion, and honey. [9] He scraped it out into his hands and went on, eating as he went. And he came to his father and mother and gave some to them, and they ate. But he did not tell them that he had scraped the honey from the carcass of the lion.\n\n  [10] His father went down to the woman, and Samson prepared a feast there, for so the young men used to do. [11] As soon as the people saw him, they brought thirty companions to be with him. [12] And Samson said to them, \u201cLet me now put a riddle to you. If you can tell me what it is, within the seven days of the feast, and find it out, then I will give you thirty linen garments and thirty changes of clothes, [13] but if you cannot tell me what it is, then you shall give me thirty linen garments and thirty changes of clothes.\u201d And they said to him, \u201cPut your riddle, that we may hear it.\u201d [14] And he said to them,\n\n    \u201cOut of the eater came something to eat.\n    Out of the strong came something sweet.\u201d\n    \n    \n      And in three days they could not solve the riddle.\n\n  [15] On the fourth(1) day they said to Samson\u2019s wife, \u201cEntice your husband to tell us what the riddle is, lest we burn you and your father\u2019s house with fire. Have you invited us here to impoverish us?\u201d [16] And Samson\u2019s wife wept over him and said, \u201cYou only hate me; you do not love me. You have put a riddle to my people, and you have not told me what it is.\u201d And he said to her, \u201cBehold, I have not told my father nor my mother, and shall I tell you?\u201d [17] She wept before him the seven days that their feast lasted, and on the seventh day he told her, because she pressed him hard. Then she told the riddle to her people. [18] And the men of the city said to him on the seventh day before the sun went down,\n\n    \u201cWhat is sweeter than honey?\n    What is stronger than a lion?\u201d\n    \n    \n      And he said to them,\n\n    \u201cIf you had not plowed with my heifer,\n    you would not have found out my riddle.\u201d\n    \n    \n      [19] And the Spirit of the LORD rushed upon him, and he went down to Ashkelon and struck down thirty men of the town and took their spoil and gave the garments to those who had told the riddle. In hot anger he went back to his father\u2019s house. [20] And Samson\u2019s wife was given to his companion, who had been his best man.\n\nFootnotes\n\n(1) 14:15 Septuagint, Syriac; Hebrew *seventh*\n (ESV)"]}