{"query": "Judges 5", "canonical": "Judges 5", "parsed": [[7005001, 7005031]], "passage_meta": [{"canonical": "Judges 5", "chapter_start": [7005001, 7005031], "chapter_end": [7005001, 7005031], "prev_verse": 7004024, "next_verse": 7006001, "prev_chapter": [7004001, 7004024], "next_chapter": [7006001, 7006040]}], "passages": ["Judges 5\n\nThe Song of Deborah and Barak\n\n  [1] Then sang Deborah and Barak the son of Abinoam on that day:\n\n    [2] \u201cThat the leaders took the lead in Israel,\n        that the people offered themselves willingly,\n        bless the LORD!\n    \n    \n    [3] \u201cHear, O kings; give ear, O princes;\n        to the LORD I will sing;\n        I will make melody to the LORD, the God of Israel.\n    \n    \n    [4] \u201cLORD, when you went out from Seir,\n        when you marched from the region of Edom,\n    the earth trembled\n        and the heavens dropped,\n        yes, the clouds dropped water.\n    [5] The mountains quaked before the LORD,\n        even Sinai before the LORD,(1) the God of Israel.\n    \n    \n    [6] \u201cIn the days of Shamgar, son of Anath,\n        in the days of Jael, the highways were abandoned,\n        and travelers kept to the byways.\n    [7] The villagers ceased in Israel;\n        they ceased to be until I arose;\n        I, Deborah, arose as a mother in Israel.\n    [8] When new gods were chosen,\n        then war was in the gates.\n    Was shield or spear to be seen\n        among forty thousand in Israel?\n    [9] My heart goes out to the commanders of Israel\n        who offered themselves willingly among the people.\n        Bless the LORD.\n    \n    \n    [10] \u201cTell of it, you who ride on white donkeys,\n        you who sit on rich carpets(2)\n        and you who walk by the way.\n    [11] To the sound of musicians(3) at the watering places,\n        there they repeat the righteous triumphs of the LORD,\n        the righteous triumphs of his villagers in Israel.\n    \n    \n    \u201cThen down to the gates marched the people of the LORD.\n    \n    \n    [12] \u201cAwake, awake, Deborah!\n        Awake, awake, break out in a song!\n    Arise, Barak, lead away your captives,\n        O son of Abinoam.\n    [13] Then down marched the remnant of the noble;\n        the people of the LORD marched down for me against the mighty.\n    [14] From Ephraim their root they marched down into the valley,(4)\n        following you, Benjamin, with your kinsmen;\n    from Machir marched down the commanders,\n        and from Zebulun those who bear the lieutenant\u2019s(5) staff;\n    [15] the princes of Issachar came with Deborah,\n        and Issachar faithful to Barak;\n        into the valley they rushed at his heels.\n    Among the clans of Reuben\n        there were great searchings of heart.\n    [16] Why did you sit still among the sheepfolds,\n        to hear the whistling for the flocks?\n    Among the clans of Reuben\n        there were great searchings of heart.\n    [17] Gilead stayed beyond the Jordan;\n        and Dan, why did he stay with the ships?\n    Asher sat still at the coast of the sea,\n        staying by his landings.\n    [18] Zebulun is a people who risked their lives to the death;\n        Naphtali, too, on the heights of the field.\n    \n    \n    [19] \u201cThe kings came, they fought;\n        then fought the kings of Canaan,\n    at Taanach, by the waters of Megiddo;\n        they got no spoils of silver.\n    [20] From heaven the stars fought,\n        from their courses they fought against Sisera.\n    [21] The torrent Kishon swept them away,\n        the ancient torrent, the torrent Kishon.\n        March on, my soul, with might!\n    \n    \n    [22] \u201cThen loud beat the horses\u2019 hoofs\n        with the galloping, galloping of his steeds.\n    \n    \n    [23] \u201cCurse Meroz, says the angel of the LORD,\n        curse its inhabitants thoroughly,\n    because they did not come to the help of the LORD,\n        to the help of the LORD against the mighty.\n    \n    \n    [24] \u201cMost blessed of women be Jael,\n        the wife of Heber the Kenite,\n        of tent-dwelling women most blessed.\n    [25] He asked for water and she gave him milk;\n        she brought him curds in a noble\u2019s bowl.\n    [26] She sent her hand to the tent peg\n        and her right hand to the workmen\u2019s mallet;\n    she struck Sisera;\n        she crushed his head;\n        she shattered and pierced his temple.\n    [27] Between her feet\n        he sank, he fell, he lay still;\n    between her feet\n        he sank, he fell;\n    where he sank,\n        there he fell\u2014dead.\n    \n    \n    [28] \u201cOut of the window she peered,\n        the mother of Sisera wailed through the lattice:\n    \u2018Why is his chariot so long in coming?\n        Why tarry the hoofbeats of his chariots?\u2019\n    [29] Her wisest princesses answer,\n        indeed, she answers herself,\n    [30] \u2018Have they not found and divided the spoil?\u2014\n        A womb or two for every man;\n    spoil of dyed materials for Sisera,\n        spoil of dyed materials embroidered,\n        two pieces of dyed work embroidered for the neck as spoil?\u2019\n    \n    \n    [31] \u201cSo may all your enemies perish, O LORD!\n        But your friends be like the sun as he rises in his might.\u201d\n    \n    \n      And the land had rest for forty years.\n\nFootnotes\n\n(1) 5:5 Or *before the Lord, the One of Sinai, before the Lord*\n\n(2) 5:10 The meaning of the Hebrew word is uncertain; it may connote *saddle blankets*\n\n(3) 5:11 Or *archers*; the meaning of the Hebrew word is uncertain\n\n(4) 5:14 Septuagint; Hebrew *in Amalek*\n\n(5) 5:14 Hebrew *commander\u2019s*\n (ESV)"]}