{"query": "Ruth 3", "canonical": "Ruth 3", "parsed": [[8003001, 8003018]], "passage_meta": [{"canonical": "Ruth 3", "chapter_start": [8003001, 8003018], "chapter_end": [8003001, 8003018], "prev_verse": 8002023, "next_verse": 8004001, "prev_chapter": [8002001, 8002023], "next_chapter": [8004001, 8004022]}], "passages": ["Ruth 3\n\nRuth and Boaz at the Threshing Floor\n\n  [1] Then Naomi her mother-in-law said to her, \u201cMy daughter, should I not seek rest for you, that it may be well with you? [2] Is not Boaz our relative, with whose young women you were? See, he is winnowing barley tonight at the threshing floor. [3] Wash therefore and anoint yourself, and put on your cloak and go down to the threshing floor, but do not make yourself known to the man until he has finished eating and drinking. [4] But when he lies down, observe the place where he lies. Then go and uncover his feet and lie down, and he will tell you what to do.\u201d [5] And she replied, \u201cAll that you say I will do.\u201d\n\n  [6] So she went down to the threshing floor and did just as her mother-in-law had commanded her. [7] And when Boaz had eaten and drunk, and his heart was merry, he went to lie down at the end of the heap of grain. Then she came softly and uncovered his feet and lay down. [8] At midnight the man was startled and turned over, and behold, a woman lay at his feet! [9] He said, \u201cWho are you?\u201d And she answered, \u201cI am Ruth, your servant. Spread your wings(1) over your servant, for you are a redeemer.\u201d [10] And he said, \u201cMay you be blessed by the LORD, my daughter. You have made this last kindness greater than the first in that you have not gone after young men, whether poor or rich. [11] And now, my daughter, do not fear. I will do for you all that you ask, for all my fellow townsmen know that you are a worthy woman. [12] And now it is true that I am a redeemer. Yet there is a redeemer nearer than I. [13] Remain tonight, and in the morning, if he will redeem you, good; let him do it. But if he is not willing to redeem you, then, as the LORD lives, I will redeem you. Lie down until the morning.\u201d\n\n  [14] So she lay at his feet until the morning, but arose before one could recognize another. And he said, \u201cLet it not be known that the woman came to the threshing floor.\u201d [15] And he said, \u201cBring the garment you are wearing and hold it out.\u201d So she held it, and he measured out six measures of barley and put it on her. Then she went into the city. [16] And when she came to her mother-in-law, she said, \u201cHow did you fare, my daughter?\u201d Then she told her all that the man had done for her, [17] saying, \u201cThese six measures of barley he gave to me, for he said to me, \u2018You must not go back empty-handed to your mother-in-law.\u2019\u201d [18] She replied, \u201cWait, my daughter, until you learn how the matter turns out, for the man will not rest but will settle the matter today.\u201d\n\nFootnotes\n\n(1) 3:9 Compare 2:12; the word for *wings* can also mean *corners of a garment*\n (ESV)"]}