{"query": "Ruth 4", "canonical": "Ruth 4", "parsed": [[8004001, 8004022]], "passage_meta": [{"canonical": "Ruth 4", "chapter_start": [8004001, 8004022], "chapter_end": [8004001, 8004022], "prev_verse": 8003018, "next_verse": 9001001, "prev_chapter": [8003001, 8003018], "next_chapter": [9001001, 9001028]}], "passages": ["Ruth 4\n\nBoaz Redeems Ruth\n\n  [1] Now Boaz had gone up to the gate and sat down there. And behold, the redeemer, of whom Boaz had spoken, came by. So Boaz said, \u201cTurn aside, friend; sit down here.\u201d And he turned aside and sat down. [2] And he took ten men of the elders of the city and said, \u201cSit down here.\u201d So they sat down. [3] Then he said to the redeemer, \u201cNaomi, who has come back from the country of Moab, is selling the parcel of land that belonged to our relative Elimelech. [4] So I thought I would tell you of it and say, \u2018Buy it in the presence of those sitting here and in the presence of the elders of my people.\u2019 If you will redeem it, redeem it. But if you(1) will not, tell me, that I may know, for there is no one besides you to redeem it, and I come after you.\u201d And he said, \u201cI will redeem it.\u201d [5] Then Boaz said, \u201cThe day you buy the field from the hand of Naomi, you also acquire Ruth(2) the Moabite, the widow of the dead, in order to perpetuate the name of the dead in his inheritance.\u201d [6] Then the redeemer said, \u201cI cannot redeem it for myself, lest I impair my own inheritance. Take my right of redemption yourself, for I cannot redeem it.\u201d\n\n  [7] Now this was the custom in former times in Israel concerning redeeming and exchanging: to confirm a transaction, the one drew off his sandal and gave it to the other, and this was the manner of attesting in Israel. [8] So when the redeemer said to Boaz, \u201cBuy it for yourself,\u201d he drew off his sandal. [9] Then Boaz said to the elders and all the people, \u201cYou are witnesses this day that I have bought from the hand of Naomi all that belonged to Elimelech and all that belonged to Chilion and to Mahlon. [10] Also Ruth the Moabite, the widow of Mahlon, I have bought to be my wife, to perpetuate the name of the dead in his inheritance, that the name of the dead may not be cut off from among his brothers and from the gate of his native place. You are witnesses this day.\u201d [11] Then all the people who were at the gate and the elders said, \u201cWe are witnesses. May the LORD make the woman, who is coming into your house, like Rachel and Leah, who together built up the house of Israel. May you act worthily in Ephrathah and be renowned in Bethlehem, [12] and may your house be like the house of Perez, whom Tamar bore to Judah, because of the offspring that the LORD will give you by this young woman.\u201d\n\nRuth and Boaz Marry\n\n  [13] So Boaz took Ruth, and she became his wife. And he went in to her, and the LORD gave her conception, and she bore a son. [14] Then the women said to Naomi, \u201cBlessed be the LORD, who has not left you this day without a redeemer, and may his name be renowned in Israel! [15] He shall be to you a restorer of life and a nourisher of your old age, for your daughter-in-law who loves you, who is more to you than seven sons, has given birth to him.\u201d [16] Then Naomi took the child and laid him on her lap and became his nurse. [17] And the women of the neighborhood gave him a name, saying, \u201cA son has been born to Naomi.\u201d They named him Obed. He was the father of Jesse, the father of David.\n\nThe Genealogy of David\n\n  [18] Now these are the generations of Perez: Perez fathered Hezron, [19] Hezron fathered Ram, Ram fathered Amminadab, [20] Amminadab fathered Nahshon, Nahshon fathered Salmon, [21] Salmon fathered Boaz, Boaz fathered Obed, [22] Obed fathered Jesse, and Jesse fathered David.\n\nFootnotes\n\n(1) 4:4 Hebrew *he*\n\n(2) 4:5 Masoretic Text *you also buy it from Ruth*\n (ESV)"]}