{"query": "Ruth 1", "canonical": "Ruth 1", "parsed": [[8001001, 8001022]], "passage_meta": [{"canonical": "Ruth 1", "chapter_start": [8001001, 8001022], "chapter_end": [8001001, 8001022], "prev_verse": 7021025, "next_verse": 8002001, "prev_chapter": [7021001, 7021025], "next_chapter": [8002001, 8002023]}], "passages": ["Ruth 1\n\nNaomi Widowed\n\n  [1] In the days when the judges ruled there was a famine in the land, and a man of Bethlehem in Judah went to sojourn in the country of Moab, he and his wife and his two sons. [2] The name of the man was Elimelech and the name of his wife Naomi, and the names of his two sons were Mahlon and Chilion. They were Ephrathites from Bethlehem in Judah. They went into the country of Moab and remained there. [3] But Elimelech, the husband of Naomi, died, and she was left with her two sons. [4] These took Moabite wives; the name of the one was Orpah and the name of the other Ruth. They lived there about ten years, [5] and both Mahlon and Chilion died, so that the woman was left without her two sons and her husband.\n\nRuth\u2019s Loyalty to Naomi\n\n  [6] Then she arose with her daughters-in-law to return from the country of Moab, for she had heard in the fields of Moab that the LORD had visited his people and given them food. [7] So she set out from the place where she was with her two daughters-in-law, and they went on the way to return to the land of Judah. [8] But Naomi said to her two daughters-in-law, \u201cGo, return each of you to her mother\u2019s house. May the LORD deal kindly with you, as you have dealt with the dead and with me. [9] The LORD grant that you may find rest, each of you in the house of her husband!\u201d Then she kissed them, and they lifted up their voices and wept. [10] And they said to her, \u201cNo, we will return with you to your people.\u201d [11] But Naomi said, \u201cTurn back, my daughters; why will you go with me? Have I yet sons in my womb that they may become your husbands? [12] Turn back, my daughters; go your way, for I am too old to have a husband. If I should say I have hope, even if I should have a husband this night and should bear sons, [13] would you therefore wait till they were grown? Would you therefore refrain from marrying? No, my daughters, for it is exceedingly bitter to me for your sake that the hand of the LORD has gone out against me.\u201d [14] Then they lifted up their voices and wept again. And Orpah kissed her mother-in-law, but Ruth clung to her.\n\n  [15] And she said, \u201cSee, your sister-in-law has gone back to her people and to her gods; return after your sister-in-law.\u201d [16] But Ruth said, \u201cDo not urge me to leave you or to return from following you. For where you go I will go, and where you lodge I will lodge. Your people shall be my people, and your God my God. [17] Where you die I will die, and there will I be buried. May the LORD do so to me and more also if anything but death parts me from you.\u201d [18] And when Naomi saw that she was determined to go with her, she said no more.\n\nNaomi and Ruth Return\n\n  [19] So the two of them went on until they came to Bethlehem. And when they came to Bethlehem, the whole town was stirred because of them. And the women said, \u201cIs this Naomi?\u201d [20] She said to them, \u201cDo not call me Naomi;(1) call me Mara,(2) for the Almighty has dealt very bitterly with me. [21] I went away full, and the LORD has brought me back empty. Why call me Naomi, when the LORD has testified against me and the Almighty has brought calamity upon me?\u201d\n\n  [22] So Naomi returned, and Ruth the Moabite her daughter-in-law with her, who returned from the country of Moab. And they came to Bethlehem at the beginning of barley harvest.\n\nFootnotes\n\n(1) 1:20 *Naomi* means *pleasant*\n\n(2) 1:20 *Mara* means *bitter*\n (ESV)"]}