{"query": "Ruth 2", "canonical": "Ruth 2", "parsed": [[8002001, 8002023]], "passage_meta": [{"canonical": "Ruth 2", "chapter_start": [8002001, 8002023], "chapter_end": [8002001, 8002023], "prev_verse": 8001022, "next_verse": 8003001, "prev_chapter": [8001001, 8001022], "next_chapter": [8003001, 8003018]}], "passages": ["Ruth 2\n\nRuth Meets Boaz\n\n  [1] Now Naomi had a relative of her husband\u2019s, a worthy man of the clan of Elimelech, whose name was Boaz. [2] And Ruth the Moabite said to Naomi, \u201cLet me go to the field and glean among the ears of grain after him in whose sight I shall find favor.\u201d And she said to her, \u201cGo, my daughter.\u201d [3] So she set out and went and gleaned in the field after the reapers, and she happened to come to the part of the field belonging to Boaz, who was of the clan of Elimelech. [4] And behold, Boaz came from Bethlehem. And he said to the reapers, \u201cThe LORD be with you!\u201d And they answered, \u201cThe LORD bless you.\u201d [5] Then Boaz said to his young man who was in charge of the reapers, \u201cWhose young woman is this?\u201d [6] And the servant who was in charge of the reapers answered, \u201cShe is the young Moabite woman, who came back with Naomi from the country of Moab. [7] She said, \u2018Please let me glean and gather among the sheaves after the reapers.\u2019 So she came, and she has continued from early morning until now, except for a short rest.\u201d(1)\n\n  [8] Then Boaz said to Ruth, \u201cNow, listen, my daughter, do not go to glean in another field or leave this one, but keep close to my young women. [9] Let your eyes be on the field that they are reaping, and go after them. Have I not charged the young men not to touch you? And when you are thirsty, go to the vessels and drink what the young men have drawn.\u201d [10] Then she fell on her face, bowing to the ground, and said to him, \u201cWhy have I found favor in your eyes, that you should take notice of me, since I am a foreigner?\u201d [11] But Boaz answered her, \u201cAll that you have done for your mother-in-law since the death of your husband has been fully told to me, and how you left your father and mother and your native land and came to a people that you did not know before. [12] The LORD repay you for what you have done, and a full reward be given you by the LORD, the God of Israel, under whose wings you have come to take refuge!\u201d [13] Then she said, \u201cI have found favor in your eyes, my lord, for you have comforted me and spoken kindly to your servant, though I am not one of your servants.\u201d\n\n  [14] And at mealtime Boaz said to her, \u201cCome here and eat some bread and dip your morsel in the wine.\u201d So she sat beside the reapers, and he passed to her roasted grain. And she ate until she was satisfied, and she had some left over. [15] When she rose to glean, Boaz instructed his young men, saying, \u201cLet her glean even among the sheaves, and do not reproach her. [16] And also pull out some from the bundles for her and leave it for her to glean, and do not rebuke her.\u201d\n\n  [17] So she gleaned in the field until evening. Then she beat out what she had gleaned, and it was about an ephah(2) of barley. [18] And she took it up and went into the city. Her mother-in-law saw what she had gleaned. She also brought out and gave her what food she had left over after being satisfied. [19] And her mother-in-law said to her, \u201cWhere did you glean today? And where have you worked? Blessed be the man who took notice of you.\u201d So she told her mother-in-law with whom she had worked and said, \u201cThe man\u2019s name with whom I worked today is Boaz.\u201d [20] And Naomi said to her daughter-in-law, \u201cMay he be blessed by the LORD, whose kindness has not forsaken the living or the dead!\u201d Naomi also said to her, \u201cThe man is a close relative of ours, one of our redeemers.\u201d [21] And Ruth the Moabite said, \u201cBesides, he said to me, \u2018You shall keep close by my young men until they have finished all my harvest.\u2019\u201d [22] And Naomi said to Ruth, her daughter-in-law, \u201cIt is good, my daughter, that you go out with his young women, lest in another field you be assaulted.\u201d [23] So she kept close to the young women of Boaz, gleaning until the end of the barley and wheat harvests. And she lived with her mother-in-law.\n\nFootnotes\n\n(1) 2:7 Compare Septuagint, Vulgate; the meaning of the Hebrew phrase is uncertain\n\n(2) 2:17 An *ephah* was about 3/5 bushel or 22 liters\n (ESV)"]}