{"query": "Ezekiel 45", "canonical": "Ezekiel 45", "parsed": [[26045001, 26045025]], "passage_meta": [{"canonical": "Ezekiel 45", "chapter_start": [26045001, 26045025], "chapter_end": [26045001, 26045025], "prev_verse": 26044031, "next_verse": 26046001, "prev_chapter": [26044001, 26044031], "next_chapter": [26046001, 26046024]}], "passages": ["Ezekiel 45\n\nThe Holy District\n\n  [1] \u201cWhen you allot the land as an inheritance, you shall set apart for the LORD a portion of the land as a holy district, 25,000 cubits(1) long and 20,000(2) cubits broad. It shall be holy throughout its whole extent. [2] Of this a square plot of 500 by 500 cubits shall be for the sanctuary, with fifty cubits for an open space around it. [3] And from this measured district you shall measure off a section 25,000 cubits long and 10,000 broad, in which shall be the sanctuary, the Most Holy Place. [4] It shall be the holy portion of the land. It shall be for the priests, who minister in the sanctuary and approach the LORD to minister to him, and it shall be a place for their houses and a holy place for the sanctuary. [5] Another section, 25,000 cubits long and 10,000 cubits broad, shall be for the Levites who minister at the temple, as their possession for cities to live in.(3)\n\n  [6] \u201cAlongside the portion set apart as the holy district you shall assign for the property of the city an area 5,000 cubits broad and 25,000 cubits long. It shall belong to the whole house of Israel.\n\nThe Portion for the Prince\n\n  [7] \u201cAnd to the prince shall belong the land on both sides of the holy district and the property of the city, alongside the holy district and the property of the city, on the west and on the east, corresponding in length to one of the tribal portions, and extending from the western to the eastern boundary [8] of the land. It is to be his property in Israel. And my princes shall no more oppress my people, but they shall let the house of Israel have the land according to their tribes.\n\n  [9] \u201cThus says the Lord GOD: Enough, O princes of Israel! Put away violence and oppression, and execute justice and righteousness. Cease your evictions of my people, declares the Lord GOD.\n\n  [10] \u201cYou shall have just balances, a just ephah, and a just bath.(4) [11] The ephah and the bath shall be of the same measure, the bath containing one tenth of a homer,(5) and the ephah one tenth of a homer; the homer shall be the standard measure. [12] The shekel shall be twenty gerahs;(6) twenty shekels plus twenty-five shekels plus fifteen shekels shall be your mina.(7)\n\n  [13] \u201cThis is the offering that you shall make: one sixth of an ephah from each homer of wheat, and one sixth of an ephah from each homer of barley, [14] and as the fixed portion of oil, measured in baths, one tenth of a bath from each cor(8) (the cor, like the homer, contains ten baths).(9) [15] And one sheep from every flock of two hundred, from the watering places of Israel for grain offering, burnt offering, and peace offerings, to make atonement for them, declares the Lord GOD. [16] All the people of the land shall be obliged to give this offering to the prince in Israel. [17] It shall be the prince\u2019s duty to furnish the burnt offerings, grain offerings, and drink offerings, at the feasts, the new moons, and the Sabbaths, all the appointed feasts of the house of Israel: he shall provide the sin offerings, grain offerings, burnt offerings, and peace offerings, to make atonement on behalf of the house of Israel.\n\n  [18] \u201cThus says the Lord GOD: In the first month, on the first day of the month, you shall take a bull from the herd without blemish, and purify the sanctuary. [19] The priest shall take some of the blood of the sin offering and put it on the doorposts of the temple, the four corners of the ledge of the altar, and the posts of the gate of the inner court. [20] You shall do the same on the seventh day of the month for anyone who has sinned through error or ignorance; so you shall make atonement for the temple.\n\n  [21] \u201cIn the first month, on the fourteenth day of the month, you shall celebrate the Feast of the Passover, and for seven days unleavened bread shall be eaten. [22] On that day the prince shall provide for himself and all the people of the land a young bull for a sin offering. [23] And on the seven days of the festival he shall provide as a burnt offering to the LORD seven young bulls and seven rams without blemish, on each of the seven days; and a male goat daily for a sin offering. [24] And he shall provide as a grain offering an ephah for each bull, an ephah for each ram, and a hin(10) of oil to each ephah. [25] In the seventh month, on the fifteenth day of the month and for the seven days of the feast, he shall make the same provision for sin offerings, burnt offerings, and grain offerings, and for the oil.\n\nFootnotes\n\n(1) 45:1 A *cubit* was about 18 inches or 45 centimeters\n\n(2) 45:1 Septuagint; Hebrew *10,000*\n\n(3) 45:5 Septuagint; Hebrew *as their possession, twenty chambers*\n\n(4) 45:10 An *ephah* was about 3/5 of a bushel or 22 liters; a *bath* was about 6 gallons or 22 liters\n\n(5) 45:11 A *homer* was about 6 bushels or 220 liters\n\n(6) 45:12 A *shekel* was about 2/5 ounce or 11 grams; a *gerah* was about 1/50 ounce or 0.6 gram\n\n(7) 45:12 A *mina* was about 1 1/4 pounds or 0.6 kilogram\n\n(8) 45:14 A *cor* was about 6 bushels or 220 liters\n\n(9) 45:14 See Vulgate; Hebrew *(ten baths are a homer, for ten baths are a homer)*\n\n(10) 45:24 A *hin* was about 4 quarts or 3.5 liters\n (ESV)"]}