{"query": "Ezekiel 28", "canonical": "Ezekiel 28", "parsed": [[26028001, 26028026]], "passage_meta": [{"canonical": "Ezekiel 28", "chapter_start": [26028001, 26028026], "chapter_end": [26028001, 26028026], "prev_verse": 26027036, "next_verse": 26029001, "prev_chapter": [26027001, 26027036], "next_chapter": [26029001, 26029021]}], "passages": ["Ezekiel 28\n\nProphecy Against the Prince of Tyre\n\n  [1] The word of the LORD came to me: [2] \u201cSon of man, say to the prince of Tyre, Thus says the Lord GOD:\n\n    \u201cBecause your heart is proud,\n        and you have said, \u2018I am a god,\n    I sit in the seat of the gods,\n        in the heart of the seas,\u2019\n    yet you are but a man, and no god,\n        though you make your heart like the heart of a god\u2014\n    [3] you are indeed wiser than Daniel;\n        no secret is hidden from you;\n    [4] by your wisdom and your understanding\n        you have made wealth for yourself,\n    and have gathered gold and silver\n        into your treasuries;\n    [5] by your great wisdom in your trade\n        you have increased your wealth,\n        and your heart has become proud in your wealth\u2014\n    [6] therefore thus says the Lord GOD:\n    Because you make your heart\n        like the heart of a god,\n    [7] therefore, behold, I will bring foreigners upon you,\n        the most ruthless of the nations;\n    and they shall draw their swords against the beauty of your wisdom\n        and defile your splendor.\n    [8] They shall thrust you down into the pit,\n        and you shall die the death of the slain\n        in the heart of the seas.\n    [9] Will you still say, \u2018I am a god,\u2019\n        in the presence of those who kill you,\n    though you are but a man, and no god,\n        in the hands of those who slay you?\n    [10] You shall die the death of the uncircumcised\n        by the hand of foreigners;\n        for I have spoken, declares the Lord GOD.\u201d\n    \n    \n    A Lament over the King of Tyre\n\n  [11] Moreover, the word of the LORD came to me: [12] \u201cSon of man, raise a lamentation over the king of Tyre, and say to him, Thus says the Lord GOD:\n\n    \u201cYou were the signet of perfection,(1)\n        full of wisdom and perfect in beauty.\n    [13] You were in Eden, the garden of God;\n        every precious stone was your covering,\n    sardius, topaz, and diamond,\n        beryl, onyx, and jasper,\n    sapphire,(2) emerald, and carbuncle;\n        and crafted in gold were your settings\n        and your engravings.(3)\n    On the day that you were created\n        they were prepared.\n    [14] You were an anointed guardian cherub.\n        I placed you;(4) you were on the holy mountain of God;\n        in the midst of the stones of fire you walked.\n    [15] You were blameless in your ways\n        from the day you were created,\n        till unrighteousness was found in you.\n    [16] In the abundance of your trade\n        you were filled with violence in your midst, and you sinned;\n    so I cast you as a profane thing from the mountain of God,\n        and I destroyed you,(5) O guardian cherub,\n        from the midst of the stones of fire.\n    [17] Your heart was proud because of your beauty;\n        you corrupted your wisdom for the sake of your splendor.\n    I cast you to the ground;\n        I exposed you before kings,\n        to feast their eyes on you.\n    [18] By the multitude of your iniquities,\n        in the unrighteousness of your trade\n        you profaned your sanctuaries;\n    so I brought fire out from your midst;\n        it consumed you,\n    and I turned you to ashes on the earth\n        in the sight of all who saw you.\n    [19] All who know you among the peoples\n        are appalled at you;\n    you have come to a dreadful end\n        and shall be no more forever.\u201d\n    \n    \n    Prophecy Against Sidon\n\n  [20] The word of the LORD came to me: [21] \u201cSon of man, set your face toward Sidon, and prophesy against her [22] and say, Thus says the Lord GOD:\n\n    \u201cBehold, I am against you, O Sidon,\n        and I will manifest my glory in your midst.\n    And they shall know that I am the LORD\n        when I execute judgments in her\n        and manifest my holiness in her;\n    [23] for I will send pestilence into her,\n        and blood into her streets;\n    and the slain shall fall in her midst,\n        by the sword that is against her on every side.\n    Then they will know that I am the LORD.\n    \n    \n      [24] \u201cAnd for the house of Israel there shall be no more a brier to prick or a thorn to hurt them among all their neighbors who have treated them with contempt. Then they will know that I am the Lord GOD.\n\nIsrael Gathered in Security\n\n  [25] \u201cThus says the Lord GOD: When I gather the house of Israel from the peoples among whom they are scattered, and manifest my holiness in them in the sight of the nations, then they shall dwell in their own land that I gave to my servant Jacob. [26] And they shall dwell securely in it, and they shall build houses and plant vineyards. They shall dwell securely, when I execute judgments upon all their neighbors who have treated them with contempt. Then they will know that I am the LORD their God.\u201d\n\nFootnotes\n\n(1) 28:12 The meaning of the Hebrew phrase is uncertain\n\n(2) 28:13 Or *lapis lazuli*\n\n(3) 28:13 The meaning of the Hebrew phrase is uncertain\n\n(4) 28:14 The meaning of the Hebrew phrase is uncertain\n\n(5) 28:16 Or *banished you*\n (ESV)"]}