{"query": "Ezekiel 31", "canonical": "Ezekiel 31", "parsed": [[26031001, 26031018]], "passage_meta": [{"canonical": "Ezekiel 31", "chapter_start": [26031001, 26031018], "chapter_end": [26031001, 26031018], "prev_verse": 26030026, "next_verse": 26032001, "prev_chapter": [26030001, 26030026], "next_chapter": [26032001, 26032032]}], "passages": ["Ezekiel 31\n\nPharaoh to Be Slain\n\n  [1] In the eleventh year, in the third month, on the first day of the month, the word of the LORD came to me: [2] \u201cSon of man, say to Pharaoh king of Egypt and to his multitude:\n\n    \u201cWhom are you like in your greatness?\n    [3]     Behold, Assyria was a cedar in Lebanon,\n    with beautiful branches and forest shade,\n        and of towering height,\n        its top among the clouds.(1)\n    [4] The waters nourished it;\n        the deep made it grow tall,\n    making its rivers flow\n        around the place of its planting,\n    sending forth its streams\n        to all the trees of the field.\n    [5] So it towered high\n        above all the trees of the field;\n    its boughs grew large\n        and its branches long\n        from abundant water in its shoots.\n    [6] All the birds of the heavens\n        made their nests in its boughs;\n    under its branches all the beasts of the field\n        gave birth to their young,\n    and under its shadow\n        lived all great nations.\n    [7] It was beautiful in its greatness,\n        in the length of its branches;\n    for its roots went down\n        to abundant waters.\n    [8] The cedars in the garden of God could not rival it,\n        nor the fir trees equal its boughs;\n    neither were the plane trees\n        like its branches;\n    no tree in the garden of God\n        was its equal in beauty.\n    [9] I made it beautiful\n        in the mass of its branches,\n    and all the trees of Eden envied it,\n        that were in the garden of God.\n    \n    \n      [10] \u201cTherefore thus says the Lord GOD: Because it(2) towered high and set its top among the clouds,(3) and its heart was proud of its height, [11] I will give it into the hand of a mighty one of the nations. He shall surely deal with it as its wickedness deserves. I have cast it out. [12] Foreigners, the most ruthless of nations, have cut it down and left it. On the mountains and in all the valleys its branches have fallen, and its boughs have been broken in all the ravines of the land, and all the peoples of the earth have gone away from its shadow and left it. [13] On its fallen trunk dwell all the birds of the heavens, and on its branches are all the beasts of the field. [14] All this is in order that no trees by the waters may grow to towering height or set their tops among the clouds,(4) and that no trees that drink water may reach up to them in height. For they are all given over to death, to the world below, among the children of man,(5) with those who go down to the pit.\n\n  [15] \u201cThus says the Lord GOD: On the day the cedar(6) went down to Sheol I caused mourning; I closed the deep over it, and restrained its rivers, and many waters were stopped. I clothed Lebanon in gloom for it, and all the trees of the field fainted because of it. [16] I made the nations quake at the sound of its fall, when I cast it down to Sheol with those who go down to the pit. And all the trees of Eden, the choice and best of Lebanon, all that drink water, were comforted in the world below. [17] They also went down to Sheol with it, to those who are slain by the sword; yes, those who were its arm, who lived under its shadow among the nations.\n\n  [18] \u201cWhom are you thus like in glory and in greatness among the trees of Eden? You shall be brought down with the trees of Eden to the world below. You shall lie among the uncircumcised, with those who are slain by the sword.\n\n  \u201cThis is Pharaoh and all his multitude, declares the Lord GOD.\u201d\n\nFootnotes\n\n(1) 31:3 Or *its top went through the thick boughs*\n\n(2) 31:10 Syriac, Vulgate; Hebrew *you*\n\n(3) 31:10 Or *its top through the thick boughs*\n\n(4) 31:14 Or *their tops through the thick boughs*\n\n(5) 31:14 Or *of Adam*\n\n(6) 31:15 Hebrew *it*\n (ESV)"]}