{"query": "Ezekiel 13", "canonical": "Ezekiel 13", "parsed": [[26013001, 26013023]], "passage_meta": [{"canonical": "Ezekiel 13", "chapter_start": [26013001, 26013023], "chapter_end": [26013001, 26013023], "prev_verse": 26012028, "next_verse": 26014001, "prev_chapter": [26012001, 26012028], "next_chapter": [26014001, 26014023]}], "passages": ["Ezekiel 13\n\nFalse Prophets Condemned\n\n  [1] The word of the LORD came to me: [2] \u201cSon of man, prophesy against the prophets of Israel, who are prophesying, and say to those who prophesy from their own hearts: \u2018Hear the word of the LORD!\u2019 [3] Thus says the Lord GOD, Woe to the foolish prophets who follow their own spirit, and have seen nothing! [4] Your prophets have been like jackals among ruins, O Israel. [5] You have not gone up into the breaches, or built up a wall for the house of Israel, that it might stand in battle in the day of the LORD. [6] They have seen false visions and lying divinations. They say, \u2018Declares the LORD,\u2019 when the LORD has not sent them, and yet they expect him to fulfill their word. [7] Have you not seen a false vision and uttered a lying divination, whenever you have said, \u2018Declares the LORD,\u2019 although I have not spoken?\u201d\n\n  [8] Therefore thus says the Lord GOD: \u201cBecause you have uttered falsehood and seen lying visions, therefore behold, I am against you, declares the Lord GOD. [9] My hand will be against the prophets who see false visions and who give lying divinations. They shall not be in the council of my people, nor be enrolled in the register of the house of Israel, nor shall they enter the land of Israel. And you shall know that I am the Lord GOD. [10] Precisely because they have misled my people, saying, \u2018Peace,\u2019 when there is no peace, and because, when the people build a wall, these prophets smear it with whitewash,(1) [11] say to those who smear it with whitewash that it shall fall! There will be a deluge of rain, and you, O great hailstones, will fall, and a stormy wind break out. [12] And when the wall falls, will it not be said to you, \u2018Where is the coating with which you smeared it?\u2019 [13] Therefore thus says the Lord GOD: I will make a stormy wind break out in my wrath, and there shall be a deluge of rain in my anger, and great hailstones in wrath to make a full end. [14] And I will break down the wall that you have smeared with whitewash, and bring it down to the ground, so that its foundation will be laid bare. When it falls, you shall perish in the midst of it, and you shall know that I am the LORD. [15] Thus will I spend my wrath upon the wall and upon those who have smeared it with whitewash, and I will say to you, The wall is no more, nor those who smeared it, [16] the prophets of Israel who prophesied concerning Jerusalem and saw visions of peace for her, when there was no peace, declares the Lord GOD.\n\n  [17] \u201cAnd you, son of man, set your face against the daughters of your people, who prophesy out of their own hearts. Prophesy against them [18] and say, Thus says the Lord GOD: Woe to the women who sew magic bands upon all wrists, and make veils for the heads of persons of every stature, in the hunt for souls! Will you hunt down souls belonging to my people and keep your own souls alive? [19] You have profaned me among my people for handfuls of barley and for pieces of bread, putting to death souls who should not die and keeping alive souls who should not live, by your lying to my people, who listen to lies.\n\n  [20] \u201cTherefore thus says the Lord GOD: Behold, I am against your magic bands with which you hunt the souls like birds, and I will tear them from your arms, and I will let the souls whom you hunt go free, the souls like birds. [21] Your veils also I will tear off and deliver my people out of your hand, and they shall be no more in your hand as prey, and you shall know that I am the LORD. [22] Because you have disheartened the righteous falsely, although I have not grieved him, and you have encouraged the wicked, that he should not turn from his evil way to save his life, [23] therefore you shall no more see false visions nor practice divination. I will deliver my people out of your hand. And you shall know that I am the LORD.\u201d\n\nFootnotes\n\n(1) 13:10 Or *plaster*; also verses 11, 14, 15\n (ESV)"]}