{"query": "Ezekiel 9", "canonical": "Ezekiel 9", "parsed": [[26009001, 26009011]], "passage_meta": [{"canonical": "Ezekiel 9", "chapter_start": [26009001, 26009011], "chapter_end": [26009001, 26009011], "prev_verse": 26008018, "next_verse": 26010001, "prev_chapter": [26008001, 26008018], "next_chapter": [26010001, 26010022]}], "passages": ["Ezekiel 9\n\nIdolaters Killed\n\n  [1] Then he cried in my ears with a loud voice, saying, \u201cBring near the executioners of the city, each with his destroying weapon in his hand.\u201d [2] And behold, six men came from the direction of the upper gate, which faces north, each with his weapon for slaughter in his hand, and with them was a man clothed in linen, with a writing case at his waist. And they went in and stood beside the bronze altar.\n\n  [3] Now the glory of the God of Israel had gone up from the cherub on which it rested to the threshold of the house. And he called to the man clothed in linen, who had the writing case at his waist. [4] And the LORD said to him, \u201cPass through the city, through Jerusalem, and put a mark on the foreheads of the men who sigh and groan over all the abominations that are committed in it.\u201d [5] And to the others he said in my hearing, \u201cPass through the city after him, and strike. Your eye shall not spare, and you shall show no pity. [6] Kill old men outright, young men and maidens, little children and women, but touch no one on whom is the mark. And begin at my sanctuary.\u201d So they began with the elders who were before the house. [7] Then he said to them, \u201cDefile the house, and fill the courts with the slain. Go out.\u201d So they went out and struck in the city. [8] And while they were striking, and I was left alone, I fell upon my face, and cried, \u201cAh, Lord GOD! Will you destroy all the remnant of Israel in the outpouring of your wrath on Jerusalem?\u201d\n\n  [9] Then he said to me, \u201cThe guilt of the house of Israel and Judah is exceedingly great. The land is full of blood, and the city full of injustice. For they say, \u2018The LORD has forsaken the land, and the LORD does not see.\u2019 [10] As for me, my eye will not spare, nor will I have pity; I will bring their deeds upon their heads.\u201d\n\n  [11] And behold, the man clothed in linen, with the writing case at his waist, brought back word, saying, \u201cI have done as you commanded me.\u201d (ESV)"]}