{"query": "Ezekiel 8", "canonical": "Ezekiel 8", "parsed": [[26008001, 26008018]], "passage_meta": [{"canonical": "Ezekiel 8", "chapter_start": [26008001, 26008018], "chapter_end": [26008001, 26008018], "prev_verse": 26007027, "next_verse": 26009001, "prev_chapter": [26007001, 26007027], "next_chapter": [26009001, 26009011]}], "passages": ["Ezekiel 8\n\nAbominations in the Temple\n\n  [1] In the sixth year, in the sixth month, on the fifth day of the month, as I sat in my house, with the elders of Judah sitting before me, the hand of the Lord GOD fell upon me there. [2] Then I looked, and behold, a form that had the appearance of a man.(1) Below what appeared to be his waist was fire, and above his waist was something like the appearance of brightness, like gleaming metal.(2) [3] He put out the form of a hand and took me by a lock of my head, and the Spirit lifted me up between earth and heaven and brought me in visions of God to Jerusalem, to the entrance of the gateway of the inner court that faces north, where was the seat of the image of jealousy, which provokes to jealousy. [4] And behold, the glory of the God of Israel was there, like the vision that I saw in the valley.\n\n  [5] Then he said to me, \u201cSon of man, lift up your eyes now toward the north.\u201d So I lifted up my eyes toward the north, and behold, north of the altar gate, in the entrance, was this image of jealousy. [6] And he said to me, \u201cSon of man, do you see what they are doing, the great abominations that the house of Israel are committing here, to drive me far from my sanctuary? But you will see still greater abominations.\u201d\n\n  [7] And he brought me to the entrance of the court, and when I looked, behold, there was a hole in the wall. [8] Then he said to me, \u201cSon of man, dig in the wall.\u201d So I dug in the wall, and behold, there was an entrance. [9] And he said to me, \u201cGo in, and see the vile abominations that they are committing here.\u201d [10] So I went in and saw. And there, engraved on the wall all around, was every form of creeping things and loathsome beasts, and all the idols of the house of Israel. [11] And before them stood seventy men of the elders of the house of Israel, with Jaazaniah the son of Shaphan standing among them. Each had his censer in his hand, and the smoke of the cloud of incense went up. [12] Then he said to me, \u201cSon of man, have you seen what the elders of the house of Israel are doing in the dark, each in his room of pictures? For they say, \u2018The LORD does not see us, the LORD has forsaken the land.\u2019\u201d [13] He said also to me, \u201cYou will see still greater abominations that they commit.\u201d\n\n  [14] Then he brought me to the entrance of the north gate of the house of the LORD, and behold, there sat women weeping for Tammuz. [15] Then he said to me, \u201cHave you seen this, O son of man? You will see still greater abominations than these.\u201d\n\n  [16] And he brought me into the inner court of the house of the LORD. And behold, at the entrance of the temple of the LORD, between the porch and the altar, were about twenty-five men, with their backs to the temple of the LORD, and their faces toward the east, worshiping the sun toward the east. [17] Then he said to me, \u201cHave you seen this, O son of man? Is it too light a thing for the house of Judah to commit the abominations that they commit here, that they should fill the land with violence and provoke me still further to anger? Behold, they put the branch to their(3) nose. [18] Therefore I will act in wrath. My eye will not spare, nor will I have pity. And though they cry in my ears with a loud voice, I will not hear them.\u201d\n\nFootnotes\n\n(1) 8:2 By revocalization (compare Septuagint); Hebrew *of fire*\n\n(2) 8:2 Or *amber*\n\n(3) 8:17 Or *my*\n (ESV)"]}