{"query": "Ezekiel 7", "canonical": "Ezekiel 7", "parsed": [[26007001, 26007027]], "passage_meta": [{"canonical": "Ezekiel 7", "chapter_start": [26007001, 26007027], "chapter_end": [26007001, 26007027], "prev_verse": 26006014, "next_verse": 26008001, "prev_chapter": [26006001, 26006014], "next_chapter": [26008001, 26008018]}], "passages": ["Ezekiel 7\n\nThe Day of the Wrath of the LORD\n\n  [1] The word of the LORD came to me: [2] \u201cAnd you, O son of man, thus says the Lord GOD to the land of Israel: An end! The end has come upon the four corners of the land.(1) [3] Now the end is upon you, and I will send my anger upon you; I will judge you according to your ways, and I will punish you for all your abominations. [4] And my eye will not spare you, nor will I have pity, but I will punish you for your ways, while your abominations are in your midst. Then you will know that I am the LORD.\n\n  [5] \u201cThus says the Lord GOD: Disaster after disaster!(2) Behold, it comes. [6] An end has come; the end has come; it has awakened against you. Behold, it comes. [7] Your doom(3) has come to you, O inhabitant of the land. The time has come; the day is near, a day of tumult, and not of joyful shouting on the mountains. [8] Now I will soon pour out my wrath upon you, and spend my anger against you, and judge you according to your ways, and I will punish you for all your abominations. [9] And my eye will not spare, nor will I have pity. I will punish you according to your ways, while your abominations are in your midst. Then you will know that I am the LORD, who strikes.\n\n  [10] \u201cBehold, the day! Behold, it comes! Your doom has come; the rod has blossomed; pride has budded. [11] Violence has grown up into a rod of wickedness. None of them shall remain, nor their abundance, nor their wealth; neither shall there be preeminence among them.(4) [12] The time has come; the day has arrived. Let not the buyer rejoice, nor the seller mourn, for wrath is upon all their multitude.(5) [13] For the seller shall not return to what he has sold, while they live. For the vision concerns all their multitude; it shall not turn back; and because of his iniquity, none can maintain his life.(6)\n\n  [14] \u201cThey have blown the trumpet and made everything ready, but none goes to battle, for my wrath is upon all their multitude. [15] The sword is without; pestilence and famine are within. He who is in the field dies by the sword, and him who is in the city famine and pestilence devour. [16] And if any survivors escape, they will be on the mountains, like doves of the valleys, all of them moaning, each one over his iniquity. [17] All hands are feeble, and all knees turn to water. [18] They put on sackcloth, and horror covers them. Shame is on all faces, and baldness on all their heads. [19] They cast their silver into the streets, and their gold is like an unclean thing. Their silver and gold are not able to deliver them in the day of the wrath of the LORD. They cannot satisfy their hunger or fill their stomachs with it. For it was the stumbling block of their iniquity. [20] His beautiful ornament they used for pride, and they made their abominable images and their detestable things of it. Therefore I make it an unclean thing to them. [21] And I will give it into the hands of foreigners for prey, and to the wicked of the earth for spoil, and they shall profane it. [22] I will turn my face from them, and they shall profane my treasured(7) place. Robbers shall enter and profane it.\n\n  [23] \u201cForge a chain!(8) For the land is full of bloody crimes and the city is full of violence. [24] I will bring the worst of the nations to take possession of their houses. I will put an end to the pride of the strong, and their holy places(9) shall be profaned. [25] When anguish comes, they will seek peace, but there shall be none. [26] Disaster comes upon disaster; rumor follows rumor. They seek a vision from the prophet, while the law(10) perishes from the priest and counsel from the elders. [27] The king mourns, the prince is wrapped in despair, and the hands of the people of the land are paralyzed by terror. According to their way I will do to them, and according to their judgments I will judge them, and they shall know that I am the LORD.\u201d\n\nFootnotes\n\n(1) 7:2 Or *earth*\n\n(2) 7:5 Some Hebrew manuscripts (compare Syriac, Targum); most Hebrew manuscripts *Disaster! A unique disaster!*\n\n(3) 7:7 The meaning of the Hebrew word is uncertain; also verse 10\n\n(4) 7:11 The meaning of this last Hebrew sentence is uncertain\n\n(5) 7:12 Or *abundance*; also verses 13, 14\n\n(6) 7:13 The meaning of this last Hebrew sentence is uncertain\n\n(7) 7:22 Or *secret*\n\n(8) 7:23 Probably refers to an instrument of captivity\n\n(9) 7:24 By revocalization (compare Septuagint); Hebrew *and those who sanctify them*\n\n(10) 7:26 Or *instruction*\n (ESV)"]}