{"query": "Ezekiel 33", "canonical": "Ezekiel 33", "parsed": [[26033001, 26033033]], "passage_meta": [{"canonical": "Ezekiel 33", "chapter_start": [26033001, 26033033], "chapter_end": [26033001, 26033033], "prev_verse": 26032032, "next_verse": 26034001, "prev_chapter": [26032001, 26032032], "next_chapter": [26034001, 26034031]}], "passages": ["Ezekiel 33\n\nEzekiel Is Israel\u2019s Watchman\n\n  [1] The word of the LORD came to me: [2] \u201cSon of man, speak to your people and say to them, If I bring the sword upon a land, and the people of the land take a man from among them, and make him their watchman, [3] and if he sees the sword coming upon the land and blows the trumpet and warns the people, [4] then if anyone who hears the sound of the trumpet does not take warning, and the sword comes and takes him away, his blood shall be upon his own head. [5] He heard the sound of the trumpet and did not take warning; his blood shall be upon himself. But if he had taken warning, he would have saved his life. [6] But if the watchman sees the sword coming and does not blow the trumpet, so that the people are not warned, and the sword comes and takes any one of them, that person is taken away in his iniquity, but his blood I will require at the watchman\u2019s hand.\n\n  [7] \u201cSo you, son of man, I have made a watchman for the house of Israel. Whenever you hear a word from my mouth, you shall give them warning from me. [8] If I say to the wicked, O wicked one, you shall surely die, and you do not speak to warn the wicked to turn from his way, that wicked person shall die in his iniquity, but his blood I will require at your hand. [9] But if you warn the wicked to turn from his way, and he does not turn from his way, that person shall die in his iniquity, but you will have delivered your soul.\n\nWhy Will You Die, Israel?\n\n  [10] \u201cAnd you, son of man, say to the house of Israel, Thus have you said: \u2018Surely our transgressions and our sins are upon us, and we rot away because of them. How then can we live?\u2019 [11] Say to them, As I live, declares the Lord GOD, I have no pleasure in the death of the wicked, but that the wicked turn from his way and live; turn back, turn back from your evil ways, for why will you die, O house of Israel?\n\n  [12] \u201cAnd you, son of man, say to your people, The righteousness of the righteous shall not deliver him when he transgresses, and as for the wickedness of the wicked, he shall not fall by it when he turns from his wickedness, and the righteous shall not be able to live by his righteousness(1) when he sins. [13] Though I say to the righteous that he shall surely live, yet if he trusts in his righteousness and does injustice, none of his righteous deeds shall be remembered, but in his injustice that he has done he shall die. [14] Again, though I say to the wicked, \u2018You shall surely die,\u2019 yet if he turns from his sin and does what is just and right, [15] if the wicked restores the pledge, gives back what he has taken by robbery, and walks in the statutes of life, not doing injustice, he shall surely live; he shall not die. [16] None of the sins that he has committed shall be remembered against him. He has done what is just and right; he shall surely live.\n\n  [17] \u201cYet your people say, \u2018The way of the Lord is not just,\u2019 when it is their own way that is not just. [18] When the righteous turns from his righteousness and does injustice, he shall die for it. [19] And when the wicked turns from his wickedness and does what is just and right, he shall live by this. [20] Yet you say, \u2018The way of the Lord is not just.\u2019 O house of Israel, I will judge each of you according to his ways.\u201d\n\nJerusalem Struck Down\n\n  [21] In the twelfth year of our exile, in the tenth month, on the fifth day of the month, a fugitive from Jerusalem came to me and said, \u201cThe city has been struck down.\u201d [22] Now the hand of the LORD had been upon me the evening before the fugitive came; and he had opened my mouth by the time the man came to me in the morning, so my mouth was opened, and I was no longer mute.\n\n  [23] The word of the LORD came to me: [24] \u201cSon of man, the inhabitants of these waste places in the land of Israel keep saying, \u2018Abraham was only one man, yet he got possession of the land; but we are many; the land is surely given us to possess.\u2019 [25] Therefore say to them, Thus says the Lord GOD: You eat flesh with the blood and lift up your eyes to your idols and shed blood; shall you then possess the land? [26] You rely on the sword, you commit abominations, and each of you defiles his neighbor\u2019s wife; shall you then possess the land? [27] Say this to them, Thus says the Lord GOD: As I live, surely those who are in the waste places shall fall by the sword, and whoever is in the open field I will give to the beasts to be devoured, and those who are in strongholds and in caves shall die by pestilence. [28] And I will make the land a desolation and a waste, and her proud might shall come to an end, and the mountains of Israel shall be so desolate that none will pass through. [29] Then they will know that I am the LORD, when I have made the land a desolation and a waste because of all their abominations that they have committed.\n\n  [30] \u201cAs for you, son of man, your people who talk together about you by the walls and at the doors of the houses, say to one another, each to his brother, \u2018Come, and hear what the word is that comes from the LORD.\u2019 [31] And they come to you as people come, and they sit before you as my people, and they hear what you say but they will not do it; for with lustful talk in their mouths they act; their heart is set on their gain. [32] And behold, you are to them like one who sings lustful songs with a beautiful voice and plays(2) well on an instrument, for they hear what you say, but they will not do it. [33] When this comes\u2014and come it will!\u2014then they will know that a prophet has been among them.\u201d\n\nFootnotes\n\n(1) 33:12 Hebrew *by it*\n\n(2) 33:32 Hebrew *like the singing of lustful songs with a beautiful voice and one who plays*\n (ESV)"]}