{"query": "Ezekiel 35", "canonical": "Ezekiel 35", "parsed": [[26035001, 26035015]], "passage_meta": [{"canonical": "Ezekiel 35", "chapter_start": [26035001, 26035015], "chapter_end": [26035001, 26035015], "prev_verse": 26034031, "next_verse": 26036001, "prev_chapter": [26034001, 26034031], "next_chapter": [26036001, 26036038]}], "passages": ["Ezekiel 35\n\nProphecy Against Mount Seir\n\n  [1] The word of the LORD came to me: [2] \u201cSon of man, set your face against Mount Seir, and prophesy against it, [3] and say to it, Thus says the Lord GOD: Behold, I am against you, Mount Seir, and I will stretch out my hand against you, and I will make you a desolation and a waste. [4] I will lay your cities waste, and you shall become a desolation, and you shall know that I am the LORD. [5] Because you cherished perpetual enmity and gave over the people of Israel to the power of the sword at the time of their calamity, at the time of their final punishment, [6] therefore, as I live, declares the Lord GOD, I will prepare you for blood, and blood shall pursue you; because you did not hate bloodshed, therefore blood shall pursue you. [7] I will make Mount Seir a waste and a desolation, and I will cut off from it all who come and go. [8] And I will fill its mountains with the slain. On your hills and in your valleys and in all your ravines those slain with the sword shall fall. [9] I will make you a perpetual desolation, and your cities shall not be inhabited. Then you will know that I am the LORD.\n\n  [10] \u201cBecause you said, \u2018These two nations and these two countries shall be mine, and we will take possession of them\u2019\u2014although the LORD was there\u2014[11] therefore, as I live, declares the Lord GOD, I will deal with you according to the anger and envy that you showed because of your hatred against them. And I will make myself known among them, when I judge you. [12] And you shall know that I am the LORD.\n\n  \u201cI have heard all the revilings that you uttered against the mountains of Israel, saying, \u2018They are laid desolate; they are given us to devour.\u2019 [13] And you magnified yourselves against me with your mouth, and multiplied your words against me; I heard it. [14] Thus says the Lord GOD: While the whole earth rejoices, I will make you desolate. [15] As you rejoiced over the inheritance of the house of Israel, because it was desolate, so I will deal with you; you shall be desolate, Mount Seir, and all Edom, all of it. Then they will know that I am the LORD. (ESV)"]}