{"query": "Ezekiel 20", "canonical": "Ezekiel 20", "parsed": [[26020001, 26020049]], "passage_meta": [{"canonical": "Ezekiel 20", "chapter_start": [26020001, 26020049], "chapter_end": [26020001, 26020049], "prev_verse": 26019014, "next_verse": 26021001, "prev_chapter": [26019001, 26019014], "next_chapter": [26021001, 26021032]}], "passages": ["Ezekiel 20\n\nIsrael\u2019s Continuing Rebellion\n\n  [1] In the seventh year, in the fifth month, on the tenth day of the month, certain of the elders of Israel came to inquire of the LORD, and sat before me. [2] And the word of the LORD came to me: [3] \u201cSon of man, speak to the elders of Israel, and say to them, Thus says the Lord GOD, Is it to inquire of me that you come? As I live, declares the Lord GOD, I will not be inquired of by you. [4] Will you judge them, son of man, will you judge them? Let them know the abominations of their fathers, [5] and say to them, Thus says the Lord GOD: On the day when I chose Israel, I swore(1) to the offspring of the house of Jacob, making myself known to them in the land of Egypt; I swore to them, saying, I am the LORD your God. [6] On that day I swore to them that I would bring them out of the land of Egypt into a land that I had searched out for them, a land flowing with milk and honey, the most glorious of all lands. [7] And I said to them, \u2018Cast away the detestable things your eyes feast on, every one of you, and do not defile yourselves with the idols of Egypt; I am the LORD your God.\u2019 [8] But they rebelled against me and were not willing to listen to me. None of them cast away the detestable things their eyes feasted on, nor did they forsake the idols of Egypt.\n\n  \u201cThen I said I would pour out my wrath upon them and spend my anger against them in the midst of the land of Egypt. [9] But I acted for the sake of my name, that it should not be profaned in the sight of the nations among whom they lived, in whose sight I made myself known to them in bringing them out of the land of Egypt. [10] So I led them out of the land of Egypt and brought them into the wilderness. [11] I gave them my statutes and made known to them my rules, by which, if a person does them, he shall live. [12] Moreover, I gave them my Sabbaths, as a sign between me and them, that they might know that I am the LORD who sanctifies them. [13] But the house of Israel rebelled against me in the wilderness. They did not walk in my statutes but rejected my rules, by which, if a person does them, he shall live; and my Sabbaths they greatly profaned.\n\n  \u201cThen I said I would pour out my wrath upon them in the wilderness, to make a full end of them. [14] But I acted for the sake of my name, that it should not be profaned in the sight of the nations, in whose sight I had brought them out. [15] Moreover, I swore to them in the wilderness that I would not bring them into the land that I had given them, a land flowing with milk and honey, the most glorious of all lands, [16] because they rejected my rules and did not walk in my statutes, and profaned my Sabbaths; for their heart went after their idols. [17] Nevertheless, my eye spared them, and I did not destroy them or make a full end of them in the wilderness.\n\n  [18] \u201cAnd I said to their children in the wilderness, \u2018Do not walk in the statutes of your fathers, nor keep their rules, nor defile yourselves with their idols. [19] I am the LORD your God; walk in my statutes, and be careful to obey my rules, [20] and keep my Sabbaths holy that they may be a sign between me and you, that you may know that I am the LORD your God.\u2019 [21] But the children rebelled against me. They did not walk in my statutes and were not careful to obey my rules, by which, if a person does them, he shall live; they profaned my Sabbaths.\n\n  \u201cThen I said I would pour out my wrath upon them and spend my anger against them in the wilderness. [22] But I withheld my hand and acted for the sake of my name, that it should not be profaned in the sight of the nations, in whose sight I had brought them out. [23] Moreover, I swore to them in the wilderness that I would scatter them among the nations and disperse them through the countries, [24] because they had not obeyed my rules, but had rejected my statutes and profaned my Sabbaths, and their eyes were set on their fathers\u2019 idols. [25] Moreover, I gave them statutes that were not good and rules by which they could not have life, [26] and I defiled them through their very gifts in their offering up all their firstborn, that I might devastate them. I did it that they might know that I am the LORD.\n\n  [27] \u201cTherefore, son of man, speak to the house of Israel and say to them, Thus says the Lord GOD: In this also your fathers blasphemed me, by dealing treacherously with me. [28] For when I had brought them into the land that I swore to give them, then wherever they saw any high hill or any leafy tree, there they offered their sacrifices and there they presented the provocation of their offering; there they sent up their pleasing aromas, and there they poured out their drink offerings. [29] (I said to them, \u2018What is the high place to which you go?\u2019 So its name is called Bamah(2) to this day.)\n\n  [30] \u201cTherefore say to the house of Israel, Thus says the Lord GOD: Will you defile yourselves after the manner of your fathers and go whoring after their detestable things? [31] When you present your gifts and offer up your children in fire,(3) you defile yourselves with all your idols to this day. And shall I be inquired of by you, O house of Israel? As I live, declares the Lord GOD, I will not be inquired of by you.\n\n  [32] \u201cWhat is in your mind shall never happen\u2014the thought, \u2018Let us be like the nations, like the tribes of the countries, and worship wood and stone.\u2019\n\nThe LORD Will Restore Israel\n\n  [33] \u201cAs I live, declares the Lord GOD, surely with a mighty hand and an outstretched arm and with wrath poured out I will be king over you. [34] I will bring you out from the peoples and gather you out of the countries where you are scattered, with a mighty hand and an outstretched arm, and with wrath poured out. [35] And I will bring you into the wilderness of the peoples, and there I will enter into judgment with you face to face. [36] As I entered into judgment with your fathers in the wilderness of the land of Egypt, so I will enter into judgment with you, declares the Lord GOD. [37] I will make you pass under the rod, and I will bring you into the bond of the covenant. [38] I will purge out the rebels from among you, and those who transgress against me. I will bring them out of the land where they sojourn, but they shall not enter the land of Israel. Then you will know that I am the LORD.\n\n  [39] \u201cAs for you, O house of Israel, thus says the Lord GOD: Go serve every one of you his idols, now and hereafter, if you will not listen to me; but my holy name you shall no more profane with your gifts and your idols.\n\n  [40] \u201cFor on my holy mountain, the mountain height of Israel, declares the Lord GOD, there all the house of Israel, all of them, shall serve me in the land. There I will accept them, and there I will require your contributions and the choicest of your gifts, with all your sacred offerings. [41] As a pleasing aroma I will accept you, when I bring you out from the peoples and gather you out of the countries where you have been scattered. And I will manifest my holiness among you in the sight of the nations. [42] And you shall know that I am the LORD, when I bring you into the land of Israel, the country that I swore to give to your fathers. [43] And there you shall remember your ways and all your deeds with which you have defiled yourselves, and you shall loathe yourselves for all the evils that you have committed. [44] And you shall know that I am the LORD, when I deal with you for my name\u2019s sake, not according to your evil ways, nor according to your corrupt deeds, O house of Israel, declares the Lord GOD.\u201d\n\n  [45] (4) And the word of the LORD came to me: [46] \u201cSon of man, set your face toward the southland;(5) preach against the south, and prophesy against the forest land in the Negeb. [47] Say to the forest of the Negeb, Hear the word of the LORD: Thus says the Lord GOD, Behold, I will kindle a fire in you, and it shall devour every green tree in you and every dry tree. The blazing flame shall not be quenched, and all faces from south to north shall be scorched by it. [48] All flesh shall see that I the LORD have kindled it; it shall not be quenched.\u201d [49] Then I said, \u201cAh, Lord GOD! They are saying of me, \u2018Is he not a maker of parables?\u2019\u201d\n\nFootnotes\n\n(1) 20:5 Hebrew *I lifted my hand*; twice in this verse; also verses 6, 15, 23, 28, 42\n\n(2) 20:29 *Bamah* means *high place*\n\n(3) 20:31 Hebrew *and make your children pass through the fire*\n\n(4) 20:45 Ch 21:1 in Hebrew\n\n(5) 20:46 Or *toward Teman*\n (ESV)"]}