{"query": "Ezekiel 24", "canonical": "Ezekiel 24", "parsed": [[26024001, 26024027]], "passage_meta": [{"canonical": "Ezekiel 24", "chapter_start": [26024001, 26024027], "chapter_end": [26024001, 26024027], "prev_verse": 26023049, "next_verse": 26025001, "prev_chapter": [26023001, 26023049], "next_chapter": [26025001, 26025017]}], "passages": ["Ezekiel 24\n\nThe Siege of Jerusalem\n\n  [1] In the ninth year, in the tenth month, on the tenth day of the month, the word of the LORD came to me: [2] \u201cSon of man, write down the name of this day, this very day. The king of Babylon has laid siege to Jerusalem this very day. [3] And utter a parable to the rebellious house and say to them, Thus says the Lord GOD:\n\n    \u201cSet on the pot, set it on;\n        pour in water also;\n    [4] put in it the pieces of meat,\n        all the good pieces, the thigh and the shoulder;\n        fill it with choice bones.\n    [5] Take the choicest one of the flock;\n        pile the logs(1) under it;\n    boil it well;\n        seethe also its bones in it.\n    \n    \n      [6] \u201cTherefore thus says the Lord GOD: Woe to the bloody city, to the pot whose corrosion is in it, and whose corrosion has not gone out of it! Take out of it piece after piece, without making any choice.(2) [7] For the blood she has shed is in her midst; she put it on the bare rock; she did not pour it out on the ground to cover it with dust. [8] To rouse my wrath, to take vengeance, I have set on the bare rock the blood she has shed, that it may not be covered. [9] Therefore thus says the Lord GOD: Woe to the bloody city! I also will make the pile great. [10] Heap on the logs, kindle the fire, boil the meat well, mix in the spices,(3) and let the bones be burned up. [11] Then set it empty upon the coals, that it may become hot, and its copper may burn, that its uncleanness may be melted in it, its corrosion consumed. [12] She has wearied herself with toil;(4) its abundant corrosion does not go out of it. Into the fire with its corrosion! [13] On account of your unclean lewdness, because I would have cleansed you and you were not cleansed from your uncleanness, you shall not be cleansed anymore till I have satisfied my fury upon you. [14] I am the LORD. I have spoken; it shall come to pass; I will do it. I will not go back; I will not spare; I will not relent; according to your ways and your deeds you will be judged, declares the Lord GOD.\u201d\n\nEzekiel\u2019s Wife Dies\n\n  [15] The word of the LORD came to me: [16] \u201cSon of man, behold, I am about to take the delight of your eyes away from you at a stroke; yet you shall not mourn or weep, nor shall your tears run down. [17] Sigh, but not aloud; make no mourning for the dead. Bind on your turban, and put your shoes on your feet; do not cover your lips, nor eat the bread of men.\u201d [18] So I spoke to the people in the morning, and at evening my wife died. And on the next morning I did as I was commanded.\n\n  [19] And the people said to me, \u201cWill you not tell us what these things mean for us, that you are acting thus?\u201d [20] Then I said to them, \u201cThe word of the LORD came to me: [21] \u2018Say to the house of Israel, Thus says the Lord GOD: Behold, I will profane my sanctuary, the pride of your power, the delight of your eyes, and the yearning of your soul, and your sons and your daughters whom you left behind shall fall by the sword. [22] And you shall do as I have done; you shall not cover your lips, nor eat the bread of men. [23] Your turbans shall be on your heads and your shoes on your feet; you shall not mourn or weep, but you shall rot away in your iniquities and groan to one another. [24] Thus shall Ezekiel be to you a sign; according to all that he has done you shall do. When this comes, then you will know that I am the Lord GOD.\u2019\n\n  [25] \u201cAs for you, son of man, surely on the day when I take from them their stronghold, their joy and glory, the delight of their eyes and their soul\u2019s desire, and also their sons and daughters, [26] on that day a fugitive will come to you to report to you the news. [27] On that day your mouth will be opened to the fugitive, and you shall speak and be no longer mute. So you will be a sign to them, and they will know that I am the LORD.\u201d\n\nFootnotes\n\n(1) 24:5 Compare verse 10; Hebrew *the bones*\n\n(2) 24:6 Hebrew *no lot has fallen upon it*\n\n(3) 24:10 Or *empty out the broth*\n\n(4) 24:12 The meaning of the Hebrew is uncertain\n (ESV)"]}