{"query": "Ezekiel 19", "canonical": "Ezekiel 19", "parsed": [[26019001, 26019014]], "passage_meta": [{"canonical": "Ezekiel 19", "chapter_start": [26019001, 26019014], "chapter_end": [26019001, 26019014], "prev_verse": 26018032, "next_verse": 26020001, "prev_chapter": [26018001, 26018032], "next_chapter": [26020001, 26020049]}], "passages": ["Ezekiel 19\n\nA Lament for the Princes of Israel\n\n  [1] And you, take up a lamentation for the princes of Israel, [2] and say:\n\n    What was your mother? A lioness!\n        Among lions she crouched;\n    in the midst of young lions\n        she reared her cubs.\n    [3] And she brought up one of her cubs;\n        he became a young lion,\n    and he learned to catch prey;\n        he devoured men.\n    [4] The nations heard about him;\n        he was caught in their pit,\n    and they brought him with hooks\n        to the land of Egypt.\n    [5] When she saw that she waited in vain,\n        that her hope was lost,\n    she took another of her cubs\n        and made him a young lion.\n    [6] He prowled among the lions;\n        he became a young lion,\n    and he learned to catch prey;\n        he devoured men,\n    [7] and seized(1) their widows.\n        He laid waste their cities,\n    and the land was appalled and all who were in it\n        at the sound of his roaring.\n    [8] Then the nations set against him\n        from provinces on every side;\n    they spread their net over him;\n        he was taken in their pit.\n    [9] With hooks they put him in a cage(2)\n        and brought him to the king of Babylon;\n        they brought him into custody,\n    that his voice should no more be heard\n        on the mountains of Israel.\n    \n    \n    [10] Your mother was like a vine in a vineyard(3)\n        planted by the water,\n    fruitful and full of branches\n        by reason of abundant water.\n    [11] Its strong stems became\n        rulers\u2019 scepters;\n    it towered aloft\n        among the thick boughs;(4)\n    it was seen in its height\n        with the mass of its branches.\n    [12] But the vine was plucked up in fury,\n        cast down to the ground;\n    the east wind dried up its fruit;\n        they were stripped off and withered.\n    As for its strong stem,\n        fire consumed it.\n    [13] Now it is planted in the wilderness,\n        in a dry and thirsty land.\n    [14] And fire has gone out from the stem of its shoots,\n        has consumed its fruit,\n    so that there remains in it no strong stem,\n        no scepter for ruling.\n    \n    \n      This is a lamentation and has become a lamentation.\n\nFootnotes\n\n(1) 19:7 Hebrew *knew*\n\n(2) 19:9 Or *in a wooden collar*\n\n(3) 19:10 Some Hebrew manuscripts; most Hebrew manuscripts *in your blood*\n\n(4) 19:11 Or *the clouds*\n (ESV)"]}