{"query": "Ezekiel 32", "canonical": "Ezekiel 32", "parsed": [[26032001, 26032032]], "passage_meta": [{"canonical": "Ezekiel 32", "chapter_start": [26032001, 26032032], "chapter_end": [26032001, 26032032], "prev_verse": 26031018, "next_verse": 26033001, "prev_chapter": [26031001, 26031018], "next_chapter": [26033001, 26033033]}], "passages": ["Ezekiel 32\n\nA Lament over Pharaoh and Egypt\n\n  [1] In the twelfth year, in the twelfth month, on the first day of the month, the word of the LORD came to me: [2] \u201cSon of man, raise a lamentation over Pharaoh king of Egypt and say to him:\n\n    \u201cYou consider yourself a lion of the nations,\n        but you are like a dragon in the seas;\n    you burst forth in your rivers,\n        trouble the waters with your feet,\n        and foul their rivers.\n    [3] Thus says the Lord GOD:\n        I will throw my net over you\n        with a host of many peoples,\n        and they will haul you up in my dragnet.\n    [4] And I will cast you on the ground;\n        on the open field I will fling you,\n    and will cause all the birds of the heavens to settle on you,\n        and I will gorge the beasts of the whole earth with you.\n    [5] I will strew your flesh upon the mountains\n        and fill the valleys with your carcass.(1)\n    [6] I will drench the land even to the mountains\n        with your flowing blood,\n        and the ravines will be full of you.\n    [7] When I blot you out, I will cover the heavens\n        and make their stars dark;\n    I will cover the sun with a cloud,\n        and the moon shall not give its light.\n    [8] All the bright lights of heaven\n        will I make dark over you,\n        and put darkness on your land,\n                                            declares the Lord GOD.\n    \n    \n      [9] \u201cI will trouble the hearts of many peoples, when I bring your destruction among the nations, into the countries that you have not known. [10] I will make many peoples appalled at you, and the hair of their kings shall bristle with horror because of you, when I brandish my sword before them. They shall tremble every moment, every one for his own life, on the day of your downfall.\n\n  [11] \u201cFor thus says the Lord GOD: The sword of the king of Babylon shall come upon you. [12] I will cause your multitude to fall by the swords of mighty ones, all of them most ruthless of nations.\n\n    \u201cThey shall bring to ruin the pride of Egypt,\n        and all its multitude(2) shall perish.\n    [13] I will destroy all its beasts\n        from beside many waters;\n    and no foot of man shall trouble them anymore,\n        nor shall the hoofs of beasts trouble them.\n    [14] Then I will make their waters clear,\n        and cause their rivers to run like oil,\n                                            declares the Lord GOD.\n    [15] When I make the land of Egypt desolate,\n        and when the land is desolate of all that fills it,\n    when I strike down all who dwell in it,\n        then they will know that I am the LORD.\n    \n    \n      [16] This is a lamentation that shall be chanted; the daughters of the nations shall chant it; over Egypt, and over all her multitude, shall they chant it, declares the Lord GOD.\u201d\n\n  [17] In the twelfth year, in the twelfth month,(3) on the fifteenth day of the month, the word of the LORD came to me: [18] \u201cSon of man, wail over the multitude of Egypt, and send them down, her and the daughters of majestic nations, to the world below, to those who have gone down to the pit:\n\n    [19] \u2018Whom do you surpass in beauty?\n        Go down and be laid to rest with the uncircumcised.\u2019\n    \n    \n      [20] They shall fall amid those who are slain by the sword. Egypt(4) is delivered to the sword; drag her away, and all her multitudes. [21] The mighty chiefs shall speak of them, with their helpers, out of the midst of Sheol: \u2018They have come down, they lie still, the uncircumcised, slain by the sword.\u2019\n\n  [22] \u201cAssyria is there, and all her company, its graves all around it, all of them slain, fallen by the sword, [23] whose graves are set in the uttermost parts of the pit; and her company is all around her grave, all of them slain, fallen by the sword, who spread terror in the land of the living.\n\n  [24] \u201cElam is there, and all her multitude around her grave; all of them slain, fallen by the sword, who went down uncircumcised into the world below, who spread their terror in the land of the living; and they bear their shame with those who go down to the pit. [25] They have made her a bed among the slain with all her multitude, her graves all around it, all of them uncircumcised, slain by the sword; for terror of them was spread in the land of the living, and they bear their shame with those who go down to the pit; they are placed among the slain.\n\n  [26] \u201cMeshech-Tubal is there, and all her multitude, her graves all around it, all of them uncircumcised, slain by the sword; for they spread their terror in the land of the living. [27] And they do not lie with the mighty, the fallen from among the uncircumcised, who went down to Sheol with their weapons of war, whose swords were laid under their heads, and whose iniquities are upon their bones; for the terror of the mighty men was in the land of the living. [28] But as for you, you shall be broken and lie among the uncircumcised, with those who are slain by the sword.\n\n  [29] \u201cEdom is there, her kings and all her princes, who for all their might are laid with those who are killed by the sword; they lie with the uncircumcised, with those who go down to the pit.\n\n  [30] \u201cThe princes of the north are there, all of them, and all the Sidonians, who have gone down in shame with the slain, for all the terror that they caused by their might; they lie uncircumcised with those who are slain by the sword, and bear their shame with those who go down to the pit.\n\n  [31] \u201cWhen Pharaoh sees them, he will be comforted for all his multitude, Pharaoh and all his army, slain by the sword, declares the Lord GOD. [32] For I spread terror in the land of the living; and he shall be laid to rest among the uncircumcised, with those who are slain by the sword, Pharaoh and all his multitude, declares the Lord GOD.\u201d\n\nFootnotes\n\n(1) 32:5 Hebrew *your height*\n\n(2) 32:12 Or *wealth*\n\n(3) 32:17 Hebrew lacks *in the twelfth month*\n\n(4) 32:20 Hebrew *She*\n (ESV)"]}