{"query": "Ezekiel 27", "canonical": "Ezekiel 27", "parsed": [[26027001, 26027036]], "passage_meta": [{"canonical": "Ezekiel 27", "chapter_start": [26027001, 26027036], "chapter_end": [26027001, 26027036], "prev_verse": 26026021, "next_verse": 26028001, "prev_chapter": [26026001, 26026021], "next_chapter": [26028001, 26028026]}], "passages": ["Ezekiel 27\n\nA Lament for Tyre\n\n  [1] The word of the LORD came to me: [2] \u201cNow you, son of man, raise a lamentation over Tyre, [3] and say to Tyre, who dwells at the entrances to the sea, merchant of the peoples to many coastlands, thus says the Lord GOD:\n\n    \u201cO Tyre, you have said,\n        \u2018I am perfect in beauty.\u2019\n    [4] Your borders are in the heart of the seas;\n        your builders made perfect your beauty.\n    [5] They made all your planks\n        of fir trees from Senir;\n    they took a cedar from Lebanon\n        to make a mast for you.\n    [6] Of oaks of Bashan\n        they made your oars;\n    they made your deck of pines\n        from the coasts of Cyprus,\n        inlaid with ivory.\n    [7] Of fine embroidered linen from Egypt\n        was your sail,\n        serving as your banner;\n    blue and purple from the coasts of Elishah\n        was your awning.\n    [8] The inhabitants of Sidon and Arvad\n        were your rowers;\n    your skilled men, O Tyre, were in you;\n        they were your pilots.\n    [9] The elders of Gebal and her skilled men were in you,\n        caulking your seams;\n    all the ships of the sea with their mariners were in you\n        to barter for your wares.\n    \n    \n      [10] \u201cPersia and Lud and Put were in your army as your men of war. They hung the shield and helmet in you; they gave you splendor. [11] Men of Arvad and Helech were on your walls all around, and men of Gamad were in your towers. They hung their shields on your walls all around; they made perfect your beauty.\n\n  [12] \u201cTarshish did business with you because of your great wealth of every kind; silver, iron, tin, and lead they exchanged for your wares. [13] Javan, Tubal, and Meshech traded with you; they exchanged human beings and vessels of bronze for your merchandise. [14] From Beth-togarmah they exchanged horses, war horses, and mules for your wares. [15] The men of Dedan(1) traded with you. Many coastlands were your own special markets; they brought you in payment ivory tusks and ebony. [16] Syria did business with you because of your abundant goods; they exchanged for your wares emeralds, purple, embroidered work, fine linen, coral, and ruby. [17] Judah and the land of Israel traded with you; they exchanged for your merchandise wheat of Minnith, meal,(2) honey, oil, and balm. [18] Damascus did business with you for your abundant goods, because of your great wealth of every kind; wine of Helbon and wool of Sahar [19] and casks of wine(3) from Uzal they exchanged for your wares; wrought iron, cassia, and calamus were bartered for your merchandise. [20] Dedan traded with you in saddlecloths for riding. [21] Arabia and all the princes of Kedar were your favored dealers in lambs, rams, and goats; in these they did business with you. [22] The traders of Sheba and Raamah traded with you; they exchanged for your wares the best of all kinds of spices and all precious stones and gold. [23] Haran, Canneh, Eden, traders of Sheba, Asshur, and Chilmad traded with you. [24] In your market these traded with you in choice garments, in clothes of blue and embroidered work, and in carpets of colored material, bound with cords and made secure. [25] The ships of Tarshish traveled for you with your merchandise. So you were filled and heavily laden in the heart of the seas.\n\n    [26] \u201cYour rowers have brought you out\n        into the high seas.\n    The east wind has wrecked you\n        in the heart of the seas.\n    [27] Your riches, your wares, your merchandise,\n        your mariners and your pilots,\n    your caulkers, your dealers in merchandise,\n        and all your men of war who are in you,\n    with all your crew\n        that is in your midst,\n    sink into the heart of the seas\n        on the day of your fall.\n    [28] At the sound of the cry of your pilots\n        the countryside shakes,\n    [29] and down from their ships\n        come all who handle the oar.\n    The mariners and all the pilots of the sea\n        stand on the land\n    [30] and shout aloud over you\n        and cry out bitterly.\n    They cast dust on their heads\n        and wallow in ashes;\n    [31] they make themselves bald for you\n        and put sackcloth on their waist,\n    and they weep over you in bitterness of soul,\n        with bitter mourning.\n    [32] In their wailing they raise a lamentation for you\n        and lament over you:\n    \u2018Who is like Tyre,\n        like one destroyed in the midst of the sea?\n    [33] When your wares came from the seas,\n        you satisfied many peoples;\n    with your abundant wealth and merchandise\n        you enriched the kings of the earth.\n    [34] Now you are wrecked by the seas,\n        in the depths of the waters;\n    your merchandise and all your crew in your midst\n        have sunk with you.\n    [35] All the inhabitants of the coastlands\n        are appalled at you,\n    and the hair of their kings bristles with horror;\n        their faces are convulsed.\n    [36] The merchants among the peoples hiss at you;\n        you have come to a dreadful end\n        and shall be no more forever.\u2019\u201d\n    \n\nFootnotes\n\n(1) 27:15 Hebrew; Septuagint *Rhodes*\n\n(2) 27:17 The meaning of the Hebrew word is unknown\n\n(3) 27:19 Probable reading; Hebrew *wool of Sahar[19] and Dan and Javan*\n (ESV)"]}