{"query": "Ezekiel 21", "canonical": "Ezekiel 21", "parsed": [[26021001, 26021032]], "passage_meta": [{"canonical": "Ezekiel 21", "chapter_start": [26021001, 26021032], "chapter_end": [26021001, 26021032], "prev_verse": 26020049, "next_verse": 26022001, "prev_chapter": [26020001, 26020049], "next_chapter": [26022001, 26022031]}], "passages": ["Ezekiel 21\n\nThe LORD Has Drawn His Sword\n\n  [1] (1) The word of the LORD came to me: [2] \u201cSon of man, set your face toward Jerusalem and preach against the sanctuaries.(2) Prophesy against the land of Israel [3] and say to the land of Israel, Thus says the LORD: Behold, I am against you and will draw my sword from its sheath and will cut off from you both righteous and wicked. [4] Because I will cut off from you both righteous and wicked, therefore my sword shall be drawn from its sheath against all flesh from south to north. [5] And all flesh shall know that I am the LORD. I have drawn my sword from its sheath; it shall not be sheathed again.\n\n  [6] \u201cAs for you, son of man, groan; with breaking heart and bitter grief, groan before their eyes. [7] And when they say to you, \u2018Why do you groan?\u2019 you shall say, \u2018Because of the news that it is coming. Every heart will melt, and all hands will be feeble; every spirit will faint, and all knees will be weak as water. Behold, it is coming, and it will be fulfilled,\u2019\u201d declares the Lord GOD.\n\n  [8] And the word of the LORD came to me: [9] \u201cSon of man, prophesy and say, Thus says the Lord, say:\n\n    \u201cA sword, a sword is sharpened\n        and also polished,\n    [10] sharpened for slaughter,\n        polished to flash like lightning!\n    \n    \n      (Or shall we rejoice? You have despised the rod, my son, with everything of wood.)(3) [11] So the sword is given to be polished, that it may be grasped in the hand. It is sharpened and polished to be given into the hand of the slayer. [12] Cry out and wail, son of man, for it is against my people. It is against all the princes of Israel. They are delivered over to the sword with my people. Strike therefore upon your thigh. [13] For it will not be a testing\u2014what could it do if you despise the rod?\u201d(4) declares the Lord GOD.\n\n  [14] \u201cAs for you, son of man, prophesy. Clap your hands and let the sword come down twice, yes, three times,(5) the sword for those to be slain. It is the sword for the great slaughter, which surrounds them, [15] that their hearts may melt, and many stumble.(6) At all their gates I have given the glittering sword. Ah, it is made like lightning; it is taken up(7) for slaughter. [16] Cut sharply to the right; set yourself to the left, wherever your face is directed. [17] I also will clap my hands, and I will satisfy my fury; I the LORD have spoken.\u201d\n\n  [18] The word of the LORD came to me again: [19] \u201cAs for you, son of man, mark two ways for the sword of the king of Babylon to come. Both of them shall come from the same land. And make a signpost; make it at the head of the way to a city. [20] Mark a way for the sword to come to Rabbah of the Ammonites and to Judah, into Jerusalem the fortified. [21] For the king of Babylon stands at the parting of the way, at the head of the two ways, to use divination. He shakes the arrows; he consults the teraphim;(8) he looks at the liver. [22] Into his right hand comes the divination for Jerusalem, to set battering rams, to open the mouth with murder, to lift up the voice with shouting, to set battering rams against the gates, to cast up mounds, to build siege towers. [23] But to them it will seem like a false divination. They have sworn solemn oaths, but he brings their guilt to remembrance, that they may be taken.\n\n  [24] \u201cTherefore thus says the Lord GOD: Because you have made your guilt to be remembered, in that your transgressions are uncovered, so that in all your deeds your sins appear\u2014because you have come to remembrance, you shall be taken in hand. [25] And you, O profane(9) wicked one, prince of Israel, whose day has come, the time of your final punishment, [26] thus says the Lord GOD: Remove the turban and take off the crown. Things shall not remain as they are. Exalt that which is low, and bring low that which is exalted. [27] A ruin, ruin, ruin I will make it. This also shall not be, until he comes, the one to whom judgment belongs, and I will give it to him.\n\n  [28] \u201cAnd you, son of man, prophesy, and say, Thus says the Lord GOD concerning the Ammonites and concerning their reproach; say, A sword, a sword is drawn for the slaughter. It is polished to consume and to flash like lightning\u2014[29] while they see for you false visions, while they divine lies for you\u2014to place you on the necks of the profane wicked, whose day has come, the time of their final punishment. [30] Return it to its sheath. In the place where you were created, in the land of your origin, I will judge you. [31] And I will pour out my indignation upon you; I will blow upon you with the fire of my wrath, and I will deliver you into the hands of brutish men, skillful to destroy. [32] You shall be fuel for the fire. Your blood shall be in the midst of the land. You shall be no more remembered, for I the LORD have spoken.\u201d\n\nFootnotes\n\n(1) 21:1 Ch 21:6 in Hebrew\n\n(2) 21:2 Some Hebrew manuscripts, compare Septuagint, Syriac *against their sanctuary*\n\n(3) 21:10 Probable reading; Hebrew *The rod of my son despises everything of wood*\n\n(4) 21:13 Or *For it is a testing; and what if even the rod despises? It shall not be!*\n\n(5) 21:14 Hebrew *its third*\n\n(6) 21:15 Hebrew *many stumbling blocks*\n\n(7) 21:15 The meaning of the Hebrew word rendered *taken up* is uncertain\n\n(8) 21:21 Or *household idols*\n\n(9) 21:25 Or *slain*; also verse 29\n (ESV)"]}