{"query": "Ezekiel 4", "canonical": "Ezekiel 4", "parsed": [[26004001, 26004017]], "passage_meta": [{"canonical": "Ezekiel 4", "chapter_start": [26004001, 26004017], "chapter_end": [26004001, 26004017], "prev_verse": 26003027, "next_verse": 26005001, "prev_chapter": [26003001, 26003027], "next_chapter": [26005001, 26005017]}], "passages": ["Ezekiel 4\n\nThe Siege of Jerusalem Symbolized\n\n  [1] \u201cAnd you, son of man, take a brick and lay it before you, and engrave on it a city, even Jerusalem. [2] And put siegeworks against it, and build a siege wall against it, and cast up a mound against it. Set camps also against it, and plant battering rams against it all around. [3] And you, take an iron griddle, and place it as an iron wall between you and the city; and set your face toward it, and let it be in a state of siege, and press the siege against it. This is a sign for the house of Israel.\n\n  [4] \u201cThen lie on your left side, and place the punishment(1) of the house of Israel upon it. For the number of the days that you lie on it, you shall bear their punishment. [5] For I assign to you a number of days, 390 days, equal to the number of the years of their punishment. So long shall you bear the punishment of the house of Israel. [6] And when you have completed these, you shall lie down a second time, but on your right side, and bear the punishment of the house of Judah. Forty days I assign you, a day for each year. [7] And you shall set your face toward the siege of Jerusalem, with your arm bared, and you shall prophesy against the city. [8] And behold, I will place cords upon you, so that you cannot turn from one side to the other, till you have completed the days of your siege.\n\n  [9] \u201cAnd you, take wheat and barley, beans and lentils, millet and emmer,(2) and put them into a single vessel and make your bread from them. During the number of days that you lie on your side, 390 days, you shall eat it. [10] And your food that you eat shall be by weight, twenty shekels(3) a day; from day to day(4) you shall eat it. [11] And water you shall drink by measure, the sixth part of a hin;(5) from day to day you shall drink. [12] And you shall eat it as a barley cake, baking it in their sight on human dung.\u201d [13] And the LORD said, \u201cThus shall the people of Israel eat their bread unclean, among the nations where I will drive them.\u201d [14] Then I said, \u201cAh, Lord GOD! Behold, I have never defiled myself.(6) From my youth up till now I have never eaten what died of itself or was torn by beasts, nor has tainted meat come into my mouth.\u201d [15] Then he said to me, \u201cSee, I assign to you cow\u2019s dung instead of human dung, on which you may prepare your bread.\u201d [16] Moreover, he said to me, \u201cSon of man, behold, I will break the supply(7) of bread in Jerusalem. They shall eat bread by weight and with anxiety, and they shall drink water by measure and in dismay. [17] I will do this that they may lack bread and water, and look at one another in dismay, and rot away because of their punishment.\n\nFootnotes\n\n(1) 4:4 Or *iniquity*; also verses 5, 6, 17\n\n(2) 4:9 A type of wheat\n\n(3) 4:10 A *shekel* was about 2/5 ounce or 11 grams\n\n(4) 4:10 Or *at a set time daily*; also verse 11\n\n(5) 4:11 A *hin* was about 4 quarts or 3.5 liters\n\n(6) 4:14 Hebrew *my soul* (or *throat*) *has never been made unclean*\n\n(7) 4:16 Hebrew *staff*\n (ESV)"]}