{"query": "Ezekiel 10", "canonical": "Ezekiel 10", "parsed": [[26010001, 26010022]], "passage_meta": [{"canonical": "Ezekiel 10", "chapter_start": [26010001, 26010022], "chapter_end": [26010001, 26010022], "prev_verse": 26009011, "next_verse": 26011001, "prev_chapter": [26009001, 26009011], "next_chapter": [26011001, 26011025]}], "passages": ["Ezekiel 10\n\nThe Glory of the LORD Leaves the Temple\n\n  [1] Then I looked, and behold, on the expanse that was over the heads of the cherubim there appeared above them something like a sapphire,(1) in appearance like a throne. [2] And he said to the man clothed in linen, \u201cGo in among the whirling wheels underneath the cherubim. Fill your hands with burning coals from between the cherubim, and scatter them over the city.\u201d\n\n  And he went in before my eyes. [3] Now the cherubim were standing on the south side of the house, when the man went in, and a cloud filled the inner court. [4] And the glory of the LORD went up from the cherub to the threshold of the house, and the house was filled with the cloud, and the court was filled with the brightness of the glory of the LORD. [5] And the sound of the wings of the cherubim was heard as far as the outer court, like the voice of God Almighty when he speaks.\n\n  [6] And when he commanded the man clothed in linen, \u201cTake fire from between the whirling wheels, from between the cherubim,\u201d he went in and stood beside a wheel. [7] And a cherub stretched out his hand from between the cherubim to the fire that was between the cherubim, and took some of it and put it into the hands of the man clothed in linen, who took it and went out. [8] The cherubim appeared to have the form of a human hand under their wings.\n\n  [9] And I looked, and behold, there were four wheels beside the cherubim, one beside each cherub, and the appearance of the wheels was like sparkling beryl. [10] And as for their appearance, the four had the same likeness, as if a wheel were within a wheel. [11] When they went, they went in any of their four directions(2) without turning as they went, but in whatever direction the front wheel(3) faced, the others followed without turning as they went. [12] And their whole body, their rims, and their spokes, their wings,(4) and the wheels were full of eyes all around\u2014the wheels that the four of them had. [13] As for the wheels, they were called in my hearing \u201cthe whirling wheels.\u201d [14] And every one had four faces: the first face was the face of the cherub, and the second face was a human face, and the third the face of a lion, and the fourth the face of an eagle.\n\n  [15] And the cherubim mounted up. These were the living creatures that I saw by the Chebar canal. [16] And when the cherubim went, the wheels went beside them. And when the cherubim lifted up their wings to mount up from the earth, the wheels did not turn from beside them. [17] When they stood still, these stood still, and when they mounted up, these mounted up with them, for the spirit of the living creatures(5) was in them.\n\n  [18] Then the glory of the LORD went out from the threshold of the house, and stood over the cherubim. [19] And the cherubim lifted up their wings and mounted up from the earth before my eyes as they went out, with the wheels beside them. And they stood at the entrance of the east gate of the house of the LORD, and the glory of the God of Israel was over them.\n\n  [20] These were the living creatures that I saw underneath the God of Israel by the Chebar canal; and I knew that they were cherubim. [21] Each had four faces, and each four wings, and underneath their wings the likeness of human hands. [22] And as for the likeness of their faces, they were the same faces whose appearance I had seen by the Chebar canal. Each one of them went straight forward.\n\nFootnotes\n\n(1) 10:1 Or *lapis lazuli*\n\n(2) 10:11 Hebrew *to their four sides*\n\n(3) 10:11 Hebrew *the head*\n\n(4) 10:12 Or *their whole body, their backs, their hands, and their wings*\n\n(5) 10:17 Or *spirit of life*\n (ESV)"]}