{"query": "Ezekiel 47", "canonical": "Ezekiel 47", "parsed": [[26047001, 26047023]], "passage_meta": [{"canonical": "Ezekiel 47", "chapter_start": [26047001, 26047023], "chapter_end": [26047001, 26047023], "prev_verse": 26046024, "next_verse": 26048001, "prev_chapter": [26046001, 26046024], "next_chapter": [26048001, 26048035]}], "passages": ["Ezekiel 47\n\nWater Flowing from the Temple\n\n  [1] Then he brought me back to the door of the temple, and behold, water was issuing from below the threshold of the temple toward the east (for the temple faced east). The water was flowing down from below the south end of the threshold of the temple, south of the altar. [2] Then he brought me out by way of the north gate and led me around on the outside to the outer gate that faces toward the east; and behold, the water was trickling out on the south side.\n\n  [3] Going on eastward with a measuring line in his hand, the man measured a thousand cubits,(1) and then led me through the water, and it was ankle-deep. [4] Again he measured a thousand, and led me through the water, and it was knee-deep. Again he measured a thousand, and led me through the water, and it was waist-deep. [5] Again he measured a thousand, and it was a river that I could not pass through, for the water had risen. It was deep enough to swim in, a river that could not be passed through. [6] And he said to me, \u201cSon of man, have you seen this?\u201d\n\n  Then he led me back to the bank of the river. [7] As I went back, I saw on the bank of the river very many trees on the one side and on the other. [8] And he said to me, \u201cThis water flows toward the eastern region and goes down into the Arabah, and enters the sea;(2) when the water flows into the sea, the water will become fresh.(3) [9] And wherever the river goes,(4) every living creature that swarms will live, and there will be very many fish. For this water goes there, that the waters of the sea(5) may become fresh; so everything will live where the river goes. [10] Fishermen will stand beside the sea. From Engedi to Eneglaim it will be a place for the spreading of nets. Its fish will be of very many kinds, like the fish of the Great Sea.(6) [11] But its swamps and marshes will not become fresh; they are to be left for salt. [12] And on the banks, on both sides of the river, there will grow all kinds of trees for food. Their leaves will not wither, nor their fruit fail, but they will bear fresh fruit every month, because the water for them flows from the sanctuary. Their fruit will be for food, and their leaves for healing.\u201d\n\nDivision of the Land\n\n  [13] Thus says the Lord GOD: \u201cThis is the boundary(7) by which you shall divide the land for inheritance among the twelve tribes of Israel. Joseph shall have two portions. [14] And you shall divide equally what I swore to give to your fathers. This land shall fall to you as your inheritance.\n\n  [15] \u201cThis shall be the boundary of the land: On the north side, from the Great Sea by way of Hethlon to Lebo-hamath, and on to Zedad,(8) [16] Berothah, Sibraim (which lies on the border between Damascus and Hamath), as far as Hazer-hatticon, which is on the border of Hauran. [17] So the boundary shall run from the sea to Hazar-enan, which is on the northern border of Damascus, with the border of Hamath to the north.(9) This shall be the north side.(10)\n\n  [18] \u201cOn the east side, the boundary shall run between Hauran and Damascus; along the Jordan between Gilead and the land of Israel; to the eastern sea and as far as Tamar.(11) This shall be the east side.\n\n  [19] \u201cOn the south side, it shall run from Tamar as far as the waters of Meribah-kadesh, from there along the Brook of Egypt(12) to the Great Sea. This shall be the south side.\n\n  [20] \u201cOn the west side, the Great Sea shall be the boundary to a point opposite Lebo-hamath. This shall be the west side.\n\n  [21] \u201cSo you shall divide this land among you according to the tribes of Israel. [22] You shall allot it as an inheritance for yourselves and for the sojourners who reside among you and have had children among you. They shall be to you as native-born children of Israel. With you they shall be allotted an inheritance among the tribes of Israel. [23] In whatever tribe the sojourner resides, there you shall assign him his inheritance, declares the Lord GOD.\n\nFootnotes\n\n(1) 47:3 A *cubit* was about 18 inches or 45 centimeters\n\n(2) 47:8 That is, the Dead Sea\n\n(3) 47:8 Hebrew *will be healed*; also verses 9, 11\n\n(4) 47:9 Septuagint, Syriac, Vulgate, Targum; Hebrew *the two rivers go*\n\n(5) 47:9 Hebrew lacks *the waters of the sea*\n\n(6) 47:10 That is, the Mediterranean Sea; also verses 15, 19, 20\n\n(7) 47:13 Probable reading; Hebrew *The valley of the boundary*\n\n(8) 47:15 Septuagint; Hebrew *the entrance of Zedad, Hamath*\n\n(9) 47:17 The meaning of the Hebrew is uncertain\n\n(10) 47:17 Probable reading; Hebrew *and as for the north side*\n\n(11) 47:18 Compare Syriac; Hebrew *to the eastern sea you shall measure*\n\n(12) 47:19 Hebrew lacks *of Egypt*\n (ESV)"]}