{"query": "Ezekiel 37", "canonical": "Ezekiel 37", "parsed": [[26037001, 26037028]], "passage_meta": [{"canonical": "Ezekiel 37", "chapter_start": [26037001, 26037028], "chapter_end": [26037001, 26037028], "prev_verse": 26036038, "next_verse": 26038001, "prev_chapter": [26036001, 26036038], "next_chapter": [26038001, 26038023]}], "passages": ["Ezekiel 37\n\nThe Valley of Dry Bones\n\n  [1] The hand of the LORD was upon me, and he brought me out in the Spirit of the LORD and set me down in the middle of the valley;(1) it was full of bones. [2] And he led me around among them, and behold, there were very many on the surface of the valley, and behold, they were very dry. [3] And he said to me, \u201cSon of man, can these bones live?\u201d And I answered, \u201cO Lord GOD, you know.\u201d [4] Then he said to me, \u201cProphesy over these bones, and say to them, O dry bones, hear the word of the LORD. [5] Thus says the Lord GOD to these bones: Behold, I will cause breath(2) to enter you, and you shall live. [6] And I will lay sinews upon you, and will cause flesh to come upon you, and cover you with skin, and put breath in you, and you shall live, and you shall know that I am the LORD.\u201d\n\n  [7] So I prophesied as I was commanded. And as I prophesied, there was a sound, and behold, a rattling,(3) and the bones came together, bone to its bone. [8] And I looked, and behold, there were sinews on them, and flesh had come upon them, and skin had covered them. But there was no breath in them. [9] Then he said to me, \u201cProphesy to the breath; prophesy, son of man, and say to the breath, Thus says the Lord GOD: Come from the four winds, O breath, and breathe on these slain, that they may live.\u201d [10] So I prophesied as he commanded me, and the breath came into them, and they lived and stood on their feet, an exceedingly great army.\n\n  [11] Then he said to me, \u201cSon of man, these bones are the whole house of Israel. Behold, they say, \u2018Our bones are dried up, and our hope is lost; we are indeed cut off.\u2019 [12] Therefore prophesy, and say to them, Thus says the Lord GOD: Behold, I will open your graves and raise you from your graves, O my people. And I will bring you into the land of Israel. [13] And you shall know that I am the LORD, when I open your graves, and raise you from your graves, O my people. [14] And I will put my Spirit within you, and you shall live, and I will place you in your own land. Then you shall know that I am the LORD; I have spoken, and I will do it, declares the LORD.\u201d\n\nI Will Be Their God; They Shall Be My People\n\n  [15] The word of the LORD came to me: [16] \u201cSon of man, take a stick(4) and write on it, \u2018For Judah, and the people of Israel associated with him\u2019; then take another stick and write on it, \u2018For Joseph (the stick of Ephraim) and all the house of Israel associated with him.\u2019 [17] And join them one to another into one stick, that they may become one in your hand. [18] And when your people say to you, \u2018Will you not tell us what you mean by these?\u2019 [19] say to them, Thus says the Lord GOD: Behold, I am about to take the stick of Joseph (that is in the hand of Ephraim) and the tribes of Israel associated with him. And I will join with it the stick of Judah,(5) and make them one stick, that they may be one in my hand. [20] When the sticks on which you write are in your hand before their eyes, [21] then say to them, Thus says the Lord GOD: Behold, I will take the people of Israel from the nations among which they have gone, and will gather them from all around, and bring them to their own land. [22] And I will make them one nation in the land, on the mountains of Israel. And one king shall be king over them all, and they shall be no longer two nations, and no longer divided into two kingdoms. [23] They shall not defile themselves anymore with their idols and their detestable things, or with any of their transgressions. But I will save them from all the backslidings(6) in which they have sinned, and will cleanse them; and they shall be my people, and I will be their God.\n\n  [24] \u201cMy servant David shall be king over them, and they shall all have one shepherd. They shall walk in my rules and be careful to obey my statutes. [25] They shall dwell in the land that I gave to my servant Jacob, where your fathers lived. They and their children and their children\u2019s children shall dwell there forever, and David my servant shall be their prince forever. [26] I will make a covenant of peace with them. It shall be an everlasting covenant with them. And I will set them in their land(7) and multiply them, and will set my sanctuary in their midst forevermore. [27] My dwelling place shall be with them, and I will be their God, and they shall be my people. [28] Then the nations will know that I am the LORD who sanctifies Israel, when my sanctuary is in their midst forevermore.\u201d\n\nFootnotes\n\n(1) 37:1 Or *plain*; also verse 2\n\n(2) 37:5 Or *spirit*; also verses 6, 9, 10\n\n(3) 37:7 Or *an earthquake* (compare 3:12, 13)\n\n(4) 37:16 Or *one piece of wood*; also verses 17, 19, 20\n\n(5) 37:19 Hebrew *And I will place them on it, the stick of Judah*\n\n(6) 37:23 Many Hebrew manuscripts; other Hebrew manuscripts *dwellings*\n\n(7) 37:26 Hebrew lacks *in their land*\n (ESV)"]}