{"query": "Ezekiel 15", "canonical": "Ezekiel 15", "parsed": [[26015001, 26015008]], "passage_meta": [{"canonical": "Ezekiel 15", "chapter_start": [26015001, 26015008], "chapter_end": [26015001, 26015008], "prev_verse": 26014023, "next_verse": 26016001, "prev_chapter": [26014001, 26014023], "next_chapter": [26016001, 26016063]}], "passages": ["Ezekiel 15\n\nJerusalem, a Useless Vine\n\n  [1] And the word of the LORD came to me: [2] \u201cSon of man, how does the wood of the vine surpass any wood, the vine branch that is among the trees of the forest? [3] Is wood taken from it to make anything? Do people take a peg from it to hang any vessel on it? [4] Behold, it is given to the fire for fuel. When the fire has consumed both ends of it, and the middle of it is charred, is it useful for anything? [5] Behold, when it was whole, it was used for nothing. How much less, when the fire has consumed it and it is charred, can it ever be used for anything! [6] Therefore thus says the Lord GOD: Like the wood of the vine among the trees of the forest, which I have given to the fire for fuel, so have I given up the inhabitants of Jerusalem. [7] And I will set my face against them. Though they escape from the fire, the fire shall yet consume them, and you will know that I am the LORD, when I set my face against them. [8] And I will make the land desolate, because they have acted faithlessly, declares the Lord GOD.\u201d (ESV)"]}