{"query": "Ezekiel 3", "canonical": "Ezekiel 3", "parsed": [[26003001, 26003027]], "passage_meta": [{"canonical": "Ezekiel 3", "chapter_start": [26003001, 26003027], "chapter_end": [26003001, 26003027], "prev_verse": 26002010, "next_verse": 26004001, "prev_chapter": [26002001, 26002010], "next_chapter": [26004001, 26004017]}], "passages": ["Ezekiel 3\n\n  [1] And he said to me, \u201cSon of man, eat whatever you find here. Eat this scroll, and go, speak to the house of Israel.\u201d [2] So I opened my mouth, and he gave me this scroll to eat. [3] And he said to me, \u201cSon of man, feed your belly with this scroll that I give you and fill your stomach with it.\u201d Then I ate it, and it was in my mouth as sweet as honey.\n\n  [4] And he said to me, \u201cSon of man, go to the house of Israel and speak with my words to them. [5] For you are not sent to a people of foreign speech and a hard language, but to the house of Israel\u2014[6] not to many peoples of foreign speech and a hard language, whose words you cannot understand. Surely, if I sent you to such, they would listen to you. [7] But the house of Israel will not be willing to listen to you, for they are not willing to listen to me: because all the house of Israel have a hard forehead and a stubborn heart. [8] Behold, I have made your face as hard as their faces, and your forehead as hard as their foreheads. [9] Like emery harder than flint have I made your forehead. Fear them not, nor be dismayed at their looks, for they are a rebellious house.\u201d [10] Moreover, he said to me, \u201cSon of man, all my words that I shall speak to you receive in your heart, and hear with your ears. [11] And go to the exiles, to your people, and speak to them and say to them, \u2018Thus says the Lord GOD,\u2019 whether they hear or refuse to hear.\u201d\n\n  [12] Then the Spirit(1) lifted me up, and I heard behind me the voice(2) of a great earthquake: \u201cBlessed be the glory of the LORD from its place!\u201d [13] It was the sound of the wings of the living creatures as they touched one another, and the sound of the wheels beside them, and the sound of a great earthquake. [14] The Spirit lifted me up and took me away, and I went in bitterness in the heat of my spirit, the hand of the LORD being strong upon me. [15] And I came to the exiles at Tel-abib, who were dwelling by the Chebar canal, and I sat where they were dwelling.(3) And I sat there overwhelmed among them seven days.\n\nA Watchman for Israel\n\n  [16] And at the end of seven days, the word of the LORD came to me: [17] \u201cSon of man, I have made you a watchman for the house of Israel. Whenever you hear a word from my mouth, you shall give them warning from me. [18] If I say to the wicked, \u2018You shall surely die,\u2019 and you give him no warning, nor speak to warn the wicked from his wicked way, in order to save his life, that wicked person shall die for(4) his iniquity, but his blood I will require at your hand. [19] But if you warn the wicked, and he does not turn from his wickedness, or from his wicked way, he shall die for his iniquity, but you will have delivered your soul. [20] Again, if a righteous person turns from his righteousness and commits injustice, and I lay a stumbling block before him, he shall die. Because you have not warned him, he shall die for his sin, and his righteous deeds that he has done shall not be remembered, but his blood I will require at your hand. [21] But if you warn the righteous person not to sin, and he does not sin, he shall surely live, because he took warning, and you will have delivered your soul.\u201d\n\n  [22] And the hand of the LORD was upon me there. And he said to me, \u201cArise, go out into the valley,(5) and there I will speak with you.\u201d [23] So I arose and went out into the valley, and behold, the glory of the LORD stood there, like the glory that I had seen by the Chebar canal, and I fell on my face. [24] But the Spirit entered into me and set me on my feet, and he spoke with me and said to me, \u201cGo, shut yourself within your house. [25] And you, O son of man, behold, cords will be placed upon you, and you shall be bound with them, so that you cannot go out among the people. [26] And I will make your tongue cling to the roof of your mouth, so that you shall be mute and unable to reprove them, for they are a rebellious house. [27] But when I speak with you, I will open your mouth, and you shall say to them, \u2018Thus says the Lord GOD.\u2019 He who will hear, let him hear; and he who will refuse to hear, let him refuse, for they are a rebellious house.\n\nFootnotes\n\n(1) 3:12 Or *the wind*; also verse 14\n\n(2) 3:12 Or *sound*\n\n(3) 3:15 Or *Chebar, and to where they dwelt*\n\n(4) 3:18 Or *in*; also verses 19, 20\n\n(5) 3:22 Or *plain*; also verse 23\n (ESV)"]}