{"query": "Ezekiel 30", "canonical": "Ezekiel 30", "parsed": [[26030001, 26030026]], "passage_meta": [{"canonical": "Ezekiel 30", "chapter_start": [26030001, 26030026], "chapter_end": [26030001, 26030026], "prev_verse": 26029021, "next_verse": 26031001, "prev_chapter": [26029001, 26029021], "next_chapter": [26031001, 26031018]}], "passages": ["Ezekiel 30\n\nA Lament for Egypt\n\n  [1] The word of the LORD came to me: [2] \u201cSon of man, prophesy, and say, Thus says the Lord GOD:\n\n    \u201cWail, \u2018Alas for the day!\u2019\n    [3]     For the day is near,\n        the day of the LORD is near;\n    it will be a day of clouds,\n        a time of doom for(1) the nations.\n    [4] A sword shall come upon Egypt,\n        and anguish shall be in Cush,\n    when the slain fall in Egypt,\n        and her wealth(2) is carried away,\n        and her foundations are torn down.\n    \n    \n      [5] Cush, and Put, and Lud, and all Arabia, and Libya,(3) and the people of the land that is in league,(4) shall fall with them by the sword.\n\n    [6] \u201cThus says the LORD:\n    Those who support Egypt shall fall,\n        and her proud might shall come down;\n    from Migdol to Syene\n        they shall fall within her by the sword,\n    declares the Lord GOD.\n    [7] And they shall be desolated in the midst of desolated countries,\n        and their cities shall be in the midst of cities that are laid waste.\n    [8] Then they will know that I am the LORD,\n        when I have set fire to Egypt,\n        and all her helpers are broken.\n    \n    \n      [9] \u201cOn that day messengers shall go out from me in ships to terrify the unsuspecting people of Cush, and anguish shall come upon them on the day of Egypt\u2019s doom;(5) for, behold, it comes!\n\n  [10] \u201cThus says the Lord GOD:\n\n    \u201cI will put an end to the wealth of Egypt,\n        by the hand of Nebuchadnezzar king of Babylon.\n    [11] He and his people with him, the most ruthless of nations,\n        shall be brought in to destroy the land,\n    and they shall draw their swords against Egypt\n        and fill the land with the slain.\n    [12] And I will dry up the Nile\n        and will sell the land into the hand of evildoers;\n    I will bring desolation upon the land and everything in it,\n        by the hand of foreigners;\n    I am the LORD; I have spoken.\n    \n    \n      [13] \u201cThus says the Lord GOD:\n\n    \u201cI will destroy the idols\n        and put an end to the images in Memphis;\n    there shall no longer be a prince from the land of Egypt;\n        so I will put fear in the land of Egypt.\n    [14] I will make Pathros a desolation\n        and will set fire to Zoan\n        and will execute judgments on Thebes.\n    [15] And I will pour out my wrath on Pelusium,\n        the stronghold of Egypt,\n        and cut off the multitude(6) of Thebes.\n    [16] And I will set fire to Egypt;\n        Pelusium shall be in great agony;\n    Thebes shall be breached,\n        and Memphis shall face enemies(7) by day.\n    [17] The young men of On and of Pi-beseth shall fall by the sword,\n        and the women(8) shall go into captivity.\n    [18] At Tehaphnehes the day shall be dark,\n        when I break there the yoke bars of Egypt,\n    and her proud might shall come to an end in her;\n        she shall be covered by a cloud,\n        and her daughters shall go into captivity.\n    [19] Thus I will execute judgments on Egypt.\n        Then they will know that I am the LORD.\u201d\n    \n    \n    Egypt Shall Fall to Babylon\n\n  [20] In the eleventh year, in the first month, on the seventh day of the month, the word of the LORD came to me: [21] \u201cSon of man, I have broken the arm of Pharaoh king of Egypt, and behold, it has not been bound up, to heal it by binding it with a bandage, so that it may become strong to wield the sword. [22] Therefore thus says the Lord GOD: Behold, I am against Pharaoh king of Egypt and will break his arms, both the strong arm and the one that was broken, and I will make the sword fall from his hand. [23] I will scatter the Egyptians among the nations and disperse them through the countries. [24] And I will strengthen the arms of the king of Babylon and put my sword in his hand, but I will break the arms of Pharaoh, and he will groan before him like a man mortally wounded. [25] I will strengthen the arms of the king of Babylon, but the arms of Pharaoh shall fall. Then they shall know that I am the LORD, when I put my sword into the hand of the king of Babylon and he stretches it out against the land of Egypt. [26] And I will scatter the Egyptians among the nations and disperse them throughout the countries. Then they will know that I am the LORD.\u201d\n\nFootnotes\n\n(1) 30:3 Hebrew lacks *doom for*\n\n(2) 30:4 Or *multitude*; also verse 10\n\n(3) 30:5 With Septuagint; Hebrew *Cub*\n\n(4) 30:5 Hebrew *and the sons of the land of the covenant*\n\n(5) 30:9 Hebrew *the day of Egypt*\n\n(6) 30:15 Or *wealth*\n\n(7) 30:16 Or *distress*\n\n(8) 30:17 Or *the cities*; Hebrew *they*\n (ESV)"]}