{"query": "Ezekiel 46", "canonical": "Ezekiel 46", "parsed": [[26046001, 26046024]], "passage_meta": [{"canonical": "Ezekiel 46", "chapter_start": [26046001, 26046024], "chapter_end": [26046001, 26046024], "prev_verse": 26045025, "next_verse": 26047001, "prev_chapter": [26045001, 26045025], "next_chapter": [26047001, 26047023]}], "passages": ["Ezekiel 46\n\nThe Prince and the Feasts\n\n  [1] \u201cThus says the Lord GOD: The gate of the inner court that faces east shall be shut on the six working days, but on the Sabbath day it shall be opened, and on the day of the new moon it shall be opened. [2] The prince shall enter by the vestibule of the gate from outside, and shall take his stand by the post of the gate. The priests shall offer his burnt offering and his peace offerings, and he shall worship at the threshold of the gate. Then he shall go out, but the gate shall not be shut until evening. [3] The people of the land shall bow down at the entrance of that gate before the LORD on the Sabbaths and on the new moons. [4] The burnt offering that the prince offers to the LORD on the Sabbath day shall be six lambs without blemish and a ram without blemish. [5] And the grain offering with the ram shall be an ephah,(1) and the grain offering with the lambs shall be as much as he is able, together with a hin(2) of oil to each ephah. [6] On the day of the new moon he shall offer a bull from the herd without blemish, and six lambs and a ram, which shall be without blemish. [7] As a grain offering he shall provide an ephah with the bull and an ephah with the ram, and with the lambs as much as he is able, together with a hin of oil to each ephah. [8] When the prince enters, he shall enter by the vestibule of the gate, and he shall go out by the same way.\n\n  [9] \u201cWhen the people of the land come before the LORD at the appointed feasts, he who enters by the north gate to worship shall go out by the south gate, and he who enters by the south gate shall go out by the north gate: no one shall return by way of the gate by which he entered, but each shall go out straight ahead. [10] When they enter, the prince shall enter with them, and when they go out, he shall go out.\n\n  [11] \u201cAt the feasts and the appointed festivals, the grain offering with a young bull shall be an ephah, and with a ram an ephah, and with the lambs as much as one is able to give, together with a hin of oil to an ephah. [12] When the prince provides a freewill offering, either a burnt offering or peace offerings as a freewill offering to the LORD, the gate facing east shall be opened for him. And he shall offer his burnt offering or his peace offerings as he does on the Sabbath day. Then he shall go out, and after he has gone out the gate shall be shut.\n\n  [13] \u201cYou shall provide a lamb a year old without blemish for a burnt offering to the LORD daily; morning by morning you shall provide it. [14] And you shall provide a grain offering with it morning by morning, one sixth of an ephah, and one third of a hin of oil to moisten the flour, as a grain offering to the LORD. This is a perpetual statute. [15] Thus the lamb and the meal offering and the oil shall be provided, morning by morning, for a regular burnt offering.\n\n  [16] \u201cThus says the Lord GOD: If the prince makes a gift to any of his sons as his inheritance, it shall belong to his sons. It is their property by inheritance. [17] But if he makes a gift out of his inheritance to one of his servants, it shall be his to the year of liberty. Then it shall revert to the prince; surely it is his inheritance\u2014it shall belong to his sons. [18] The prince shall not take any of the inheritance of the people, thrusting them out of their property. He shall give his sons their inheritance out of his own property, so that none of my people shall be scattered from his property.\u201d\n\nBoiling Places for Offerings\n\n  [19] Then he brought me through the entrance, which was at the side of the gate, to the north row of the holy chambers for the priests, and behold, a place was there at the extreme western end of them. [20] And he said to me, \u201cThis is the place where the priests shall boil the guilt offering and the sin offering, and where they shall bake the grain offering, in order not to bring them out into the outer court and so transmit holiness to the people.\u201d\n\n  [21] Then he brought me out to the outer court and led me around to the four corners of the court. And behold, in each corner of the court there was another court\u2014[22] in the four corners of the court were small(3) courts, forty cubits(4) long and thirty broad; the four were of the same size. [23] On the inside, around each of the four courts was a row of masonry, with hearths made at the bottom of the rows all around. [24] Then he said to me, \u201cThese are the kitchens where those who minister at the temple shall boil the sacrifices of the people.\u201d\n\nFootnotes\n\n(1) 46:5 An *ephah* was about 3/5 bushel or 22 liters\n\n(2) 46:5 A *hin* was about 4 quarts or 3.5 liters\n\n(3) 46:22 Septuagint, Syriac, Vulgate; the meaning of the Hebrew word is uncertain\n\n(4) 46:22 A *cubit* was about 18 inches or 45 centimeters\n (ESV)"]}