{"query": "Ezekiel 26", "canonical": "Ezekiel 26", "parsed": [[26026001, 26026021]], "passage_meta": [{"canonical": "Ezekiel 26", "chapter_start": [26026001, 26026021], "chapter_end": [26026001, 26026021], "prev_verse": 26025017, "next_verse": 26027001, "prev_chapter": [26025001, 26025017], "next_chapter": [26027001, 26027036]}], "passages": ["Ezekiel 26\n\nProphecy Against Tyre\n\n  [1] In the eleventh year, on the first day of the month, the word of the LORD came to me: [2] \u201cSon of man, because Tyre said concerning Jerusalem, \u2018Aha, the gate of the peoples is broken; it has swung open to me. I shall be replenished, now that she is laid waste,\u2019 [3] therefore thus says the Lord GOD: Behold, I am against you, O Tyre, and will bring up many nations against you, as the sea brings up its waves. [4] They shall destroy the walls of Tyre and break down her towers, and I will scrape her soil from her and make her a bare rock. [5] She shall be in the midst of the sea a place for the spreading of nets, for I have spoken, declares the Lord GOD. And she shall become plunder for the nations, [6] and her daughters on the mainland shall be killed by the sword. Then they will know that I am the LORD.\n\n  [7] \u201cFor thus says the Lord GOD: Behold, I will bring against Tyre from the north Nebuchadnezzar(1) king of Babylon, king of kings, with horses and chariots, and with horsemen and a host of many soldiers. [8] He will kill with the sword your daughters on the mainland. He will set up a siege wall against you and throw up a mound against you, and raise a roof of shields against you. [9] He will direct the shock of his battering rams against your walls, and with his axes he will break down your towers. [10] His horses will be so many that their dust will cover you. Your walls will shake at the noise of the horsemen and wagons and chariots, when he enters your gates as men enter a city that has been breached. [11] With the hoofs of his horses he will trample all your streets. He will kill your people with the sword, and your mighty pillars will fall to the ground. [12] They will plunder your riches and loot your merchandise. They will break down your walls and destroy your pleasant houses. Your stones and timber and soil they will cast into the midst of the waters. [13] And I will stop the music of your songs, and the sound of your lyres shall be heard no more. [14] I will make you a bare rock. You shall be a place for the spreading of nets. You shall never be rebuilt, for I am the LORD; I have spoken, declares the Lord GOD.\n\n  [15] \u201cThus says the Lord GOD to Tyre: Will not the coastlands shake at the sound of your fall, when the wounded groan, when slaughter is made in your midst? [16] Then all the princes of the sea will step down from their thrones and remove their robes and strip off their embroidered garments. They will clothe themselves with trembling; they will sit on the ground and tremble every moment and be appalled at you. [17] And they will raise a lamentation over you and say to you,\n\n    \u201c\u2018How you have perished,\n        you who were inhabited from the seas,\n    O city renowned,\n        who was mighty on the sea;\n    she and her inhabitants imposed their terror\n        on all her inhabitants!\n    [18] Now the coastlands tremble\n        on the day of your fall,\n    and the coastlands that are on the sea\n        are dismayed at your passing.\u2019\n    \n    \n      [19] \u201cFor thus says the Lord GOD: When I make you a city laid waste, like the cities that are not inhabited, when I bring up the deep over you, and the great waters cover you, [20] then I will make you go down with those who go down to the pit, to the people of old, and I will make you to dwell in the world below, among ruins from of old, with those who go down to the pit, so that you will not be inhabited; but I will set beauty in the land of the living. [21] I will bring you to a dreadful end, and you shall be no more. Though you be sought for, you will never be found again, declares the Lord GOD.\u201d\n\nFootnotes\n\n(1) 26:7 Hebrew *Nebuchadrezzar*; so throughout Ezekiel\n (ESV)"]}