{"query": "Ezekiel 29", "canonical": "Ezekiel 29", "parsed": [[26029001, 26029021]], "passage_meta": [{"canonical": "Ezekiel 29", "chapter_start": [26029001, 26029021], "chapter_end": [26029001, 26029021], "prev_verse": 26028026, "next_verse": 26030001, "prev_chapter": [26028001, 26028026], "next_chapter": [26030001, 26030026]}], "passages": ["Ezekiel 29\n\nProphecy Against Egypt\n\n  [1] In the tenth year, in the tenth month, on the twelfth day of the month, the word of the LORD came to me: [2] \u201cSon of man, set your face against Pharaoh king of Egypt, and prophesy against him and against all Egypt; [3] speak, and say, Thus says the Lord GOD:\n\n    \u201cBehold, I am against you,\n        Pharaoh king of Egypt,\n    the great dragon that lies\n        in the midst of his streams,\n    that says, \u2018My Nile is my own;\n        I made it for myself.\u2019\n    [4] I will put hooks in your jaws,\n        and make the fish of your streams stick to your scales;\n    and I will draw you up out of the midst of your streams,\n        with all the fish of your streams\n        that stick to your scales.\n    [5] And I will cast you out into the wilderness,\n        you and all the fish of your streams;\n    you shall fall on the open field,\n        and not be brought together or gathered.\n    To the beasts of the earth and to the birds of the heavens\n        I give you as food.\n    \n    \n      [6] Then all the inhabitants of Egypt shall know that I am the LORD.\n\n  \u201cBecause you(1) have been a staff of reed to the house of Israel, [7] when they grasped you with the hand, you broke and tore all their shoulders; and when they leaned on you, you broke and made all their loins to shake.(2) [8] Therefore thus says the Lord GOD: Behold, I will bring a sword upon you, and will cut off from you man and beast, [9] and the land of Egypt shall be a desolation and a waste. Then they will know that I am the LORD.\n\n  \u201cBecause you(3) said, \u2018The Nile is mine, and I made it,\u2019 [10] therefore, behold, I am against you and against your streams, and I will make the land of Egypt an utter waste and desolation, from Migdol to Syene, as far as the border of Cush. [11] No foot of man shall pass through it, and no foot of beast shall pass through it; it shall be uninhabited forty years. [12] And I will make the land of Egypt a desolation in the midst of desolated countries, and her cities shall be a desolation forty years among cities that are laid waste. I will scatter the Egyptians among the nations, and disperse them through the countries.\n\n  [13] \u201cFor thus says the Lord GOD: At the end of forty years I will gather the Egyptians from the peoples among whom they were scattered, [14] and I will restore the fortunes of Egypt and bring them back to the land of Pathros, the land of their origin, and there they shall be a lowly kingdom. [15] It shall be the most lowly of the kingdoms, and never again exalt itself above the nations. And I will make them so small that they will never again rule over the nations. [16] And it shall never again be the reliance of the house of Israel, recalling their iniquity, when they turn to them for aid. Then they will know that I am the Lord GOD.\u201d\n\n  [17] In the twenty-seventh year, in the first month, on the first day of the month, the word of the LORD came to me: [18] \u201cSon of man, Nebuchadnezzar king of Babylon made his army labor hard against Tyre. Every head was made bald, and every shoulder was rubbed bare, yet neither he nor his army got anything from Tyre to pay for the labor that he had performed against her. [19] Therefore thus says the Lord GOD: Behold, I will give the land of Egypt to Nebuchadnezzar king of Babylon; and he shall carry off its wealth(4) and despoil it and plunder it; and it shall be the wages for his army. [20] I have given him the land of Egypt as his payment for which he labored, because they worked for me, declares the Lord GOD.\n\n  [21] \u201cOn that day I will cause a horn to spring up for the house of Israel, and I will open your lips among them. Then they will know that I am the LORD.\u201d\n\nFootnotes\n\n(1) 29:6 Hebrew *they*\n\n(2) 29:7 Syriac (compare Psalm 69:23); Hebrew *to stand*\n\n(3) 29:9 Hebrew *he*\n\n(4) 29:19 Or *multitude*\n (ESV)"]}