{"query": "Ezekiel 12", "canonical": "Ezekiel 12", "parsed": [[26012001, 26012028]], "passage_meta": [{"canonical": "Ezekiel 12", "chapter_start": [26012001, 26012028], "chapter_end": [26012001, 26012028], "prev_verse": 26011025, "next_verse": 26013001, "prev_chapter": [26011001, 26011025], "next_chapter": [26013001, 26013023]}], "passages": ["Ezekiel 12\n\nJudah\u2019s Captivity Symbolized\n\n  [1] The word of the LORD came to me: [2] \u201cSon of man, you dwell in the midst of a rebellious house, who have eyes to see, but see not, who have ears to hear, but hear not, for they are a rebellious house. [3] As for you, son of man, prepare for yourself an exile\u2019s baggage, and go into exile by day in their sight. You shall go like an exile from your place to another place in their sight. Perhaps they will understand, though(1) they are a rebellious house. [4] You shall bring out your baggage by day in their sight, as baggage for exile, and you shall go out yourself at evening in their sight, as those do who must go into exile. [5] In their sight dig through the wall, and bring your baggage out through it. [6] In their sight you shall lift the baggage upon your shoulder and carry it out at dusk. You shall cover your face that you may not see the land, for I have made you a sign for the house of Israel.\u201d\n\n  [7] And I did as I was commanded. I brought out my baggage by day, as baggage for exile, and in the evening I dug through the wall with my own hands. I brought out my baggage at dusk, carrying it on my shoulder in their sight.\n\n  [8] In the morning the word of the LORD came to me: [9] \u201cSon of man, has not the house of Israel, the rebellious house, said to you, \u2018What are you doing?\u2019 [10] Say to them, \u2018Thus says the Lord GOD: This oracle concerns(2) the prince in Jerusalem and all the house of Israel who are in it.\u2019(3) [11] Say, \u2018I am a sign for you: as I have done, so shall it be done to them. They shall go into exile, into captivity.\u2019 [12] And the prince who is among them shall lift his baggage upon his shoulder at dusk, and shall go out. They shall dig through the wall to bring him out through it. He shall cover his face, that he may not see the land with his eyes. [13] And I will spread my net over him, and he shall be taken in my snare. And I will bring him to Babylon, the land of the Chaldeans, yet he shall not see it, and he shall die there. [14] And I will scatter toward every wind all who are around him, his helpers and all his troops, and I will unsheathe the sword after them. [15] And they shall know that I am the LORD, when I disperse them among the nations and scatter them among the countries. [16] But I will let a few of them escape from the sword, from famine and pestilence, that they may declare all their abominations among the nations where they go, and may know that I am the LORD.\u201d\n\n  [17] And the word of the LORD came to me: [18] \u201cSon of man, eat your bread with quaking, and drink water with trembling and with anxiety. [19] And say to the people of the land, Thus says the Lord GOD concerning the inhabitants of Jerusalem in the land of Israel: They shall eat their bread with anxiety, and drink water in dismay. In this way her land will be stripped of all it contains, on account of the violence of all those who dwell in it. [20] And the inhabited cities shall be laid waste, and the land shall become a desolation; and you shall know that I am the LORD.\u201d\n\n  [21] And the word of the LORD came to me: [22] \u201cSon of man, what is this proverb that you(4) have about the land of Israel, saying, \u2018The days grow long, and every vision comes to nothing\u2019? [23] Tell them therefore, \u2018Thus says the Lord GOD: I will put an end to this proverb, and they shall no more use it as a proverb in Israel.\u2019 But say to them, The days are near, and the fulfillment(5) of every vision. [24] For there shall be no more any false vision or flattering divination within the house of Israel. [25] For I am the LORD; I will speak the word that I will speak, and it will be performed. It will no longer be delayed, but in your days, O rebellious house, I will speak the word and perform it, declares the Lord GOD.\u201d\n\n  [26] And the word of the LORD came to me: [27] \u201cSon of man, behold, they of the house of Israel say, \u2018The vision that he sees is for many days from now, and he prophesies of times far off.\u2019 [28] Therefore say to them, Thus says the Lord GOD: None of my words will be delayed any longer, but the word that I speak will be performed, declares the Lord GOD.\u201d\n\nFootnotes\n\n(1) 12:3 Or *will see that*\n\n(2) 12:10 Or *This burden is*\n\n(3) 12:10 Hebrew *in the midst of them*\n\n(4) 12:22 The Hebrew for *you* is plural\n\n(5) 12:23 Hebrew *word*\n (ESV)"]}