{"query": "Jeremiah 46", "canonical": "Jeremiah 46", "parsed": [[24046001, 24046028]], "passage_meta": [{"canonical": "Jeremiah 46", "chapter_start": [24046001, 24046028], "chapter_end": [24046001, 24046028], "prev_verse": 24045005, "next_verse": 24047001, "prev_chapter": [24045001, 24045005], "next_chapter": [24047001, 24047007]}], "passages": ["Jeremiah 46\n\nJudgment on Egypt\n\n  [1] The word of the LORD that came to Jeremiah the prophet concerning the nations.\n\n  [2] About Egypt. Concerning the army of Pharaoh Neco, king of Egypt, which was by the river Euphrates at Carchemish and which Nebuchadnezzar king of Babylon defeated in the fourth year of Jehoiakim the son of Josiah, king of Judah:\n\n    [3] \u201cPrepare buckler and shield,\n        and advance for battle!\n    [4] Harness the horses;\n        mount, O horsemen!\n    Take your stations with your helmets,\n        polish your spears,\n        put on your armor!\n    [5] Why have I seen it?\n    They are dismayed\n        and have turned backward.\n    Their warriors are beaten down\n        and have fled in haste;\n    they look not back\u2014\n        terror on every side!\n                                            declares the LORD.\n    \n    \n    [6] \u201cThe swift cannot flee away,\n        nor the warrior escape;\n    in the north by the river Euphrates\n        they have stumbled and fallen.\n    \n    \n    [7] \u201cWho is this, rising like the Nile,\n        like rivers whose waters surge?\n    [8] Egypt rises like the Nile,\n        like rivers whose waters surge.\n    He said, \u2018I will rise, I will cover the earth,\n        I will destroy cities and their inhabitants.\u2019\n    [9] Advance, O horses,\n        and rage, O chariots!\n    Let the warriors go out:\n        men of Cush and Put who handle the shield,\n        men of Lud, skilled in handling the bow.\n    [10] That day is the day of the Lord GOD of hosts,\n        a day of vengeance,\n        to avenge himself on his foes.\n    The sword shall devour and be sated\n        and drink its fill of their blood.\n    For the Lord GOD of hosts holds a sacrifice\n        in the north country by the river Euphrates.\n    [11] Go up to Gilead, and take balm,\n        O virgin daughter of Egypt!\n    In vain you have used many medicines;\n        there is no healing for you.\n    [12] The nations have heard of your shame,\n        and the earth is full of your cry;\n    for warrior has stumbled against warrior;\n        they have both fallen together.\u201d\n    \n    \n      [13] The word that the LORD spoke to Jeremiah the prophet about the coming of Nebuchadnezzar king of Babylon to strike the land of Egypt:\n\n    [14] \u201cDeclare in Egypt, and proclaim in Migdol;\n        proclaim in Memphis and Tahpanhes;\n    say, \u2018Stand ready and be prepared,\n        for the sword shall devour around you.\u2019\n    [15] Why are your mighty ones face down?\n        They do not stand(1)\n        because the LORD thrust them down.\n    [16] He made many stumble, and they fell,\n        and they said one to another,\n    \u2018Arise, and let us go back to our own people\n        and to the land of our birth,\n        because of the sword of the oppressor.\u2019\n    [17] Call the name of Pharaoh, king of Egypt,\n        \u2018Noisy one who lets the hour go by.\u2019\n    \n    \n    [18] \u201cAs I live, declares the King,\n        whose name is the LORD of hosts,\n    like Tabor among the mountains\n        and like Carmel by the sea, shall one come.\n    [19] Prepare yourselves baggage for exile,\n        O inhabitants of Egypt!\n    For Memphis shall become a waste,\n        a ruin, without inhabitant.\n    \n    \n    [20] \u201cA beautiful heifer is Egypt,\n        but a biting fly from the north has come upon her.\n    [21] Even her hired soldiers in her midst\n        are like fattened calves;\n    yes, they have turned and fled together;\n        they did not stand,\n    for the day of their calamity has come upon them,\n        the time of their punishment.\n    \n    \n    [22] \u201cShe makes a sound like a serpent gliding away;\n        for her enemies march in force\n    and come against her with axes\n        like those who fell trees.\n    [23] They shall cut down her forest,\n                                            declares the LORD,\n        though it is impenetrable,\n    because they are more numerous than locusts;\n        they are without number.\n    [24] The daughter of Egypt shall be put to shame;\n        she shall be delivered into the hand of a people from the north.\u201d\n    \n    \n      [25] The LORD of hosts, the God of Israel, said: \u201cBehold, I am bringing punishment upon Amon of Thebes, and Pharaoh and Egypt and her gods and her kings, upon Pharaoh and those who trust in him. [26] I will deliver them into the hand of those who seek their life, into the hand of Nebuchadnezzar king of Babylon and his officers. Afterward Egypt shall be inhabited as in the days of old, declares the LORD.\n\n    [27] \u201cBut fear not, O Jacob my servant,\n        nor be dismayed, O Israel,\n    for behold, I will save you from far away,\n        and your offspring from the land of their captivity.\n    Jacob shall return and have quiet and ease,\n        and none shall make him afraid.\n    [28] Fear not, O Jacob my servant,\n                                            declares the LORD,\n        for I am with you.\n    I will make a full end of all the nations\n        to which I have driven you,\n        but of you I will not make a full end.\n    I will discipline you in just measure,\n        and I will by no means leave you unpunished.\u201d\n    \n\nFootnotes\n\n(1) 46:15 Hebrew *He does not stand*\n (ESV)"]}