{"query": "Jeremiah 47", "canonical": "Jeremiah 47", "parsed": [[24047001, 24047007]], "passage_meta": [{"canonical": "Jeremiah 47", "chapter_start": [24047001, 24047007], "chapter_end": [24047001, 24047007], "prev_verse": 24046028, "next_verse": 24048001, "prev_chapter": [24046001, 24046028], "next_chapter": [24048001, 24048047]}], "passages": ["Jeremiah 47\n\nJudgment on the Philistines\n\n  [1] The word of the LORD that came to Jeremiah the prophet concerning the Philistines, before Pharaoh struck down Gaza.\n\n    [2] \u201cThus says the LORD:\n    Behold, waters are rising out of the north,\n        and shall become an overflowing torrent;\n    they shall overflow the land and all that fills it,\n        the city and those who dwell in it.\n    Men shall cry out,\n        and every inhabitant of the land shall wail.\n    [3] At the noise of the stamping of the hoofs of his stallions,\n        at the rushing of his chariots, at the rumbling of their wheels,\n    the fathers look not back to their children,\n        so feeble are their hands,\n    [4] because of the day that is coming to destroy\n        all the Philistines,\n    to cut off from Tyre and Sidon\n        every helper that remains.\n    For the LORD is destroying the Philistines,\n        the remnant of the coastland of Caphtor.\n    [5] Baldness has come upon Gaza;\n        Ashkelon has perished.\n    O remnant of their valley,\n        how long will you gash yourselves?\n    [6] Ah, sword of the LORD!\n        How long till you are quiet?\n    Put yourself into your scabbard;\n        rest and be still!\n    [7] How can it(1) be quiet\n        when the LORD has given it a charge?\n    Against Ashkelon and against the seashore\n        he has appointed it.\u201d\n    \n\nFootnotes\n\n(1) 47:7 Septuagint, Vulgate; Hebrew *you*\n (ESV)"]}