{"query": "Jeremiah 43", "canonical": "Jeremiah 43", "parsed": [[24043001, 24043013]], "passage_meta": [{"canonical": "Jeremiah 43", "chapter_start": [24043001, 24043013], "chapter_end": [24043001, 24043013], "prev_verse": 24042022, "next_verse": 24044001, "prev_chapter": [24042001, 24042022], "next_chapter": [24044001, 24044030]}], "passages": ["Jeremiah 43\n\nJeremiah Taken to Egypt\n\n  [1] When Jeremiah finished speaking to all the people all these words of the LORD their God, with which the LORD their God had sent him to them, [2] Azariah the son of Hoshaiah and Johanan the son of Kareah and all the insolent men said to Jeremiah, \u201cYou are telling a lie. The LORD our God did not send you to say, \u2018Do not go to Egypt to live there,\u2019 [3] but Baruch the son of Neriah has set you against us, to deliver us into the hand of the Chaldeans, that they may kill us or take us into exile in Babylon.\u201d [4] So Johanan the son of Kareah and all the commanders of the forces and all the people did not obey the voice of the LORD, to remain in the land of Judah. [5] But Johanan the son of Kareah and all the commanders of the forces took all the remnant of Judah who had returned to live in the land of Judah from all the nations to which they had been driven\u2014[6] the men, the women, the children, the princesses, and every person whom Nebuzaradan the captain of the guard had left with Gedaliah the son of Ahikam, son of Shaphan; also Jeremiah the prophet and Baruch the son of Neriah. [7] And they came into the land of Egypt, for they did not obey the voice of the LORD. And they arrived at Tahpanhes.\n\n  [8] Then the word of the LORD came to Jeremiah in Tahpanhes: [9] \u201cTake in your hands large stones and hide them in the mortar in the pavement that is at the entrance to Pharaoh\u2019s palace in Tahpanhes, in the sight of the men of Judah, [10] and say to them, \u2018Thus says the LORD of hosts, the God of Israel: Behold, I will send and take Nebuchadnezzar the king of Babylon, my servant, and I will set his throne above these stones that I have hidden, and he will spread his royal canopy over them. [11] He shall come and strike the land of Egypt, giving over to the pestilence those who are doomed to the pestilence, to captivity those who are doomed to captivity, and to the sword those who are doomed to the sword. [12] I shall kindle a fire in the temples of the gods of Egypt, and he shall burn them and carry them away captive. And he shall clean the land of Egypt as a shepherd cleans his cloak of vermin, and he shall go away from there in peace. [13] He shall break the obelisks of Heliopolis, which is in the land of Egypt, and the temples of the gods of Egypt he shall burn with fire.\u2019\u201d (ESV)"]}