{"query": "Jeremiah 30", "canonical": "Jeremiah 30", "parsed": [[24030001, 24030024]], "passage_meta": [{"canonical": "Jeremiah 30", "chapter_start": [24030001, 24030024], "chapter_end": [24030001, 24030024], "prev_verse": 24029032, "next_verse": 24031001, "prev_chapter": [24029001, 24029032], "next_chapter": [24031001, 24031040]}], "passages": ["Jeremiah 30\n\nRestoration for Israel and Judah\n\n  [1] The word that came to Jeremiah from the LORD: [2] \u201cThus says the LORD, the God of Israel: Write in a book all the words that I have spoken to you. [3] For behold, days are coming, declares the LORD, when I will restore the fortunes of my people, Israel and Judah, says the LORD, and I will bring them back to the land that I gave to their fathers, and they shall take possession of it.\u201d\n\n  [4] These are the words that the LORD spoke concerning Israel and Judah:\n\n    [5] \u201cThus says the LORD:\n    We have heard a cry of panic,\n        of terror, and no peace.\n    [6] Ask now, and see,\n        can a man bear a child?\n    Why then do I see every man\n        with his hands on his stomach like a woman in labor?\n        Why has every face turned pale?\n    [7] Alas! That day is so great\n        there is none like it;\n    it is a time of distress for Jacob;\n        yet he shall be saved out of it.\n    \n    \n      [8] \u201cAnd it shall come to pass in that day, declares the LORD of hosts, that I will break his yoke from off your neck, and I will burst your bonds, and foreigners shall no more make a servant of him.(1) [9] But they shall serve the LORD their God and David their king, whom I will raise up for them.\n\n    [10] \u201cThen fear not, O Jacob my servant, declares the LORD,\n        nor be dismayed, O Israel;\n    for behold, I will save you from far away,\n        and your offspring from the land of their captivity.\n    Jacob shall return and have quiet and ease,\n        and none shall make him afraid.\n    [11] For I am with you to save you,\n                                            declares the LORD;\n    I will make a full end of all the nations\n        among whom I scattered you,\n        but of you I will not make a full end.\n    I will discipline you in just measure,\n        and I will by no means leave you unpunished.\n    \n    \n    [12] \u201cFor thus says the LORD:\n    Your hurt is incurable,\n        and your wound is grievous.\n    [13] There is none to uphold your cause,\n        no medicine for your wound,\n        no healing for you.\n    [14] All your lovers have forgotten you;\n        they care nothing for you;\n    for I have dealt you the blow of an enemy,\n        the punishment of a merciless foe,\n    because your guilt is great,\n        because your sins are flagrant.\n    [15] Why do you cry out over your hurt?\n        Your pain is incurable.\n    Because your guilt is great,\n        because your sins are flagrant,\n        I have done these things to you.\n    [16] Therefore all who devour you shall be devoured,\n        and all your foes, every one of them, shall go into captivity;\n    those who plunder you shall be plundered,\n        and all who prey on you I will make a prey.\n    [17] For I will restore health to you,\n        and your wounds I will heal,\n                                            declares the LORD,\n    because they have called you an outcast:\n        \u2018It is Zion, for whom no one cares!\u2019\n    \n    \n    [18] \u201cThus says the LORD:\n    Behold, I will restore the fortunes of the tents of Jacob\n        and have compassion on his dwellings;\n    the city shall be rebuilt on its mound,\n        and the palace shall stand where it used to be.\n    [19] Out of them shall come songs of thanksgiving,\n        and the voices of those who celebrate.\n    I will multiply them, and they shall not be few;\n        I will make them honored, and they shall not be small.\n    [20] Their children shall be as they were of old,\n        and their congregation shall be established before me,\n        and I will punish all who oppress them.\n    [21] Their prince shall be one of themselves;\n        their ruler shall come out from their midst;\n    I will make him draw near, and he shall approach me,\n        for who would dare of himself to approach me?\n                                            declares the LORD.\n    [22] And you shall be my people,\n        and I will be your God.\u201d\n    \n    \n    [23] Behold the storm of the LORD!\n        Wrath has gone forth,\n    a whirling tempest;\n        it will burst upon the head of the wicked.\n    [24] The fierce anger of the LORD will not turn back\n        until he has executed and accomplished\n        the intentions of his mind.\n    In the latter days you will understand this.\n    \n\nFootnotes\n\n(1) 30:8 Or *serve him*\n (ESV)"]}