{"query": "Jeremiah 18", "canonical": "Jeremiah 18", "parsed": [[24018001, 24018023]], "passage_meta": [{"canonical": "Jeremiah 18", "chapter_start": [24018001, 24018023], "chapter_end": [24018001, 24018023], "prev_verse": 24017027, "next_verse": 24019001, "prev_chapter": [24017001, 24017027], "next_chapter": [24019001, 24019015]}], "passages": ["Jeremiah 18\n\nThe Potter and the Clay\n\n  [1] The word that came to Jeremiah from the LORD: [2] \u201cArise, and go down to the potter\u2019s house, and there I will let you hear(1) my words.\u201d [3] So I went down to the potter\u2019s house, and there he was working at his wheel. [4] And the vessel he was making of clay was spoiled in the potter\u2019s hand, and he reworked it into another vessel, as it seemed good to the potter to do.\n\n  [5] Then the word of the LORD came to me: [6] \u201cO house of Israel, can I not do with you as this potter has done? declares the LORD. Behold, like the clay in the potter\u2019s hand, so are you in my hand, O house of Israel. [7] If at any time I declare concerning a nation or a kingdom, that I will pluck up and break down and destroy it, [8] and if that nation, concerning which I have spoken, turns from its evil, I will relent of the disaster that I intended to do to it. [9] And if at any time I declare concerning a nation or a kingdom that I will build and plant it, [10] and if it does evil in my sight, not listening to my voice, then I will relent of the good that I had intended to do to it. [11] Now, therefore, say to the men of Judah and the inhabitants of Jerusalem: \u2018Thus says the LORD, Behold, I am shaping disaster against you and devising a plan against you. Return, every one from his evil way, and amend your ways and your deeds.\u2019\n\n  [12] \u201cBut they say, \u2018That is in vain! We will follow our own plans, and will every one act according to the stubbornness of his evil heart.\u2019\n\n    [13] \u201cTherefore thus says the LORD:\n    Ask among the nations,\n        Who has heard the like of this?\n    The virgin Israel\n        has done a very horrible thing.\n    [14] Does the snow of Lebanon leave\n        the crags of Sirion?(2)\n    Do the mountain waters run dry,(3)\n        the cold flowing streams?\n    [15] But my people have forgotten me;\n        they make offerings to false gods;\n    they made them stumble in their ways,\n        in the ancient roads,\n    and to walk into side roads,\n        not the highway,\n    [16] making their land a horror,\n        a thing to be hissed at forever.\n    Everyone who passes by it is horrified\n        and shakes his head.\n    [17] Like the east wind I will scatter them\n        before the enemy.\n    I will show them my back, not my face,\n        in the day of their calamity.\u201d\n    \n    \n      [18] Then they said, \u201cCome, let us make plots against Jeremiah, for the law shall not perish from the priest, nor counsel from the wise, nor the word from the prophet. Come, let us strike him with the tongue, and let us not pay attention to any of his words.\u201d\n\n    [19] Hear me, O LORD,\n        and listen to the voice of my adversaries.\n    [20] Should good be repaid with evil?\n        Yet they have dug a pit for my life.\n    Remember how I stood before you\n        to speak good for them,\n        to turn away your wrath from them.\n    [21] Therefore deliver up their children to famine;\n        give them over to the power of the sword;\n    let their wives become childless and widowed.\n        May their men meet death by pestilence,\n        their youths be struck down by the sword in battle.\n    [22] May a cry be heard from their houses,\n        when you bring the plunderer suddenly upon them!\n    For they have dug a pit to take me\n        and laid snares for my feet.\n    [23] Yet you, O LORD, know\n        all their plotting to kill me.\n    Forgive not their iniquity,\n        nor blot out their sin from your sight.\n    Let them be overthrown before you;\n        deal with them in the time of your anger.\n    \n\nFootnotes\n\n(1) 18:2 Or *will cause you to hear*\n\n(2) 18:14 Hebrew *of the field*\n\n(3) 18:14 Hebrew *Are foreign waters plucked up*\n (ESV)"]}