{"query": "Jeremiah 48", "canonical": "Jeremiah 48", "parsed": [[24048001, 24048047]], "passage_meta": [{"canonical": "Jeremiah 48", "chapter_start": [24048001, 24048047], "chapter_end": [24048001, 24048047], "prev_verse": 24047007, "next_verse": 24049001, "prev_chapter": [24047001, 24047007], "next_chapter": [24049001, 24049039]}], "passages": ["Jeremiah 48\n\nJudgment on Moab\n\n  [1] Concerning Moab.\n\n  Thus says the LORD of hosts, the God of Israel:\n\n    \u201cWoe to Nebo, for it is laid waste!\n        Kiriathaim is put to shame, it is taken;\n    the fortress is put to shame and broken down;\n    [2]     the renown of Moab is no more.\n    In Heshbon they planned disaster against her:\n        \u2018Come, let us cut her off from being a nation!\u2019\n    You also, O Madmen, shall be brought to silence;\n        the sword shall pursue you.\n    \n    \n    [3] \u201cA voice! A cry from Horonaim,\n        \u2018Desolation and great destruction!\u2019\n    [4] Moab is destroyed;\n        her little ones have made a cry.\n    [5] For at the ascent of Luhith\n        they go up weeping;(1)\n    for at the descent of Horonaim\n        they have heard the distressed cry(2) of destruction.\n    [6] Flee! Save yourselves!\n        You will be like a juniper in the desert!\n    [7] For, because you trusted in your works and your treasures,\n        you also shall be taken;\n    and Chemosh shall go into exile\n        with his priests and his officials.\n    [8] The destroyer shall come upon every city,\n        and no city shall escape;\n    the valley shall perish,\n        and the plain shall be destroyed,\n        as the LORD has spoken.\n    \n    \n    [9] \u201cGive wings to Moab,\n        for she would fly away;\n    her cities shall become a desolation,\n        with no inhabitant in them.\n    \n    \n      [10] \u201cCursed is he who does the work of the LORD with slackness, and cursed is he who keeps back his sword from bloodshed.\n\n    [11] \u201cMoab has been at ease from his youth\n        and has settled on his dregs;\n    he has not been emptied from vessel to vessel,\n        nor has he gone into exile;\n    so his taste remains in him,\n        and his scent is not changed.\n    \n    \n      [12] \u201cTherefore, behold, the days are coming, declares the LORD, when I shall send to him pourers who will pour him, and empty his vessels and break his(3) jars in pieces. [13] Then Moab shall be ashamed of Chemosh, as the house of Israel was ashamed of Bethel, their confidence.\n\n    [14] \u201cHow do you say, \u2018We are heroes\n        and mighty men of war\u2019?\n    [15] The destroyer of Moab and his cities has come up,\n        and the choicest of his young men have gone down to slaughter,\n        declares the King, whose name is the LORD of hosts.\n    [16] The calamity of Moab is near at hand,\n        and his affliction hastens swiftly.\n    [17] Grieve for him, all you who are around him,\n        and all who know his name;\n    say, \u2018How the mighty scepter is broken,\n        the glorious staff.\u2019\n    \n    \n    [18] \u201cCome down from your glory,\n        and sit on the parched ground,\n        O inhabitant of Dibon!\n    For the destroyer of Moab has come up against you;\n        he has destroyed your strongholds.\n    [19] Stand by the way and watch,\n        O inhabitant of Aroer!\n    Ask him who flees and her who escapes;\n        say, \u2018What has happened?\u2019\n    [20] Moab is put to shame, for it is broken;\n        wail and cry!\n    Tell it beside the Arnon,\n        that Moab is laid waste.\n    \n    \n      [21] \u201cJudgment has come upon the tableland, upon Holon, and Jahzah, and Mephaath, [22] and Dibon, and Nebo, and Beth-diblathaim, [23] and Kiriathaim, and Beth-gamul, and Beth-meon, [24] and Kerioth, and Bozrah, and all the cities of the land of Moab, far and near. [25] The horn of Moab is cut off, and his arm is broken, declares the LORD.\n\n  [26] \u201cMake him drunk, because he magnified himself against the LORD, so that Moab shall wallow in his vomit, and he too shall be held in derision. [27] Was not Israel a derision to you? Was he found among thieves, that whenever you spoke of him you wagged your head?\n\n    [28] \u201cLeave the cities, and dwell in the rock,\n        O inhabitants of Moab!\n    Be like the dove that nests\n        in the sides of the mouth of a gorge.\n    [29] We have heard of the pride of Moab\u2014\n        he is very proud\u2014\n    of his loftiness, his pride, and his arrogance,\n        and the haughtiness of his heart.\n    [30] I know his insolence, declares the LORD;\n        his boasts are false,\n        his deeds are false.\n    [31] Therefore I wail for Moab;\n        I cry out for all Moab;\n        for the men of Kir-hareseth I mourn.\n    [32] More than for Jazer I weep for you,\n        O vine of Sibmah!\n    Your branches passed over the sea,\n        reached to the Sea of Jazer;\n    on your summer fruits and your grapes\n        the destroyer has fallen.\n    [33] Gladness and joy have been taken away\n        from the fruitful land of Moab;\n    I have made the wine cease from the winepresses;\n        no one treads them with shouts of joy;\n        the shouting is not the shout of joy.\n    \n    \n      [34] \u201cFrom the outcry at Heshbon even to Elealeh, as far as Jahaz they utter their voice, from Zoar to Horonaim and Eglath-shelishiyah. For the waters of Nimrim also have become desolate. [35] And I will bring to an end in Moab, declares the LORD, him who offers sacrifice in the high place and makes offerings to his god. [36] Therefore my heart moans for Moab like a flute, and my heart moans like a flute for the men of Kir-hareseth. Therefore the riches they gained have perished.\n\n  [37] \u201cFor every head is shaved and every beard cut off. On all the hands are gashes, and around the waist is sackcloth. [38] On all the housetops of Moab and in the squares there is nothing but lamentation, for I have broken Moab like a vessel for which no one cares, declares the LORD. [39] How it is broken! How they wail! How Moab has turned his back in shame! So Moab has become a derision and a horror to all that are around him.\u201d\n\n    [40] For thus says the LORD:\n    \u201cBehold, one shall fly swiftly like an eagle\n        and spread his wings against Moab;\n    [41] the cities shall be taken\n        and the strongholds seized.\n    The heart of the warriors of Moab shall be in that day\n        like the heart of a woman in her birth pains;\n    [42] Moab shall be destroyed and be no longer a people,\n        because he magnified himself against the LORD.\n    [43] Terror, pit, and snare\n        are before you, O inhabitant of Moab!\n                                            declares the LORD.\n    [44] He who flees from the terror\n        shall fall into the pit,\n    and he who climbs out of the pit\n        shall be caught in the snare.\n    For I will bring these things upon Moab,\n        the year of their punishment,\n                                            declares the LORD.\n    \n    \n    [45] \u201cIn the shadow of Heshbon\n        fugitives stop without strength,\n    for fire came out from Heshbon,\n        flame from the house of Sihon;\n    it has destroyed the forehead of Moab,\n        the crown of the sons of tumult.\n    [46] Woe to you, O Moab!\n        The people of Chemosh are undone,\n    for your sons have been taken captive,\n        and your daughters into captivity.\n    [47] Yet I will restore the fortunes of Moab\n        in the latter days, declares the LORD.\u201d\n    Thus far is the judgment on Moab.\n    \n\nFootnotes\n\n(1) 48:5 Hebrew *weeping goes up with weeping*\n\n(2) 48:5 Septuagint (compare Isaiah 15:5) *heard the cry*\n\n(3) 48:12 Septuagint, Aquila; Hebrew *their*\n (ESV)"]}