{"query": "Jeremiah 17", "canonical": "Jeremiah 17", "parsed": [[24017001, 24017027]], "passage_meta": [{"canonical": "Jeremiah 17", "chapter_start": [24017001, 24017027], "chapter_end": [24017001, 24017027], "prev_verse": 24016021, "next_verse": 24018001, "prev_chapter": [24016001, 24016021], "next_chapter": [24018001, 24018023]}], "passages": ["Jeremiah 17\n\nThe Sin of Judah\n\n  [1] \u201cThe sin of Judah is written with a pen of iron; with a point of diamond it is engraved on the tablet of their heart, and on the horns of their altars, [2] while their children remember their altars and their Asherim, beside every green tree and on the high hills, [3] on the mountains in the open country. Your wealth and all your treasures I will give for spoil as the price of your high places for sin throughout all your territory. [4] You shall loosen your hand from your heritage that I gave to you, and I will make you serve your enemies in a land that you do not know, for in my anger a fire is kindled that shall burn forever.\u201d\n\n    [5] Thus says the LORD:\n    \u201cCursed is the man who trusts in man\n        and makes flesh his strength,(1)\n        whose heart turns away from the LORD.\n    [6] He is like a shrub in the desert,\n        and shall not see any good come.\n    He shall dwell in the parched places of the wilderness,\n        in an uninhabited salt land.\n    \n    \n    [7] \u201cBlessed is the man who trusts in the LORD,\n        whose trust is the LORD.\n    [8] He is like a tree planted by water,\n        that sends out its roots by the stream,\n    and does not fear when heat comes,\n        for its leaves remain green,\n    and is not anxious in the year of drought,\n        for it does not cease to bear fruit.\u201d\n    \n    \n    [9] The heart is deceitful above all things,\n        and desperately sick;\n        who can understand it?\n    [10] \u201cI the LORD search the heart\n        and test the mind,(2)\n    to give every man according to his ways,\n        according to the fruit of his deeds.\u201d\n    \n    \n    [11] Like the partridge that gathers a brood that she did not hatch,\n        so is he who gets riches but not by justice;\n    in the midst of his days they will leave him,\n        and at his end he will be a fool.\n    \n    \n    [12] A glorious throne set on high from the beginning\n        is the place of our sanctuary.\n    [13] O LORD, the hope of Israel,\n        all who forsake you shall be put to shame;\n    those who turn away from you(3) shall be written in the earth,\n        for they have forsaken the LORD, the fountain of living water.\n    \n    \n    Jeremiah Prays for Deliverance\n\n    [14] Heal me, O LORD, and I shall be healed;\n        save me, and I shall be saved,\n        for you are my praise.\n    [15] Behold, they say to me,\n        \u201cWhere is the word of the LORD?\n        Let it come!\u201d\n    [16] I have not run away from being your shepherd,\n        nor have I desired the day of sickness.\n    You know what came out of my lips;\n        it was before your face.\n    [17] Be not a terror to me;\n        you are my refuge in the day of disaster.\n    [18] Let those be put to shame who persecute me,\n        but let me not be put to shame;\n    let them be dismayed,\n        but let me not be dismayed;\n    bring upon them the day of disaster;\n        destroy them with double destruction!\n    \n    \n    Keep the Sabbath Holy\n\n  [19] Thus said the LORD to me: \u201cGo and stand in the People\u2019s Gate, by which the kings of Judah enter and by which they go out, and in all the gates of Jerusalem, [20] and say: \u2018Hear the word of the LORD, you kings of Judah, and all Judah, and all the inhabitants of Jerusalem, who enter by these gates. [21] Thus says the LORD: Take care for the sake of your lives, and do not bear a burden on the Sabbath day or bring it in by the gates of Jerusalem. [22] And do not carry a burden out of your houses on the Sabbath or do any work, but keep the Sabbath day holy, as I commanded your fathers. [23] Yet they did not listen or incline their ear, but stiffened their neck, that they might not hear and receive instruction.\n\n  [24] \u201c\u2018But if you listen to me, declares the LORD, and bring in no burden by the gates of this city on the Sabbath day, but keep the Sabbath day holy and do no work on it, [25] then there shall enter by the gates of this city kings and princes who sit on the throne of David, riding in chariots and on horses, they and their officials, the men of Judah and the inhabitants of Jerusalem. And this city shall be inhabited forever. [26] And people shall come from the cities of Judah and the places around Jerusalem, from the land of Benjamin, from the Shephelah, from the hill country, and from the Negeb, bringing burnt offerings and sacrifices, grain offerings and frankincense, and bringing thank offerings to the house of the LORD. [27] But if you do not listen to me, to keep the Sabbath day holy, and not to bear a burden and enter by the gates of Jerusalem on the Sabbath day, then I will kindle a fire in its gates, and it shall devour the palaces of Jerusalem and shall not be quenched.\u2019\u201d\n\nFootnotes\n\n(1) 17:5 Hebrew *arm*\n\n(2) 17:10 Hebrew *kidneys*\n\n(3) 17:13 Hebrew *me*\n (ESV)"]}