{"query": "Jeremiah 22", "canonical": "Jeremiah 22", "parsed": [[24022001, 24022030]], "passage_meta": [{"canonical": "Jeremiah 22", "chapter_start": [24022001, 24022030], "chapter_end": [24022001, 24022030], "prev_verse": 24021014, "next_verse": 24023001, "prev_chapter": [24021001, 24021014], "next_chapter": [24023001, 24023040]}], "passages": ["Jeremiah 22\n\n  [1] Thus says the LORD: \u201cGo down to the house of the king of Judah and speak there this word, [2] and say, \u2018Hear the word of the LORD, O king of Judah, who sits on the throne of David, you, and your servants, and your people who enter these gates. [3] Thus says the LORD: Do justice and righteousness, and deliver from the hand of the oppressor him who has been robbed. And do no wrong or violence to the resident alien, the fatherless, and the widow, nor shed innocent blood in this place. [4] For if you will indeed obey this word, then there shall enter the gates of this house kings who sit on the throne of David, riding in chariots and on horses, they and their servants and their people. [5] But if you will not obey these words, I swear by myself, declares the LORD, that this house shall become a desolation. [6] For thus says the LORD concerning the house of the king of Judah:\n\n    \u201c\u2018You are like Gilead to me,\n        like the summit of Lebanon,\n    yet surely I will make you a desert,\n        an uninhabited city.(1)\n    [7] I will prepare destroyers against you,\n        each with his weapons,\n    and they shall cut down your choicest cedars\n        and cast them into the fire.\n    \n    \n      [8] \u201c\u2018And many nations will pass by this city, and every man will say to his neighbor, \u201cWhy has the LORD dealt thus with this great city?\u201d [9] And they will answer, \u201cBecause they have forsaken the covenant of the LORD their God and worshiped other gods and served them.\u201d\u2019\u201d\n\n    [10] Weep not for him who is dead,\n        nor grieve for him,\n    but weep bitterly for him who goes away,\n        for he shall return no more\n        to see his native land.\n    \n    \n    Message to the Sons of Josiah\n\n  [11] For thus says the LORD concerning Shallum the son of Josiah, king of Judah, who reigned instead of Josiah his father, and who went away from this place: \u201cHe shall return here no more, [12] but in the place where they have carried him captive, there shall he die, and he shall never see this land again.\u201d\n\n    [13] \u201cWoe to him who builds his house by unrighteousness,\n        and his upper rooms by injustice,\n    who makes his neighbor serve him for nothing\n        and does not give him his wages,\n    [14] who says, \u2018I will build myself a great house\n        with spacious upper rooms,\u2019\n    who cuts out windows for it,\n        paneling it with cedar\n        and painting it with vermilion.\n    [15] Do you think you are a king\n        because you compete in cedar?\n    Did not your father eat and drink\n        and do justice and righteousness?\n        Then it was well with him.\n    [16] He judged the cause of the poor and needy;\n        then it was well.\n    Is not this to know me?\n        declares the LORD.\n    [17] But you have eyes and heart\n        only for your dishonest gain,\n    for shedding innocent blood,\n        and for practicing oppression and violence.\u201d\n    \n    \n      [18] Therefore thus says the LORD concerning Jehoiakim the son of Josiah, king of Judah:\n\n    \u201cThey shall not lament for him, saying,\n        \u2018Ah, my brother!\u2019 or \u2018Ah, sister!\u2019\n    They shall not lament for him, saying,\n        \u2018Ah, lord!\u2019 or \u2018Ah, his majesty!\u2019\n    [19] With the burial of a donkey he shall be buried,\n        dragged and dumped beyond the gates of Jerusalem.\u201d\n    \n    \n    [20] \u201cGo up to Lebanon, and cry out,\n        and lift up your voice in Bashan;\n    cry out from Abarim,\n        for all your lovers are destroyed.\n    [21] I spoke to you in your prosperity,\n        but you said, \u2018I will not listen.\u2019\n    This has been your way from your youth,\n        that you have not obeyed my voice.\n    [22] The wind shall shepherd all your shepherds,\n        and your lovers shall go into captivity;\n    then you will be ashamed and confounded\n        because of all your evil.\n    [23] O inhabitant of Lebanon,\n        nested among the cedars,\n    how you will be pitied when pangs come upon you,\n        pain as of a woman in labor!\u201d\n    \n    \n      [24] \u201cAs I live, declares the LORD, though Coniah the son of Jehoiakim, king of Judah, were the signet ring on my right hand, yet I would tear you off [25] and give you into the hand of those who seek your life, into the hand of those of whom you are afraid, even into the hand of Nebuchadnezzar king of Babylon and into the hand of the Chaldeans. [26] I will hurl you and the mother who bore you into another country, where you were not born, and there you shall die. [27] But to the land to which they will long to return, there they shall not return.\u201d\n\n    [28] Is this man Coniah a despised, broken pot,\n        a vessel no one cares for?\n    Why are he and his children hurled and cast\n        into a land that they do not know?\n    [29] O land, land, land,\n        hear the word of the LORD!\n    [30] Thus says the LORD:\n    \u201cWrite this man down as childless,\n        a man who shall not succeed in his days,\n    for none of his offspring shall succeed\n        in sitting on the throne of David\n        and ruling again in Judah.\u201d\n    \n\nFootnotes\n\n(1) 22:6 Hebrew *cities*\n (ESV)"]}