{"query": "Jeremiah 19", "canonical": "Jeremiah 19", "parsed": [[24019001, 24019015]], "passage_meta": [{"canonical": "Jeremiah 19", "chapter_start": [24019001, 24019015], "chapter_end": [24019001, 24019015], "prev_verse": 24018023, "next_verse": 24020001, "prev_chapter": [24018001, 24018023], "next_chapter": [24020001, 24020018]}], "passages": ["Jeremiah 19\n\nThe Broken Flask\n\n  [1] Thus says the LORD, \u201cGo, buy a potter\u2019s earthenware flask, and take some of the elders of the people and some of the elders of the priests, [2] and go out to the Valley of the Son of Hinnom at the entry of the Potsherd Gate, and proclaim there the words that I tell you. [3] You shall say, \u2018Hear the word of the LORD, O kings of Judah and inhabitants of Jerusalem. Thus says the LORD of hosts, the God of Israel: Behold, I am bringing such disaster upon this place that the ears of everyone who hears of it will tingle. [4] Because the people have forsaken me and have profaned this place by making offerings in it to other gods whom neither they nor their fathers nor the kings of Judah have known; and because they have filled this place with the blood of innocents, [5] and have built the high places of Baal to burn their sons in the fire as burnt offerings to Baal, which I did not command or decree, nor did it come into my mind\u2014[6] therefore, behold, days are coming, declares the LORD, when this place shall no more be called Topheth, or the Valley of the Son of Hinnom, but the Valley of Slaughter. [7] And in this place I will make void the plans of Judah and Jerusalem, and will cause their people to fall by the sword before their enemies, and by the hand of those who seek their life. I will give their dead bodies for food to the birds of the air and to the beasts of the earth. [8] And I will make this city a horror, a thing to be hissed at. Everyone who passes by it will be horrified and will hiss because of all its wounds. [9] And I will make them eat the flesh of their sons and their daughters, and everyone shall eat the flesh of his neighbor in the siege and in the distress, with which their enemies and those who seek their life afflict them.\u2019\n\n  [10] \u201cThen you shall break the flask in the sight of the men who go with you, [11] and shall say to them, \u2018Thus says the LORD of hosts: So will I break this people and this city, as one breaks a potter\u2019s vessel, so that it can never be mended. Men shall bury in Topheth because there will be no place else to bury. [12] Thus will I do to this place, declares the LORD, and to its inhabitants, making this city like Topheth. [13] The houses of Jerusalem and the houses of the kings of Judah\u2014all the houses on whose roofs offerings have been offered to all the host of heaven, and drink offerings have been poured out to other gods\u2014shall be defiled like the place of Topheth.\u2019\u201d\n\n  [14] Then Jeremiah came from Topheth, where the LORD had sent him to prophesy, and he stood in the court of the LORD\u2019s house and said to all the people: [15] \u201cThus says the LORD of hosts, the God of Israel, behold, I am bringing upon this city and upon all its towns all the disaster that I have pronounced against it, because they have stiffened their neck, refusing to hear my words.\u201d (ESV)"]}