{"query": "Jeremiah 12", "canonical": "Jeremiah 12", "parsed": [[24012001, 24012017]], "passage_meta": [{"canonical": "Jeremiah 12", "chapter_start": [24012001, 24012017], "chapter_end": [24012001, 24012017], "prev_verse": 24011023, "next_verse": 24013001, "prev_chapter": [24011001, 24011023], "next_chapter": [24013001, 24013027]}], "passages": ["Jeremiah 12\n\nJeremiah\u2019s Complaint\n\n    [1] Righteous are you, O LORD,\n        when I complain to you;\n        yet I would plead my case before you.\n    Why does the way of the wicked prosper?\n        Why do all who are treacherous thrive?\n    [2] You plant them, and they take root;\n        they grow and produce fruit;\n    you are near in their mouth\n        and far from their heart.\n    [3] But you, O LORD, know me;\n        you see me, and test my heart toward you.\n    Pull them out like sheep for the slaughter,\n        and set them apart for the day of slaughter.\n    [4] How long will the land mourn\n        and the grass of every field wither?\n    For the evil of those who dwell in it\n        the beasts and the birds are swept away,\n        because they said, \u201cHe will not see our latter end.\u201d\n    \n    \n    The LORD Answers Jeremiah\n\n    [5] \u201cIf you have raced with men on foot, and they have wearied you,\n        how will you compete with horses?\n    And if in a safe land you are so trusting,\n        what will you do in the thicket of the Jordan?\n    [6] For even your brothers and the house of your father,\n        even they have dealt treacherously with you;\n        they are in full cry after you;\n    do not believe them,\n        though they speak friendly words to you.\u201d\n    \n    \n    [7] \u201cI have forsaken my house;\n        I have abandoned my heritage;\n    I have given the beloved of my soul\n        into the hands of her enemies.\n    [8] My heritage has become to me\n        like a lion in the forest;\n    she has lifted up her voice against me;\n        therefore I hate her.\n    [9] Is my heritage to me like a hyena\u2019s lair?\n        Are the birds of prey against her all around?\n    Go, assemble all the wild beasts;\n        bring them to devour.\n    [10] Many shepherds have destroyed my vineyard;\n        they have trampled down my portion;\n    they have made my pleasant portion\n        a desolate wilderness.\n    [11] They have made it a desolation;\n        desolate, it mourns to me.\n    The whole land is made desolate,\n        but no man lays it to heart.\n    [12] Upon all the bare heights in the desert\n        destroyers have come,\n    for the sword of the LORD devours\n        from one end of the land to the other;\n        no flesh has peace.\n    [13] They have sown wheat and have reaped thorns;\n        they have tired themselves out but profit nothing.\n    They shall be ashamed of their(1) harvests\n        because of the fierce anger of the LORD.\u201d\n    \n    \n      [14] Thus says the LORD concerning all my evil neighbors who touch the heritage that I have given my people Israel to inherit: \u201cBehold, I will pluck them up from their land, and I will pluck up the house of Judah from among them. [15] And after I have plucked them up, I will again have compassion on them, and I will bring them again each to his heritage and each to his land. [16] And it shall come to pass, if they will diligently learn the ways of my people, to swear by my name, \u2018As the LORD lives,\u2019 even as they taught my people to swear by Baal, then they shall be built up in the midst of my people. [17] But if any nation will not listen, then I will utterly pluck it up and destroy it, declares the LORD.\u201d\n\nFootnotes\n\n(1) 12:13 Hebrew *your*\n (ESV)"]}