{"query": "Jeremiah 14", "canonical": "Jeremiah 14", "parsed": [[24014001, 24014022]], "passage_meta": [{"canonical": "Jeremiah 14", "chapter_start": [24014001, 24014022], "chapter_end": [24014001, 24014022], "prev_verse": 24013027, "next_verse": 24015001, "prev_chapter": [24013001, 24013027], "next_chapter": [24015001, 24015021]}], "passages": ["Jeremiah 14\n\nFamine, Sword, and Pestilence\n\n  [1] The word of the LORD that came to Jeremiah concerning the drought:\n\n    [2] \u201cJudah mourns,\n        and her gates languish;\n    her people lament on the ground,\n        and the cry of Jerusalem goes up.\n    [3] Her nobles send their servants for water;\n        they come to the cisterns;\n    they find no water;\n        they return with their vessels empty;\n    they are ashamed and confounded\n        and cover their heads.\n    [4] Because of the ground that is dismayed,\n        since there is no rain on the land,\n    the farmers are ashamed;\n        they cover their heads.\n    [5] Even the doe in the field forsakes her newborn fawn\n        because there is no grass.\n    [6] The wild donkeys stand on the bare heights;\n        they pant for air like jackals;\n    their eyes fail\n        because there is no vegetation.\n    \n    \n    [7] \u201cThough our iniquities testify against us,\n        act, O LORD, for your name\u2019s sake;\n    for our backslidings are many;\n        we have sinned against you.\n    [8] O you hope of Israel,\n        its savior in time of trouble,\n    why should you be like a stranger in the land,\n        like a traveler who turns aside to tarry for a night?\n    [9] Why should you be like a man confused,\n        like a mighty warrior who cannot save?\n    Yet you, O LORD, are in the midst of us,\n        and we are called by your name;\n        do not leave us.\u201d\n    \n    \n    [10] Thus says the LORD concerning this people:\n    \u201cThey have loved to wander thus;\n        they have not restrained their feet;\n    therefore the LORD does not accept them;\n        now he will remember their iniquity\n        and punish their sins.\u201d\n    \n    \n      [11] The LORD said to me: \u201cDo not pray for the welfare of this people. [12] Though they fast, I will not hear their cry, and though they offer burnt offering and grain offering, I will not accept them. But I will consume them by the sword, by famine, and by pestilence.\u201d\n\nLying Prophets\n\n  [13] Then I said: \u201cAh, Lord GOD, behold, the prophets say to them, \u2018You shall not see the sword, nor shall you have famine, but I will give you assured peace in this place.\u2019\u201d [14] And the LORD said to me: \u201cThe prophets are prophesying lies in my name. I did not send them, nor did I command them or speak to them. They are prophesying to you a lying vision, worthless divination, and the deceit of their own minds. [15] Therefore thus says the LORD concerning the prophets who prophesy in my name although I did not send them, and who say, \u2018Sword and famine shall not come upon this land\u2019: By sword and famine those prophets shall be consumed. [16] And the people to whom they prophesy shall be cast out in the streets of Jerusalem, victims of famine and sword, with none to bury them\u2014them, their wives, their sons, and their daughters. For I will pour out their evil upon them.\n\n    [17] \u201cYou shall say to them this word:\n    \u2018Let my eyes run down with tears night and day,\n        and let them not cease,\n    for the virgin daughter of my people is shattered with a great wound,\n        with a very grievous blow.\n    [18] If I go out into the field,\n        behold, those pierced by the sword!\n    And if I enter the city,\n        behold, the diseases of famine!\n    For both prophet and priest ply their trade through the land\n        and have no knowledge.\u2019\u201d\n    \n    \n    [19] Have you utterly rejected Judah?\n        Does your soul loathe Zion?\n    Why have you struck us down\n        so that there is no healing for us?\n    We looked for peace, but no good came;\n        for a time of healing, but behold, terror.\n    [20] We acknowledge our wickedness, O LORD,\n        and the iniquity of our fathers,\n        for we have sinned against you.\n    [21] Do not spurn us, for your name\u2019s sake;\n        do not dishonor your glorious throne;\n        remember and do not break your covenant with us.\n    [22] Are there any among the false gods of the nations that can bring rain?\n        Or can the heavens give showers?\n    Are you not he, O LORD our God?\n        We set our hope on you,\n        for you do all these things. (ESV)"]}