{"query": "Jeremiah 11", "canonical": "Jeremiah 11", "parsed": [[24011001, 24011023]], "passage_meta": [{"canonical": "Jeremiah 11", "chapter_start": [24011001, 24011023], "chapter_end": [24011001, 24011023], "prev_verse": 24010025, "next_verse": 24012001, "prev_chapter": [24010001, 24010025], "next_chapter": [24012001, 24012017]}], "passages": ["Jeremiah 11\n\nThe Broken Covenant\n\n  [1] The word that came to Jeremiah from the LORD: [2] \u201cHear the words of this covenant, and speak to the men of Judah and the inhabitants of Jerusalem. [3] You shall say to them, Thus says the LORD, the God of Israel: Cursed be the man who does not hear the words of this covenant [4] that I commanded your fathers when I brought them out of the land of Egypt, from the iron furnace, saying, Listen to my voice, and do all that I command you. So shall you be my people, and I will be your God, [5] that I may confirm the oath that I swore to your fathers, to give them a land flowing with milk and honey, as at this day.\u201d Then I answered, \u201cSo be it, LORD.\u201d\n\n  [6] And the LORD said to me, \u201cProclaim all these words in the cities of Judah and in the streets of Jerusalem: Hear the words of this covenant and do them. [7] For I solemnly warned your fathers when I brought them up out of the land of Egypt, warning them persistently, even to this day, saying, Obey my voice. [8] Yet they did not obey or incline their ear, but everyone walked in the stubbornness of his evil heart. Therefore I brought upon them all the words of this covenant, which I commanded them to do, but they did not.\u201d\n\n  [9] Again the LORD said to me, \u201cA conspiracy exists among the men of Judah and the inhabitants of Jerusalem. [10] They have turned back to the iniquities of their forefathers, who refused to hear my words. They have gone after other gods to serve them. The house of Israel and the house of Judah have broken my covenant that I made with their fathers. [11] Therefore, thus says the LORD, Behold, I am bringing disaster upon them that they cannot escape. Though they cry to me, I will not listen to them. [12] Then the cities of Judah and the inhabitants of Jerusalem will go and cry to the gods to whom they make offerings, but they cannot save them in the time of their trouble. [13] For your gods have become as many as your cities, O Judah, and as many as the streets of Jerusalem are the altars you have set up to shame, altars to make offerings to Baal.\n\n  [14] \u201cTherefore do not pray for this people, or lift up a cry or prayer on their behalf, for I will not listen when they call to me in the time of their trouble. [15] What right has my beloved in my house, when she has done many vile deeds? Can even sacrificial flesh avert your doom? Can you then exult? [16] The LORD once called you \u2018a green olive tree, beautiful with good fruit.\u2019 But with the roar of a great tempest he will set fire to it, and its branches will be consumed. [17] The LORD of hosts, who planted you, has decreed disaster against you, because of the evil that the house of Israel and the house of Judah have done, provoking me to anger by making offerings to Baal.\u201d\n\n    [18] The LORD made it known to me and I knew;\n        then you showed me their deeds.\n    [19] But I was like a gentle lamb\n        led to the slaughter.\n    I did not know it was against me\n        they devised schemes, saying,\n    \u201cLet us destroy the tree with its fruit,\n        let us cut him off from the land of the living,\n        that his name be remembered no more.\u201d\n    [20] But, O LORD of hosts, who judges righteously,\n        who tests the heart and the mind,\n    let me see your vengeance upon them,\n        for to you have I committed my cause.\n    \n    \n      [21] Therefore thus says the LORD concerning the men of Anathoth, who seek your life, and say, \u201cDo not prophesy in the name of the LORD, or you will die by our hand\u201d\u2014[22] therefore thus says the LORD of hosts: \u201cBehold, I will punish them. The young men shall die by the sword, their sons and their daughters shall die by famine, [23] and none of them shall be left. For I will bring disaster upon the men of Anathoth, the year of their punishment.\u201d (ESV)"]}