{"query": "Jeremiah 8", "canonical": "Jeremiah 8", "parsed": [[24008001, 24008022]], "passage_meta": [{"canonical": "Jeremiah 8", "chapter_start": [24008001, 24008022], "chapter_end": [24008001, 24008022], "prev_verse": 24007034, "next_verse": 24009001, "prev_chapter": [24007001, 24007034], "next_chapter": [24009001, 24009026]}], "passages": ["Jeremiah 8\n\n  [1] \u201cAt that time, declares the LORD, the bones of the kings of Judah, the bones of its officials, the bones of the priests, the bones of the prophets, and the bones of the inhabitants of Jerusalem shall be brought out of their tombs. [2] And they shall be spread before the sun and the moon and all the host of heaven, which they have loved and served, which they have gone after, and which they have sought and worshiped. And they shall not be gathered or buried. They shall be as dung on the surface of the ground. [3] Death shall be preferred to life by all the remnant that remains of this evil family in all the places where I have driven them, declares the LORD of hosts.\n\nSin and Treachery\n\n    [4] \u201cYou shall say to them, Thus says the LORD:\n    When men fall, do they not rise again?\n        If one turns away, does he not return?\n    [5] Why then has this people turned away\n        in perpetual backsliding?\n    They hold fast to deceit;\n        they refuse to return.\n    [6] I have paid attention and listened,\n        but they have not spoken rightly;\n    no man relents of his evil,\n        saying, \u2018What have I done?\u2019\n    Everyone turns to his own course,\n        like a horse plunging headlong into battle.\n    [7] Even the stork in the heavens\n        knows her times,\n    and the turtledove, swallow, and crane(1)\n        keep the time of their coming,\n    but my people know not\n        the rules(2) of the LORD.\n    \n    \n    [8] \u201cHow can you say, \u2018We are wise,\n        and the law of the LORD is with us\u2019?\n    But behold, the lying pen of the scribes\n        has made it into a lie.\n    [9] The wise men shall be put to shame;\n        they shall be dismayed and taken;\n    behold, they have rejected the word of the LORD,\n        so what wisdom is in them?\n    [10] Therefore I will give their wives to others\n        and their fields to conquerors,\n    because from the least to the greatest\n        everyone is greedy for unjust gain;\n    from prophet to priest,\n        everyone deals falsely.\n    [11] They have healed the wound of my people lightly,\n        saying, \u2018Peace, peace,\u2019\n        when there is no peace.\n    [12] Were they ashamed when they committed abomination?\n        No, they were not at all ashamed;\n        they did not know how to blush.\n    Therefore they shall fall among the fallen;\n        when I punish them, they shall be overthrown,\n                                            says the LORD.\n    [13] When I would gather them, declares the LORD,\n        there are no grapes on the vine,\n        nor figs on the fig tree;\n    even the leaves are withered,\n        and what I gave them has passed away from them.\u201d(3)\n    \n    \n    [14] Why do we sit still?\n    Gather together; let us go into the fortified cities\n        and perish there,\n    for the LORD our God has doomed us to perish\n        and has given us poisoned water to drink,\n        because we have sinned against the LORD.\n    [15] We looked for peace, but no good came;\n        for a time of healing, but behold, terror.\n    \n    \n    [16] \u201cThe snorting of their horses is heard from Dan;\n        at the sound of the neighing of their stallions\n        the whole land quakes.\n    They come and devour the land and all that fills it,\n        the city and those who dwell in it.\n    [17] For behold, I am sending among you serpents,\n        adders that cannot be charmed,\n        and they shall bite you,\u201d\n                                            declares the LORD.\n    \n    \n    Jeremiah Grieves for His People\n\n    [18] My joy is gone; grief is upon me;(4)\n        my heart is sick within me.\n    [19] Behold, the cry of the daughter of my people\n        from the length and breadth of the land:\n    \u201cIs the LORD not in Zion?\n        Is her King not in her?\u201d\n    \u201cWhy have they provoked me to anger with their carved images\n        and with their foreign idols?\u201d\n    [20] \u201cThe harvest is past, the summer is ended,\n        and we are not saved.\u201d\n    [21] For the wound of the daughter of my people is my heart wounded;\n        I mourn, and dismay has taken hold on me.\n    \n    \n    [22] Is there no balm in Gilead?\n        Is there no physician there?\n    Why then has the health of the daughter of my people\n        not been restored?\n    \n\nFootnotes\n\n(1) 8:7 The meaning of the Hebrew word is uncertain\n\n(2) 8:7 Or *just decrees*\n\n(3) 8:13 The meaning of the Hebrew is uncertain\n\n(4) 8:18 Compare Septuagint; the meaning of the Hebrew is uncertain\n (ESV)"]}