{"query": "Jeremiah 49", "canonical": "Jeremiah 49", "parsed": [[24049001, 24049039]], "passage_meta": [{"canonical": "Jeremiah 49", "chapter_start": [24049001, 24049039], "chapter_end": [24049001, 24049039], "prev_verse": 24048047, "next_verse": 24050001, "prev_chapter": [24048001, 24048047], "next_chapter": [24050001, 24050046]}], "passages": ["Jeremiah 49\n\nJudgment on Ammon\n\n  [1] Concerning the Ammonites.\n\n  Thus says the LORD:\n\n    \u201cHas Israel no sons?\n        Has he no heir?\n    Why then has Milcom(1) dispossessed Gad,\n        and his people settled in its cities?\n    [2] Therefore, behold, the days are coming,\n        declares the LORD,\n    when I will cause the battle cry to be heard\n        against Rabbah of the Ammonites;\n    it shall become a desolate mound,\n        and its villages shall be burned with fire;\n    then Israel shall dispossess those who dispossessed him,\n        says the LORD.\n    \n    \n    [3] \u201cWail, O Heshbon, for Ai is laid waste!\n        Cry out, O daughters of Rabbah!\n    Put on sackcloth,\n        lament, and run to and fro among the hedges!\n    For Milcom shall go into exile,\n        with his priests and his officials.\n    [4] Why do you boast of your valleys,(2)\n        O faithless daughter,\n    who trusted in her treasures, saying,\n        \u2018Who will come against me?\u2019\n    [5] Behold, I will bring terror upon you,\n        declares the Lord GOD of hosts,\n        from all who are around you,\n    and you shall be driven out, every man straight before him,\n        with none to gather the fugitives.\n    \n    \n      [6] \u201cBut afterward I will restore the fortunes of the Ammonites, declares the LORD.\u201d\n\nJudgment on Edom\n\n  [7] Concerning Edom.\n\n  Thus says the LORD of hosts:\n\n    \u201cIs wisdom no more in Teman?\n        Has counsel perished from the prudent?\n        Has their wisdom vanished?\n    [8] Flee, turn back, dwell in the depths,\n        O inhabitants of Dedan!\n    For I will bring the calamity of Esau upon him,\n        the time when I punish him.\n    [9] If grape gatherers came to you,\n        would they not leave gleanings?\n    If thieves came by night,\n        would they not destroy only enough for themselves?\n    [10] But I have stripped Esau bare;\n        I have uncovered his hiding places,\n        and he is not able to conceal himself.\n    His children are destroyed, and his brothers,\n        and his neighbors; and he is no more.\n    [11] Leave your fatherless children; I will keep them alive;\n        and let your widows trust in me.\u201d\n    \n    \n      [12] For thus says the LORD: \u201cIf those who did not deserve to drink the cup must drink it, will you go unpunished? You shall not go unpunished, but you must drink. [13] For I have sworn by myself, declares the LORD, that Bozrah shall become a horror, a taunt, a waste, and a curse, and all her cities shall be perpetual wastes.\u201d\n\n    [14] I have heard a message from the LORD,\n        and an envoy has been sent among the nations:\n    \u201cGather yourselves together and come against her,\n        and rise up for battle!\n    [15] For behold, I will make you small among the nations,\n        despised among mankind.\n    [16] The horror you inspire has deceived you,\n        and the pride of your heart,\n    you who live in the clefts of the rock,(3)\n        who hold the height of the hill.\n    Though you make your nest as high as the eagle\u2019s,\n        I will bring you down from there,\n                                            declares the LORD.\n    \n    \n      [17] \u201cEdom shall become a horror. Everyone who passes by it will be horrified and will hiss because of all its disasters. [18] As when Sodom and Gomorrah and their neighboring cities were overthrown, says the LORD, no man shall dwell there, no man shall sojourn in her. [19] Behold, like a lion coming up from the jungle of the Jordan against a perennial pasture, I will suddenly make him(4) run away from her. And I will appoint over her whomever I choose. For who is like me? Who will summon me? What shepherd can stand before me? [20] Therefore hear the plan that the LORD has made against Edom and the purposes that he has formed against the inhabitants of Teman: Even the little ones of the flock shall be dragged away. Surely their fold shall be appalled at their fate. [21] At the sound of their fall the earth shall tremble; the sound of their cry shall be heard at the Red Sea. [22] Behold, one shall mount up and fly swiftly like an eagle and spread his wings against Bozrah, and the heart of the warriors of Edom shall be in that day like the heart of a woman in her birth pains.\u201d\n\nJudgment on Damascus\n\n  [23] Concerning Damascus:\n\n    \u201cHamath and Arpad are confounded,\n        for they have heard bad news;\n    they melt in fear,\n        they are troubled like the sea that cannot be quiet.\n    [24] Damascus has become feeble, she turned to flee,\n        and panic seized her;\n    anguish and sorrows have taken hold of her,\n        as of a woman in labor.\n    [25] How is the famous city not forsaken,\n        the city of my joy?\n    [26] Therefore her young men shall fall in her squares,\n        and all her soldiers shall be destroyed in that day,\n                                            declares the LORD of hosts.\n    [27] And I will kindle a fire in the wall of Damascus,\n        and it shall devour the strongholds of Ben-hadad.\u201d\n    \n    \n    Judgment on Kedar and Hazor\n\n  [28] Concerning Kedar and the kingdoms of Hazor that Nebuchadnezzar king of Babylon struck down.\n\n    Thus says the LORD:\n    \u201cRise up, advance against Kedar!\n        Destroy the people of the east!\n    [29] Their tents and their flocks shall be taken,\n        their curtains and all their goods;\n    their camels shall be led away from them,\n        and men shall cry to them: \u2018Terror on every side!\u2019\n    [30] Flee, wander far away, dwell in the depths,\n        O inhabitants of Hazor!\n                                            declares the LORD.\n    For Nebuchadnezzar king of Babylon\n        has made a plan against you\n        and formed a purpose against you.\n    \n    \n    [31] \u201cRise up, advance against a nation at ease,\n        that dwells securely,\n                                            declares the LORD,\n    that has no gates or bars,\n        that dwells alone.\n    [32] Their camels shall become plunder,\n        their herds of livestock a spoil.\n    I will scatter to every wind\n        those who cut the corners of their hair,\n    and I will bring their calamity\n        from every side of them,\n                                            declares the LORD.\n    [33] Hazor shall become a haunt of jackals,\n        an everlasting waste;\n    no man shall dwell there;\n        no man shall sojourn in her.\u201d\n    \n    \n    Judgment on Elam\n\n  [34] The word of the LORD that came to Jeremiah the prophet concerning Elam, in the beginning of the reign of Zedekiah king of Judah.\n\n  [35] Thus says the LORD of hosts: \u201cBehold, I will break the bow of Elam, the mainstay of their might. [36] And I will bring upon Elam the four winds from the four quarters of heaven. And I will scatter them to all those winds, and there shall be no nation to which those driven out of Elam shall not come. [37] I will terrify Elam before their enemies and before those who seek their life. I will bring disaster upon them, my fierce anger, declares the LORD. I will send the sword after them, until I have consumed them, [38] and I will set my throne in Elam and destroy their king and officials, declares the LORD.\n\n  [39] \u201cBut in the latter days I will restore the fortunes of Elam, declares the LORD.\u201d\n\nFootnotes\n\n(1) 49:1 Or *their king*; also verse 3\n\n(2) 49:4 Hebrew *boast of your valleys, your valley flows*\n\n(3) 49:16 Or *of Sela*\n\n(4) 49:19 Septuagint, Syriac *them*\n (ESV)"]}