{"query": "Jeremiah 21", "canonical": "Jeremiah 21", "parsed": [[24021001, 24021014]], "passage_meta": [{"canonical": "Jeremiah 21", "chapter_start": [24021001, 24021014], "chapter_end": [24021001, 24021014], "prev_verse": 24020018, "next_verse": 24022001, "prev_chapter": [24020001, 24020018], "next_chapter": [24022001, 24022030]}], "passages": ["Jeremiah 21\n\nJerusalem Will Fall to Nebuchadnezzar\n\n  [1] This is the word that came to Jeremiah from the LORD, when King Zedekiah sent to him Pashhur the son of Malchiah and Zephaniah the priest, the son of Maaseiah, saying, [2] \u201cInquire of the LORD for us, for Nebuchadnezzar(1) king of Babylon is making war against us. Perhaps the LORD will deal with us according to all his wonderful deeds and will make him withdraw from us.\u201d\n\n  [3] Then Jeremiah said to them: \u201cThus you shall say to Zedekiah, [4] \u2018Thus says the LORD, the God of Israel: Behold, I will turn back the weapons of war that are in your hands and with which you are fighting against the king of Babylon and against the Chaldeans who are besieging you outside the walls. And I will bring them together into the midst of this city. [5] I myself will fight against you with outstretched hand and strong arm, in anger and in fury and in great wrath. [6] And I will strike down the inhabitants of this city, both man and beast. They shall die of a great pestilence. [7] Afterward, declares the LORD, I will give Zedekiah king of Judah and his servants and the people in this city who survive the pestilence, sword, and famine into the hand of Nebuchadnezzar king of Babylon and into the hand of their enemies, into the hand of those who seek their lives. He shall strike them down with the edge of the sword. He shall not pity them or spare them or have compassion.\u2019\n\n  [8] \u201cAnd to this people you shall say: \u2018Thus says the LORD: Behold, I set before you the way of life and the way of death. [9] He who stays in this city shall die by the sword, by famine, and by pestilence, but he who goes out and surrenders to the Chaldeans who are besieging you shall live and shall have his life as a prize of war. [10] For I have set my face against this city for harm and not for good, declares the LORD: it shall be given into the hand of the king of Babylon, and he shall burn it with fire.\u2019\n\nMessage to the House of David\n\n  [11] \u201cAnd to the house of the king of Judah say, \u2018Hear the word of the LORD, [12] O house of David! Thus says the LORD:\n\n    \u201c\u2018Execute justice in the morning,\n        and deliver from the hand of the oppressor\n        him who has been robbed,\n    lest my wrath go forth like fire,\n        and burn with none to quench it,\n        because of your evil deeds.\u2019\u201d\n    \n    \n    [13] \u201cBehold, I am against you, O inhabitant of the valley,\n        O rock of the plain,\n                                            declares the LORD;\n    you who say, \u2018Who shall come down against us,\n        or who shall enter our habitations?\u2019\n    [14] I will punish you according to the fruit of your deeds,\n                                            declares the LORD;\n        I will kindle a fire in her forest,\n        and it shall devour all that is around her.\u201d\n    \n\nFootnotes\n\n(1) 21:2 Hebrew *Nebuchadrezzar*, an alternate spelling of *Nebuchadnezzar* (king of Babylon) occurring frequently from Jeremiah 21\u201352; this latter spelling is used throughout Jeremiah for consistency\n (ESV)"]}