{"query": "Jeremiah 15", "canonical": "Jeremiah 15", "parsed": [[24015001, 24015021]], "passage_meta": [{"canonical": "Jeremiah 15", "chapter_start": [24015001, 24015021], "chapter_end": [24015001, 24015021], "prev_verse": 24014022, "next_verse": 24016001, "prev_chapter": [24014001, 24014022], "next_chapter": [24016001, 24016021]}], "passages": ["Jeremiah 15\n\nThe LORD Will Not Relent\n\n  [1] Then the LORD said to me, \u201cThough Moses and Samuel stood before me, yet my heart would not turn toward this people. Send them out of my sight, and let them go! [2] And when they ask you, \u2018Where shall we go?\u2019 you shall say to them, \u2018Thus says the LORD:\n\n    \u201c\u2018Those who are for pestilence, to pestilence,\n        and those who are for the sword, to the sword;\n    those who are for famine, to famine,\n        and those who are for captivity, to captivity.\u2019\n    \n    \n      [3] I will appoint over them four kinds of destroyers, declares the LORD: the sword to kill, the dogs to tear, and the birds of the air and the beasts of the earth to devour and destroy. [4] And I will make them a horror to all the kingdoms of the earth because of what Manasseh the son of Hezekiah, king of Judah, did in Jerusalem.\n\n    [5] \u201cWho will have pity on you, O Jerusalem,\n        or who will grieve for you?\n    Who will turn aside\n        to ask about your welfare?\n    [6] You have rejected me, declares the LORD;\n        you keep going backward,\n    so I have stretched out my hand against you and destroyed you\u2014\n        I am weary of relenting.\n    [7] I have winnowed them with a winnowing fork\n        in the gates of the land;\n    I have bereaved them; I have destroyed my people;\n        they did not turn from their ways.\n    [8] I have made their widows more in number\n        than the sand of the seas;\n    I have brought against the mothers of young men\n        a destroyer at noonday;\n    I have made anguish and terror\n        fall upon them suddenly.\n    [9] She who bore seven has grown feeble;\n        she has fainted away;\n    her sun went down while it was yet day;\n        she has been shamed and disgraced.\n    And the rest of them I will give to the sword\n        before their enemies,\n                                            declares the LORD.\u201d\n    \n    \n    Jeremiah\u2019s Complaint\n\n  [10] Woe is me, my mother, that you bore me, a man of strife and contention to the whole land! I have not lent, nor have I borrowed, yet all of them curse me. [11] The LORD said, \u201cHave I not(1) set you free for their good? Have I not pleaded for you before the enemy in the time of trouble and in the time of distress? [12] Can one break iron, iron from the north, and bronze?\n\n  [13] \u201cYour wealth and your treasures I will give as spoil, without price, for all your sins, throughout all your territory. [14] I will make you serve your enemies in a land that you do not know, for in my anger a fire is kindled that shall burn forever.\u201d\n\n    [15] O LORD, you know;\n        remember me and visit me,\n        and take vengeance for me on my persecutors.\n    In your forbearance take me not away;\n        know that for your sake I bear reproach.\n    [16] Your words were found, and I ate them,\n        and your words became to me a joy\n        and the delight of my heart,\n    for I am called by your name,\n        O LORD, God of hosts.\n    [17] I did not sit in the company of revelers,\n        nor did I rejoice;\n    I sat alone, because your hand was upon me,\n        for you had filled me with indignation.\n    [18] Why is my pain unceasing,\n        my wound incurable,\n        refusing to be healed?\n    Will you be to me like a deceitful brook,\n        like waters that fail?\n    \n    \n    [19] Therefore thus says the LORD:\n    \u201cIf you return, I will restore you,\n        and you shall stand before me.\n    If you utter what is precious, and not what is worthless,\n        you shall be as my mouth.\n    They shall turn to you,\n        but you shall not turn to them.\n    [20] And I will make you to this people\n        a fortified wall of bronze;\n    they will fight against you,\n        but they shall not prevail over you,\n    for I am with you\n        to save you and deliver you,\n                                            declares the LORD.\n    [21] I will deliver you out of the hand of the wicked,\n        and redeem you from the grasp of the ruthless.\u201d\n    \n\nFootnotes\n\n(1) 15:11 The meaning of the Hebrew is uncertain\n (ESV)"]}