{"query": "Jeremiah 42", "canonical": "Jeremiah 42", "parsed": [[24042001, 24042022]], "passage_meta": [{"canonical": "Jeremiah 42", "chapter_start": [24042001, 24042022], "chapter_end": [24042001, 24042022], "prev_verse": 24041018, "next_verse": 24043001, "prev_chapter": [24041001, 24041018], "next_chapter": [24043001, 24043013]}], "passages": ["Jeremiah 42\n\nWarning Against Going to Egypt\n\n  [1] Then all the commanders of the forces, and Johanan the son of Kareah and Jezaniah the son of Hoshaiah, and all the people from the least to the greatest, came near [2] and said to Jeremiah the prophet, \u201cLet our plea for mercy come before you, and pray to the LORD your God for us, for all this remnant\u2014because we are left with but a few, as your eyes see us\u2014[3] that the LORD your God may show us the way we should go, and the thing that we should do.\u201d [4] Jeremiah the prophet said to them, \u201cI have heard you. Behold, I will pray to the LORD your God according to your request, and whatever the LORD answers you I will tell you. I will keep nothing back from you.\u201d [5] Then they said to Jeremiah, \u201cMay the LORD be a true and faithful witness against us if we do not act according to all the word with which the LORD your God sends you to us. [6] Whether it is good or bad, we will obey the voice of the LORD our God to whom we are sending you, that it may be well with us when we obey the voice of the LORD our God.\u201d\n\n  [7] At the end of ten days the word of the LORD came to Jeremiah. [8] Then he summoned Johanan the son of Kareah and all the commanders of the forces who were with him, and all the people from the least to the greatest, [9] and said to them, \u201cThus says the LORD, the God of Israel, to whom you sent me to present your plea for mercy before him: [10] If you will remain in this land, then I will build you up and not pull you down; I will plant you, and not pluck you up; for I relent of the disaster that I did to you. [11] Do not fear the king of Babylon, of whom you are afraid. Do not fear him, declares the LORD, for I am with you, to save you and to deliver you from his hand. [12] I will grant you mercy, that he may have mercy on you and let you remain in your own land. [13] But if you say, \u2018We will not remain in this land,\u2019 disobeying the voice of the LORD your God [14] and saying, \u2018No, we will go to the land of Egypt, where we shall not see war or hear the sound of the trumpet or be hungry for bread, and we will dwell there,\u2019 [15] then hear the word of the LORD, O remnant of Judah. Thus says the LORD of hosts, the God of Israel: If you set your faces to enter Egypt and go to live there, [16] then the sword that you fear shall overtake you there in the land of Egypt, and the famine of which you are afraid shall follow close after you to Egypt, and there you shall die. [17] All the men who set their faces to go to Egypt to live there shall die by the sword, by famine, and by pestilence. They shall have no remnant or survivor from the disaster that I will bring upon them.\n\n  [18] \u201cFor thus says the LORD of hosts, the God of Israel: As my anger and my wrath were poured out on the inhabitants of Jerusalem, so my wrath will be poured out on you when you go to Egypt. You shall become an execration, a horror, a curse, and a taunt. You shall see this place no more. [19] The LORD has said to you, O remnant of Judah, \u2018Do not go to Egypt.\u2019 Know for a certainty that I have warned you this day [20] that you have gone astray at the cost of your lives. For you sent me to the LORD your God, saying, \u2018Pray for us to the LORD our God, and whatever the LORD our God says, declare to us and we will do it.\u2019 [21] And I have this day declared it to you, but you have not obeyed the voice of the LORD your God in anything that he sent me to tell you. [22] Now therefore know for a certainty that you shall die by the sword, by famine, and by pestilence in the place where you desire to go to live.\u201d (ESV)"]}