{"query": "Jeremiah 10", "canonical": "Jeremiah 10", "parsed": [[24010001, 24010025]], "passage_meta": [{"canonical": "Jeremiah 10", "chapter_start": [24010001, 24010025], "chapter_end": [24010001, 24010025], "prev_verse": 24009026, "next_verse": 24011001, "prev_chapter": [24009001, 24009026], "next_chapter": [24011001, 24011023]}], "passages": ["Jeremiah 10\n\nIdols and the Living God\n\n  [1] Hear the word that the LORD speaks to you, O house of Israel. [2] Thus says the LORD:\n\n    \u201cLearn not the way of the nations,\n        nor be dismayed at the signs of the heavens\n        because the nations are dismayed at them,\n    [3] for the customs of the peoples are vanity.(1)\n    A tree from the forest is cut down\n        and worked with an axe by the hands of a craftsman.\n    [4] They decorate it with silver and gold;\n        they fasten it with hammer and nails\n        so that it cannot move.\n    [5] Their idols(2) are like scarecrows in a cucumber field,\n        and they cannot speak;\n    they have to be carried,\n        for they cannot walk.\n    Do not be afraid of them,\n        for they cannot do evil,\n        neither is it in them to do good.\u201d\n    \n    \n    [6] There is none like you, O LORD;\n        you are great, and your name is great in might.\n    [7] Who would not fear you, O King of the nations?\n        For this is your due;\n    for among all the wise ones of the nations\n        and in all their kingdoms\n        there is none like you.\n    [8] They are both stupid and foolish;\n        the instruction of idols is but wood!\n    [9] Beaten silver is brought from Tarshish,\n        and gold from Uphaz.\n    They are the work of the craftsman and of the hands of the goldsmith;\n        their clothing is violet and purple;\n        they are all the work of skilled men.\n    [10] But the LORD is the true God;\n        he is the living God and the everlasting King.\n    At his wrath the earth quakes,\n        and the nations cannot endure his indignation.\n    \n    \n      [11] Thus shall you say to them: \u201cThe gods who did not make the heavens and the earth shall perish from the earth and from under the heavens.\u201d(3)\n\n    [12] It is he who made the earth by his power,\n        who established the world by his wisdom,\n        and by his understanding stretched out the heavens.\n    [13] When he utters his voice, there is a tumult of waters in the heavens,\n        and he makes the mist rise from the ends of the earth.\n    He makes lightning for the rain,\n        and he brings forth the wind from his storehouses.\n    [14] Every man is stupid and without knowledge;\n        every goldsmith is put to shame by his idols,\n    for his images are false,\n        and there is no breath in them.\n    [15] They are worthless, a work of delusion;\n        at the time of their punishment they shall perish.\n    [16] Not like these is he who is the portion of Jacob,\n        for he is the one who formed all things,\n    and Israel is the tribe of his inheritance;\n        the LORD of hosts is his name.\n    \n    \n    [17] Gather up your bundle from the ground,\n        O you who dwell under siege!\n    [18] For thus says the LORD:\n    \u201cBehold, I am slinging out the inhabitants of the land\n        at this time,\n    and I will bring distress on them,\n        that they may feel it.\u201d\n    \n    \n    [19] Woe is me because of my hurt!\n        My wound is grievous.\n    But I said, \u201cTruly this is an affliction,\n        and I must bear it.\u201d\n    [20] My tent is destroyed,\n        and all my cords are broken;\n    my children have gone from me,\n        and they are not;\n    there is no one to spread my tent again\n        and to set up my curtains.\n    [21] For the shepherds are stupid\n        and do not inquire of the LORD;\n    therefore they have not prospered,\n        and all their flock is scattered.\n    \n    \n    [22] A voice, a rumor! Behold, it comes!\u2014\n        a great commotion out of the north country\n    to make the cities of Judah a desolation,\n        a lair of jackals.\n    \n    \n    [23] I know, O LORD, that the way of man is not in himself,\n        that it is not in man who walks to direct his steps.\n    [24] Correct me, O LORD, but in justice;\n        not in your anger, lest you bring me to nothing.\n    \n    \n    [25] Pour out your wrath on the nations that know you not,\n        and on the peoples that call not on your name,\n    for they have devoured Jacob;\n        they have devoured him and consumed him,\n        and have laid waste his habitation.\n    \n\nFootnotes\n\n(1) 10:3 Or *vapor*, or *mist*\n\n(2) 10:5 Hebrew *They*\n\n(3) 10:11 This verse is in Aramaic\n (ESV)"]}