{"query": "Jeremiah 2", "canonical": "Jeremiah 2", "parsed": [[24002001, 24002037]], "passage_meta": [{"canonical": "Jeremiah 2", "chapter_start": [24002001, 24002037], "chapter_end": [24002001, 24002037], "prev_verse": 24001019, "next_verse": 24003001, "prev_chapter": [24001001, 24001019], "next_chapter": [24003001, 24003025]}], "passages": ["Jeremiah 2\n\nIsrael Forsakes the LORD\n\n  [1] The word of the LORD came to me, saying, [2] \u201cGo and proclaim in the hearing of Jerusalem, Thus says the LORD,\n\n    \u201cI remember the devotion of your youth,\n        your love as a bride,\n    how you followed me in the wilderness,\n        in a land not sown.\n    [3] Israel was holy to the LORD,\n        the firstfruits of his harvest.\n    All who ate of it incurred guilt;\n        disaster came upon them,\n                                            declares the LORD.\u201d\n    \n    \n      [4] Hear the word of the LORD, O house of Jacob, and all the clans of the house of Israel. [5] Thus says the LORD:\n\n    \u201cWhat wrong did your fathers find in me\n        that they went far from me,\n    and went after worthlessness, and became worthless?\n    [6] They did not say, \u2018Where is the LORD\n        who brought us up from the land of Egypt,\n    who led us in the wilderness,\n        in a land of deserts and pits,\n    in a land of drought and deep darkness,\n        in a land that none passes through,\n        where no man dwells?\u2019\n    [7] And I brought you into a plentiful land\n        to enjoy its fruits and its good things.\n    But when you came in, you defiled my land\n        and made my heritage an abomination.\n    [8] The priests did not say, \u2018Where is the LORD?\u2019\n        Those who handle the law did not know me;\n    the shepherds(1) transgressed against me;\n        the prophets prophesied by Baal\n        and went after things that do not profit.\n    \n    \n    [9] \u201cTherefore I still contend with you,\n                                            declares the LORD,\n        and with your children\u2019s children I will contend.\n    [10] For cross to the coasts of Cyprus and see,\n        or send to Kedar and examine with care;\n        see if there has been such a thing.\n    [11] Has a nation changed its gods,\n        even though they are no gods?\n    But my people have changed their glory\n        for that which does not profit.\n    [12] Be appalled, O heavens, at this;\n        be shocked, be utterly desolate,\n                                            declares the LORD,\n    [13] for my people have committed two evils:\n    they have forsaken me,\n        the fountain of living waters,\n    and hewed out cisterns for themselves,\n        broken cisterns that can hold no water.\n    \n    \n    [14] \u201cIs Israel a slave? Is he a homeborn servant?\n        Why then has he become a prey?\n    [15] The lions have roared against him;\n        they have roared loudly.\n    They have made his land a waste;\n        his cities are in ruins, without inhabitant.\n    [16] Moreover, the men of Memphis and Tahpanhes\n        have shaved(2) the crown of your head.\n    [17] Have you not brought this upon yourself\n        by forsaking the LORD your God,\n        when he led you in the way?\n    [18] And now what do you gain by going to Egypt\n        to drink the waters of the Nile?\n    Or what do you gain by going to Assyria\n        to drink the waters of the Euphrates?(3)\n    [19] Your evil will chastise you,\n        and your apostasy will reprove you.\n    Know and see that it is evil and bitter\n        for you to forsake the LORD your God;\n        the fear of me is not in you,\n                                            declares the Lord GOD of hosts.\n    \n    \n    [20] \u201cFor long ago I broke your yoke\n        and burst your bonds;\n        but you said, \u2018I will not serve.\u2019\n    Yes, on every high hill\n        and under every green tree\n        you bowed down like a whore.\n    [21] Yet I planted you a choice vine,\n        wholly of pure seed.\n    How then have you turned degenerate\n        and become a wild vine?\n    [22] Though you wash yourself with lye\n        and use much soap,\n        the stain of your guilt is still before me,\n                                            declares the Lord GOD.\n    [23] How can you say, \u2018I am not unclean,\n        I have not gone after the Baals\u2019?\n    Look at your way in the valley;\n        know what you have done\u2014\n    a restless young camel running here and there,\n    [24]     a wild donkey used to the wilderness,\n    in her heat sniffing the wind!\n        Who can restrain her lust?\n    None who seek her need weary themselves;\n        in her month they will find her.\n    [25] Keep your feet from going unshod\n        and your throat from thirst.\n    But you said, \u2018It is hopeless,\n        for I have loved foreigners,\n        and after them I will go.\u2019\n    \n    \n    [26] \u201cAs a thief is shamed when caught,\n        so the house of Israel shall be shamed:\n    they, their kings, their officials,\n        their priests, and their prophets,\n    [27] who say to a tree, \u2018You are my father,\u2019\n        and to a stone, \u2018You gave me birth.\u2019\n    For they have turned their back to me,\n        and not their face.\n    But in the time of their trouble they say,\n        \u2018Arise and save us!\u2019\n    [28] But where are your gods\n        that you made for yourself?\n    Let them arise, if they can save you,\n        in your time of trouble;\n    for as many as your cities\n        are your gods, O Judah.\n    \n    \n    [29] \u201cWhy do you contend with me?\n        You have all transgressed against me,\n                                            declares the LORD.\n    [30] In vain have I struck your children;\n        they took no correction;\n    your own sword devoured your prophets\n        like a ravening lion.\n    [31] And you, O generation, behold the word of the LORD.\n    Have I been a wilderness to Israel,\n        or a land of thick darkness?\n    Why then do my people say, \u2018We are free,\n        we will come no more to you\u2019?\n    [32] Can a virgin forget her ornaments,\n        or a bride her attire?\n    Yet my people have forgotten me\n        days without number.\n    \n    \n    [33] \u201cHow well you direct your course\n        to seek love!\n    So that even to wicked women\n        you have taught your ways.\n    [34] Also on your skirts is found\n        the lifeblood of the guiltless poor;\n    you did not find them breaking in.\n        Yet in spite of all these things\n    [35] you say, \u2018I am innocent;\n        surely his anger has turned from me.\u2019\n    Behold, I will bring you to judgment\n        for saying, \u2018I have not sinned.\u2019\n    [36] How much you go about,\n        changing your way!\n    You shall be put to shame by Egypt\n        as you were put to shame by Assyria.\n    [37] From it too you will come away\n        with your hands on your head,\n    for the LORD has rejected those in whom you trust,\n        and you will not prosper by them.\n    \n\nFootnotes\n\n(1) 2:8 Or *rulers*\n\n(2) 2:16 Hebrew *grazed*\n\n(3) 2:18 Hebrew *the River*\n (ESV)"]}