{"query": "Jeremiah 23", "canonical": "Jeremiah 23", "parsed": [[24023001, 24023040]], "passage_meta": [{"canonical": "Jeremiah 23", "chapter_start": [24023001, 24023040], "chapter_end": [24023001, 24023040], "prev_verse": 24022030, "next_verse": 24024001, "prev_chapter": [24022001, 24022030], "next_chapter": [24024001, 24024010]}], "passages": ["Jeremiah 23\n\nThe Righteous Branch\n\n  [1] \u201cWoe to the shepherds who destroy and scatter the sheep of my pasture!\u201d declares the LORD. [2] Therefore thus says the LORD, the God of Israel, concerning the shepherds who care for my people: \u201cYou have scattered my flock and have driven them away, and you have not attended to them. Behold, I will attend to you for your evil deeds, declares the LORD. [3] Then I will gather the remnant of my flock out of all the countries where I have driven them, and I will bring them back to their fold, and they shall be fruitful and multiply. [4] I will set shepherds over them who will care for them, and they shall fear no more, nor be dismayed, neither shall any be missing, declares the LORD.\n\n  [5] \u201cBehold, the days are coming, declares the LORD, when I will raise up for David a righteous Branch, and he shall reign as king and deal wisely, and shall execute justice and righteousness in the land. [6] In his days Judah will be saved, and Israel will dwell securely. And this is the name by which he will be called: \u2018The LORD is our righteousness.\u2019\n\n  [7] \u201cTherefore, behold, the days are coming, declares the LORD, when they shall no longer say, \u2018As the LORD lives who brought up the people of Israel out of the land of Egypt,\u2019 [8] but \u2018As the LORD lives who brought up and led the offspring of the house of Israel out of the north country and out of all the countries where he(1) had driven them.\u2019 Then they shall dwell in their own land.\u201d\n\nLying Prophets\n\n  [9] Concerning the prophets:\n\n    My heart is broken within me;\n        all my bones shake;\n    I am like a drunken man,\n        like a man overcome by wine,\n    because of the LORD\n        and because of his holy words.\n    [10] For the land is full of adulterers;\n        because of the curse the land mourns,\n        and the pastures of the wilderness are dried up.\n    Their course is evil,\n        and their might is not right.\n    [11] \u201cBoth prophet and priest are ungodly;\n        even in my house I have found their evil,\n                                            declares the LORD.\n    [12] Therefore their way shall be to them\n        like slippery paths in the darkness,\n        into which they shall be driven and fall,\n    for I will bring disaster upon them\n        in the year of their punishment,\n                                            declares the LORD.\n    [13] In the prophets of Samaria\n        I saw an unsavory thing:\n    they prophesied by Baal\n        and led my people Israel astray.\n    [14] But in the prophets of Jerusalem\n        I have seen a horrible thing:\n    they commit adultery and walk in lies;\n        they strengthen the hands of evildoers,\n        so that no one turns from his evil;\n    all of them have become like Sodom to me,\n        and its inhabitants like Gomorrah.\u201d\n    [15] Therefore thus says the LORD of hosts concerning the prophets:\n    \u201cBehold, I will feed them with bitter food\n        and give them poisoned water to drink,\n    for from the prophets of Jerusalem\n        ungodliness has gone out into all the land.\u201d\n    \n    \n      [16] Thus says the LORD of hosts: \u201cDo not listen to the words of the prophets who prophesy to you, filling you with vain hopes. They speak visions of their own minds, not from the mouth of the LORD. [17] They say continually to those who despise the word of the LORD, \u2018It shall be well with you\u2019; and to everyone who stubbornly follows his own heart, they say, \u2018No disaster shall come upon you.\u2019\u201d\n\n    [18] For who among them has stood in the council of the LORD\n        to see and to hear his word,\n        or who has paid attention to his word and listened?\n    [19] Behold, the storm of the LORD!\n        Wrath has gone forth,\n    a whirling tempest;\n        it will burst upon the head of the wicked.\n    [20] The anger of the LORD will not turn back\n        until he has executed and accomplished\n        the intents of his heart.\n    In the latter days you will understand it clearly.\n    \n    \n    [21] \u201cI did not send the prophets,\n        yet they ran;\n    I did not speak to them,\n        yet they prophesied.\n    [22] But if they had stood in my council,\n        then they would have proclaimed my words to my people,\n    and they would have turned them from their evil way,\n        and from the evil of their deeds.\n    \n    \n      [23] \u201cAm I a God at hand, declares the LORD, and not a God far away? [24] Can a man hide himself in secret places so that I cannot see him? declares the LORD. Do I not fill heaven and earth? declares the LORD. [25] I have heard what the prophets have said who prophesy lies in my name, saying, \u2018I have dreamed, I have dreamed!\u2019 [26] How long shall there be lies in the heart of the prophets who prophesy lies, and who prophesy the deceit of their own heart, [27] who think to make my people forget my name by their dreams that they tell one another, even as their fathers forgot my name for Baal? [28] Let the prophet who has a dream tell the dream, but let him who has my word speak my word faithfully. What has straw in common with wheat? declares the LORD. [29] Is not my word like fire, declares the LORD, and like a hammer that breaks the rock in pieces? [30] Therefore, behold, I am against the prophets, declares the LORD, who steal my words from one another. [31] Behold, I am against the prophets, declares the LORD, who use their tongues and declare, \u2018declares the LORD.\u2019 [32] Behold, I am against those who prophesy lying dreams, declares the LORD, and who tell them and lead my people astray by their lies and their recklessness, when I did not send them or charge them. So they do not profit this people at all, declares the LORD.\n\n  [33] \u201cWhen one of this people, or a prophet or a priest asks you, \u2018What is the burden of the LORD?\u2019 you shall say to them, \u2018You are the burden,(2) and I will cast you off, declares the LORD.\u2019 [34] And as for the prophet, priest, or one of the people who says, \u2018The burden of the LORD,\u2019 I will punish that man and his household. [35] Thus shall you say, every one to his neighbor and every one to his brother, \u2018What has the LORD answered?\u2019 or \u2018What has the LORD spoken?\u2019 [36] But \u2018the burden of the LORD\u2019 you shall mention no more, for the burden is every man\u2019s own word, and you pervert the words of the living God, the LORD of hosts, our God. [37] Thus you shall say to the prophet, \u2018What has the LORD answered you?\u2019 or \u2018What has the LORD spoken?\u2019 [38] But if you say, \u2018The burden of the LORD,\u2019 thus says the LORD, \u2018Because you have said these words, \u201cThe burden of the LORD,\u201d when I sent to you, saying, \u201cYou shall not say, \u2018The burden of the LORD,\u2019\u201d [39] therefore, behold, I will surely lift you up(3) and cast you away from my presence, you and the city that I gave to you and your fathers. [40] And I will bring upon you everlasting reproach and perpetual shame, which shall not be forgotten.\u2019\u201d\n\nFootnotes\n\n(1) 23:8 Septuagint; Hebrew *I*\n\n(2) 23:33 Septuagint, Vulgate; Hebrew *What burden?*\n\n(3) 23:39 Or *surely forget you*\n (ESV)"]}