{"query": "Jeremiah 37", "canonical": "Jeremiah 37", "parsed": [[24037001, 24037021]], "passage_meta": [{"canonical": "Jeremiah 37", "chapter_start": [24037001, 24037021], "chapter_end": [24037001, 24037021], "prev_verse": 24036032, "next_verse": 24038001, "prev_chapter": [24036001, 24036032], "next_chapter": [24038001, 24038028]}], "passages": ["Jeremiah 37\n\nJeremiah Warns Zedekiah\n\n  [1] Zedekiah the son of Josiah, whom Nebuchadnezzar king of Babylon made king in the land of Judah, reigned instead of Coniah the son of Jehoiakim. [2] But neither he nor his servants nor the people of the land listened to the words of the LORD that he spoke through Jeremiah the prophet.\n\n  [3] King Zedekiah sent Jehucal the son of Shelemiah, and Zephaniah the priest, the son of Maaseiah, to Jeremiah the prophet, saying, \u201cPlease pray for us to the LORD our God.\u201d [4] Now Jeremiah was still going in and out among the people, for he had not yet been put in prison. [5] The army of Pharaoh had come out of Egypt. And when the Chaldeans who were besieging Jerusalem heard news about them, they withdrew from Jerusalem.\n\n  [6] Then the word of the LORD came to Jeremiah the prophet: [7] \u201cThus says the LORD, God of Israel: Thus shall you say to the king of Judah who sent you to me to inquire of me, \u2018Behold, Pharaoh\u2019s army that came to help you is about to return to Egypt, to its own land. [8] And the Chaldeans shall come back and fight against this city. They shall capture it and burn it with fire. [9] Thus says the LORD, Do not deceive yourselves, saying, \u201cThe Chaldeans will surely go away from us,\u201d for they will not go away. [10] For even if you should defeat the whole army of Chaldeans who are fighting against you, and there remained of them only wounded men, every man in his tent, they would rise up and burn this city with fire.\u2019\u201d\n\nJeremiah Imprisoned\n\n  [11] Now when the Chaldean army had withdrawn from Jerusalem at the approach of Pharaoh\u2019s army, [12] Jeremiah set out from Jerusalem to go to the land of Benjamin to receive his portion there among the people. [13] When he was at the Benjamin Gate, a sentry there named Irijah the son of Shelemiah, son of Hananiah, seized Jeremiah the prophet, saying, \u201cYou are deserting to the Chaldeans.\u201d [14] And Jeremiah said, \u201cIt is a lie; I am not deserting to the Chaldeans.\u201d But Irijah would not listen to him, and seized Jeremiah and brought him to the officials. [15] And the officials were enraged at Jeremiah, and they beat him and imprisoned him in the house of Jonathan the secretary, for it had been made a prison.\n\n  [16] When Jeremiah had come to the dungeon cells and remained there many days, [17] King Zedekiah sent for him and received him. The king questioned him secretly in his house and said, \u201cIs there any word from the LORD?\u201d Jeremiah said, \u201cThere is.\u201d Then he said, \u201cYou shall be delivered into the hand of the king of Babylon.\u201d [18] Jeremiah also said to King Zedekiah, \u201cWhat wrong have I done to you or your servants or this people, that you have put me in prison? [19] Where are your prophets who prophesied to you, saying, \u2018The king of Babylon will not come against you and against this land\u2019? [20] Now hear, please, O my lord the king: let my humble plea come before you and do not send me back to the house of Jonathan the secretary, lest I die there.\u201d [21] So King Zedekiah gave orders, and they committed Jeremiah to the court of the guard. And a loaf of bread was given him daily from the bakers\u2019 street, until all the bread of the city was gone. So Jeremiah remained in the court of the guard. (ESV)"]}