{"query": "Jeremiah 20", "canonical": "Jeremiah 20", "parsed": [[24020001, 24020018]], "passage_meta": [{"canonical": "Jeremiah 20", "chapter_start": [24020001, 24020018], "chapter_end": [24020001, 24020018], "prev_verse": 24019015, "next_verse": 24021001, "prev_chapter": [24019001, 24019015], "next_chapter": [24021001, 24021014]}], "passages": ["Jeremiah 20\n\nJeremiah Persecuted by Pashhur\n\n  [1] Now Pashhur the priest, the son of Immer, who was chief officer in the house of the LORD, heard Jeremiah prophesying these things. [2] Then Pashhur beat Jeremiah the prophet, and put him in the stocks that were in the upper Benjamin Gate of the house of the LORD. [3] The next day, when Pashhur released Jeremiah from the stocks, Jeremiah said to him, \u201cThe LORD does not call your name Pashhur, but Terror on Every Side. [4] For thus says the LORD: Behold, I will make you a terror to yourself and to all your friends. They shall fall by the sword of their enemies while you look on. And I will give all Judah into the hand of the king of Babylon. He shall carry them captive to Babylon, and shall strike them down with the sword. [5] Moreover, I will give all the wealth of the city, all its gains, all its prized belongings, and all the treasures of the kings of Judah into the hand of their enemies, who shall plunder them and seize them and carry them to Babylon. [6] And you, Pashhur, and all who dwell in your house, shall go into captivity. To Babylon you shall go, and there you shall die, and there you shall be buried, you and all your friends, to whom you have prophesied falsely.\u201d\n\n    [7] O LORD, you have deceived me,\n        and I was deceived;\n    you are stronger than I,\n        and you have prevailed.\n    I have become a laughingstock all the day;\n        everyone mocks me.\n    [8] For whenever I speak, I cry out,\n        I shout, \u201cViolence and destruction!\u201d\n    For the word of the LORD has become for me\n        a reproach and derision all day long.\n    [9] If I say, \u201cI will not mention him,\n        or speak any more in his name,\u201d\n    there is in my heart as it were a burning fire\n        shut up in my bones,\n    and I am weary with holding it in,\n        and I cannot.\n    [10] For I hear many whispering.\n        Terror is on every side!\n    \u201cDenounce him! Let us denounce him!\u201d\n        say all my close friends,\n        watching for my fall.\n    \u201cPerhaps he will be deceived;\n        then we can overcome him\n        and take our revenge on him.\u201d\n    [11] But the LORD is with me as a dread warrior;\n        therefore my persecutors will stumble;\n        they will not overcome me.\n    They will be greatly shamed,\n        for they will not succeed.\n    Their eternal dishonor\n        will never be forgotten.\n    [12] O LORD of hosts, who tests the righteous,\n        who sees the heart and the mind,(1)\n    let me see your vengeance upon them,\n        for to you have I committed my cause.\n    \n    \n    [13] Sing to the LORD;\n        praise the LORD!\n    For he has delivered the life of the needy\n        from the hand of evildoers.\n    \n    \n    [14] Cursed be the day\n        on which I was born!\n    The day when my mother bore me,\n        let it not be blessed!\n    [15] Cursed be the man who brought the news to my father,\n    \u201cA son is born to you,\u201d\n        making him very glad.\n    [16] Let that man be like the cities\n        that the LORD overthrew without pity;\n    let him hear a cry in the morning\n        and an alarm at noon,\n    [17] because he did not kill me in the womb;\n        so my mother would have been my grave,\n        and her womb forever great.\n    [18] Why did I come out from the womb\n        to see toil and sorrow,\n        and spend my days in shame?\n    \n\nFootnotes\n\n(1) 20:12 Hebrew *kidneys*\n (ESV)"]}