{"query": "Jeremiah 51", "canonical": "Jeremiah 51", "parsed": [[24051001, 24051064]], "passage_meta": [{"canonical": "Jeremiah 51", "chapter_start": [24051001, 24051064], "chapter_end": [24051001, 24051064], "prev_verse": 24050046, "next_verse": 24052001, "prev_chapter": [24050001, 24050046], "next_chapter": [24052001, 24052034]}], "passages": ["Jeremiah 51\n\nThe Utter Destruction of Babylon\n\n    [1] Thus says the LORD:\n    \u201cBehold, I will stir up the spirit of a destroyer\n        against Babylon,\n        against the inhabitants of Leb-kamai,(1)\n    [2] and I will send to Babylon winnowers,\n        and they shall winnow her,\n    and they shall empty her land,\n        when they come against her from every side\n        on the day of trouble.\n    [3] Let not the archer bend his bow,\n        and let him not stand up in his armor.\n    Spare not her young men;\n        devote to destruction(2) all her army.\n    [4] They shall fall down slain in the land of the Chaldeans,\n        and wounded in her streets.\n    [5] For Israel and Judah have not been forsaken\n        by their God, the LORD of hosts,\n    but the land of the Chaldeans(3) is full of guilt\n        against the Holy One of Israel.\n    \n    \n    [6] \u201cFlee from the midst of Babylon;\n        let every one save his life!\n    Be not cut off in her punishment,\n        for this is the time of the LORD\u2019s vengeance,\n        the repayment he is rendering her.\n    [7] Babylon was a golden cup in the LORD\u2019s hand,\n        making all the earth drunken;\n    the nations drank of her wine;\n        therefore the nations went mad.\n    [8] Suddenly Babylon has fallen and been broken;\n        wail for her!\n    Take balm for her pain;\n        perhaps she may be healed.\n    [9] We would have healed Babylon,\n        but she was not healed.\n    Forsake her, and let us go\n        each to his own country,\n    for her judgment has reached up to heaven\n        and has been lifted up even to the skies.\n    [10] The LORD has brought about our vindication;\n        come, let us declare in Zion\n        the work of the LORD our God.\n    \n    \n    [11] \u201cSharpen the arrows!\n        Take up the shields!\n    \n    \n      The LORD has stirred up the spirit of the kings of the Medes, because his purpose concerning Babylon is to destroy it, for that is the vengeance of the LORD, the vengeance for his temple.\n\n    [12] \u201cSet up a standard against the walls of Babylon;\n        make the watch strong;\n    set up watchmen;\n        prepare the ambushes;\n    for the LORD has both planned and done\n        what he spoke concerning the inhabitants of Babylon.\n    [13] O you who dwell by many waters,\n        rich in treasures,\n    your end has come;\n        the thread of your life is cut.\n    [14] The LORD of hosts has sworn by himself:\n    Surely I will fill you with men, as many as locusts,\n        and they shall raise the shout of victory over you.\n    \n    \n    [15] \u201cIt is he who made the earth by his power,\n        who established the world by his wisdom,\n    and by his understanding stretched out the heavens.\n    [16] When he utters his voice there is a tumult of waters in the heavens,\n        and he makes the mist rise from the ends of the earth.\n    He makes lightning for the rain,\n        and he brings forth the wind from his storehouses.\n    [17] Every man is stupid and without knowledge;\n        every goldsmith is put to shame by his idols,\n    for his images are false,\n        and there is no breath in them.\n    [18] They are worthless, a work of delusion;\n        at the time of their punishment they shall perish.\n    [19] Not like these is he who is the portion of Jacob,\n        for he is the one who formed all things,\n    and Israel is the tribe of his inheritance;\n        the LORD of hosts is his name.\n    \n    \n    [20] \u201cYou are my hammer and weapon of war:\n    with you I break nations in pieces;\n        with you I destroy kingdoms;\n    [21] with you I break in pieces the horse and his rider;\n        with you I break in pieces the chariot and the charioteer;\n    [22] with you I break in pieces man and woman;\n        with you I break in pieces the old man and the youth;\n    with you I break in pieces the young man and the young woman;\n    [23]     with you I break in pieces the shepherd and his flock;\n    with you I break in pieces the farmer and his team;\n        with you I break in pieces governors and commanders.\n    \n    \n      [24] \u201cI will repay Babylon and all the inhabitants of Chaldea before your very eyes for all the evil that they have done in Zion, declares the LORD.\n\n    [25] \u201cBehold, I am against you, O destroying mountain,\n                                            declares the LORD,\n        which destroys the whole earth;\n    I will stretch out my hand against you,\n        and roll you down from the crags,\n        and make you a burnt mountain.\n    [26] No stone shall be taken from you for a corner\n        and no stone for a foundation,\n    but you shall be a perpetual waste,\n        declares the LORD.\n    \n    \n    [27] \u201cSet up a standard on the earth;\n        blow the trumpet among the nations;\n    prepare the nations for war against her;\n        summon against her the kingdoms,\n        Ararat, Minni, and Ashkenaz;\n    appoint a marshal against her;\n        bring up horses like bristling locusts.\n    [28] Prepare the nations for war against her,\n        the kings of the Medes, with their governors and deputies,\n        and every land under their dominion.\n    [29] The land trembles and writhes in pain,\n        for the LORD\u2019s purposes against Babylon stand,\n    to make the land of Babylon a desolation,\n        without inhabitant.\n    [30] The warriors of Babylon have ceased fighting;\n        they remain in their strongholds;\n    their strength has failed;\n        they have become women;\n    her dwellings are on fire;\n        her bars are broken.\n    [31] One runner runs to meet another,\n        and one messenger to meet another,\n    to tell the king of Babylon\n        that his city is taken on every side;\n    [32] the fords have been seized,\n        the marshes are burned with fire,\n        and the soldiers are in panic.\n    [33] For thus says the LORD of hosts, the God of Israel:\n    The daughter of Babylon is like a threshing floor\n        at the time when it is trodden;\n    yet a little while\n        and the time of her harvest will come.\u201d\n    \n    \n    [34] \u201cNebuchadnezzar the king of Babylon has devoured me;\n        he has crushed me;\n    he has made me an empty vessel;\n        he has swallowed me like a monster;\n    he has filled his stomach with my delicacies;\n        he has rinsed me out.(4)\n    [35] The violence done to me and to my kinsmen be upon Babylon,\u201d\n        let the inhabitant of Zion say.\n    \u201cMy blood be upon the inhabitants of Chaldea,\u201d\n        let Jerusalem say.\n    [36] Therefore thus says the LORD:\n    \u201cBehold, I will plead your cause\n        and take vengeance for you.\n    I will dry up her sea\n        and make her fountain dry,\n    [37] and Babylon shall become a heap of ruins,\n        the haunt of jackals,\n    a horror and a hissing,\n        without inhabitant.\n    \n    \n    [38] \u201cThey shall roar together like lions;\n        they shall growl like lions\u2019 cubs.\n    [39] While they are inflamed I will prepare them a feast\n        and make them drunk, that they may become merry,\n    then sleep a perpetual sleep\n        and not wake, declares the LORD.\n    [40] I will bring them down like lambs to the slaughter,\n        like rams and male goats.\n    \n    \n    [41] \u201cHow Babylon(5) is taken,\n        the praise of the whole earth seized!\n    How Babylon has become\n        a horror among the nations!\n    [42] The sea has come up on Babylon;\n        she is covered with its tumultuous waves.\n    [43] Her cities have become a horror,\n        a land of drought and a desert,\n    a land in which no one dwells,\n        and through which no son of man passes.\n    [44] And I will punish Bel in Babylon,\n        and take out of his mouth what he has swallowed.\n    The nations shall no longer flow to him;\n        the wall of Babylon has fallen.\n    \n    \n    [45] \u201cGo out of the midst of her, my people!\n        Let every one save his life\n        from the fierce anger of the LORD!\n    [46] Let not your heart faint, and be not fearful\n        at the report heard in the land,\n    when a report comes in one year\n        and afterward a report in another year,\n    and violence is in the land,\n        and ruler is against ruler.\n    \n    \n    [47] \u201cTherefore, behold, the days are coming\n        when I will punish the images of Babylon;\n    her whole land shall be put to shame,\n        and all her slain shall fall in the midst of her.\n    [48] Then the heavens and the earth,\n        and all that is in them,\n    shall sing for joy over Babylon,\n        for the destroyers shall come against them out of the north,\n                                            declares the LORD.\n    [49] Babylon must fall for the slain of Israel,\n        just as for Babylon have fallen the slain of all the earth.\n    \n    \n    [50] \u201cYou who have escaped from the sword,\n        go, do not stand still!\n    Remember the LORD from far away,\n        and let Jerusalem come into your mind:\n    [51] \u2018We are put to shame, for we have heard reproach;\n        dishonor has covered our face,\n    for foreigners have come\n        into the holy places of the LORD\u2019s house.\u2019\n    \n    \n    [52] \u201cTherefore, behold, the days are coming, declares the LORD,\n        when I will execute judgment upon her images,\n    and through all her land\n        the wounded shall groan.\n    [53] Though Babylon should mount up to heaven,\n        and though she should fortify her strong height,\n    yet destroyers would come from me against her,\n        declares the LORD.\n    \n    \n    [54] \u201cA voice! A cry from Babylon!\n        The noise of great destruction from the land of the Chaldeans!\n    [55] For the LORD is laying Babylon waste\n        and stilling her mighty voice.\n    Their waves roar like many waters;\n        the noise of their voice is raised,\n    [56] for a destroyer has come upon her,\n        upon Babylon;\n    her warriors are taken;\n        their bows are broken in pieces,\n    for the LORD is a God of recompense;\n        he will surely repay.\n    [57] I will make drunk her officials and her wise men,\n        her governors, her commanders, and her warriors;\n    they shall sleep a perpetual sleep and not wake,\n        declares the King, whose name is the LORD of hosts.\n    \n    \n    [58] \u201cThus says the LORD of hosts:\n    The broad wall of Babylon\n        shall be leveled to the ground,\n    and her high gates\n        shall be burned with fire.\n    The peoples labor for nothing,\n        and the nations weary themselves only for fire.\u201d\n    \n    \n      [59] The word that Jeremiah the prophet commanded Seraiah the son of Neriah, son of Mahseiah, when he went with Zedekiah king of Judah to Babylon, in the fourth year of his reign. Seraiah was the quartermaster. [60] Jeremiah wrote in a book all the disaster that should come upon Babylon, all these words that are written concerning Babylon. [61] And Jeremiah said to Seraiah: \u201cWhen you come to Babylon, see that you read all these words, [62] and say, \u2018O LORD, you have said concerning this place that you will cut it off, so that nothing shall dwell in it, neither man nor beast, and it shall be desolate forever.\u2019 [63] When you finish reading this book, tie a stone to it and cast it into the midst of the Euphrates, [64] and say, \u2018Thus shall Babylon sink, to rise no more, because of the disaster that I am bringing upon her, and they shall become exhausted.\u2019\u201d\n\n  Thus far are the words of Jeremiah.\n\nFootnotes\n\n(1) 51:1 A code name for Chaldea\n\n(2) 51:3 That is, set apart (devote) as an offering to the Lord (for destruction)\n\n(3) 51:5 Hebrew *their land*\n\n(4) 51:34 Or *he has expelled me*\n\n(5) 51:41 Hebrew *Sheshach*, a code name for Babylon\n (ESV)"]}