{"query": "Jeremiah 36", "canonical": "Jeremiah 36", "parsed": [[24036001, 24036032]], "passage_meta": [{"canonical": "Jeremiah 36", "chapter_start": [24036001, 24036032], "chapter_end": [24036001, 24036032], "prev_verse": 24035019, "next_verse": 24037001, "prev_chapter": [24035001, 24035019], "next_chapter": [24037001, 24037021]}], "passages": ["Jeremiah 36\n\nJehoiakim Burns Jeremiah\u2019s Scroll\n\n  [1] In the fourth year of Jehoiakim the son of Josiah, king of Judah, this word came to Jeremiah from the LORD: [2] \u201cTake a scroll and write on it all the words that I have spoken to you against Israel and Judah and all the nations, from the day I spoke to you, from the days of Josiah until today. [3] It may be that the house of Judah will hear all the disaster that I intend to do to them, so that every one may turn from his evil way, and that I may forgive their iniquity and their sin.\u201d\n\n  [4] Then Jeremiah called Baruch the son of Neriah, and Baruch wrote on a scroll at the dictation of Jeremiah all the words of the LORD that he had spoken to him. [5] And Jeremiah ordered Baruch, saying, \u201cI am banned from going to the house of the LORD, [6] so you are to go, and on a day of fasting in the hearing of all the people in the LORD\u2019s house you shall read the words of the LORD from the scroll that you have written at my dictation. You shall read them also in the hearing of all the men of Judah who come out of their cities. [7] It may be that their plea for mercy will come before the LORD, and that every one will turn from his evil way, for great is the anger and wrath that the LORD has pronounced against this people.\u201d [8] And Baruch the son of Neriah did all that Jeremiah the prophet ordered him about reading from the scroll the words of the LORD in the LORD\u2019s house.\n\n  [9] In the fifth year of Jehoiakim the son of Josiah, king of Judah, in the ninth month, all the people in Jerusalem and all the people who came from the cities of Judah to Jerusalem proclaimed a fast before the LORD. [10] Then, in the hearing of all the people, Baruch read the words of Jeremiah from the scroll, in the house of the LORD, in the chamber of Gemariah the son of Shaphan the secretary, which was in the upper court, at the entry of the New Gate of the LORD\u2019s house.\n\n  [11] When Micaiah the son of Gemariah, son of Shaphan, heard all the words of the LORD from the scroll, [12] he went down to the king\u2019s house, into the secretary\u2019s chamber, and all the officials were sitting there: Elishama the secretary, Delaiah the son of Shemaiah, Elnathan the son of Achbor, Gemariah the son of Shaphan, Zedekiah the son of Hananiah, and all the officials. [13] And Micaiah told them all the words that he had heard, when Baruch read the scroll in the hearing of the people. [14] Then all the officials sent Jehudi the son of Nethaniah, son of Shelemiah, son of Cushi, to say to Baruch, \u201cTake in your hand the scroll that you read in the hearing of the people, and come.\u201d So Baruch the son of Neriah took the scroll in his hand and came to them. [15] And they said to him, \u201cSit down and read it.\u201d So Baruch read it to them. [16] When they heard all the words, they turned one to another in fear. And they said to Baruch, \u201cWe must report all these words to the king.\u201d [17] Then they asked Baruch, \u201cTell us, please, how did you write all these words? Was it at his dictation?\u201d [18] Baruch answered them, \u201cHe dictated all these words to me, while I wrote them with ink on the scroll.\u201d [19] Then the officials said to Baruch, \u201cGo and hide, you and Jeremiah, and let no one know where you are.\u201d\n\n  [20] So they went into the court to the king, having put the scroll in the chamber of Elishama the secretary, and they reported all the words to the king. [21] Then the king sent Jehudi to get the scroll, and he took it from the chamber of Elishama the secretary. And Jehudi read it to the king and all the officials who stood beside the king. [22] It was the ninth month, and the king was sitting in the winter house, and there was a fire burning in the fire pot before him. [23] As Jehudi read three or four columns, the king would cut them off with a knife and throw them into the fire in the fire pot, until the entire scroll was consumed in the fire that was in the fire pot. [24] Yet neither the king nor any of his servants who heard all these words was afraid, nor did they tear their garments. [25] Even when Elnathan and Delaiah and Gemariah urged the king not to burn the scroll, he would not listen to them. [26] And the king commanded Jerahmeel the king\u2019s son and Seraiah the son of Azriel and Shelemiah the son of Abdeel to seize Baruch the secretary and Jeremiah the prophet, but the LORD hid them.\n\n  [27] Now after the king had burned the scroll with the words that Baruch wrote at Jeremiah\u2019s dictation, the word of the LORD came to Jeremiah: [28] \u201cTake another scroll and write on it all the former words that were in the first scroll, which Jehoiakim the king of Judah has burned. [29] And concerning Jehoiakim king of Judah you shall say, \u2018Thus says the LORD, You have burned this scroll, saying, \u201cWhy have you written in it that the king of Babylon will certainly come and destroy this land, and will cut off from it man and beast?\u201d [30] Therefore thus says the LORD concerning Jehoiakim king of Judah: He shall have none to sit on the throne of David, and his dead body shall be cast out to the heat by day and the frost by night. [31] And I will punish him and his offspring and his servants for their iniquity. I will bring upon them and upon the inhabitants of Jerusalem and upon the people of Judah all the disaster that I have pronounced against them, but they would not hear.\u2019\u201d\n\n  [32] Then Jeremiah took another scroll and gave it to Baruch the scribe, the son of Neriah, who wrote on it at the dictation of Jeremiah all the words of the scroll that Jehoiakim king of Judah had burned in the fire. And many similar words were added to them. (ESV)"]}