{"query": "Jeremiah 1", "canonical": "Jeremiah 1", "parsed": [[24001001, 24001019]], "passage_meta": [{"canonical": "Jeremiah 1", "chapter_start": [24001001, 24001019], "chapter_end": [24001001, 24001019], "prev_verse": 23066024, "next_verse": 24002001, "prev_chapter": [23066001, 23066024], "next_chapter": [24002001, 24002037]}], "passages": ["Jeremiah 1\n\n\n\n  [1] The words of Jeremiah, the son of Hilkiah, one of the priests who were in Anathoth in the land of Benjamin, [2] to whom the word of the LORD came in the days of Josiah the son of Amon, king of Judah, in the thirteenth year of his reign. [3] It came also in the days of Jehoiakim the son of Josiah, king of Judah, and until the end of the eleventh year of Zedekiah, the son of Josiah, king of Judah, until the captivity of Jerusalem in the fifth month.\n\nThe Call of Jeremiah\n\n  [4] Now the word of the LORD came to me, saying,\n\n    [5] \u201cBefore I formed you in the womb I knew you,\n    and before you were born I consecrated you;\n    I appointed you a prophet to the nations.\u201d\n    \n    \n      [6] Then I said, \u201cAh, Lord GOD! Behold, I do not know how to speak, for I am only a youth.\u201d [7] But the LORD said to me,\n\n    \u201cDo not say, \u2018I am only a youth\u2019;\n    for to all to whom I send you, you shall go,\n    and whatever I command you, you shall speak.\n    [8] Do not be afraid of them,\n    for I am with you to deliver you,\n                                            declares the LORD.\u201d\n    \n    \n      [9] Then the LORD put out his hand and touched my mouth. And the LORD said to me,\n\n    \u201cBehold, I have put my words in your mouth.\n    [10] See, I have set you this day over nations and over kingdoms,\n    to pluck up and to break down,\n    to destroy and to overthrow,\n    to build and to plant.\u201d\n    \n    \n      [11] And the word of the LORD came to me, saying, \u201cJeremiah, what do you see?\u201d And I said, \u201cI see an almond(1) branch.\u201d [12] Then the LORD said to me, \u201cYou have seen well, for I am watching over my word to perform it.\u201d\n\n  [13] The word of the LORD came to me a second time, saying, \u201cWhat do you see?\u201d And I said, \u201cI see a boiling pot, facing away from the north.\u201d [14] Then the LORD said to me, \u201cOut of the north disaster(2) shall be let loose upon all the inhabitants of the land. [15] For behold, I am calling all the tribes of the kingdoms of the north, declares the LORD, and they shall come, and every one shall set his throne at the entrance of the gates of Jerusalem, against all its walls all around and against all the cities of Judah. [16] And I will declare my judgments against them, for all their evil in forsaking me. They have made offerings to other gods and worshiped the works of their own hands. [17] But you, dress yourself for work;(3) arise, and say to them everything that I command you. Do not be dismayed by them, lest I dismay you before them. [18] And I, behold, I make you this day a fortified city, an iron pillar, and bronze walls, against the whole land, against the kings of Judah, its officials, its priests, and the people of the land. [19] They will fight against you, but they shall not prevail against you, for I am with you, declares the LORD, to deliver you.\u201d\n\nFootnotes\n\n(1) 1:11 *Almond* sounds like the Hebrew for *watching* (compare verse 12)\n\n(2) 1:14 The Hebrew word can mean *evil*, *harm*, or *disaster*, depending on the context; so throughout Jeremiah\n\n(3) 1:17 Hebrew *gird up your loins*\n (ESV)"]}