{"query": "Jeremiah 33", "canonical": "Jeremiah 33", "parsed": [[24033001, 24033026]], "passage_meta": [{"canonical": "Jeremiah 33", "chapter_start": [24033001, 24033026], "chapter_end": [24033001, 24033026], "prev_verse": 24032044, "next_verse": 24034001, "prev_chapter": [24032001, 24032044], "next_chapter": [24034001, 24034022]}], "passages": ["Jeremiah 33\n\nThe LORD Promises Peace\n\n  [1] The word of the LORD came to Jeremiah a second time, while he was still shut up in the court of the guard: [2] \u201cThus says the LORD who made the earth,(1) the LORD who formed it to establish it\u2014the LORD is his name: [3] Call to me and I will answer you, and will tell you great and hidden things that you have not known. [4] For thus says the LORD, the God of Israel, concerning the houses of this city and the houses of the kings of Judah that were torn down to make a defense against the siege mounds and against the sword: [5] They are coming in to fight against the Chaldeans and to fill them(2) with the dead bodies of men whom I shall strike down in my anger and my wrath, for I have hidden my face from this city because of all their evil. [6] Behold, I will bring to it health and healing, and I will heal them and reveal to them abundance of prosperity and security. [7] I will restore the fortunes of Judah and the fortunes of Israel, and rebuild them as they were at first. [8] I will cleanse them from all the guilt of their sin against me, and I will forgive all the guilt of their sin and rebellion against me. [9] And this city(3) shall be to me a name of joy, a praise and a glory before all the nations of the earth who shall hear of all the good that I do for them. They shall fear and tremble because of all the good and all the prosperity I provide for it.\n\n  [10] \u201cThus says the LORD: In this place of which you say, \u2018It is a waste without man or beast,\u2019 in the cities of Judah and the streets of Jerusalem that are desolate, without man or inhabitant or beast, there shall be heard again [11] the voice of mirth and the voice of gladness, the voice of the bridegroom and the voice of the bride, the voices of those who sing, as they bring thank offerings to the house of the LORD:\n\n    \u201c\u2018Give thanks to the LORD of hosts,\n        for the LORD is good,\n        for his steadfast love endures forever!\u2019\n    \n    \n      For I will restore the fortunes of the land as at first, says the LORD.\n\n  [12] \u201cThus says the LORD of hosts: In this place that is waste, without man or beast, and in all of its cities, there shall again be habitations of shepherds resting their flocks. [13] In the cities of the hill country, in the cities of the Shephelah, and in the cities of the Negeb, in the land of Benjamin, the places about Jerusalem, and in the cities of Judah, flocks shall again pass under the hands of the one who counts them, says the LORD.\n\nThe LORD\u2019s Eternal Covenant with David\n\n  [14] \u201cBehold, the days are coming, declares the LORD, when I will fulfill the promise I made to the house of Israel and the house of Judah. [15] In those days and at that time I will cause a righteous Branch to spring up for David, and he shall execute justice and righteousness in the land. [16] In those days Judah will be saved, and Jerusalem will dwell securely. And this is the name by which it will be called: \u2018The LORD is our righteousness.\u2019\n\n  [17] \u201cFor thus says the LORD: David shall never lack a man to sit on the throne of the house of Israel, [18] and the Levitical priests shall never lack a man in my presence to offer burnt offerings, to burn grain offerings, and to make sacrifices forever.\u201d\n\n  [19] The word of the LORD came to Jeremiah: [20] \u201cThus says the LORD: If you can break my covenant with the day and my covenant with the night, so that day and night will not come at their appointed time, [21] then also my covenant with David my servant may be broken, so that he shall not have a son to reign on his throne, and my covenant with the Levitical priests my ministers. [22] As the host of heaven cannot be numbered and the sands of the sea cannot be measured, so I will multiply the offspring of David my servant, and the Levitical priests who minister to me.\u201d\n\n  [23] The word of the LORD came to Jeremiah: [24] \u201cHave you not observed that these people are saying, \u2018The LORD has rejected the two clans that he chose\u2019? Thus they have despised my people so that they are no longer a nation in their sight. [25] Thus says the LORD: If I have not established my covenant with day and night and the fixed order of heaven and earth, [26] then I will reject the offspring of Jacob and David my servant and will not choose one of his offspring to rule over the offspring of Abraham, Isaac, and Jacob. For I will restore their fortunes and will have mercy on them.\u201d\n\nFootnotes\n\n(1) 33:2 Septuagint; Hebrew *it*\n\n(2) 33:5 That is, the torn-down houses\n\n(3) 33:9 Hebrew *And it*\n (ESV)"]}