{"query": "Jeremiah 31", "canonical": "Jeremiah 31", "parsed": [[24031001, 24031040]], "passage_meta": [{"canonical": "Jeremiah 31", "chapter_start": [24031001, 24031040], "chapter_end": [24031001, 24031040], "prev_verse": 24030024, "next_verse": 24032001, "prev_chapter": [24030001, 24030024], "next_chapter": [24032001, 24032044]}], "passages": ["Jeremiah 31\n\nThe LORD Will Turn Mourning to Joy\n\n  [1] \u201cAt that time, declares the LORD, I will be the God of all the clans of Israel, and they shall be my people.\u201d\n\n    [2] Thus says the LORD:\n    \u201cThe people who survived the sword\n        found grace in the wilderness;\n    when Israel sought for rest,\n    [3]     the LORD appeared to him(1) from far away.\n    I have loved you with an everlasting love;\n        therefore I have continued my faithfulness to you.\n    [4] Again I will build you, and you shall be built,\n        O virgin Israel!\n    Again you shall adorn yourself with tambourines\n        and shall go forth in the dance of the merrymakers.\n    [5] Again you shall plant vineyards\n        on the mountains of Samaria;\n    the planters shall plant\n        and shall enjoy the fruit.\n    [6] For there shall be a day when watchmen will call\n        in the hill country of Ephraim:\n    \u2018Arise, and let us go up to Zion,\n        to the LORD our God.\u2019\u201d\n    \n    \n    [7] For thus says the LORD:\n    \u201cSing aloud with gladness for Jacob,\n        and raise shouts for the chief of the nations;\n    proclaim, give praise, and say,\n        \u2018O LORD, save your people,\n        the remnant of Israel.\u2019\n    [8] Behold, I will bring them from the north country\n        and gather them from the farthest parts of the earth,\n    among them the blind and the lame,\n        the pregnant woman and she who is in labor, together;\n        a great company, they shall return here.\n    [9] With weeping they shall come,\n        and with pleas for mercy I will lead them back,\n    I will make them walk by brooks of water,\n        in a straight path in which they shall not stumble,\n    for I am a father to Israel,\n        and Ephraim is my firstborn.\n    \n    \n    [10] \u201cHear the word of the LORD, O nations,\n        and declare it in the coastlands far away;\n    say, \u2018He who scattered Israel will gather him,\n        and will keep him as a shepherd keeps his flock.\u2019\n    [11] For the LORD has ransomed Jacob\n        and has redeemed him from hands too strong for him.\n    [12] They shall come and sing aloud on the height of Zion,\n        and they shall be radiant over the goodness of the LORD,\n    over the grain, the wine, and the oil,\n        and over the young of the flock and the herd;\n    their life shall be like a watered garden,\n        and they shall languish no more.\n    [13] Then shall the young women rejoice in the dance,\n        and the young men and the old shall be merry.\n    I will turn their mourning into joy;\n        I will comfort them, and give them gladness for sorrow.\n    [14] I will feast the soul of the priests with abundance,\n        and my people shall be satisfied with my goodness,\n                                            declares the LORD.\u201d\n    \n    \n    [15] Thus says the LORD:\n    \u201cA voice is heard in Ramah,\n        lamentation and bitter weeping.\n    Rachel is weeping for her children;\n        she refuses to be comforted for her children,\n        because they are no more.\u201d\n    \n    \n    [16] Thus says the LORD:\n    \u201cKeep your voice from weeping,\n        and your eyes from tears,\n    for there is a reward for your work,\n                                            declares the LORD,\n        and they shall come back from the land of the enemy.\n    [17] There is hope for your future,\n                                            declares the LORD,\n        and your children shall come back to their own country.\n    [18] I have heard Ephraim grieving,\n    \u2018You have disciplined me, and I was disciplined,\n        like an untrained calf;\n    bring me back that I may be restored,\n        for you are the LORD my God.\n    [19] For after I had turned away, I relented,\n        and after I was instructed, I struck my thigh;\n    I was ashamed, and I was confounded,\n        because I bore the disgrace of my youth.\u2019\n    [20] Is Ephraim my dear son?\n        Is he my darling child?\n    For as often as I speak against him,\n        I do remember him still.\n    Therefore my heart(2) yearns for him;\n        I will surely have mercy on him,\n                                            declares the LORD.\n    \n    \n    [21] \u201cSet up road markers for yourself;\n        make yourself guideposts;\n    consider well the highway,\n        the road by which you went.\n    Return, O virgin Israel,\n        return to these your cities.\n    [22] How long will you waver,\n        O faithless daughter?\n    For the LORD has created a new thing on the earth:\n        a woman encircles a man.\u201d\n    \n    \n      [23] Thus says the LORD of hosts, the God of Israel: \u201cOnce more they shall use these words in the land of Judah and in its cities, when I restore their fortunes:\n\n    \u201c\u2018The LORD bless you, O habitation of righteousness,\n        O holy hill!\u2019\n    \n    \n      [24] And Judah and all its cities shall dwell there together, and the farmers and those who wander with their flocks. [25] For I will satisfy the weary soul, and every languishing soul I will replenish.\u201d\n\n  [26] At this I awoke and looked, and my sleep was pleasant to me.\n\n  [27] \u201cBehold, the days are coming, declares the LORD, when I will sow the house of Israel and the house of Judah with the seed of man and the seed of beast. [28] And it shall come to pass that as I have watched over them to pluck up and break down, to overthrow, destroy, and bring harm, so I will watch over them to build and to plant, declares the LORD. [29] In those days they shall no longer say:\n\n    \u201c\u2018The fathers have eaten sour grapes,\n        and the children\u2019s teeth are set on edge.\u2019\n    \n    \n      [30] But everyone shall die for his own iniquity. Each man who eats sour grapes, his teeth shall be set on edge.\n\nThe New Covenant\n\n  [31] \u201cBehold, the days are coming, declares the LORD, when I will make a new covenant with the house of Israel and the house of Judah, [32] not like the covenant that I made with their fathers on the day when I took them by the hand to bring them out of the land of Egypt, my covenant that they broke, though I was their husband, declares the LORD. [33] For this is the covenant that I will make with the house of Israel after those days, declares the LORD: I will put my law within them, and I will write it on their hearts. And I will be their God, and they shall be my people. [34] And no longer shall each one teach his neighbor and each his brother, saying, \u2018Know the LORD,\u2019 for they shall all know me, from the least of them to the greatest, declares the LORD. For I will forgive their iniquity, and I will remember their sin no more.\u201d\n\n    [35] Thus says the LORD,\n    who gives the sun for light by day\n        and the fixed order of the moon and the stars for light by night,\n    who stirs up the sea so that its waves roar\u2014\n        the LORD of hosts is his name:\n    [36] \u201cIf this fixed order departs\n        from before me, declares the LORD,\n    then shall the offspring of Israel cease\n        from being a nation before me forever.\u201d\n    \n    \n    [37] Thus says the LORD:\n    \u201cIf the heavens above can be measured,\n        and the foundations of the earth below can be explored,\n    then I will cast off all the offspring of Israel\n        for all that they have done,\n                                            declares the LORD.\u201d\n    \n    \n      [38] \u201cBehold, the days are coming, declares the LORD, when the city shall be rebuilt for the LORD from the Tower of Hananel to the Corner Gate. [39] And the measuring line shall go out farther, straight to the hill Gareb, and shall then turn to Goah. [40] The whole valley of the dead bodies and the ashes, and all the fields as far as the brook Kidron, to the corner of the Horse Gate toward the east, shall be sacred to the LORD. It shall not be plucked up or overthrown anymore forever.\u201d\n\nFootnotes\n\n(1) 31:3 Septuagint; Hebrew *me*\n\n(2) 31:20 Hebrew *bowels*\n (ESV)"]}