{"query": "Jeremiah 13", "canonical": "Jeremiah 13", "parsed": [[24013001, 24013027]], "passage_meta": [{"canonical": "Jeremiah 13", "chapter_start": [24013001, 24013027], "chapter_end": [24013001, 24013027], "prev_verse": 24012017, "next_verse": 24014001, "prev_chapter": [24012001, 24012017], "next_chapter": [24014001, 24014022]}], "passages": ["Jeremiah 13\n\nThe Ruined Loincloth\n\n  [1] Thus says the LORD to me, \u201cGo and buy a linen loincloth and put it around your waist, and do not dip it in water.\u201d [2] So I bought a loincloth according to the word of the LORD, and put it around my waist. [3] And the word of the LORD came to me a second time, [4] \u201cTake the loincloth that you have bought, which is around your waist, and arise, go to the Euphrates and hide it there in a cleft of the rock.\u201d [5] So I went and hid it by the Euphrates, as the LORD commanded me. [6] And after many days the LORD said to me, \u201cArise, go to the Euphrates, and take from there the loincloth that I commanded you to hide there.\u201d [7] Then I went to the Euphrates, and dug, and I took the loincloth from the place where I had hidden it. And behold, the loincloth was spoiled; it was good for nothing.\n\n  [8] Then the word of the LORD came to me: [9] \u201cThus says the LORD: Even so will I spoil the pride of Judah and the great pride of Jerusalem. [10] This evil people, who refuse to hear my words, who stubbornly follow their own heart and have gone after other gods to serve them and worship them, shall be like this loincloth, which is good for nothing. [11] For as the loincloth clings to the waist of a man, so I made the whole house of Israel and the whole house of Judah cling to me, declares the LORD, that they might be for me a people, a name, a praise, and a glory, but they would not listen.\n\nThe Jars Filled with Wine\n\n  [12] \u201cYou shall speak to them this word: \u2018Thus says the LORD, the God of Israel, \u201cEvery jar shall be filled with wine.\u201d\u2019 And they will say to you, \u2018Do we not indeed know that every jar will be filled with wine?\u2019 [13] Then you shall say to them, \u2018Thus says the LORD: Behold, I will fill with drunkenness all the inhabitants of this land: the kings who sit on David\u2019s throne, the priests, the prophets, and all the inhabitants of Jerusalem. [14] And I will dash them one against another, fathers and sons together, declares the LORD. I will not pity or spare or have compassion, that I should not destroy them.\u2019\u201d\n\nExile Threatened\n\n    [15] Hear and give ear; be not proud,\n        for the LORD has spoken.\n    [16] Give glory to the LORD your God\n        before he brings darkness,\n    before your feet stumble\n        on the twilight mountains,\n    and while you look for light\n        he turns it into gloom\n        and makes it deep darkness.\n    [17] But if you will not listen,\n        my soul will weep in secret for your pride;\n    my eyes will weep bitterly and run down with tears,\n        because the LORD\u2019s flock has been taken captive.\n    \n    \n    [18] Say to the king and the queen mother:\n        \u201cTake a lowly seat,\n    for your beautiful crown\n        has come down from your head.\u201d\n    [19] The cities of the Negeb are shut up,\n        with none to open them;\n    all Judah is taken into exile,\n        wholly taken into exile.\n    \n    \n    [20] \u201cLift up your eyes and see\n        those who come from the north.\n    Where is the flock that was given you,\n        your beautiful flock?\n    [21] What will you say when they set as head over you\n        those whom you yourself have taught to be friends to you?\n    Will not pangs take hold of you\n        like those of a woman in labor?\n    [22] And if you say in your heart,\n        \u2018Why have these things come upon me?\u2019\n    it is for the greatness of your iniquity\n        that your skirts are lifted up\n        and you suffer violence.\n    [23] Can the Ethiopian change his skin\n        or the leopard his spots?\n    Then also you can do good\n        who are accustomed to do evil.\n    [24] I will scatter you(1) like chaff\n        driven by the wind from the desert.\n    [25] This is your lot,\n        the portion I have measured out to you, declares the LORD,\n    because you have forgotten me\n        and trusted in lies.\n    [26] I myself will lift up your skirts over your face,\n        and your shame will be seen.\n    [27] I have seen your abominations,\n        your adulteries and neighings, your lewd whorings,\n        on the hills in the field.\n    Woe to you, O Jerusalem!\n        How long will it be before you are made clean?\u201d\n    \n\nFootnotes\n\n(1) 13:24 Hebrew *them*\n (ESV)"]}