{"query": "Jeremiah 50", "canonical": "Jeremiah 50", "parsed": [[24050001, 24050046]], "passage_meta": [{"canonical": "Jeremiah 50", "chapter_start": [24050001, 24050046], "chapter_end": [24050001, 24050046], "prev_verse": 24049039, "next_verse": 24051001, "prev_chapter": [24049001, 24049039], "next_chapter": [24051001, 24051064]}], "passages": ["Jeremiah 50\n\nJudgment on Babylon\n\n  [1] The word that the LORD spoke concerning Babylon, concerning the land of the Chaldeans, by Jeremiah the prophet:\n\n    [2] \u201cDeclare among the nations and proclaim,\n        set up a banner and proclaim,\n        conceal it not, and say:\n    \u2018Babylon is taken,\n        Bel is put to shame,\n        Merodach is dismayed.\n    Her images are put to shame,\n        her idols are dismayed.\u2019\n    \n    \n      [3] \u201cFor out of the north a nation has come up against her, which shall make her land a desolation, and none shall dwell in it; both man and beast shall flee away.\n\n  [4] \u201cIn those days and in that time, declares the LORD, the people of Israel and the people of Judah shall come together, weeping as they come, and they shall seek the LORD their God. [5] They shall ask the way to Zion, with faces turned toward it, saying, \u2018Come, let us join ourselves to the LORD in an everlasting covenant that will never be forgotten.\u2019\n\n  [6] \u201cMy people have been lost sheep. Their shepherds have led them astray, turning them away on the mountains. From mountain to hill they have gone. They have forgotten their fold. [7] All who found them have devoured them, and their enemies have said, \u2018We are not guilty, for they have sinned against the LORD, their habitation of righteousness, the LORD, the hope of their fathers.\u2019\n\n  [8] \u201cFlee from the midst of Babylon, and go out of the land of the Chaldeans, and be as male goats before the flock. [9] For behold, I am stirring up and bringing against Babylon a gathering of great nations, from the north country. And they shall array themselves against her. From there she shall be taken. Their arrows are like a skilled warrior who does not return empty-handed. [10] Chaldea shall be plundered; all who plunder her shall be sated, declares the LORD.\n\n    [11] \u201cThough you rejoice, though you exult,\n        O plunderers of my heritage,\n    though you frolic like a heifer in the pasture,\n        and neigh like stallions,\n    [12] your mother shall be utterly shamed,\n        and she who bore you shall be disgraced.\n    Behold, she shall be the last of the nations,\n        a wilderness, a dry land, and a desert.\n    [13] Because of the wrath of the LORD she shall not be inhabited\n        but shall be an utter desolation;\n    everyone who passes by Babylon shall be appalled,\n        and hiss because of all her wounds.\n    [14] Set yourselves in array against Babylon all around,\n        all you who bend the bow;\n    shoot at her, spare no arrows,\n        for she has sinned against the LORD.\n    [15] Raise a shout against her all around;\n        she has surrendered;\n    her bulwarks have fallen;\n        her walls are thrown down.\n    For this is the vengeance of the LORD:\n        take vengeance on her;\n        do to her as she has done.\n    [16] Cut off from Babylon the sower,\n        and the one who handles the sickle in time of harvest;\n    because of the sword of the oppressor,\n        every one shall turn to his own people,\n        and every one shall flee to his own land.\n    \n    \n      [17] \u201cIsrael is a hunted sheep driven away by lions. First the king of Assyria devoured him, and now at last Nebuchadnezzar king of Babylon has gnawed his bones. [18] Therefore, thus says the LORD of hosts, the God of Israel: Behold, I am bringing punishment on the king of Babylon and his land, as I punished the king of Assyria. [19] I will restore Israel to his pasture, and he shall feed on Carmel and in Bashan, and his desire shall be satisfied on the hills of Ephraim and in Gilead. [20] In those days and in that time, declares the LORD, iniquity shall be sought in Israel, and there shall be none, and sin in Judah, and none shall be found, for I will pardon those whom I leave as a remnant.\n\n    [21] \u201cGo up against the land of Merathaim,(1)\n        and against the inhabitants of Pekod.(2)\n    Kill, and devote them to destruction,(3)\n                                            declares the LORD,\n        and do all that I have commanded you.\n    [22] The noise of battle is in the land,\n        and great destruction!\n    [23] How the hammer of the whole earth\n        is cut down and broken!\n    How Babylon has become\n        a horror among the nations!\n    [24] I set a snare for you and you were taken, O Babylon,\n        and you did not know it;\n    you were found and caught,\n        because you opposed the LORD.\n    [25] The LORD has opened his armory\n        and brought out the weapons of his wrath,\n    for the Lord GOD of hosts has a work to do\n        in the land of the Chaldeans.\n    [26] Come against her from every quarter;\n        open her granaries;\n    pile her up like heaps of grain, and devote her to destruction;\n        let nothing be left of her.\n    [27] Kill all her bulls;\n        let them go down to the slaughter.\n    Woe to them, for their day has come,\n        the time of their punishment.\n    \n    \n      [28] \u201cA voice! They flee and escape from the land of Babylon, to declare in Zion the vengeance of the LORD our God, vengeance for his temple.\n\n  [29] \u201cSummon archers against Babylon, all those who bend the bow. Encamp around her; let no one escape. Repay her according to her deeds; do to her according to all that she has done. For she has proudly defied the LORD, the Holy One of Israel. [30] Therefore her young men shall fall in her squares, and all her soldiers shall be destroyed on that day, declares the LORD.\n\n    [31] \u201cBehold, I am against you, O proud one,\n        declares the Lord GOD of hosts,\n    for your day has come,\n        the time when I will punish you.\n    [32] The proud one shall stumble and fall,\n        with none to raise him up,\n    and I will kindle a fire in his cities,\n        and it will devour all that is around him.\n    \n    \n      [33] \u201cThus says the LORD of hosts: The people of Israel are oppressed, and the people of Judah with them. All who took them captive have held them fast; they refuse to let them go. [34] Their Redeemer is strong; the LORD of hosts is his name. He will surely plead their cause, that he may give rest to the earth, but unrest to the inhabitants of Babylon.\n\n    [35] \u201cA sword against the Chaldeans, declares the LORD,\n        and against the inhabitants of Babylon,\n        and against her officials and her wise men!\n    [36] A sword against the diviners,\n        that they may become fools!\n    A sword against her warriors,\n        that they may be destroyed!\n    [37] A sword against her horses and against her chariots,\n        and against all the foreign troops in her midst,\n        that they may become women!\n    A sword against all her treasures,\n        that they may be plundered!\n    [38] A drought against her waters,\n        that they may be dried up!\n    For it is a land of images,\n        and they are mad over idols.\n    \n    \n      [39] \u201cTherefore wild beasts shall dwell with hyenas in Babylon,(4) and ostriches shall dwell in her. She shall never again have people, nor be inhabited for all generations. [40] As when God overthrew Sodom and Gomorrah and their neighboring cities, declares the LORD, so no man shall dwell there, and no son of man shall sojourn in her.\n\n    [41] \u201cBehold, a people comes from the north;\n        a mighty nation and many kings\n        are stirring from the farthest parts of the earth.\n    [42] They lay hold of bow and spear;\n        they are cruel and have no mercy.\n    The sound of them is like the roaring of the sea;\n        they ride on horses,\n    arrayed as a man for battle\n        against you, O daughter of Babylon!\n    \n    \n    [43] \u201cThe king of Babylon heard the report of them,\n        and his hands fell helpless;\n    anguish seized him,\n        pain as of a woman in labor.\n    \n    \n      [44] \u201cBehold, like a lion coming up from the thicket of the Jordan against a perennial pasture, I will suddenly make them run away from her, and I will appoint over her whomever I choose. For who is like me? Who will summon me? What shepherd can stand before me? [45] Therefore hear the plan that the LORD has made against Babylon, and the purposes that he has formed against the land of the Chaldeans: Surely the little ones of their flock shall be dragged away; surely their fold shall be appalled at their fate. [46] At the sound of the capture of Babylon the earth shall tremble, and her cry shall be heard among the nations.\u201d\n\nFootnotes\n\n(1) 50:21 *Merathaim* means *double rebellion*\n\n(2) 50:21 *Pekod* means *punishment*\n\n(3) 50:21 That is, set apart (devote) as an offering to the Lord (for destruction)\n\n(4) 50:39 Hebrew lacks *in Babylon*\n (ESV)"]}