{"query": "Jeremiah 4", "canonical": "Jeremiah 4", "parsed": [[24004001, 24004031]], "passage_meta": [{"canonical": "Jeremiah 4", "chapter_start": [24004001, 24004031], "chapter_end": [24004001, 24004031], "prev_verse": 24003025, "next_verse": 24005001, "prev_chapter": [24003001, 24003025], "next_chapter": [24005001, 24005031]}], "passages": ["Jeremiah 4\n\n    [1] \u201cIf you return, O Israel,\n                                            declares the LORD,\n        to me you should return.\n    If you remove your detestable things from my presence,\n        and do not waver,\n    [2] and if you swear, \u2018As the LORD lives,\u2019\n        in truth, in justice, and in righteousness,\n    then nations shall bless themselves in him,\n        and in him shall they glory.\u201d\n    \n    \n      [3] For thus says the LORD to the men of Judah and Jerusalem:\n\n    \u201cBreak up your fallow ground,\n        and sow not among thorns.\n    [4] Circumcise yourselves to the LORD;\n        remove the foreskin of your hearts,\n        O men of Judah and inhabitants of Jerusalem;\n    lest my wrath go forth like fire,\n        and burn with none to quench it,\n        because of the evil of your deeds.\u201d\n    \n    \n    Disaster from the North\n\n  [5] Declare in Judah, and proclaim in Jerusalem, and say,\n\n    \u201cBlow the trumpet through the land;\n        cry aloud and say,\n    \u2018Assemble, and let us go\n        into the fortified cities!\u2019\n    [6] Raise a standard toward Zion,\n        flee for safety, stay not,\n    for I bring disaster from the north,\n        and great destruction.\n    [7] A lion has gone up from his thicket,\n        a destroyer of nations has set out;\n        he has gone out from his place\n    to make your land a waste;\n        your cities will be ruins\n        without inhabitant.\n    [8] For this put on sackcloth,\n        lament and wail,\n    for the fierce anger of the LORD\n        has not turned back from us.\u201d\n    \n    \n      [9] \u201cIn that day, declares the LORD, courage shall fail both king and officials. The priests shall be appalled and the prophets astounded.\u201d [10] Then I said, \u201cAh, Lord GOD, surely you have utterly deceived this people and Jerusalem, saying, \u2018It shall be well with you,\u2019 whereas the sword has reached their very life.\u201d\n\n  [11] At that time it will be said to this people and to Jerusalem, \u201cA hot wind from the bare heights in the desert toward the daughter of my people, not to winnow or cleanse, [12] a wind too full for this comes for me. Now it is I who speak in judgment upon them.\u201d\n\n    [13] Behold, he comes up like clouds;\n        his chariots like the whirlwind;\n    his horses are swifter than eagles\u2014\n        woe to us, for we are ruined!\n    [14] O Jerusalem, wash your heart from evil,\n        that you may be saved.\n    How long shall your wicked thoughts\n        lodge within you?\n    [15] For a voice declares from Dan\n        and proclaims trouble from Mount Ephraim.\n    [16] Warn the nations that he is coming;\n        announce to Jerusalem,\n    \u201cBesiegers come from a distant land;\n        they shout against the cities of Judah.\n    [17] Like keepers of a field are they against her all around,\n        because she has rebelled against me,\n                                            declares the LORD.\n    [18] Your ways and your deeds\n        have brought this upon you.\n    This is your doom, and it is bitter;\n        it has reached your very heart.\u201d\n    \n    \n    Anguish over Judah\u2019s Desolation\n\n    [19] My anguish, my anguish! I writhe in pain!\n        Oh the walls of my heart!\n    My heart is beating wildly;\n        I cannot keep silent,\n    for I hear the sound of the trumpet,\n        the alarm of war.\n    [20] Crash follows hard on crash;\n        the whole land is laid waste.\n    Suddenly my tents are laid waste,\n        my curtains in a moment.\n    [21] How long must I see the standard\n        and hear the sound of the trumpet?\n    \n    \n    [22] \u201cFor my people are foolish;\n        they know me not;\n    they are stupid children;\n        they have no understanding.\n    They are \u2018wise\u2019\u2014in doing evil!\n        But how to do good they know not.\u201d\n    \n    \n    [23] I looked on the earth, and behold, it was without form and void;\n        and to the heavens, and they had no light.\n    [24] I looked on the mountains, and behold, they were quaking,\n        and all the hills moved to and fro.\n    [25] I looked, and behold, there was no man,\n        and all the birds of the air had fled.\n    [26] I looked, and behold, the fruitful land was a desert,\n        and all its cities were laid in ruins\n        before the LORD, before his fierce anger.\n    \n    \n      [27] For thus says the LORD, \u201cThe whole land shall be a desolation; yet I will not make a full end.\n\n    [28] \u201cFor this the earth shall mourn,\n        and the heavens above be dark;\n    for I have spoken; I have purposed;\n        I have not relented, nor will I turn back.\u201d\n    \n    \n    [29] At the noise of horseman and archer\n        every city takes to flight;\n    they enter thickets; they climb among rocks;\n        all the cities are forsaken,\n        and no man dwells in them.\n    [30] And you, O desolate one,\n    what do you mean that you dress in scarlet,\n        that you adorn yourself with ornaments of gold,\n        that you enlarge your eyes with paint?\n    In vain you beautify yourself.\n        Your lovers despise you;\n        they seek your life.\n    [31] For I heard a cry as of a woman in labor,\n        anguish as of one giving birth to her first child,\n    the cry of the daughter of Zion gasping for breath,\n        stretching out her hands,\n    \u201cWoe is me! I am fainting before murderers.\u201d (ESV)"]}