{"query": "Jeremiah 45", "canonical": "Jeremiah 45", "parsed": [[24045001, 24045005]], "passage_meta": [{"canonical": "Jeremiah 45", "chapter_start": [24045001, 24045005], "chapter_end": [24045001, 24045005], "prev_verse": 24044030, "next_verse": 24046001, "prev_chapter": [24044001, 24044030], "next_chapter": [24046001, 24046028]}], "passages": ["Jeremiah 45\n\nMessage to Baruch\n\n  [1] The word that Jeremiah the prophet spoke to Baruch the son of Neriah, when he wrote these words in a book at the dictation of Jeremiah, in the fourth year of Jehoiakim the son of Josiah, king of Judah: [2] \u201cThus says the LORD, the God of Israel, to you, O Baruch: [3] You said, \u2018Woe is me! For the LORD has added sorrow to my pain. I am weary with my groaning, and I find no rest.\u2019 [4] Thus shall you say to him, Thus says the LORD: Behold, what I have built I am breaking down, and what I have planted I am plucking up\u2014that is, the whole land. [5] And do you seek great things for yourself? Seek them not, for behold, I am bringing disaster upon all flesh, declares the LORD. But I will give you your life as a prize of war in all places to which you may go.\u201d (ESV)"]}