{"query": "Jeremiah 5", "canonical": "Jeremiah 5", "parsed": [[24005001, 24005031]], "passage_meta": [{"canonical": "Jeremiah 5", "chapter_start": [24005001, 24005031], "chapter_end": [24005001, 24005031], "prev_verse": 24004031, "next_verse": 24006001, "prev_chapter": [24004001, 24004031], "next_chapter": [24006001, 24006030]}], "passages": ["Jeremiah 5\n\nJerusalem Refused to Repent\n\n    [1] Run to and fro through the streets of Jerusalem,\n        look and take note!\n    Search her squares to see\n        if you can find a man,\n    one who does justice\n        and seeks truth,\n    that I may pardon her.\n    [2] Though they say, \u201cAs the LORD lives,\u201d\n        yet they swear falsely.\n    [3] O LORD, do not your eyes look for truth?\n    You have struck them down,\n        but they felt no anguish;\n    you have consumed them,\n        but they refused to take correction.\n    They have made their faces harder than rock;\n        they have refused to repent.\n    \n    \n    [4] Then I said, \u201cThese are only the poor;\n        they have no sense;\n    for they do not know the way of the LORD,\n        the justice of their God.\n    [5] I will go to the great\n        and will speak to them,\n    for they know the way of the LORD,\n        the justice of their God.\u201d\n    But they all alike had broken the yoke;\n        they had burst the bonds.\n    \n    \n    [6] Therefore a lion from the forest shall strike them down;\n        a wolf from the desert shall devastate them.\n    A leopard is watching their cities;\n        everyone who goes out of them shall be torn in pieces,\n    because their transgressions are many,\n        their apostasies are great.\n    \n    \n    [7] \u201cHow can I pardon you?\n        Your children have forsaken me\n        and have sworn by those who are no gods.\n    When I fed them to the full,\n        they committed adultery\n        and trooped to the houses of whores.\n    [8] They were well-fed, lusty stallions,\n        each neighing for his neighbor\u2019s wife.\n    [9] Shall I not punish them for these things?\n                                            declares the LORD;\n        and shall I not avenge myself\n        on a nation such as this?\n    \n    \n    [10] \u201cGo up through her vine rows and destroy,\n        but make not a full end;\n    strip away her branches,\n        for they are not the LORD\u2019s.\n    [11] For the house of Israel and the house of Judah\n        have been utterly treacherous to me,\n                                            declares the LORD.\n    [12] They have spoken falsely of the LORD\n        and have said, \u2018He will do nothing;\n    no disaster will come upon us,\n        nor shall we see sword or famine.\n    [13] The prophets will become wind;\n        the word is not in them.\n    Thus shall it be done to them!\u2019\u201d\n    \n    \n    The LORD Proclaims Judgment\n\n    [14] Therefore thus says the LORD, the God of hosts:\n    \u201cBecause you have spoken this word,\n    behold, I am making my words in your mouth a fire,\n        and this people wood, and the fire shall consume them.\n    [15] Behold, I am bringing against you\n        a nation from afar, O house of Israel,\n                                            declares the LORD.\n    It is an enduring nation;\n        it is an ancient nation,\n    a nation whose language you do not know,\n        nor can you understand what they say.\n    [16] Their quiver is like an open tomb;\n        they are all mighty warriors.\n    [17] They shall eat up your harvest and your food;\n        they shall eat up your sons and your daughters;\n    they shall eat up your flocks and your herds;\n        they shall eat up your vines and your fig trees;\n    your fortified cities in which you trust\n        they shall beat down with the sword.\u201d\n    \n    \n      [18] \u201cBut even in those days, declares the LORD, I will not make a full end of you. [19] And when your people say, \u2018Why has the LORD our God done all these things to us?\u2019 you shall say to them, \u2018As you have forsaken me and served foreign gods in your land, so you shall serve foreigners in a land that is not yours.\u2019\u201d\n\n    [20] Declare this in the house of Jacob;\n        proclaim it in Judah:\n    [21] \u201cHear this, O foolish and senseless people,\n        who have eyes, but see not,\n        who have ears, but hear not.\n    [22] Do you not fear me? declares the LORD.\n        Do you not tremble before me?\n    I placed the sand as the boundary for the sea,\n        a perpetual barrier that it cannot pass;\n    though the waves toss, they cannot prevail;\n        though they roar, they cannot pass over it.\n    [23] But this people has a stubborn and rebellious heart;\n        they have turned aside and gone away.\n    [24] They do not say in their hearts,\n        \u2018Let us fear the LORD our God,\n    who gives the rain in its season,\n        the autumn rain and the spring rain,\n    and keeps for us\n        the weeks appointed for the harvest.\u2019\n    [25] Your iniquities have turned these away,\n        and your sins have kept good from you.\n    [26] For wicked men are found among my people;\n        they lurk like fowlers lying in wait.(1)\n    They set a trap;\n        they catch men.\n    [27] Like a cage full of birds,\n        their houses are full of deceit;\n    therefore they have become great and rich;\n    [28]     they have grown fat and sleek.\n    They know no bounds in deeds of evil;\n        they judge not with justice\n    the cause of the fatherless, to make it prosper,\n        and they do not defend the rights of the needy.\n    [29] Shall I not punish them for these things?\n                                            declares the LORD,\n        and shall I not avenge myself\n        on a nation such as this?\u201d\n    \n    \n    [30] An appalling and horrible thing\n        has happened in the land:\n    [31] the prophets prophesy falsely,\n        and the priests rule at their direction;\n    my people love to have it so,\n        but what will you do when the end comes?\n    \n\nFootnotes\n\n(1) 5:26 The meaning of the Hebrew is uncertain\n (ESV)"]}