{"query": "Jeremiah 6", "canonical": "Jeremiah 6", "parsed": [[24006001, 24006030]], "passage_meta": [{"canonical": "Jeremiah 6", "chapter_start": [24006001, 24006030], "chapter_end": [24006001, 24006030], "prev_verse": 24005031, "next_verse": 24007001, "prev_chapter": [24005001, 24005031], "next_chapter": [24007001, 24007034]}], "passages": ["Jeremiah 6\n\nImpending Disaster for Jerusalem\n\n    [1] Flee for safety, O people of Benjamin,\n        from the midst of Jerusalem!\n    Blow the trumpet in Tekoa,\n        and raise a signal on Beth-haccherem,\n    for disaster looms out of the north,\n        and great destruction.\n    [2] The lovely and delicately bred I will destroy,\n        the daughter of Zion.(1)\n    [3] Shepherds with their flocks shall come against her;\n        they shall pitch their tents around her;\n        they shall pasture, each in his place.\n    [4] \u201cPrepare war against her;\n        arise, and let us attack at noon!\n    Woe to us, for the day declines,\n        for the shadows of evening lengthen!\n    [5] Arise, and let us attack by night\n        and destroy her palaces!\u201d\n    \n    \n    [6] For thus says the LORD of hosts:\n    \u201cCut down her trees;\n        cast up a siege mound against Jerusalem.\n    This is the city that must be punished;\n        there is nothing but oppression within her.\n    [7] As a well keeps its water fresh,\n        so she keeps fresh her evil;\n    violence and destruction are heard within her;\n        sickness and wounds are ever before me.\n    [8] Be warned, O Jerusalem,\n        lest I turn from you in disgust,\n    lest I make you a desolation,\n        an uninhabited land.\u201d\n    \n    \n    [9] Thus says the LORD of hosts:\n    \u201cThey shall glean thoroughly as a vine\n        the remnant of Israel;\n    like a grape gatherer pass your hand again\n        over its branches.\u201d\n    [10] To whom shall I speak and give warning,\n        that they may hear?\n    Behold, their ears are uncircumcised,\n        they cannot listen;\n    behold, the word of the LORD is to them an object of scorn;\n        they take no pleasure in it.\n    [11] Therefore I am full of the wrath of the LORD;\n        I am weary of holding it in.\n    \u201cPour it out upon the children in the street,\n        and upon the gatherings of young men, also;\n    both husband and wife shall be taken,\n        the elderly and the very aged.\n    [12] Their houses shall be turned over to others,\n        their fields and wives together,\n    for I will stretch out my hand\n        against the inhabitants of the land,\u201d\n                                            declares the LORD.\n    [13] \u201cFor from the least to the greatest of them,\n        everyone is greedy for unjust gain;\n    and from prophet to priest,\n        everyone deals falsely.\n    [14] They have healed the wound of my people lightly,\n        saying, \u2018Peace, peace,\u2019\n        when there is no peace.\n    [15] Were they ashamed when they committed abomination?\n        No, they were not at all ashamed;\n        they did not know how to blush.\n    Therefore they shall fall among those who fall;\n        at the time that I punish them, they shall be overthrown,\u201d\n                                            says the LORD.\n    \n    \n    [16] Thus says the LORD:\n    \u201cStand by the roads, and look,\n        and ask for the ancient paths,\n    where the good way is; and walk in it,\n        and find rest for your souls.\n    But they said, \u2018We will not walk in it.\u2019\n    [17] I set watchmen over you, saying,\n        \u2018Pay attention to the sound of the trumpet!\u2019\n    But they said, \u2018We will not pay attention.\u2019\n    [18] Therefore hear, O nations,\n        and know, O congregation, what will happen to them.\n    [19] Hear, O earth; behold, I am bringing disaster upon this people,\n        the fruit of their devices,\n    because they have not paid attention to my words;\n        and as for my law, they have rejected it.\n    [20] What use to me is frankincense that comes from Sheba,\n        or sweet cane from a distant land?\n    Your burnt offerings are not acceptable,\n        nor your sacrifices pleasing to me.\n    [21] Therefore thus says the LORD:\n    \u2018Behold, I will lay before this people\n        stumbling blocks against which they shall stumble;\n    fathers and sons together,\n        neighbor and friend shall perish.\u2019\u201d\n    \n    \n    [22] Thus says the LORD:\n    \u201cBehold, a people is coming from the north country,\n        a great nation is stirring from the farthest parts of the earth.\n    [23] They lay hold on bow and javelin;\n        they are cruel and have no mercy;\n        the sound of them is like the roaring sea;\n    they ride on horses,\n        set in array as a man for battle,\n        against you, O daughter of Zion!\u201d\n    [24] We have heard the report of it;\n        our hands fall helpless;\n    anguish has taken hold of us,\n        pain as of a woman in labor.\n    [25] Go not out into the field,\n        nor walk on the road,\n    for the enemy has a sword;\n        terror is on every side.\n    [26] O daughter of my people, put on sackcloth,\n        and roll in ashes;\n    make mourning as for an only son,\n        most bitter lamentation,\n    for suddenly the destroyer\n        will come upon us.\n    \n    \n    [27] \u201cI have made you a tester of metals among my people,\n        that you may know and test their ways.\n    [28] They are all stubbornly rebellious,\n        going about with slanders;\n    they are bronze and iron;\n        all of them act corruptly.\n    [29] The bellows blow fiercely;\n        the lead is consumed by the fire;\n    in vain the refining goes on,\n        for the wicked are not removed.\n    [30] Rejected silver they are called,\n        for the LORD has rejected them.\u201d\n    \n\nFootnotes\n\n(1) 6:2 Or *I have likened the daughter of Zion to the loveliest pasture*\n (ESV)"]}