{"query": "Jeremiah 9", "canonical": "Jeremiah 9", "parsed": [[24009001, 24009026]], "passage_meta": [{"canonical": "Jeremiah 9", "chapter_start": [24009001, 24009026], "chapter_end": [24009001, 24009026], "prev_verse": 24008022, "next_verse": 24010001, "prev_chapter": [24008001, 24008022], "next_chapter": [24010001, 24010025]}], "passages": ["Jeremiah 9\n\n    [1] (1) Oh that my head were waters,\n        and my eyes a fountain of tears,\n    that I might weep day and night\n        for the slain of the daughter of my people!\n    [2] (2) Oh that I had in the desert\n        a travelers\u2019 lodging place,\n    that I might leave my people\n        and go away from them!\n    For they are all adulterers,\n        a company of treacherous men.\n    [3] They bend their tongue like a bow;\n        falsehood and not truth has grown strong(3) in the land;\n    for they proceed from evil to evil,\n        and they do not know me, declares the LORD.\n    \n    \n    [4] Let everyone beware of his neighbor,\n        and put no trust in any brother,\n    for every brother is a deceiver,\n        and every neighbor goes about as a slanderer.\n    [5] Everyone deceives his neighbor,\n        and no one speaks the truth;\n    they have taught their tongue to speak lies;\n        they weary themselves committing iniquity.\n    [6] Heaping oppression upon oppression, and deceit upon deceit,\n        they refuse to know me, declares the LORD.\n    \n    \n    [7] Therefore thus says the LORD of hosts:\n    \u201cBehold, I will refine them and test them,\n        for what else can I do, because of my people?\n    [8] Their tongue is a deadly arrow;\n        it speaks deceitfully;\n    with his mouth each speaks peace to his neighbor,\n        but in his heart he plans an ambush for him.\n    [9] Shall I not punish them for these things? declares the LORD,\n        and shall I not avenge myself\n        on a nation such as this?\n    \n    \n    [10] \u201cI will take up weeping and wailing for the mountains,\n        and a lamentation for the pastures of the wilderness,\n    because they are laid waste so that no one passes through,\n        and the lowing of cattle is not heard;\n    both the birds of the air and the beasts\n        have fled and are gone.\n    [11] I will make Jerusalem a heap of ruins,\n        a lair of jackals,\n    and I will make the cities of Judah a desolation,\n        without inhabitant.\u201d\n    \n    \n      [12] Who is the man so wise that he can understand this? To whom has the mouth of the LORD spoken, that he may declare it? Why is the land ruined and laid waste like a wilderness, so that no one passes through? [13] And the LORD says: \u201cBecause they have forsaken my law that I set before them, and have not obeyed my voice or walked in accord with it, [14] but have stubbornly followed their own hearts and have gone after the Baals, as their fathers taught them. [15] Therefore thus says the LORD of hosts, the God of Israel: Behold, I will feed this people with bitter food, and give them poisonous water to drink. [16] I will scatter them among the nations whom neither they nor their fathers have known, and I will send the sword after them, until I have consumed them.\u201d\n\n    [17] Thus says the LORD of hosts:\n    \u201cConsider, and call for the mourning women to come;\n        send for the skillful women to come;\n    [18] let them make haste and raise a wailing over us,\n        that our eyes may run down with tears\n        and our eyelids flow with water.\n    [19] For a sound of wailing is heard from Zion:\n        \u2018How we are ruined!\n        We are utterly shamed,\n    because we have left the land,\n        because they have cast down our dwellings.\u2019\u201d\n    \n    \n    [20] Hear, O women, the word of the LORD,\n        and let your ear receive the word of his mouth;\n    teach to your daughters a lament,\n        and each to her neighbor a dirge.\n    [21] For death has come up into our windows;\n        it has entered our palaces,\n    cutting off the children from the streets\n        and the young men from the squares.\n    [22] Speak: \u201cThus declares the LORD,\n    \u2018The dead bodies of men shall fall\n        like dung upon the open field,\n    like sheaves after the reaper,\n        and none shall gather them.\u2019\u201d\n    \n    \n      [23] Thus says the LORD: \u201cLet not the wise man boast in his wisdom, let not the mighty man boast in his might, let not the rich man boast in his riches, [24] but let him who boasts boast in this, that he understands and knows me, that I am the LORD who practices steadfast love, justice, and righteousness in the earth. For in these things I delight, declares the LORD.\u201d\n\n  [25] \u201cBehold, the days are coming, declares the LORD, when I will punish all those who are circumcised merely in the flesh\u2014[26] Egypt, Judah, Edom, the sons of Ammon, Moab, and all who dwell in the desert who cut the corners of their hair, for all these nations are uncircumcised, and all the house of Israel are uncircumcised in heart.\u201d\n\nFootnotes\n\n(1) 9:1 Ch 8:23 in Hebrew\n\n(2) 9:2 Ch 9:1 in Hebrew\n\n(3) 9:3 Septuagint; Hebrew *and not for truth they have grown strong*\n (ESV)"]}