{"query": "Jeremiah 25", "canonical": "Jeremiah 25", "parsed": [[24025001, 24025038]], "passage_meta": [{"canonical": "Jeremiah 25", "chapter_start": [24025001, 24025038], "chapter_end": [24025001, 24025038], "prev_verse": 24024010, "next_verse": 24026001, "prev_chapter": [24024001, 24024010], "next_chapter": [24026001, 24026024]}], "passages": ["Jeremiah 25\n\nSeventy Years of Captivity\n\n  [1] The word that came to Jeremiah concerning all the people of Judah, in the fourth year of Jehoiakim the son of Josiah, king of Judah (that was the first year of Nebuchadnezzar king of Babylon), [2] which Jeremiah the prophet spoke to all the people of Judah and all the inhabitants of Jerusalem: [3] \u201cFor twenty-three years, from the thirteenth year of Josiah the son of Amon, king of Judah, to this day, the word of the LORD has come to me, and I have spoken persistently to you, but you have not listened. [4] You have neither listened nor inclined your ears to hear, although the LORD persistently sent to you all his servants the prophets, [5] saying, \u2018Turn now, every one of you, from his evil way and evil deeds, and dwell upon the land that the LORD has given to you and your fathers from of old and forever. [6] Do not go after other gods to serve and worship them, or provoke me to anger with the work of your hands. Then I will do you no harm.\u2019 [7] Yet you have not listened to me, declares the LORD, that you might provoke me to anger with the work of your hands to your own harm.\n\n  [8] \u201cTherefore thus says the LORD of hosts: Because you have not obeyed my words, [9] behold, I will send for all the tribes of the north, declares the LORD, and for Nebuchadnezzar the king of Babylon, my servant, and I will bring them against this land and its inhabitants, and against all these surrounding nations. I will devote them to destruction, and make them a horror, a hissing, and an everlasting desolation. [10] Moreover, I will banish from them the voice of mirth and the voice of gladness, the voice of the bridegroom and the voice of the bride, the grinding of the millstones and the light of the lamp. [11] This whole land shall become a ruin and a waste, and these nations shall serve the king of Babylon seventy years. [12] Then after seventy years are completed, I will punish the king of Babylon and that nation, the land of the Chaldeans, for their iniquity, declares the LORD, making the land an everlasting waste. [13] I will bring upon that land all the words that I have uttered against it, everything written in this book, which Jeremiah prophesied against all the nations. [14] For many nations and great kings shall make slaves even of them, and I will recompense them according to their deeds and the work of their hands.\u201d\n\nThe Cup of the LORD\u2019s Wrath\n\n  [15] Thus the LORD, the God of Israel, said to me: \u201cTake from my hand this cup of the wine of wrath, and make all the nations to whom I send you drink it. [16] They shall drink and stagger and be crazed because of the sword that I am sending among them.\u201d\n\n  [17] So I took the cup from the LORD\u2019s hand, and made all the nations to whom the LORD sent me drink it: [18] Jerusalem and the cities of Judah, its kings and officials, to make them a desolation and a waste, a hissing and a curse, as at this day; [19] Pharaoh king of Egypt, his servants, his officials, all his people, [20] and all the mixed tribes among them; all the kings of the land of Uz and all the kings of the land of the Philistines (Ashkelon, Gaza, Ekron, and the remnant of Ashdod); [21] Edom, Moab, and the sons of Ammon; [22] all the kings of Tyre, all the kings of Sidon, and the kings of the coastland across the sea; [23] Dedan, Tema, Buz, and all who cut the corners of their hair; [24] all the kings of Arabia and all the kings of the mixed tribes who dwell in the desert; [25] all the kings of Zimri, all the kings of Elam, and all the kings of Media; [26] all the kings of the north, far and near, one after another, and all the kingdoms of the world that are on the face of the earth. And after them the king of Babylon(1) shall drink.\n\n  [27] \u201cThen you shall say to them, \u2018Thus says the LORD of hosts, the God of Israel: Drink, be drunk and vomit, fall and rise no more, because of the sword that I am sending among you.\u2019\n\n  [28] \u201cAnd if they refuse to accept the cup from your hand to drink, then you shall say to them, \u2018Thus says the LORD of hosts: You must drink! [29] For behold, I begin to work disaster at the city that is called by my name, and shall you go unpunished? You shall not go unpunished, for I am summoning a sword against all the inhabitants of the earth, declares the LORD of hosts.\u2019\n\n  [30] \u201cYou, therefore, shall prophesy against them all these words, and say to them:\n\n    \u201c\u2018The LORD will roar from on high,\n        and from his holy habitation utter his voice;\n    he will roar mightily against his fold,\n        and shout, like those who tread grapes,\n        against all the inhabitants of the earth.\n    [31] The clamor will resound to the ends of the earth,\n        for the LORD has an indictment against the nations;\n    he is entering into judgment with all flesh,\n        and the wicked he will put to the sword,\n                                            declares the LORD.\u2019\n    \n    \n    [32] \u201cThus says the LORD of hosts:\n    Behold, disaster is going forth\n        from nation to nation,\n    and a great tempest is stirring\n        from the farthest parts of the earth!\n    \n    \n      [33] \u201cAnd those pierced by the LORD on that day shall extend from one end of the earth to the other. They shall not be lamented, or gathered, or buried; they shall be dung on the surface of the ground.\n\n    [34] \u201cWail, you shepherds, and cry out,\n        and roll in ashes, you lords of the flock,\n    for the days of your slaughter and dispersion have come,\n        and you shall fall like a choice vessel.\n    [35] No refuge will remain for the shepherds,\n        nor escape for the lords of the flock.\n    [36] A voice\u2014the cry of the shepherds,\n        and the wail of the lords of the flock!\n    For the LORD is laying waste their pasture,\n    [37]     and the peaceful folds are devastated\n        because of the fierce anger of the LORD.\n    [38] Like a lion he has left his lair,\n        for their land has become a waste\n    because of the sword of the oppressor,\n        and because of his fierce anger.\u201d\n    \n\nFootnotes\n\n(1) 25:26 Hebrew *Sheshach*, a code name for Babylon\n (ESV)"]}