{"query": "Jeremiah 27", "canonical": "Jeremiah 27", "parsed": [[24027001, 24027022]], "passage_meta": [{"canonical": "Jeremiah 27", "chapter_start": [24027001, 24027022], "chapter_end": [24027001, 24027022], "prev_verse": 24026024, "next_verse": 24028001, "prev_chapter": [24026001, 24026024], "next_chapter": [24028001, 24028017]}], "passages": ["Jeremiah 27\n\nThe Yoke of Nebuchadnezzar\n\n  [1] In the beginning of the reign of Zedekiah(1) the son of Josiah, king of Judah, this word came to Jeremiah from the LORD. [2] Thus the LORD said to me: \u201cMake yourself straps and yoke-bars, and put them on your neck. [3] Send word(2) to the king of Edom, the king of Moab, the king of the sons of Ammon, the king of Tyre, and the king of Sidon by the hand of the envoys who have come to Jerusalem to Zedekiah king of Judah. [4] Give them this charge for their masters: \u2018Thus says the LORD of hosts, the God of Israel: This is what you shall say to your masters: [5] \u201cIt is I who by my great power and my outstretched arm have made the earth, with the men and animals that are on the earth, and I give it to whomever it seems right to me. [6] Now I have given all these lands into the hand of Nebuchadnezzar, the king of Babylon, my servant, and I have given him also the beasts of the field to serve him. [7] All the nations shall serve him and his son and his grandson, until the time of his own land comes. Then many nations and great kings shall make him their slave.\n\n  [8] \u201c\u2018\u201cBut if any nation or kingdom will not serve this Nebuchadnezzar king of Babylon, and put its neck under the yoke of the king of Babylon, I will punish that nation with the sword, with famine, and with pestilence, declares the LORD, until I have consumed it by his hand. [9] So do not listen to your prophets, your diviners, your dreamers, your fortune-tellers, or your sorcerers, who are saying to you, \u2018You shall not serve the king of Babylon.\u2019 [10] For it is a lie that they are prophesying to you, with the result that you will be removed far from your land, and I will drive you out, and you will perish. [11] But any nation that will bring its neck under the yoke of the king of Babylon and serve him, I will leave on its own land, to work it and dwell there, declares the LORD.\u201d\u2019\u201d\n\n  [12] To Zedekiah king of Judah I spoke in like manner: \u201cBring your necks under the yoke of the king of Babylon, and serve him and his people and live. [13] Why will you and your people die by the sword, by famine, and by pestilence, as the LORD has spoken concerning any nation that will not serve the king of Babylon? [14] Do not listen to the words of the prophets who are saying to you, \u2018You shall not serve the king of Babylon,\u2019 for it is a lie that they are prophesying to you. [15] I have not sent them, declares the LORD, but they are prophesying falsely in my name, with the result that I will drive you out and you will perish, you and the prophets who are prophesying to you.\u201d\n\n  [16] Then I spoke to the priests and to all this people, saying, \u201cThus says the LORD: Do not listen to the words of your prophets who are prophesying to you, saying, \u2018Behold, the vessels of the LORD\u2019s house will now shortly be brought back from Babylon,\u2019 for it is a lie that they are prophesying to you. [17] Do not listen to them; serve the king of Babylon and live. Why should this city become a desolation? [18] If they are prophets, and if the word of the LORD is with them, then let them intercede with the LORD of hosts, that the vessels that are left in the house of the LORD, in the house of the king of Judah, and in Jerusalem may not go to Babylon. [19] For thus says the LORD of hosts concerning the pillars, the sea, the stands, and the rest of the vessels that are left in this city, [20] which Nebuchadnezzar king of Babylon did not take away, when he took into exile from Jerusalem to Babylon Jeconiah the son of Jehoiakim, king of Judah, and all the nobles of Judah and Jerusalem\u2014[21] thus says the LORD of hosts, the God of Israel, concerning the vessels that are left in the house of the LORD, in the house of the king of Judah, and in Jerusalem: [22] They shall be carried to Babylon and remain there until the day when I visit them, declares the LORD. Then I will bring them back and restore them to this place.\u201d\n\nFootnotes\n\n(1) 27:1 Or *Jehoiakim*\n\n(2) 27:3 Hebrew *Send them*\n (ESV)"]}