{"query": "Jeremiah 52", "canonical": "Jeremiah 52", "parsed": [[24052001, 24052034]], "passage_meta": [{"canonical": "Jeremiah 52", "chapter_start": [24052001, 24052034], "chapter_end": [24052001, 24052034], "prev_verse": 24051064, "next_verse": 25001001, "prev_chapter": [24051001, 24051064], "next_chapter": [25001001, 25001022]}], "passages": ["Jeremiah 52\n\nThe Fall of Jerusalem Recounted\n\n  [1] Zedekiah was twenty-one years old when he became king, and he reigned eleven years in Jerusalem. His mother\u2019s name was Hamutal the daughter of Jeremiah of Libnah. [2] And he did what was evil in the sight of the LORD, according to all that Jehoiakim had done. [3] For because of the anger of the LORD it came to the point in Jerusalem and Judah that he cast them out from his presence.\n\n  And Zedekiah rebelled against the king of Babylon. [4] And in the ninth year of his reign, in the tenth month, on the tenth day of the month, Nebuchadnezzar king of Babylon came with all his army against Jerusalem, and laid siege to it. And they built siegeworks all around it. [5] So the city was besieged till the eleventh year of King Zedekiah. [6] On the ninth day of the fourth month the famine was so severe in the city that there was no food for the people of the land. [7] Then a breach was made in the city, and all the men of war fled and went out from the city by night by the way of a gate between the two walls, by the king\u2019s garden, and the Chaldeans were around the city. And they went in the direction of the Arabah. [8] But the army of the Chaldeans pursued the king and overtook Zedekiah in the plains of Jericho, and all his army was scattered from him. [9] Then they captured the king and brought him up to the king of Babylon at Riblah in the land of Hamath, and he passed sentence on him. [10] The king of Babylon slaughtered the sons of Zedekiah before his eyes, and also slaughtered all the officials of Judah at Riblah. [11] He put out the eyes of Zedekiah, and bound him in chains, and the king of Babylon took him to Babylon, and put him in prison till the day of his death.\n\nThe Temple Burned\n\n  [12] In the fifth month, on the tenth day of the month\u2014that was the nineteenth year of King Nebuchadnezzar, king of Babylon\u2014Nebuzaradan the captain of the bodyguard, who served the king of Babylon, entered Jerusalem. [13] And he burned the house of the LORD, and the king\u2019s house and all the houses of Jerusalem; every great house he burned down. [14] And all the army of the Chaldeans, who were with the captain of the guard, broke down all the walls around Jerusalem. [15] And Nebuzaradan the captain of the guard carried away captive some of the poorest of the people and the rest of the people who were left in the city and the deserters who had deserted to the king of Babylon, together with the rest of the artisans. [16] But Nebuzaradan the captain of the guard left some of the poorest of the land to be vinedressers and plowmen.\n\n  [17] And the pillars of bronze that were in the house of the LORD, and the stands and the bronze sea that were in the house of the LORD, the Chaldeans broke in pieces, and carried all the bronze to Babylon. [18] And they took away the pots and the shovels and the snuffers and the basins and the dishes for incense and all the vessels of bronze used in the temple service; [19] also the small bowls and the fire pans and the basins and the pots and the lampstands and the dishes for incense and the bowls for drink offerings. What was of gold the captain of the guard took away as gold, and what was of silver, as silver. [20] As for the two pillars, the one sea, the twelve bronze bulls that were under the sea,(1) and the stands, which Solomon the king had made for the house of the LORD, the bronze of all these things was beyond weight. [21] As for the pillars, the height of the one pillar was eighteen cubits,(2) its circumference was twelve cubits, and its thickness was four fingers, and it was hollow. [22] On it was a capital of bronze. The height of the one capital was five cubits. A network and pomegranates, all of bronze, were around the capital. And the second pillar had the same, with pomegranates. [23] There were ninety-six pomegranates on the sides; all the pomegranates were a hundred upon the network all around.\n\nThe People Exiled to Babylon\n\n  [24] And the captain of the guard took Seraiah the chief priest, and Zephaniah the second priest and the three keepers of the threshold; [25] and from the city he took an officer who had been in command of the men of war, and seven men of the king\u2019s council, who were found in the city; and the secretary of the commander of the army, who mustered the people of the land; and sixty men of the people of the land, who were found in the midst of the city. [26] And Nebuzaradan the captain of the guard took them and brought them to the king of Babylon at Riblah. [27] And the king of Babylon struck them down and put them to death at Riblah in the land of Hamath. So Judah was taken into exile out of its land.\n\n  [28] This is the number of the people whom Nebuchadnezzar carried away captive: in the seventh year, 3,023 Judeans; [29] in the eighteenth year of Nebuchadnezzar he carried away captive from Jerusalem 832 persons; [30] in the twenty-third year of Nebuchadnezzar, Nebuzaradan the captain of the guard carried away captive of the Judeans 745 persons; all the persons were 4,600.\n\nJehoiachin Released from Prison\n\n  [31] And in the thirty-seventh year of the exile of Jehoiachin king of Judah, in the twelfth month, on the twenty-fifth day of the month, Evil-merodach king of Babylon, in the year that he began to reign, graciously freed(3) Jehoiachin king of Judah and brought him out of prison. [32] And he spoke kindly to him and gave him a seat above the seats of the kings who were with him in Babylon. [33] So Jehoiachin put off his prison garments. And every day of his life he dined regularly at the king\u2019s table, [34] and for his allowance, a regular allowance was given him by the king, according to his daily needs, until the day of his death, as long as he lived.\n\nFootnotes\n\n(1) 52:20 Hebrew lacks *the sea*\n\n(2) 52:21 A *cubit* was about 18 inches or 45 centimeters\n\n(3) 52:31 Hebrew *reign, lifted up the head of*\n (ESV)"]}