{"query": "Jeremiah 3", "canonical": "Jeremiah 3", "parsed": [[24003001, 24003025]], "passage_meta": [{"canonical": "Jeremiah 3", "chapter_start": [24003001, 24003025], "chapter_end": [24003001, 24003025], "prev_verse": 24002037, "next_verse": 24004001, "prev_chapter": [24002001, 24002037], "next_chapter": [24004001, 24004031]}], "passages": ["Jeremiah 3\n\n    [1] \u201cIf(1) a man divorces his wife\n        and she goes from him\n    and becomes another man\u2019s wife,\n        will he return to her?\n    Would not that land be greatly polluted?\n    You have played the whore with many lovers;\n        and would you return to me?\n                                            declares the LORD.\n    [2] Lift up your eyes to the bare heights, and see!\n        Where have you not been ravished?\n    By the waysides you have sat awaiting lovers\n        like an Arab in the wilderness.\n    You have polluted the land\n        with your vile whoredom.\n    [3] Therefore the showers have been withheld,\n        and the spring rain has not come;\n    yet you have the forehead of a whore;\n        you refuse to be ashamed.\n    [4] Have you not just now called to me,\n        \u2018My father, you are the friend of my youth\u2014\n    [5] will he be angry forever,\n        will he be indignant to the end?\u2019\n    Behold, you have spoken,\n        but you have done all the evil that you could.\u201d\n    \n    \n    Faithless Israel Called to Repentance\n\n  [6] The LORD said to me in the days of King Josiah: \u201cHave you seen what she did, that faithless one, Israel, how she went up on every high hill and under every green tree, and there played the whore? [7] And I thought, \u2018After she has done all this she will return to me,\u2019 but she did not return, and her treacherous sister Judah saw it. [8] She saw that for all the adulteries of that faithless one, Israel, I had sent her away with a decree of divorce. Yet her treacherous sister Judah did not fear, but she too went and played the whore. [9] Because she took her whoredom lightly, she polluted the land, committing adultery with stone and tree. [10] Yet for all this her treacherous sister Judah did not return to me with her whole heart, but in pretense, declares the LORD.\u201d\n\n  [11] And the LORD said to me, \u201cFaithless Israel has shown herself more righteous than treacherous Judah. [12] Go, and proclaim these words toward the north, and say,\n\n    \u201c\u2018Return, faithless Israel,\n                                            declares the LORD.\n    I will not look on you in anger,\n        for I am merciful,\n                                            declares the LORD;\n    I will not be angry forever.\n    [13] Only acknowledge your guilt,\n        that you rebelled against the LORD your God\n    and scattered your favors among foreigners under every green tree,\n        and that you have not obeyed my voice,\n                                            declares the LORD.\n    [14] Return, O faithless children,\n                                            declares the LORD;\n        for I am your master;\n    I will take you, one from a city and two from a family,\n        and I will bring you to Zion.\n    \n    \n      [15] \u201c\u2018And I will give you shepherds after my own heart, who will feed you with knowledge and understanding. [16] And when you have multiplied and been fruitful in the land, in those days, declares the LORD, they shall no more say, \u201cThe ark of the covenant of the LORD.\u201d It shall not come to mind or be remembered or missed; it shall not be made again. [17] At that time Jerusalem shall be called the throne of the LORD, and all nations shall gather to it, to the presence of the LORD in Jerusalem, and they shall no more stubbornly follow their own evil heart. [18] In those days the house of Judah shall join the house of Israel, and together they shall come from the land of the north to the land that I gave your fathers for a heritage.\n\n    [19] \u201c\u2018I said,\n        How I would set you among my sons,\n    and give you a pleasant land,\n        a heritage most beautiful of all nations.\n    And I thought you would call me, My Father,\n        and would not turn from following me.\n    [20] Surely, as a treacherous wife leaves her husband,\n        so have you been treacherous to me, O house of Israel,\n                                            declares the LORD.\u2019\u201d\n    \n    \n    [21] A voice on the bare heights is heard,\n        the weeping and pleading of Israel\u2019s sons\n    because they have perverted their way;\n        they have forgotten the LORD their God.\n    [22] \u201cReturn, O faithless sons;\n        I will heal your faithlessness.\u201d\n    \u201cBehold, we come to you,\n        for you are the LORD our God.\n    [23] Truly the hills are a delusion,\n        the orgies(2) on the mountains.\n    Truly in the LORD our God\n        is the salvation of Israel.\n    \n    \n      [24] \u201cBut from our youth the shameful thing has devoured all for which our fathers labored, their flocks and their herds, their sons and their daughters. [25] Let us lie down in our shame, and let our dishonor cover us. For we have sinned against the LORD our God, we and our fathers, from our youth even to this day, and we have not obeyed the voice of the LORD our God.\u201d\n\nFootnotes\n\n(1) 3:1 Septuagint, Syriac; Hebrew *Saying, \u201cIf*\n\n(2) 3:23 Hebrew *commotion*\n (ESV)"]}