{"query": "Jeremiah 39", "canonical": "Jeremiah 39", "parsed": [[24039001, 24039018]], "passage_meta": [{"canonical": "Jeremiah 39", "chapter_start": [24039001, 24039018], "chapter_end": [24039001, 24039018], "prev_verse": 24038028, "next_verse": 24040001, "prev_chapter": [24038001, 24038028], "next_chapter": [24040001, 24040016]}], "passages": ["Jeremiah 39\n\nThe Fall of Jerusalem\n\n  [1] In the ninth year of Zedekiah king of Judah, in the tenth month, Nebuchadnezzar king of Babylon and all his army came against Jerusalem and besieged it. [2] In the eleventh year of Zedekiah, in the fourth month, on the ninth day of the month, a breach was made in the city. [3] Then all the officials of the king of Babylon came and sat in the middle gate: Nergal-sar-ezer of Samgar, Nebu-sar-sekim the Rab-saris, Nergal-sar-ezer the Rab-mag, with all the rest of the officers of the king of Babylon. [4] When Zedekiah king of Judah and all the soldiers saw them, they fled, going out of the city at night by way of the king\u2019s garden through the gate between the two walls; and they went toward the Arabah. [5] But the army of the Chaldeans pursued them and overtook Zedekiah in the plains of Jericho. And when they had taken him, they brought him up to Nebuchadnezzar king of Babylon, at Riblah, in the land of Hamath; and he passed sentence on him. [6] The king of Babylon slaughtered the sons of Zedekiah at Riblah before his eyes, and the king of Babylon slaughtered all the nobles of Judah. [7] He put out the eyes of Zedekiah and bound him in chains to take him to Babylon. [8] The Chaldeans burned the king\u2019s house and the house of the people, and broke down the walls of Jerusalem. [9] Then Nebuzaradan, the captain of the guard, carried into exile to Babylon the rest of the people who were left in the city, those who had deserted to him, and the people who remained. [10] Nebuzaradan, the captain of the guard, left in the land of Judah some of the poor people who owned nothing, and gave them vineyards and fields at the same time.\n\nThe LORD Delivers Jeremiah\n\n  [11] Nebuchadnezzar king of Babylon gave command concerning Jeremiah through Nebuzaradan, the captain of the guard, saying, [12] \u201cTake him, look after him well, and do him no harm, but deal with him as he tells you.\u201d [13] So Nebuzaradan the captain of the guard, Nebushazban the Rab-saris, Nergal-sar-ezer the Rab-mag, and all the chief officers of the king of Babylon [14] sent and took Jeremiah from the court of the guard. They entrusted him to Gedaliah the son of Ahikam, son of Shaphan, that he should take him home. So he lived among the people.\n\n  [15] The word of the LORD came to Jeremiah while he was shut up in the court of the guard: [16] \u201cGo, and say to Ebed-melech the Ethiopian, \u2018Thus says the LORD of hosts, the God of Israel: Behold, I will fulfill my words against this city for harm and not for good, and they shall be accomplished before you on that day. [17] But I will deliver you on that day, declares the LORD, and you shall not be given into the hand of the men of whom you are afraid. [18] For I will surely save you, and you shall not fall by the sword, but you shall have your life as a prize of war, because you have put your trust in me, declares the LORD.\u2019\u201d (ESV)"]}