{"query": "Lamentations 5", "canonical": "Lamentations 5", "parsed": [[25005001, 25005022]], "passage_meta": [{"canonical": "Lamentations 5", "chapter_start": [25005001, 25005022], "chapter_end": [25005001, 25005022], "prev_verse": 25004022, "next_verse": 26001001, "prev_chapter": [25004001, 25004022], "next_chapter": [26001001, 26001028]}], "passages": ["Lamentations 5\n\nRestore Us to Yourself, O LORD\n\n    [1] Remember, O LORD, what has befallen us;\n        look, and see our disgrace!\n    [2] Our inheritance has been turned over to strangers,\n        our homes to foreigners.\n    [3] We have become orphans, fatherless;\n        our mothers are like widows.\n    [4] We must pay for the water we drink;\n        the wood we get must be bought.\n    [5] Our pursuers are at our necks;\n        we are weary; we are given no rest.\n    [6] We have given the hand to Egypt, and to Assyria,\n        to get bread enough.\n    [7] Our fathers sinned, and are no more;\n        and we bear their iniquities.\n    [8] Slaves rule over us;\n        there is none to deliver us from their hand.\n    [9] We get our bread at the peril of our lives,\n        because of the sword in the wilderness.\n    [10] Our skin is hot as an oven\n        with the burning heat of famine.\n    [11] Women are raped in Zion,\n        young women in the towns of Judah.\n    [12] Princes are hung up by their hands;\n        no respect is shown to the elders.\n    [13] Young men are compelled to grind at the mill,\n        and boys stagger under loads of wood.\n    [14] The old men have left the city gate,\n        the young men their music.\n    [15] The joy of our hearts has ceased;\n        our dancing has been turned to mourning.\n    [16] The crown has fallen from our head;\n        woe to us, for we have sinned!\n    [17] For this our heart has become sick,\n        for these things our eyes have grown dim,\n    [18] for Mount Zion which lies desolate;\n        jackals prowl over it.\n    [19] But you, O LORD, reign forever;\n        your throne endures to all generations.\n    [20] Why do you forget us forever,\n        why do you forsake us for so many days?\n    [21] Restore us to yourself, O LORD, that we may be restored!\n        Renew our days as of old\u2014\n    [22] unless you have utterly rejected us,\n        and you remain exceedingly angry with us. (ESV)"]}