{"query": "Lamentations 4", "canonical": "Lamentations 4", "parsed": [[25004001, 25004022]], "passage_meta": [{"canonical": "Lamentations 4", "chapter_start": [25004001, 25004022], "chapter_end": [25004001, 25004022], "prev_verse": 25003066, "next_verse": 25005001, "prev_chapter": [25003001, 25003066], "next_chapter": [25005001, 25005022]}], "passages": ["Lamentations 4\n\nThe Holy Stones Lie Scattered\n\n    [1] How the gold has grown dim,\n        how the pure gold is changed!\n    The holy stones lie scattered\n        at the head of every street.\n    \n    \n    [2] The precious sons of Zion,\n        worth their weight in fine gold,\n    how they are regarded as earthen pots,\n        the work of a potter\u2019s hands!\n    \n    \n    [3] Even jackals offer the breast;\n        they nurse their young;\n    but the daughter of my people has become cruel,\n        like the ostriches in the wilderness.\n    \n    \n    [4] The tongue of the nursing infant sticks\n        to the roof of its mouth for thirst;\n    the children beg for food,\n        but no one gives to them.\n    \n    \n    [5] Those who once feasted on delicacies\n        perish in the streets;\n    those who were brought up in purple\n        embrace ash heaps.\n    \n    \n    [6] For the chastisement(1) of the daughter of my people has been greater\n        than the punishment(2) of Sodom,\n    which was overthrown in a moment,\n        and no hands were wrung for her.(3)\n    \n    \n    [7] Her princes were purer than snow,\n        whiter than milk;\n    their bodies were more ruddy than coral,\n        the beauty of their form(4) was like sapphire.(5)\n    \n    \n    [8] Now their face is blacker than soot;\n        they are not recognized in the streets;\n    their skin has shriveled on their bones;\n        it has become as dry as wood.\n    \n    \n    [9] Happier were the victims of the sword\n        than the victims of hunger,\n    who wasted away, pierced\n        by lack of the fruits of the field.\n    \n    \n    [10] The hands of compassionate women\n        have boiled their own children;\n    they became their food\n        during the destruction of the daughter of my people.\n    \n    \n    [11] The LORD gave full vent to his wrath;\n        he poured out his hot anger,\n    and he kindled a fire in Zion\n        that consumed its foundations.\n    \n    \n    [12] The kings of the earth did not believe,\n        nor any of the inhabitants of the world,\n    that foe or enemy could enter\n        the gates of Jerusalem.\n    \n    \n    [13] This was for the sins of her prophets\n        and the iniquities of her priests,\n    who shed in the midst of her\n        the blood of the righteous.\n    \n    \n    [14] They wandered, blind, through the streets;\n        they were so defiled with blood\n    that no one was able to touch\n        their garments.\n    \n    \n    [15] \u201cAway! Unclean!\u201d people cried at them.\n        \u201cAway! Away! Do not touch!\u201d\n    So they became fugitives and wanderers;\n        people said among the nations,\n        \u201cThey shall stay with us no longer.\u201d\n    \n    \n    [16] The LORD himself(6) has scattered them;\n        he will regard them no more;\n    no honor was shown to the priests,\n        no favor to the elders.\n    \n    \n    [17] Our eyes failed, ever watching\n        vainly for help;\n    in our watching we watched\n        for a nation which could not save.\n    \n    \n    [18] They dogged our steps\n        so that we could not walk in our streets;\n    our end drew near; our days were numbered,\n        for our end had come.\n    \n    \n    [19] Our pursuers were swifter\n        than the eagles in the heavens;\n    they chased us on the mountains;\n        they lay in wait for us in the wilderness.\n    \n    \n    [20] The breath of our nostrils, the LORD\u2019s anointed,\n        was captured in their pits,\n    of whom we said, \u201cUnder his shadow\n        we shall live among the nations.\u201d\n    \n    \n    [21] Rejoice and be glad, O daughter of Edom,\n        you who dwell in the land of Uz;\n    but to you also the cup shall pass;\n        you shall become drunk and strip yourself bare.\n    \n    \n    [22] The punishment of your iniquity, O daughter of Zion, is accomplished;\n        he will keep you in exile no longer;(7)\n    but your iniquity, O daughter of Edom, he will punish;\n        he will uncover your sins.\n    \n\nFootnotes\n\n(1) 4:6 Or *iniquity*\n\n(2) 4:6 Or *sin*\n\n(3) 4:6 The meaning of the Hebrew is uncertain\n\n(4) 4:7 The meaning of the Hebrew is uncertain\n\n(5) 4:7 Hebrew *lapis lazuli*\n\n(6) 4:16 Hebrew *The face of the Lord*\n\n(7) 4:22 Or *he will not exile you again*\n (ESV)"]}