{"query": "Lamentations 2", "canonical": "Lamentations 2", "parsed": [[25002001, 25002022]], "passage_meta": [{"canonical": "Lamentations 2", "chapter_start": [25002001, 25002022], "chapter_end": [25002001, 25002022], "prev_verse": 25001022, "next_verse": 25003001, "prev_chapter": [25001001, 25001022], "next_chapter": [25003001, 25003066]}], "passages": ["Lamentations 2\n\nThe Lord Has Destroyed Without Pity\n\n    [1] How the Lord in his anger\n        has set the daughter of Zion under a cloud!\n    He has cast down from heaven to earth\n        the splendor of Israel;\n    he has not remembered his footstool\n        in the day of his anger.\n    \n    \n    [2] The Lord has swallowed up without mercy\n        all the habitations of Jacob;\n    in his wrath he has broken down\n        the strongholds of the daughter of Judah;\n    he has brought down to the ground in dishonor\n        the kingdom and its rulers.\n    \n    \n    [3] He has cut down in fierce anger\n        all the might of Israel;\n    he has withdrawn from them his right hand\n        in the face of the enemy;\n    he has burned like a flaming fire in Jacob,\n        consuming all around.\n    \n    \n    [4] He has bent his bow like an enemy,\n        with his right hand set like a foe;\n    and he has killed all who were delightful in our eyes\n        in the tent of the daughter of Zion;\n    he has poured out his fury like fire.\n    \n    \n    [5] The Lord has become like an enemy;\n        he has swallowed up Israel;\n    he has swallowed up all its palaces;\n        he has laid in ruins its strongholds,\n    and he has multiplied in the daughter of Judah\n        mourning and lamentation.\n    \n    \n    [6] He has laid waste his booth like a garden,\n        laid in ruins his meeting place;\n    the LORD has made Zion forget\n        festival and Sabbath,\n    and in his fierce indignation has spurned king and priest.\n    \n    \n    [7] The Lord has scorned his altar,\n        disowned his sanctuary;\n    he has delivered into the hand of the enemy\n        the walls of her palaces;\n    they raised a clamor in the house of the LORD\n        as on the day of festival.\n    \n    \n    [8] The LORD determined to lay in ruins\n        the wall of the daughter of Zion;\n    he stretched out the measuring line;\n        he did not restrain his hand from destroying;\n    he caused rampart and wall to lament;\n        they languished together.\n    \n    \n    [9] Her gates have sunk into the ground;\n        he has ruined and broken her bars;\n    her king and princes are among the nations;\n        the law is no more,\n    and her prophets find\n        no vision from the LORD.\n    \n    \n    [10] The elders of the daughter of Zion\n        sit on the ground in silence;\n    they have thrown dust on their heads\n        and put on sackcloth;\n    the young women of Jerusalem\n        have bowed their heads to the ground.\n    \n    \n    [11] My eyes are spent with weeping;\n        my stomach churns;\n    my bile is poured out to the ground\n        because of the destruction of the daughter of my people,\n    because infants and babies faint\n        in the streets of the city.\n    \n    \n    [12] They cry to their mothers,\n        \u201cWhere is bread and wine?\u201d\n    as they faint like a wounded man\n        in the streets of the city,\n    as their life is poured out\n        on their mothers\u2019 bosom.\n    \n    \n    [13] What can I say for you, to what compare you,\n        O daughter of Jerusalem?\n    What can I liken to you, that I may comfort you,\n        O virgin daughter of Zion?\n    For your ruin is vast as the sea;\n        who can heal you?\n    \n    \n    [14] Your prophets have seen for you\n        false and deceptive visions;\n    they have not exposed your iniquity\n        to restore your fortunes,\n    but have seen for you oracles\n        that are false and misleading.\n    \n    \n    [15] All who pass along the way\n        clap their hands at you;\n    they hiss and wag their heads\n        at the daughter of Jerusalem:\n    \u201cIs this the city that was called\n        the perfection of beauty,\n        the joy of all the earth?\u201d\n    \n    \n    [16] All your enemies\n        rail against you;\n    they hiss, they gnash their teeth,\n        they cry: \u201cWe have swallowed her!\n    Ah, this is the day we longed for;\n        now we have it; we see it!\u201d\n    \n    \n    [17] The LORD has done what he purposed;\n        he has carried out his word,\n    which he commanded long ago;\n        he has thrown down without pity;\n    he has made the enemy rejoice over you\n        and exalted the might of your foes.\n    \n    \n    [18] Their heart cried to the Lord.\n        O wall of the daughter of Zion,\n    let tears stream down like a torrent\n        day and night!\n    Give yourself no rest,\n        your eyes no respite!\n    \n    \n    [19] \u201cArise, cry out in the night,\n        at the beginning of the night watches!\n    Pour out your heart like water\n        before the presence of the Lord!\n    Lift your hands to him\n        for the lives of your children,\n    who faint for hunger\n        at the head of every street.\u201d\n    \n    \n    [20] Look, O LORD, and see!\n        With whom have you dealt thus?\n    Should women eat the fruit of their womb,\n        the children of their tender care?\n    Should priest and prophet be killed\n        in the sanctuary of the Lord?\n    \n    \n    [21] In the dust of the streets\n        lie the young and the old;\n    my young women and my young men\n        have fallen by the sword;\n    you have killed them in the day of your anger,\n        slaughtering without pity.\n    \n    \n    [22] You summoned as if to a festival day\n        my terrors on every side,\n    and on the day of the anger of the LORD\n        no one escaped or survived;\n    those whom I held and raised\n        my enemy destroyed. (ESV)"]}