{"query": "Lamentations 3", "canonical": "Lamentations 3", "parsed": [[25003001, 25003066]], "passage_meta": [{"canonical": "Lamentations 3", "chapter_start": [25003001, 25003066], "chapter_end": [25003001, 25003066], "prev_verse": 25002022, "next_verse": 25004001, "prev_chapter": [25002001, 25002022], "next_chapter": [25004001, 25004022]}], "passages": ["Lamentations 3\n\nGreat Is Your Faithfulness\n\n    [1] I am the man who has seen affliction\n        under the rod of his wrath;\n    [2] he has driven and brought me\n        into darkness without any light;\n    [3] surely against me he turns his hand\n        again and again the whole day long.\n    \n    \n    [4] He has made my flesh and my skin waste away;\n        he has broken my bones;\n    [5] he has besieged and enveloped me\n        with bitterness and tribulation;\n    [6] he has made me dwell in darkness\n        like the dead of long ago.\n    \n    \n    [7] He has walled me about so that I cannot escape;\n        he has made my chains heavy;\n    [8] though I call and cry for help,\n        he shuts out my prayer;\n    [9] he has blocked my ways with blocks of stones;\n        he has made my paths crooked.\n    \n    \n    [10] He is a bear lying in wait for me,\n        a lion in hiding;\n    [11] he turned aside my steps and tore me to pieces;\n        he has made me desolate;\n    [12] he bent his bow and set me\n        as a target for his arrow.\n    \n    \n    [13] He drove into my kidneys\n        the arrows of his quiver;\n    [14] I have become the laughingstock of all peoples,\n        the object of their taunts all day long.\n    [15] He has filled me with bitterness;\n        he has sated me with wormwood.\n    \n    \n    [16] He has made my teeth grind on gravel,\n        and made me cower in ashes;\n    [17] my soul is bereft of peace;\n        I have forgotten what happiness(1) is;\n    [18] so I say, \u201cMy endurance has perished;\n        so has my hope from the LORD.\u201d\n    \n    \n    [19] Remember my affliction and my wanderings,\n        the wormwood and the gall!\n    [20] My soul continually remembers it\n        and is bowed down within me.\n    [21] But this I call to mind,\n        and therefore I have hope:\n    \n    \n    [22] The steadfast love of the LORD never ceases;(2)\n        his mercies never come to an end;\n    [23] they are new every morning;\n        great is your faithfulness.\n    [24] \u201cThe LORD is my portion,\u201d says my soul,\n        \u201ctherefore I will hope in him.\u201d\n    \n    \n    [25] The LORD is good to those who wait for him,\n        to the soul who seeks him.\n    [26] It is good that one should wait quietly\n        for the salvation of the LORD.\n    [27] It is good for a man that he bear\n        the yoke in his youth.\n    \n    \n    [28] Let him sit alone in silence\n        when it is laid on him;\n    [29] let him put his mouth in the dust\u2014\n        there may yet be hope;\n    [30] let him give his cheek to the one who strikes,\n        and let him be filled with insults.\n    \n    \n    [31] For the Lord will not\n        cast off forever,\n    [32] but, though he cause grief, he will have compassion\n        according to the abundance of his steadfast love;\n    [33] for he does not afflict from his heart\n        or grieve the children of men.\n    \n    \n    [34] To crush underfoot\n        all the prisoners of the earth,\n    [35] to deny a man justice\n        in the presence of the Most High,\n    [36] to subvert a man in his lawsuit,\n        the Lord does not approve.\n    \n    \n    [37] Who has spoken and it came to pass,\n        unless the Lord has commanded it?\n    [38] Is it not from the mouth of the Most High\n        that good and bad come?\n    [39] Why should a living man complain,\n        a man, about the punishment of his sins?\n    \n    \n    [40] Let us test and examine our ways,\n        and return to the LORD!\n    [41] Let us lift up our hearts and hands\n        to God in heaven:\n    [42] \u201cWe have transgressed and rebelled,\n        and you have not forgiven.\n    \n    \n    [43] \u201cYou have wrapped yourself with anger and pursued us,\n        killing without pity;\n    [44] you have wrapped yourself with a cloud\n        so that no prayer can pass through.\n    [45] You have made us scum and garbage\n        among the peoples.\n    \n    \n    [46] \u201cAll our enemies\n        open their mouths against us;\n    [47] panic and pitfall have come upon us,\n        devastation and destruction;\n    [48] my eyes flow with rivers of tears\n        because of the destruction of the daughter of my people.\n    \n    \n    [49] \u201cMy eyes will flow without ceasing,\n        without respite,\n    [50] until the LORD from heaven\n        looks down and sees;\n    [51] my eyes cause me grief\n        at the fate of all the daughters of my city.\n    \n    \n    [52] \u201cI have been hunted like a bird\n        by those who were my enemies without cause;\n    [53] they flung me alive into the pit\n        and cast stones on me;\n    [54] water closed over my head;\n        I said, \u2018I am lost.\u2019\n    \n    \n    [55] \u201cI called on your name, O LORD,\n        from the depths of the pit;\n    [56] you heard my plea, \u2018Do not close\n        your ear to my cry for help!\u2019\n    [57] You came near when I called on you;\n        you said, \u2018Do not fear!\u2019\n    \n    \n    [58] \u201cYou have taken up my cause, O Lord;\n        you have redeemed my life.\n    [59] You have seen the wrong done to me, O LORD;\n        judge my cause.\n    [60] You have seen all their vengeance,\n        all their plots against me.\n    \n    \n    [61] \u201cYou have heard their taunts, O LORD,\n        all their plots against me.\n    [62] The lips and thoughts of my assailants\n        are against me all the day long.\n    [63] Behold their sitting and their rising;\n        I am the object of their taunts.\n    \n    \n    [64] \u201cYou will repay them,(3) O LORD,\n        according to the work of their hands.\n    [65] You will give them(4) dullness of heart;\n        your curse will be(5) on them.\n    [66] You will pursue them(6) in anger and destroy them\n        from under your heavens, O LORD.\u201d(7)\n    \n\nFootnotes\n\n(1) 3:17 Hebrew *good*\n\n(2) 3:22 Syriac, Targum; Hebrew *Because of the steadfast love of the Lord, we are not cut off*\n\n(3) 3:64 Or *Repay them*\n\n(4) 3:65 Or *Give them*\n\n(5) 3:65 Or *place your curse*\n\n(6) 3:66 Or *Pursue them*\n\n(7) 3:66 Syriac (compare Septuagint, Vulgate); Hebrew *the heavens of the Lord*\n (ESV)"]}