{"query": "Lamentations 1", "canonical": "Lamentations 1", "parsed": [[25001001, 25001022]], "passage_meta": [{"canonical": "Lamentations 1", "chapter_start": [25001001, 25001022], "chapter_end": [25001001, 25001022], "prev_verse": 24052034, "next_verse": 25002001, "prev_chapter": [24052001, 24052034], "next_chapter": [25002001, 25002022]}], "passages": ["Lamentations 1\n\nHow Lonely Sits the City\n\n    [1] How lonely sits the city\n        that was full of people!\n    How like a widow has she become,\n        she who was great among the nations!\n    She who was a princess among the provinces\n        has become a slave.\n    \n    \n    [2] She weeps bitterly in the night,\n        with tears on her cheeks;\n    among all her lovers\n        she has none to comfort her;\n    all her friends have dealt treacherously with her;\n        they have become her enemies.\n    \n    \n    [3] Judah has gone into exile because of affliction(1)\n        and hard servitude;\n    she dwells now among the nations,\n        but finds no resting place;\n    her pursuers have all overtaken her\n        in the midst of her distress.(2)\n    \n    \n    [4] The roads to Zion mourn,\n        for none come to the festival;\n    all her gates are desolate;\n        her priests groan;\n    her virgins have been afflicted,(3)\n        and she herself suffers bitterly.\n    \n    \n    [5] Her foes have become the head;\n        her enemies prosper,\n    because the LORD has afflicted her\n        for the multitude of her transgressions;\n    her children have gone away,\n        captives before the foe.\n    \n    \n    [6] From the daughter of Zion\n        all her majesty has departed.\n    Her princes have become like deer\n        that find no pasture;\n    they fled without strength\n        before the pursuer.\n    \n    \n    [7] Jerusalem remembers\n        in the days of her affliction and wandering\n    all the precious things\n        that were hers from days of old.\n    When her people fell into the hand of the foe,\n        and there was none to help her,\n    her foes gloated over her;\n        they mocked at her downfall.\n    \n    \n    [8] Jerusalem sinned grievously;\n        therefore she became filthy;\n    all who honored her despise her,\n        for they have seen her nakedness;\n    she herself groans\n        and turns her face away.\n    \n    \n    [9] Her uncleanness was in her skirts;\n        she took no thought of her future;(4)\n    therefore her fall is terrible;\n        she has no comforter.\n    \u201cO LORD, behold my affliction,\n        for the enemy has triumphed!\u201d\n    \n    \n    [10] The enemy has stretched out his hands\n        over all her precious things;\n    for she has seen the nations\n        enter her sanctuary,\n    those whom you forbade\n        to enter your congregation.\n    \n    \n    [11] All her people groan\n        as they search for bread;\n    they trade their treasures for food\n        to revive their strength.\n    \u201cLook, O LORD, and see,\n        for I am despised.\u201d\n    \n    \n    [12] \u201cIs it nothing to you, all you who pass by?\n        Look and see\n    if there is any sorrow like my sorrow,\n        which was brought upon me,\n    which the LORD inflicted\n        on the day of his fierce anger.\n    \n    \n    [13] \u201cFrom on high he sent fire;\n        into my bones(5) he made it descend;\n    he spread a net for my feet;\n        he turned me back;\n    he has left me stunned,\n        faint all the day long.\n    \n    \n    [14] \u201cMy transgressions were bound(6) into a yoke;\n        by his hand they were fastened together;\n    they were set upon my neck;\n        he caused my strength to fail;\n    the Lord gave me into the hands\n        of those whom I cannot withstand.\n    \n    \n    [15] \u201cThe Lord rejected\n        all my mighty men in my midst;\n    he summoned an assembly against me\n        to crush my young men;\n    the Lord has trodden as in a winepress\n        the virgin daughter of Judah.\n    \n    \n    [16] \u201cFor these things I weep;\n        my eyes flow with tears;\n    for a comforter is far from me,\n        one to revive my spirit;\n    my children are desolate,\n        for the enemy has prevailed.\u201d\n    \n    \n    [17] Zion stretches out her hands,\n        but there is none to comfort her;\n    the LORD has commanded against Jacob\n        that his neighbors should be his foes;\n    Jerusalem has become\n        a filthy thing among them.\n    \n    \n    [18] \u201cThe LORD is in the right,\n        for I have rebelled against his word;\n    but hear, all you peoples,\n        and see my suffering;\n    my young women and my young men\n        have gone into captivity.\n    \n    \n    [19] \u201cI called to my lovers,\n        but they deceived me;\n    my priests and elders\n        perished in the city,\n    while they sought food\n        to revive their strength.\n    \n    \n    [20] \u201cLook, O LORD, for I am in distress;\n        my stomach churns;\n    my heart is wrung within me,\n        because I have been very rebellious.\n    In the street the sword bereaves;\n        in the house it is like death.\n    \n    \n    [21] \u201cThey heard(7) my groaning,\n        yet there is no one to comfort me.\n    All my enemies have heard of my trouble;\n        they are glad that you have done it.\n    You have brought(8) the day you announced;\n        now let them be as I am.\n    \n    \n    [22] \u201cLet all their evildoing come before you,\n        and deal with them\n    as you have dealt with me\n        because of all my transgressions;\n    for my groans are many,\n        and my heart is faint.\u201d\n    \n\nFootnotes\n\n(1) 1:3 Or *under affliction*\n\n(2) 1:3 Or *in the narrow passes*\n\n(3) 1:4 Septuagint, Old Latin *dragged away*\n\n(4) 1:9 Or *end*\n\n(5) 1:13 Septuagint; Hebrew *bones and*\n\n(6) 1:14 The meaning of the Hebrew is uncertain\n\n(7) 1:21 Septuagint, Syriac *Hear*\n\n(8) 1:21 Syriac *Bring*\n (ESV)"]}