{"query": "Amos 7", "canonical": "Amos 7", "parsed": [[30007001, 30007017]], "passage_meta": [{"canonical": "Amos 7", "chapter_start": [30007001, 30007017], "chapter_end": [30007001, 30007017], "prev_verse": 30006014, "next_verse": 30008001, "prev_chapter": [30006001, 30006014], "next_chapter": [30008001, 30008014]}], "passages": ["Amos 7\n\nWarning Visions\n\n  [1] This is what the Lord GOD showed me: behold, he was forming locusts when the latter growth was just beginning to sprout, and behold, it was the latter growth after the king\u2019s mowings. [2] When they had finished eating the grass of the land, I said,\n\n    \u201cO Lord GOD, please forgive!\n        How can Jacob stand?\n        He is so small!\u201d\n    [3] The LORD relented concerning this:\n        \u201cIt shall not be,\u201d said the LORD.\n    \n    \n      [4] This is what the Lord GOD showed me: behold, the Lord GOD was calling for a judgment by fire, and it devoured the great deep and was eating up the land. [5] Then I said,\n\n    \u201cO Lord GOD, please cease!\n        How can Jacob stand?\n        He is so small!\u201d\n    [6] The LORD relented concerning this:\n        \u201cThis also shall not be,\u201d said the Lord GOD.\n    \n    \n      [7] This is what he showed me: behold, the Lord was standing beside a wall built with a plumb line, with a plumb line in his hand. [8] And the LORD said to me, \u201cAmos, what do you see?\u201d And I said, \u201cA plumb line.\u201d Then the Lord said,\n\n    \u201cBehold, I am setting a plumb line\n        in the midst of my people Israel;\n        I will never again pass by them;\n    [9] the high places of Isaac shall be made desolate,\n        and the sanctuaries of Israel shall be laid waste,\n        and I will rise against the house of Jeroboam with the sword.\u201d\n    \n    \n    Amos Accused\n\n  [10] Then Amaziah the priest of Bethel sent to Jeroboam king of Israel, saying, \u201cAmos has conspired against you in the midst of the house of Israel. The land is not able to bear all his words. [11] For thus Amos has said,\n\n    \u201c\u2018Jeroboam shall die by the sword,\n        and Israel must go into exile\n        away from his land.\u2019\u201d\n    \n    \n      [12] And Amaziah said to Amos, \u201cO seer, go, flee away to the land of Judah, and eat bread there, and prophesy there, [13] but never again prophesy at Bethel, for it is the king\u2019s sanctuary, and it is a temple of the kingdom.\u201d\n\n  [14] Then Amos answered and said to Amaziah, \u201cI was(1) no prophet, nor a prophet\u2019s son, but I was a herdsman and a dresser of sycamore figs. [15] But the LORD took me from following the flock, and the LORD said to me, \u2018Go, prophesy to my people Israel.\u2019 [16] Now therefore hear the word of the LORD.\n\n    \u201cYou say, \u2018Do not prophesy against Israel,\n        and do not preach against the house of Isaac.\u2019\n    \n    \n      [17] Therefore thus says the LORD:\n\n    \u201c\u2018Your wife shall be a prostitute in the city,\n        and your sons and your daughters shall fall by the sword,\n        and your land shall be divided up with a measuring line;\n    you yourself shall die in an unclean land,\n        and Israel shall surely go into exile away from its land.\u2019\u201d\n    \n\nFootnotes\n\n(1) 7:14 Or *am*; twice in this verse\n (ESV)"]}