{"query": "Amos 2", "canonical": "Amos 2", "parsed": [[30002001, 30002016]], "passage_meta": [{"canonical": "Amos 2", "chapter_start": [30002001, 30002016], "chapter_end": [30002001, 30002016], "prev_verse": 30001015, "next_verse": 30003001, "prev_chapter": [30001001, 30001015], "next_chapter": [30003001, 30003015]}], "passages": ["Amos 2\n\n  [1] Thus says the LORD:\n\n    \u201cFor three transgressions of Moab,\n        and for four, I will not revoke the punishment,(1)\n    because he burned to lime\n        the bones of the king of Edom.\n    [2] So I will send a fire upon Moab,\n        and it shall devour the strongholds of Kerioth,\n    and Moab shall die amid uproar,\n        amid shouting and the sound of the trumpet;\n    [3] I will cut off the ruler from its midst,\n        and will kill all its princes(2) with him,\u201d\n                                            says the LORD.\n    \n    \n    Judgment on Judah\n\n  [4] Thus says the LORD:\n\n    \u201cFor three transgressions of Judah,\n        and for four, I will not revoke the punishment,\n    because they have rejected the law of the LORD,\n        and have not kept his statutes,\n    but their lies have led them astray,\n        those after which their fathers walked.\n    [5] So I will send a fire upon Judah,\n        and it shall devour the strongholds of Jerusalem.\u201d\n    \n    \n    Judgment on Israel\n\n  [6] Thus says the LORD:\n\n    \u201cFor three transgressions of Israel,\n        and for four, I will not revoke the punishment,\n    because they sell the righteous for silver,\n        and the needy for a pair of sandals\u2014\n    [7] those who trample the head of the poor into the dust of the earth\n        and turn aside the way of the afflicted;\n    a man and his father go in to the same girl,\n        so that my holy name is profaned;\n    [8] they lay themselves down beside every altar\n        on garments taken in pledge,\n    and in the house of their God they drink\n        the wine of those who have been fined.\n    \n    \n    [9] \u201cYet it was I who destroyed the Amorite before them,\n        whose height was like the height of the cedars\n        and who was as strong as the oaks;\n    I destroyed his fruit above\n        and his roots beneath.\n    [10] Also it was I who brought you up out of the land of Egypt\n        and led you forty years in the wilderness,\n        to possess the land of the Amorite.\n    [11] And I raised up some of your sons for prophets,\n        and some of your young men for Nazirites.\n        Is it not indeed so, O people of Israel?\u201d\n                                            declares the LORD.\n    \n    \n    [12] \u201cBut you made the Nazirites drink wine,\n        and commanded the prophets,\n        saying, \u2018You shall not prophesy.\u2019\n    \n    \n    [13] \u201cBehold, I will press you down in your place,\n        as a cart full of sheaves presses down.\n    [14] Flight shall perish from the swift,\n        and the strong shall not retain his strength,\n        nor shall the mighty save his life;\n    [15] he who handles the bow shall not stand,\n        and he who is swift of foot shall not save himself,\n        nor shall he who rides the horse save his life;\n    [16] and he who is stout of heart among the mighty\n        shall flee away naked in that day,\u201d\n                                            declares the LORD.\n    \n\nFootnotes\n\n(1) 2:1 Hebrew *I will not turn it back*; also verses 4, 6\n\n(2) 2:3 Or *officials*\n (ESV)"]}