{"query": "Amos 1", "canonical": "Amos 1", "parsed": [[30001001, 30001015]], "passage_meta": [{"canonical": "Amos 1", "chapter_start": [30001001, 30001015], "chapter_end": [30001001, 30001015], "prev_verse": 29003021, "next_verse": 30002001, "prev_chapter": [29003001, 29003021], "next_chapter": [30002001, 30002016]}], "passages": ["Amos 1\n\n\n\n  [1] The words of Amos, who was among the shepherds(1) of Tekoa, which he saw concerning Israel in the days of Uzziah king of Judah and in the days of Jeroboam the son of Joash, king of Israel, two years(2) before the earthquake.\n\nJudgment on Israel\u2019s Neighbors\n\n  [2] And he said:\n\n    \u201cThe LORD roars from Zion\n        and utters his voice from Jerusalem;\n    the pastures of the shepherds mourn,\n        and the top of Carmel withers.\u201d\n    \n    \n      [3] Thus says the LORD:\n\n    \u201cFor three transgressions of Damascus,\n        and for four, I will not revoke the punishment,(3)\n    because they have threshed Gilead\n        with threshing sledges of iron.\n    [4] So I will send a fire upon the house of Hazael,\n        and it shall devour the strongholds of Ben-hadad.\n    [5] I will break the gate-bar of Damascus,\n        and cut off the inhabitants from the Valley of Aven,(4)\n    and him who holds the scepter from Beth-eden;\n        and the people of Syria shall go into exile to Kir,\u201d\n                                            says the LORD.\n    \n    \n      [6] Thus says the LORD:\n\n    \u201cFor three transgressions of Gaza,\n        and for four, I will not revoke the punishment,\n    because they carried into exile a whole people\n        to deliver them up to Edom.\n    [7] So I will send a fire upon the wall of Gaza,\n        and it shall devour her strongholds.\n    [8] I will cut off the inhabitants from Ashdod,\n        and him who holds the scepter from Ashkelon;\n    I will turn my hand against Ekron,\n        and the remnant of the Philistines shall perish,\u201d\n                                            says the Lord GOD.\n    \n    \n      [9] Thus says the LORD:\n\n    \u201cFor three transgressions of Tyre,\n        and for four, I will not revoke the punishment,\n    because they delivered up a whole people to Edom,\n        and did not remember the covenant of brotherhood.\n    [10] So I will send a fire upon the wall of Tyre,\n        and it shall devour her strongholds.\u201d\n    \n    \n      [11] Thus says the LORD:\n\n    \u201cFor three transgressions of Edom,\n        and for four, I will not revoke the punishment,\n    because he pursued his brother with the sword\n        and cast off all pity,\n    and his anger tore perpetually,\n        and he kept his wrath forever.\n    [12] So I will send a fire upon Teman,\n        and it shall devour the strongholds of Bozrah.\u201d\n    \n    \n      [13] Thus says the LORD:\n\n    \u201cFor three transgressions of the Ammonites,\n        and for four, I will not revoke the punishment,\n    because they have ripped open pregnant women in Gilead,\n        that they might enlarge their border.\n    [14] So I will kindle a fire in the wall of Rabbah,\n        and it shall devour her strongholds,\n    with shouting on the day of battle,\n        with a tempest in the day of the whirlwind;\n    [15] and their king shall go into exile,\n        he and his princes(5) together,\u201d\n                                            says the LORD.\n    \n\nFootnotes\n\n(1) 1:1 Or *sheep breeders*\n\n(2) 1:1 Or *during two years*\n\n(3) 1:3 Hebrew *I will not turn it back*; also verses 6, 9, 11, 13\n\n(4) 1:5 Or *On*\n\n(5) 1:15 Or *officials*\n (ESV)"]}