{"query": "Amos 3", "canonical": "Amos 3", "parsed": [[30003001, 30003015]], "passage_meta": [{"canonical": "Amos 3", "chapter_start": [30003001, 30003015], "chapter_end": [30003001, 30003015], "prev_verse": 30002016, "next_verse": 30004001, "prev_chapter": [30002001, 30002016], "next_chapter": [30004001, 30004013]}], "passages": ["Amos 3\n\nIsrael\u2019s Guilt and Punishment\n\n  [1] Hear this word that the LORD has spoken against you, O people of Israel, against the whole family that I brought up out of the land of Egypt:\n\n    [2] \u201cYou only have I known\n        of all the families of the earth;\n    therefore I will punish you\n        for all your iniquities.\n    \n    \n    [3] \u201cDo two walk together,\n        unless they have agreed to meet?\n    [4] Does a lion roar in the forest,\n        when he has no prey?\n    Does a young lion cry out from his den,\n        if he has taken nothing?\n    [5] Does a bird fall in a snare on the earth,\n        when there is no trap for it?\n    Does a snare spring up from the ground,\n        when it has taken nothing?\n    [6] Is a trumpet blown in a city,\n        and the people are not afraid?\n    Does disaster come to a city,\n        unless the LORD has done it?\n    \n    \n    [7] \u201cFor the Lord GOD does nothing\n        without revealing his secret\n        to his servants the prophets.\n    [8] The lion has roared;\n        who will not fear?\n    The Lord GOD has spoken;\n        who can but prophesy?\u201d\n    \n    \n    [9] Proclaim to the strongholds in Ashdod\n        and to the strongholds in the land of Egypt,\n    and say, \u201cAssemble yourselves on the mountains of Samaria,\n        and see the great tumults within her,\n        and the oppressed in her midst.\u201d\n    [10] \u201cThey do not know how to do right,\u201d declares the LORD,\n        \u201cthose who store up violence and robbery in their strongholds.\u201d\n    \n    \n      [11] Therefore thus says the Lord GOD:\n\n    \u201cAn adversary shall surround the land\n        and bring down(1) your defenses from you,\n        and your strongholds shall be plundered.\u201d\n    \n    \n      [12] Thus says the LORD: \u201cAs the shepherd rescues from the mouth of the lion two legs, or a piece of an ear, so shall the people of Israel who dwell in Samaria be rescued, with the corner of a couch and part(2) of a bed.\n\n    [13] \u201cHear, and testify against the house of Jacob,\u201d\n        declares the Lord GOD, the God of hosts,\n    [14] \u201cthat on the day I punish Israel for his transgressions,\n        I will punish the altars of Bethel,\n    and the horns of the altar shall be cut off\n        and fall to the ground.\n    [15] I will strike the winter house along with the summer house,\n        and the houses of ivory shall perish,\n    and the great houses(3) shall come to an end,\u201d\n                                            declares the LORD.\n    \n\nFootnotes\n\n(1) 3:11 Hebrew *An adversary, one who surrounds the land\u2014he shall bring down*\n\n(2) 3:12 The meaning of the Hebrew word is uncertain\n\n(3) 3:15 Or *and many houses*\n (ESV)"]}