{"query": "Amos 4", "canonical": "Amos 4", "parsed": [[30004001, 30004013]], "passage_meta": [{"canonical": "Amos 4", "chapter_start": [30004001, 30004013], "chapter_end": [30004001, 30004013], "prev_verse": 30003015, "next_verse": 30005001, "prev_chapter": [30003001, 30003015], "next_chapter": [30005001, 30005027]}], "passages": ["Amos 4\n\n    [1] \u201cHear this word, you cows of Bashan,\n        who are on the mountain of Samaria,\n    who oppress the poor, who crush the needy,\n        who say to your husbands, \u2018Bring, that we may drink!\u2019\n    [2] The Lord GOD has sworn by his holiness\n        that, behold, the days are coming upon you,\n    when they shall take you away with hooks,\n        even the last of you with fishhooks.\n    [3] And you shall go out through the breaches,\n        each one straight ahead;\n        and you shall be cast out into Harmon,\u201d\n                                            declares the LORD.\n    \n    \n    [4] \u201cCome to Bethel, and transgress;\n        to Gilgal, and multiply transgression;\n    bring your sacrifices every morning,\n        your tithes every three days;\n    [5] offer a sacrifice of thanksgiving of that which is leavened,\n        and proclaim freewill offerings, publish them;\n        for so you love to do, O people of Israel!\u201d\n                                            declares the Lord GOD.\n    \n    \n    Israel Has Not Returned to the LORD\n\n    [6] \u201cI gave you cleanness of teeth in all your cities,\n        and lack of bread in all your places,\n    yet you did not return to me,\u201d\n                                            declares the LORD.\n    \n    \n    [7] \u201cI also withheld the rain from you\n        when there were yet three months to the harvest;\n    I would send rain on one city,\n        and send no rain on another city;\n    one field would have rain,\n        and the field on which it did not rain would wither;\n    [8] so two or three cities would wander to another city\n        to drink water, and would not be satisfied;\n    yet you did not return to me,\u201d\n                                            declares the LORD.\n    \n    \n    [9] \u201cI struck you with blight and mildew;\n        your many gardens and your vineyards,\n        your fig trees and your olive trees the locust devoured;\n    yet you did not return to me,\u201d\n                                            declares the LORD.\n    \n    \n    [10] \u201cI sent among you a pestilence after the manner of Egypt;\n        I killed your young men with the sword,\n    and carried away your horses,(1)\n        and I made the stench of your camp go up into your nostrils;\n    yet you did not return to me,\u201d\n                                            declares the LORD.\n    \n    \n    [11] \u201cI overthrew some of you,\n        as when God overthrew Sodom and Gomorrah,\n        and you were as a brand(2) plucked out of the burning;\n    yet you did not return to me,\u201d\n                                            declares the LORD.\n    \n    \n    [12] \u201cTherefore thus I will do to you, O Israel;\n        because I will do this to you,\n        prepare to meet your God, O Israel!\u201d\n    \n    \n    [13] For behold, he who forms the mountains and creates the wind,\n        and declares to man what is his thought,\n    who makes the morning darkness,\n        and treads on the heights of the earth\u2014\n        the LORD, the God of hosts, is his name!\n    \n\nFootnotes\n\n(1) 4:10 Hebrew *along with the captivity of your horses*\n\n(2) 4:11 That is, a burning stick\n (ESV)"]}