{"query": "Amos 6", "canonical": "Amos 6", "parsed": [[30006001, 30006014]], "passage_meta": [{"canonical": "Amos 6", "chapter_start": [30006001, 30006014], "chapter_end": [30006001, 30006014], "prev_verse": 30005027, "next_verse": 30007001, "prev_chapter": [30005001, 30005027], "next_chapter": [30007001, 30007017]}], "passages": ["Amos 6\n\nWoe to Those at Ease in Zion\n\n    [1] \u201cWoe to those who are at ease in Zion,\n        and to those who feel secure on the mountain of Samaria,\n    the notable men of the first of the nations,\n        to whom the house of Israel comes!\n    [2] Pass over to Calneh, and see,\n        and from there go to Hamath the great;\n        then go down to Gath of the Philistines.\n    Are you better than these kingdoms?\n        Or is their territory greater than your territory,\n    [3] O you who put far away the day of disaster\n        and bring near the seat of violence?\n    \n    \n    [4] \u201cWoe to those who lie on beds of ivory\n        and stretch themselves out on their couches,\n    and eat lambs from the flock\n        and calves from the midst of the stall,\n    [5] who sing idle songs to the sound of the harp\n        and like David invent for themselves instruments of music,\n    [6] who drink wine in bowls\n        and anoint themselves with the finest oils,\n        but are not grieved over the ruin of Joseph!\n    [7] Therefore they shall now be the first of those who go into exile,\n        and the revelry of those who stretch themselves out shall pass away.\u201d\n    \n    \n      [8] The Lord GOD has sworn by himself, declares the LORD, the God of hosts:\n\n    \u201cI abhor the pride of Jacob\n        and hate his strongholds,\n        and I will deliver up the city and all that is in it.\u201d\n    \n    \n      [9] And if ten men remain in one house, they shall die. [10] And when one\u2019s relative, the one who anoints him for burial, shall take him up to bring the bones out of the house, and shall say to him who is in the innermost parts of the house, \u201cIs there still anyone with you?\u201d he shall say, \u201cNo\u201d; and he shall say, \u201cSilence! We must not mention the name of the LORD.\u201d\n\n    [11] For behold, the LORD commands,\n        and the great house shall be struck down into fragments,\n        and the little house into bits.\n    [12] Do horses run on rocks?\n        Does one plow there(1) with oxen?\n    But you have turned justice into poison\n        and the fruit of righteousness into wormwood(2)\u2014\n    [13] you who rejoice in Lo-debar,(3)\n        who say, \u201cHave we not by our own strength\n        captured Karnaim(4) for ourselves?\u201d\n    [14] \u201cFor behold, I will raise up against you a nation,\n        O house of Israel,\u201d declares the LORD, the God of hosts;\n    \u201cand they shall oppress you from Lebo-hamath\n        to the Brook of the Arabah.\u201d\n    \n\nFootnotes\n\n(1) 6:12 Or *the sea*\n\n(2) 6:12 Or *into bitter fruit*\n\n(3) 6:13 *Lo-debar* means *nothing*\n\n(4) 6:13 *Karnaim* means *horns* (a symbol of strength)\n (ESV)"]}