{"query": "Amos 8", "canonical": "Amos 8", "parsed": [[30008001, 30008014]], "passage_meta": [{"canonical": "Amos 8", "chapter_start": [30008001, 30008014], "chapter_end": [30008001, 30008014], "prev_verse": 30007017, "next_verse": 30009001, "prev_chapter": [30007001, 30007017], "next_chapter": [30009001, 30009015]}], "passages": ["Amos 8\n\nThe Coming Day of Bitter Mourning\n\n  [1] This is what the Lord GOD showed me: behold, a basket of summer fruit. [2] And he said, \u201cAmos, what do you see?\u201d And I said, \u201cA basket of summer fruit.\u201d Then the LORD said to me,\n\n    \u201cThe end(1) has come upon my people Israel;\n        I will never again pass by them.\n    [3] The songs of the temple(2) shall become wailings(3) in that day,\u201d\n                                            declares the Lord GOD.\n    \u201cSo many dead bodies!\u201d\n    \u201cThey are thrown everywhere!\u201d\n    \u201cSilence!\u201d\n    \n    \n    [4] Hear this, you who trample on the needy\n        and bring the poor of the land to an end,\n    [5] saying, \u201cWhen will the new moon be over,\n        that we may sell grain?\n    And the Sabbath,\n        that we may offer wheat for sale,\n    that we may make the ephah small and the shekel(4) great\n        and deal deceitfully with false balances,\n    [6] that we may buy the poor for silver\n        and the needy for a pair of sandals\n        and sell the chaff of the wheat?\u201d\n    \n    \n    [7] The LORD has sworn by the pride of Jacob:\n    \u201cSurely I will never forget any of their deeds.\n    [8] Shall not the land tremble on this account,\n        and everyone mourn who dwells in it,\n    and all of it rise like the Nile,\n        and be tossed about and sink again, like the Nile of Egypt?\u201d\n    \n    \n    [9] \u201cAnd on that day,\u201d declares the Lord GOD,\n        \u201cI will make the sun go down at noon\n        and darken the earth in broad daylight.\n    [10] I will turn your feasts into mourning\n        and all your songs into lamentation;\n    I will bring sackcloth on every waist\n        and baldness on every head;\n    I will make it like the mourning for an only son\n        and the end of it like a bitter day.\n    \n    \n    [11] \u201cBehold, the days are coming,\u201d declares the Lord GOD,\n        \u201cwhen I will send a famine on the land\u2014\n    not a famine of bread, nor a thirst for water,\n        but of hearing the words of the LORD.\n    [12] They shall wander from sea to sea,\n        and from north to east;\n    they shall run to and fro, to seek the word of the LORD,\n        but they shall not find it.\n    \n    \n    [13] \u201cIn that day the lovely virgins and the young men\n        shall faint for thirst.\n    [14] Those who swear by the Guilt of Samaria,\n        and say, \u2018As your god lives, O Dan,\u2019\n    and, \u2018As the Way of Beersheba lives,\u2019\n        they shall fall, and never rise again.\u201d\n    \n\nFootnotes\n\n(1) 8:2 The Hebrew words for *end* and *summer fruit* sound alike\n\n(2) 8:3 Or *palace*\n\n(3) 8:3 Or *The singing women of the palace shall wail*\n\n(4) 8:5 An *ephah* was about 3/5 bushel or 22 liters; a *shekel* was about 2/5 ounce or 11 grams\n (ESV)"]}