{"query": "Amos 9", "canonical": "Amos 9", "parsed": [[30009001, 30009015]], "passage_meta": [{"canonical": "Amos 9", "chapter_start": [30009001, 30009015], "chapter_end": [30009001, 30009015], "prev_verse": 30008014, "next_verse": 31001001, "prev_chapter": [30008001, 30008014], "next_chapter": [31001001, 31001021]}], "passages": ["Amos 9\n\nThe Destruction of Israel\n\n  [1] I saw the Lord standing beside(1) the altar, and he said:\n\n    \u201cStrike the capitals until the thresholds shake,\n        and shatter them on the heads of all the people;(2)\n    and those who are left of them I will kill with the sword;\n        not one of them shall flee away;\n        not one of them shall escape.\n    \n    \n    [2] \u201cIf they dig into Sheol,\n        from there shall my hand take them;\n    if they climb up to heaven,\n        from there I will bring them down.\n    [3] If they hide themselves on the top of Carmel,\n        from there I will search them out and take them;\n    and if they hide from my sight at the bottom of the sea,\n        there I will command the serpent, and it shall bite them.\n    [4] And if they go into captivity before their enemies,\n        there I will command the sword, and it shall kill them;\n    and I will fix my eyes upon them\n        for evil and not for good.\u201d\n    \n    \n    [5] The Lord GOD of hosts,\n    he who touches the earth and it melts,\n        and all who dwell in it mourn,\n    and all of it rises like the Nile,\n        and sinks again, like the Nile of Egypt;\n    [6] who builds his upper chambers in the heavens\n        and founds his vault upon the earth;\n    who calls for the waters of the sea\n        and pours them out upon the surface of the earth\u2014\n    the LORD is his name.\n    \n    \n    [7] \u201cAre you not like the Cushites to me,\n        O people of Israel?\u201d declares the LORD.\n    \u201cDid I not bring up Israel from the land of Egypt,\n        and the Philistines from Caphtor and the Syrians from Kir?\n    [8] Behold, the eyes of the Lord GOD are upon the sinful kingdom,\n        and I will destroy it from the surface of the ground,\n        except that I will not utterly destroy the house of Jacob,\u201d\n                                            declares the LORD.\n    \n    \n    [9] \u201cFor behold, I will command,\n        and shake the house of Israel among all the nations\n    as one shakes with a sieve,\n        but no pebble shall fall to the earth.\n    [10] All the sinners of my people shall die by the sword,\n        who say, \u2018Disaster shall not overtake or meet us.\u2019\n    \n    \n    The Restoration of Israel\n\n    [11] \u201cIn that day I will raise up\n        the booth of David that is fallen\n    and repair its breaches,\n        and raise up its ruins\n        and rebuild it as in the days of old,\n    [12] that they may possess the remnant of Edom\n        and all the nations who are called by my name,\u201d(3)\n        declares the LORD who does this.\n    \n    \n    [13] \u201cBehold, the days are coming,\u201d declares the LORD,\n        \u201cwhen the plowman shall overtake the reaper\n        and the treader of grapes him who sows the seed;\n    the mountains shall drip sweet wine,\n        and all the hills shall flow with it.\n    [14] I will restore the fortunes of my people Israel,\n        and they shall rebuild the ruined cities and inhabit them;\n    they shall plant vineyards and drink their wine,\n        and they shall make gardens and eat their fruit.\n    [15] I will plant them on their land,\n        and they shall never again be uprooted\n        out of the land that I have given them,\u201d\n                                            says the LORD your God.\n    \n\nFootnotes\n\n(1) 9:1 Or *on*\n\n(2) 9:1 Hebrew *all of them*\n\n(3) 9:12 Hebrew; Septuagint (compare Acts 15:17) *that the remnant of mankind and all the nations who are called by my name may seek the Lord*\n (ESV)"]}