{"query": "Amos 5", "canonical": "Amos 5", "parsed": [[30005001, 30005027]], "passage_meta": [{"canonical": "Amos 5", "chapter_start": [30005001, 30005027], "chapter_end": [30005001, 30005027], "prev_verse": 30004013, "next_verse": 30006001, "prev_chapter": [30004001, 30004013], "next_chapter": [30006001, 30006014]}], "passages": ["Amos 5\n\nSeek the LORD and Live\n\n  [1] Hear this word that I take up over you in lamentation, O house of Israel:\n\n    [2] \u201cFallen, no more to rise,\n        is the virgin Israel;\n    forsaken on her land,\n        with none to raise her up.\u201d\n    \n    \n      [3] For thus says the Lord GOD:\n\n    \u201cThe city that went out a thousand\n        shall have a hundred left,\n    and that which went out a hundred\n        shall have ten left\n        to the house of Israel.\u201d\n    \n    \n      [4] For thus says the LORD to the house of Israel:\n\n    \u201cSeek me and live;\n    [5]     but do not seek Bethel,\n    and do not enter into Gilgal\n        or cross over to Beersheba;\n    for Gilgal shall surely go into exile,\n        and Bethel shall come to nothing.\u201d\n    \n    \n    [6] Seek the LORD and live,\n        lest he break out like fire in the house of Joseph,\n        and it devour, with none to quench it for Bethel,\n    [7] O you who turn justice to wormwood(1)\n        and cast down righteousness to the earth!\n    \n    \n    [8] He who made the Pleiades and Orion,\n        and turns deep darkness into the morning\n        and darkens the day into night,\n    who calls for the waters of the sea\n        and pours them out on the surface of the earth,\n    the LORD is his name;\n    [9] who makes destruction flash forth against the strong,\n        so that destruction comes upon the fortress.\n    \n    \n    [10] They hate him who reproves in the gate,\n        and they abhor him who speaks the truth.\n    [11] Therefore because you trample on(2) the poor\n        and you exact taxes of grain from him,\n    you have built houses of hewn stone,\n        but you shall not dwell in them;\n    you have planted pleasant vineyards,\n        but you shall not drink their wine.\n    [12] For I know how many are your transgressions\n        and how great are your sins\u2014\n    you who afflict the righteous, who take a bribe,\n        and turn aside the needy in the gate.\n    [13] Therefore he who is prudent will keep silent in such a time,\n        for it is an evil time.\n    \n    \n    [14] Seek good, and not evil,\n        that you may live;\n    and so the LORD, the God of hosts, will be with you,\n        as you have said.\n    [15] Hate evil, and love good,\n        and establish justice in the gate;\n    it may be that the LORD, the God of hosts,\n        will be gracious to the remnant of Joseph.\n    \n    \n      [16] Therefore thus says the LORD, the God of hosts, the Lord:\n\n    \u201cIn all the squares there shall be wailing,\n        and in all the streets they shall say, \u2018Alas! Alas!\u2019\n    They shall call the farmers to mourning\n        and to wailing those who are skilled in lamentation,\n    [17] and in all vineyards there shall be wailing,\n        for I will pass through your midst,\u201d\n                                            says the LORD.\n    \n    \n    Let Justice Roll Down\n\n    [18] Woe to you who desire the day of the LORD!\n        Why would you have the day of the LORD?\n    It is darkness, and not light,\n    [19]     as if a man fled from a lion,\n        and a bear met him,\n    or went into the house and leaned his hand against the wall,\n        and a serpent bit him.\n    [20] Is not the day of the LORD darkness, and not light,\n        and gloom with no brightness in it?\n    \n    \n    [21] \u201cI hate, I despise your feasts,\n        and I take no delight in your solemn assemblies.\n    [22] Even though you offer me your burnt offerings and grain offerings,\n        I will not accept them;\n    and the peace offerings of your fattened animals,\n        I will not look upon them.\n    [23] Take away from me the noise of your songs;\n        to the melody of your harps I will not listen.\n    [24] But let justice roll down like waters,\n        and righteousness like an ever-flowing stream.\n    \n    \n      [25] \u201cDid you bring to me sacrifices and offerings during the forty years in the wilderness, O house of Israel? [26] You shall take up Sikkuth your king, and Kiyyun your star-god\u2014your images that you made for yourselves, [27] and I will send you into exile beyond Damascus,\u201d says the LORD, whose name is the God of hosts.\n\nFootnotes\n\n(1) 5:7 Or *to bitter fruit*\n\n(2) 5:11 Or *you tax*\n (ESV)"]}