{"query": "Daniel 8", "canonical": "Daniel 8", "parsed": [[27008001, 27008027]], "passage_meta": [{"canonical": "Daniel 8", "chapter_start": [27008001, 27008027], "chapter_end": [27008001, 27008027], "prev_verse": 27007028, "next_verse": 27009001, "prev_chapter": [27007001, 27007028], "next_chapter": [27009001, 27009027]}], "passages": ["Daniel 8\n\nDaniel\u2019s Vision of the Ram and the Goat\n\n  [1] In the third year of the reign of King Belshazzar a vision appeared to me, Daniel, after that which appeared to me at the first. [2] And I saw in the vision; and when I saw, I was in Susa the citadel, which is in the province of Elam. And I saw in the vision, and I was at the Ulai canal. [3] I raised my eyes and saw, and behold, a ram standing on the bank of the canal. It had two horns, and both horns were high, but one was higher than the other, and the higher one came up last. [4] I saw the ram charging westward and northward and southward. No beast could stand before him, and there was no one who could rescue from his power. He did as he pleased and became great.\n\n  [5] As I was considering, behold, a male goat came from the west across the face of the whole earth, without touching the ground. And the goat had a conspicuous horn between his eyes. [6] He came to the ram with the two horns, which I had seen standing on the bank of the canal, and he ran at him in his powerful wrath. [7] I saw him come close to the ram, and he was enraged against him and struck the ram and broke his two horns. And the ram had no power to stand before him, but he cast him down to the ground and trampled on him. And there was no one who could rescue the ram from his power. [8] Then the goat became exceedingly great, but when he was strong, the great horn was broken, and instead of it there came up four conspicuous horns toward the four winds of heaven.\n\n  [9] Out of one of them came a little horn, which grew exceedingly great toward the south, toward the east, and toward the glorious land. [10] It grew great, even to the host of heaven. And some of the host and some(1) of the stars it threw down to the ground and trampled on them. [11] It became great, even as great as the Prince of the host. And the regular burnt offering was taken away from him, and the place of his sanctuary was overthrown. [12] And a host will be given over to it together with the regular burnt offering because of transgression,(2) and it will throw truth to the ground, and it will act and prosper. [13] Then I heard a holy one speaking, and another holy one said to the one who spoke, \u201cFor how long is the vision concerning the regular burnt offering, the transgression that makes desolate, and the giving over of the sanctuary and host to be trampled underfoot?\u201d [14] And he said to me,(3) \u201cFor 2,300 evenings and mornings. Then the sanctuary shall be restored to its rightful state.\u201d\n\nThe Interpretation of the Vision\n\n  [15] When I, Daniel, had seen the vision, I sought to understand it. And behold, there stood before me one having the appearance of a man. [16] And I heard a man\u2019s voice between the banks of the Ulai, and it called, \u201cGabriel, make this man understand the vision.\u201d [17] So he came near where I stood. And when he came, I was frightened and fell on my face. But he said to me, \u201cUnderstand, O son of man, that the vision is for the time of the end.\u201d\n\n  [18] And when he had spoken to me, I fell into a deep sleep with my face to the ground. But he touched me and made me stand up. [19] He said, \u201cBehold, I will make known to you what shall be at the latter end of the indignation, for it refers to the appointed time of the end. [20] As for the ram that you saw with the two horns, these are the kings of Media and Persia. [21] And the goat(4) is the king of Greece. And the great horn between his eyes is the first king. [22] As for the horn that was broken, in place of which four others arose, four kingdoms shall arise from his(5) nation, but not with his power. [23] And at the latter end of their kingdom, when the transgressors have reached their limit, a king of bold face, one who understands riddles, shall arise. [24] His power shall be great\u2014but not by his own power; and he shall cause fearful destruction and shall succeed in what he does, and destroy mighty men and the people who are the saints. [25] By his cunning he shall make deceit prosper under his hand, and in his own mind he shall become great. Without warning he shall destroy many. And he shall even rise up against the Prince of princes, and he shall be broken\u2014but by no human hand. [26] The vision of the evenings and the mornings that has been told is true, but seal up the vision, for it refers to many days from now.\u201d\n\n  [27] And I, Daniel, was overcome and lay sick for some days. Then I rose and went about the king\u2019s business, but I was appalled by the vision and did not understand it.\n\nFootnotes\n\n(1) 8:10 Or *host, that is, some*\n\n(2) 8:12 Or *in an act of rebellion*\n\n(3) 8:14 Hebrew; Septuagint, Theodotion, Vulgate *to him*\n\n(4) 8:21 Or *the shaggy goat*\n\n(5) 8:22 Theodotion, Septuagint, Vulgate; Hebrew *a*\n (ESV)"]}