{"query": "Daniel 7", "canonical": "Daniel 7", "parsed": [[27007001, 27007028]], "passage_meta": [{"canonical": "Daniel 7", "chapter_start": [27007001, 27007028], "chapter_end": [27007001, 27007028], "prev_verse": 27006028, "next_verse": 27008001, "prev_chapter": [27006001, 27006028], "next_chapter": [27008001, 27008027]}], "passages": ["Daniel 7\n\nDaniel\u2019s Vision of the Four Beasts\n\n  [1] In the first year of Belshazzar king of Babylon, Daniel saw a dream and visions of his head as he lay in his bed. Then he wrote down the dream and told the sum of the matter. [2] Daniel declared,(1) \u201cI saw in my vision by night, and behold, the four winds of heaven were stirring up the great sea. [3] And four great beasts came up out of the sea, different from one another. [4] The first was like a lion and had eagles\u2019 wings. Then as I looked its wings were plucked off, and it was lifted up from the ground and made to stand on two feet like a man, and the mind of a man was given to it. [5] And behold, another beast, a second one, like a bear. It was raised up on one side. It had three ribs in its mouth between its teeth; and it was told, \u2018Arise, devour much flesh.\u2019 [6] After this I looked, and behold, another, like a leopard, with four wings of a bird on its back. And the beast had four heads, and dominion was given to it. [7] After this I saw in the night visions, and behold, a fourth beast, terrifying and dreadful and exceedingly strong. It had great iron teeth; it devoured and broke in pieces and stamped what was left with its feet. It was different from all the beasts that were before it, and it had ten horns. [8] I considered the horns, and behold, there came up among them another horn, a little one, before which three of the first horns were plucked up by the roots. And behold, in this horn were eyes like the eyes of a man, and a mouth speaking great things.\n\nThe Ancient of Days Reigns\n\n  [9] \u201cAs I looked,\n\n    thrones were placed,\n        and the Ancient of Days took his seat;\n    his clothing was white as snow,\n        and the hair of his head like pure wool;\n    his throne was fiery flames;\n        its wheels were burning fire.\n    [10] A stream of fire issued\n        and came out from before him;\n    a thousand thousands served him,\n        and ten thousand times ten thousand stood before him;\n    the court sat in judgment,\n        and the books were opened.\n    \n    \n      [11] \u201cI looked then because of the sound of the great words that the horn was speaking. And as I looked, the beast was killed, and its body destroyed and given over to be burned with fire. [12] As for the rest of the beasts, their dominion was taken away, but their lives were prolonged for a season and a time.\n\nThe Son of Man Is Given Dominion\n\n  [13] \u201cI saw in the night visions,\n\n    and behold, with the clouds of heaven\n        there came one like a son of man,\n    and he came to the Ancient of Days\n        and was presented before him.\n    [14] And to him was given dominion\n        and glory and a kingdom,\n    that all peoples, nations, and languages\n        should serve him;\n    his dominion is an everlasting dominion,\n        which shall not pass away,\n    and his kingdom one\n        that shall not be destroyed.\n    \n    \n    Daniel\u2019s Vision Interpreted\n\n  [15] \u201cAs for me, Daniel, my spirit within me(2) was anxious, and the visions of my head alarmed me. [16] I approached one of those who stood there and asked him the truth concerning all this. So he told me and made known to me the interpretation of the things. [17] \u2018These four great beasts are four kings who shall arise out of the earth. [18] But the saints of the Most High shall receive the kingdom and possess the kingdom forever, forever and ever.\u2019\n\n  [19] \u201cThen I desired to know the truth about the fourth beast, which was different from all the rest, exceedingly terrifying, with its teeth of iron and claws of bronze, and which devoured and broke in pieces and stamped what was left with its feet, [20] and about the ten horns that were on its head, and the other horn that came up and before which three of them fell, the horn that had eyes and a mouth that spoke great things, and that seemed greater than its companions. [21] As I looked, this horn made war with the saints and prevailed over them, [22] until the Ancient of Days came, and judgment was given for the saints of the Most High, and the time came when the saints possessed the kingdom.\n\n  [23] \u201cThus he said: \u2018As for the fourth beast,\n\n    there shall be a fourth kingdom on earth,\n        which shall be different from all the kingdoms,\n    and it shall devour the whole earth,\n        and trample it down, and break it to pieces.\n    [24] As for the ten horns,\n    out of this kingdom ten kings shall arise,\n        and another shall arise after them;\n    he shall be different from the former ones,\n        and shall put down three kings.\n    [25] He shall speak words against the Most High,\n        and shall wear out the saints of the Most High,\n        and shall think to change the times and the law;\n    and they shall be given into his hand\n        for a time, times, and half a time.\n    [26] But the court shall sit in judgment,\n        and his dominion shall be taken away,\n        to be consumed and destroyed to the end.\n    [27] And the kingdom and the dominion\n        and the greatness of the kingdoms under the whole heaven\n        shall be given to the people of the saints of the Most High;\n    his kingdom shall be an everlasting kingdom,\n        and all dominions shall serve and obey him.\u2019(3)\n    \n    \n      [28] \u201cHere is the end of the matter. As for me, Daniel, my thoughts greatly alarmed me, and my color changed, but I kept the matter in my heart.\u201d\n\nFootnotes\n\n(1) 7:2 Aramaic *answered and said*\n\n(2) 7:15 Aramaic *within its sheath*\n\n(3) 7:27 Or *their kingdom shall be an everlasting kingdom, and all dominions shall serve and obey them*\n (ESV)"]}