{"query": "Daniel 3", "canonical": "Daniel 3", "parsed": [[27003001, 27003030]], "passage_meta": [{"canonical": "Daniel 3", "chapter_start": [27003001, 27003030], "chapter_end": [27003001, 27003030], "prev_verse": 27002049, "next_verse": 27004001, "prev_chapter": [27002001, 27002049], "next_chapter": [27004001, 27004037]}], "passages": ["Daniel 3\n\nNebuchadnezzar\u2019s Golden Image\n\n  [1] King Nebuchadnezzar made an image of gold, whose height was sixty cubits(1) and its breadth six cubits. He set it up on the plain of Dura, in the province of Babylon. [2] Then King Nebuchadnezzar sent to gather the satraps, the prefects, and the governors, the counselors, the treasurers, the justices, the magistrates, and all the officials of the provinces to come to the dedication of the image that King Nebuchadnezzar had set up. [3] Then the satraps, the prefects, and the governors, the counselors, the treasurers, the justices, the magistrates, and all the officials of the provinces gathered for the dedication of the image that King Nebuchadnezzar had set up. And they stood before the image that Nebuchadnezzar had set up. [4] And the herald proclaimed aloud, \u201cYou are commanded, O peoples, nations, and languages, [5] that when you hear the sound of the horn, pipe, lyre, trigon, harp, bagpipe, and every kind of music, you are to fall down and worship the golden image that King Nebuchadnezzar has set up. [6] And whoever does not fall down and worship shall immediately be cast into a burning fiery furnace.\u201d [7] Therefore, as soon as all the peoples heard the sound of the horn, pipe, lyre, trigon, harp, bagpipe, and every kind of music, all the peoples, nations, and languages fell down and worshiped the golden image that King Nebuchadnezzar had set up.\n\nThe Fiery Furnace\n\n  [8] Therefore at that time certain Chaldeans came forward and maliciously accused the Jews. [9] They declared(2) to King Nebuchadnezzar, \u201cO king, live forever! [10] You, O king, have made a decree, that every man who hears the sound of the horn, pipe, lyre, trigon, harp, bagpipe, and every kind of music, shall fall down and worship the golden image. [11] And whoever does not fall down and worship shall be cast into a burning fiery furnace. [12] There are certain Jews whom you have appointed over the affairs of the province of Babylon: Shadrach, Meshach, and Abednego. These men, O king, pay no attention to you; they do not serve your gods or worship the golden image that you have set up.\u201d\n\n  [13] Then Nebuchadnezzar in furious rage commanded that Shadrach, Meshach, and Abednego be brought. So they brought these men before the king. [14] Nebuchadnezzar answered and said to them, \u201cIs it true, O Shadrach, Meshach, and Abednego, that you do not serve my gods or worship the golden image that I have set up? [15] Now if you are ready when you hear the sound of the horn, pipe, lyre, trigon, harp, bagpipe, and every kind of music, to fall down and worship the image that I have made, well and good.(3) But if you do not worship, you shall immediately be cast into a burning fiery furnace. And who is the god who will deliver you out of my hands?\u201d\n\n  [16] Shadrach, Meshach, and Abednego answered and said to the king, \u201cO Nebuchadnezzar, we have no need to answer you in this matter. [17] If this be so, our God whom we serve is able to deliver us from the burning fiery furnace, and he will deliver us out of your hand, O king.(4) [18] But if not, be it known to you, O king, that we will not serve your gods or worship the golden image that you have set up.\u201d\n\n  [19] Then Nebuchadnezzar was filled with fury, and the expression of his face was changed against Shadrach, Meshach, and Abednego. He ordered the furnace heated seven times more than it was usually heated. [20] And he ordered some of the mighty men of his army to bind Shadrach, Meshach, and Abednego, and to cast them into the burning fiery furnace. [21] Then these men were bound in their cloaks, their tunics,(5) their hats, and their other garments, and they were thrown into the burning fiery furnace. [22] Because the king\u2019s order was urgent and the furnace overheated, the flame of the fire killed those men who took up Shadrach, Meshach, and Abednego. [23] And these three men, Shadrach, Meshach, and Abednego, fell bound into the burning fiery furnace.\n\n  [24] Then King Nebuchadnezzar was astonished and rose up in haste. He declared to his counselors, \u201cDid we not cast three men bound into the fire?\u201d They answered and said to the king, \u201cTrue, O king.\u201d [25] He answered and said, \u201cBut I see four men unbound, walking in the midst of the fire, and they are not hurt; and the appearance of the fourth is like a son of the gods.\u201d\n\n  [26] Then Nebuchadnezzar came near to the door of the burning fiery furnace; he declared, \u201cShadrach, Meshach, and Abednego, servants of the Most High God, come out, and come here!\u201d Then Shadrach, Meshach, and Abednego came out from the fire. [27] And the satraps, the prefects, the governors, and the king\u2019s counselors gathered together and saw that the fire had not had any power over the bodies of those men. The hair of their heads was not singed, their cloaks were not harmed, and no smell of fire had come upon them. [28] Nebuchadnezzar answered and said, \u201cBlessed be the God of Shadrach, Meshach, and Abednego, who has sent his angel and delivered his servants, who trusted in him, and set aside(6) the king\u2019s command, and yielded up their bodies rather than serve and worship any god except their own God. [29] Therefore I make a decree: Any people, nation, or language that speaks anything against the God of Shadrach, Meshach, and Abednego shall be torn limb from limb, and their houses laid in ruins, for there is no other god who is able to rescue in this way.\u201d [30] Then the king promoted Shadrach, Meshach, and Abednego in the province of Babylon.\n\nFootnotes\n\n(1) 3:1 A *cubit* was about 18 inches or 45 centimeters\n\n(2) 3:9 Aramaic *answered and said*; also verses 24, 26\n\n(3) 3:15 Aramaic lacks *well and good*\n\n(4) 3:17 Or *If our God whom we serve is able to deliver us, he will deliver us from the burning fiery furnace and out of your hand, O king*\n\n(5) 3:21 The meaning of the Aramaic words rendered *cloaks* and *tunics* is uncertain; also verse 27\n\n(6) 3:28 Aramaic *and changed*\n (ESV)"]}