{"query": "Daniel 12", "canonical": "Daniel 12", "parsed": [[27012001, 27012013]], "passage_meta": [{"canonical": "Daniel 12", "chapter_start": [27012001, 27012013], "chapter_end": [27012001, 27012013], "prev_verse": 27011045, "next_verse": 28001001, "prev_chapter": [27011001, 27011045], "next_chapter": [28001001, 28001011]}], "passages": ["Daniel 12\n\nThe Time of the End\n\n  [1] \u201cAt that time shall arise Michael, the great prince who has charge of your people. And there shall be a time of trouble, such as never has been since there was a nation till that time. But at that time your people shall be delivered, everyone whose name shall be found written in the book. [2] And many of those who sleep in the dust of the earth shall awake, some to everlasting life, and some to shame and everlasting contempt. [3] And those who are wise shall shine like the brightness of the sky above;(1) and those who turn many to righteousness, like the stars forever and ever. [4] But you, Daniel, shut up the words and seal the book, until the time of the end. Many shall run to and fro, and knowledge shall increase.\u201d\n\n  [5] Then I, Daniel, looked, and behold, two others stood, one on this bank of the stream and one on that bank of the stream. [6] And someone said to the man clothed in linen, who was above the waters of the stream,(2) \u201cHow long shall it be till the end of these wonders?\u201d [7] And I heard the man clothed in linen, who was above the waters of the stream; he raised his right hand and his left hand toward heaven and swore by him who lives forever that it would be for a time, times, and half a time, and that when the shattering of the power of the holy people comes to an end all these things would be finished. [8] I heard, but I did not understand. Then I said, \u201cO my lord, what shall be the outcome of these things?\u201d [9] He said, \u201cGo your way, Daniel, for the words are shut up and sealed until the time of the end. [10] Many shall purify themselves and make themselves white and be refined, but the wicked shall act wickedly. And none of the wicked shall understand, but those who are wise shall understand. [11] And from the time that the regular burnt offering is taken away and the abomination that makes desolate is set up, there shall be 1,290 days. [12] Blessed is he who waits and arrives at the 1,335 days. [13] But go your way till the end. And you shall rest and shall stand in your allotted place at the end of the days.\u201d\n\nFootnotes\n\n(1) 12:3 Hebrew *the expanse*; compare Genesis 1:6\u20138\n\n(2) 12:6 Or *who was upstream*; also verse 7\n (ESV)"]}