{"query": "Daniel 5", "canonical": "Daniel 5", "parsed": [[27005001, 27005031]], "passage_meta": [{"canonical": "Daniel 5", "chapter_start": [27005001, 27005031], "chapter_end": [27005001, 27005031], "prev_verse": 27004037, "next_verse": 27006001, "prev_chapter": [27004001, 27004037], "next_chapter": [27006001, 27006028]}], "passages": ["Daniel 5\n\nThe Handwriting on the Wall\n\n  [1] King Belshazzar made a great feast for a thousand of his lords and drank wine in front of the thousand.\n\n  [2] Belshazzar, when he tasted the wine, commanded that the vessels of gold and of silver that Nebuchadnezzar his father(1) had taken out of the temple in Jerusalem be brought, that the king and his lords, his wives, and his concubines might drink from them. [3] Then they brought in the golden vessels that had been taken out of the temple, the house of God in Jerusalem, and the king and his lords, his wives, and his concubines drank from them. [4] They drank wine and praised the gods of gold and silver, bronze, iron, wood, and stone.\n\n  [5] Immediately the fingers of a human hand appeared and wrote on the plaster of the wall of the king\u2019s palace, opposite the lampstand. And the king saw the hand as it wrote. [6] Then the king\u2019s color changed, and his thoughts alarmed him; his limbs gave way, and his knees knocked together. [7] The king called loudly to bring in the enchanters, the Chaldeans, and the astrologers. The king declared(2) to the wise men of Babylon, \u201cWhoever reads this writing, and shows me its interpretation, shall be clothed with purple and have a chain of gold around his neck and shall be the third ruler in the kingdom.\u201d [8] Then all the king\u2019s wise men came in, but they could not read the writing or make known to the king the interpretation. [9] Then King Belshazzar was greatly alarmed, and his color changed, and his lords were perplexed.\n\n  [10] The queen,(3) because of the words of the king and his lords, came into the banqueting hall, and the queen declared, \u201cO king, live forever! Let not your thoughts alarm you or your color change. [11] There is a man in your kingdom in whom is the spirit of the holy gods.(4) In the days of your father, light and understanding and wisdom like the wisdom of the gods were found in him, and King Nebuchadnezzar, your father\u2014your father the king\u2014made him chief of the magicians, enchanters, Chaldeans, and astrologers, [12] because an excellent spirit, knowledge, and understanding to interpret dreams, explain riddles, and solve problems were found in this Daniel, whom the king named Belteshazzar. Now let Daniel be called, and he will show the interpretation.\u201d\n\nDaniel Interprets the Handwriting\n\n  [13] Then Daniel was brought in before the king. The king answered and said to Daniel, \u201cYou are that Daniel, one of the exiles of Judah, whom the king my father brought from Judah. [14] I have heard of you that the spirit of the gods(5) is in you, and that light and understanding and excellent wisdom are found in you. [15] Now the wise men, the enchanters, have been brought in before me to read this writing and make known to me its interpretation, but they could not show the interpretation of the matter. [16] But I have heard that you can give interpretations and solve problems. Now if you can read the writing and make known to me its interpretation, you shall be clothed with purple and have a chain of gold around your neck and shall be the third ruler in the kingdom.\u201d\n\n  [17] Then Daniel answered and said before the king, \u201cLet your gifts be for yourself, and give your rewards to another. Nevertheless, I will read the writing to the king and make known to him the interpretation. [18] O king, the Most High God gave Nebuchadnezzar your father kingship and greatness and glory and majesty. [19] And because of the greatness that he gave him, all peoples, nations, and languages trembled and feared before him. Whom he would, he killed, and whom he would, he kept alive; whom he would, he raised up, and whom he would, he humbled. [20] But when his heart was lifted up and his spirit was hardened so that he dealt proudly, he was brought down from his kingly throne, and his glory was taken from him. [21] He was driven from among the children of mankind, and his mind was made like that of a beast, and his dwelling was with the wild donkeys. He was fed grass like an ox, and his body was wet with the dew of heaven, until he knew that the Most High God rules the kingdom of mankind and sets over it whom he will. [22] And you his son,(6) Belshazzar, have not humbled your heart, though you knew all this, [23] but you have lifted up yourself against the Lord of heaven. And the vessels of his house have been brought in before you, and you and your lords, your wives, and your concubines have drunk wine from them. And you have praised the gods of silver and gold, of bronze, iron, wood, and stone, which do not see or hear or know, but the God in whose hand is your breath, and whose are all your ways, you have not honored.\n\n  [24] \u201cThen from his presence the hand was sent, and this writing was inscribed. [25] And this is the writing that was inscribed: MENE, MENE, TEKEL, and PARSIN. [26] This is the interpretation of the matter: MENE, God has numbered(7) the days of your kingdom and brought it to an end; [27] TEKEL, you have been weighed(8) in the balances and found wanting; [28] PERES, your kingdom is divided and given to the Medes and Persians.\u201d(9)\n\n  [29] Then Belshazzar gave the command, and Daniel was clothed with purple, a chain of gold was put around his neck, and a proclamation was made about him, that he should be the third ruler in the kingdom.\n\n  [30] That very night Belshazzar the Chaldean king was killed. [31] (10) And Darius the Mede received the kingdom, being about sixty-two years old.\n\nFootnotes\n\n(1) 5:2 Or *predecessor*; also verses 11, 13, 18\n\n(2) 5:7 Aramaic *answered and said*; also verse 10\n\n(3) 5:10 Or *queen mother*; twice in this verse\n\n(4) 5:11 Or *Spirit of the holy God*\n\n(5) 5:14 Or *Spirit of God*\n\n(6) 5:22 Or *successor*\n\n(7) 5:26 *Mene* sounds like the Aramaic for *numbered*\n\n(8) 5:27 *Tekel* sounds like the Aramaic for *weighed*\n\n(9) 5:28 *Peres* (the singular of *Parsin*) sounds like the Aramaic for *divided* and for *Persia*\n\n(10) 5:31 Ch 6:1 in Aramaic\n (ESV)"]}