{"query": "Daniel 2", "canonical": "Daniel 2", "parsed": [[27002001, 27002049]], "passage_meta": [{"canonical": "Daniel 2", "chapter_start": [27002001, 27002049], "chapter_end": [27002001, 27002049], "prev_verse": 27001021, "next_verse": 27003001, "prev_chapter": [27001001, 27001021], "next_chapter": [27003001, 27003030]}], "passages": ["Daniel 2\n\nNebuchadnezzar\u2019s Dream\n\n  [1] In the second year of the reign of Nebuchadnezzar, Nebuchadnezzar had dreams; his spirit was troubled, and his sleep left him. [2] Then the king commanded that the magicians, the enchanters, the sorcerers, and the Chaldeans be summoned to tell the king his dreams. So they came in and stood before the king. [3] And the king said to them, \u201cI had a dream, and my spirit is troubled to know the dream.\u201d [4] Then the Chaldeans said to the king in Aramaic,(1) \u201cO king, live forever! Tell your servants the dream, and we will show the interpretation.\u201d [5] The king answered and said to the Chaldeans, \u201cThe word from me is firm: if you do not make known to me the dream and its interpretation, you shall be torn limb from limb, and your houses shall be laid in ruins. [6] But if you show the dream and its interpretation, you shall receive from me gifts and rewards and great honor. Therefore show me the dream and its interpretation.\u201d [7] They answered a second time and said, \u201cLet the king tell his servants the dream, and we will show its interpretation.\u201d [8] The king answered and said, \u201cI know with certainty that you are trying to gain time, because you see that the word from me is firm\u2014[9] if you do not make the dream known to me, there is but one sentence for you. You have agreed to speak lying and corrupt words before me till the times change. Therefore tell me the dream, and I shall know that you can show me its interpretation.\u201d [10] The Chaldeans answered the king and said, \u201cThere is not a man on earth who can meet the king\u2019s demand, for no great and powerful king has asked such a thing of any magician or enchanter or Chaldean. [11] The thing that the king asks is difficult, and no one can show it to the king except the gods, whose dwelling is not with flesh.\u201d\n\n  [12] Because of this the king was angry and very furious, and commanded that all the wise men of Babylon be destroyed. [13] So the decree went out, and the wise men were about to be killed; and they sought Daniel and his companions, to kill them. [14] Then Daniel replied with prudence and discretion to Arioch, the captain of the king\u2019s guard, who had gone out to kill the wise men of Babylon. [15] He declared(2) to Arioch, the king\u2019s captain, \u201cWhy is the decree of the king so urgent?\u201d Then Arioch made the matter known to Daniel. [16] And Daniel went in and requested the king to appoint him a time, that he might show the interpretation to the king.\n\nGod Reveals Nebuchadnezzar\u2019s Dream\n\n  [17] Then Daniel went to his house and made the matter known to Hananiah, Mishael, and Azariah, his companions, [18] and told them to seek mercy from the God of heaven concerning this mystery, so that Daniel and his companions might not be destroyed with the rest of the wise men of Babylon. [19] Then the mystery was revealed to Daniel in a vision of the night. Then Daniel blessed the God of heaven. [20] Daniel answered and said:\n\n    \u201cBlessed be the name of God forever and ever,\n        to whom belong wisdom and might.\n    [21] He changes times and seasons;\n        he removes kings and sets up kings;\n    he gives wisdom to the wise\n        and knowledge to those who have understanding;\n    [22] he reveals deep and hidden things;\n        he knows what is in the darkness,\n        and the light dwells with him.\n    [23] To you, O God of my fathers,\n        I give thanks and praise,\n    for you have given me wisdom and might,\n        and have now made known to me what we asked of you,\n        for you have made known to us the king\u2019s matter.\u201d\n    \n    \n      [24] Therefore Daniel went in to Arioch, whom the king had appointed to destroy the wise men of Babylon. He went and said thus to him: \u201cDo not destroy the wise men of Babylon; bring me in before the king, and I will show the king the interpretation.\u201d\n\n  [25] Then Arioch brought in Daniel before the king in haste and said thus to him: \u201cI have found among the exiles from Judah a man who will make known to the king the interpretation.\u201d [26] The king declared to Daniel, whose name was Belteshazzar, \u201cAre you able to make known to me the dream that I have seen and its interpretation?\u201d [27] Daniel answered the king and said, \u201cNo wise men, enchanters, magicians, or astrologers can show to the king the mystery that the king has asked, [28] but there is a God in heaven who reveals mysteries, and he has made known to King Nebuchadnezzar what will be in the latter days. Your dream and the visions of your head as you lay in bed are these: [29] To you, O king, as you lay in bed came thoughts of what would be after this, and he who reveals mysteries made known to you what is to be. [30] But as for me, this mystery has been revealed to me, not because of any wisdom that I have more than all the living, but in order that the interpretation may be made known to the king, and that you may know the thoughts of your mind.\n\nDaniel Interprets the Dream\n\n  [31] \u201cYou saw, O king, and behold, a great image. This image, mighty and of exceeding brightness, stood before you, and its appearance was frightening. [32] The head of this image was of fine gold, its chest and arms of silver, its middle and thighs of bronze, [33] its legs of iron, its feet partly of iron and partly of clay. [34] As you looked, a stone was cut out by no human hand, and it struck the image on its feet of iron and clay, and broke them in pieces. [35] Then the iron, the clay, the bronze, the silver, and the gold, all together were broken in pieces, and became like the chaff of the summer threshing floors; and the wind carried them away, so that not a trace of them could be found. But the stone that struck the image became a great mountain and filled the whole earth.\n\n  [36] \u201cThis was the dream. Now we will tell the king its interpretation. [37] You, O king, the king of kings, to whom the God of heaven has given the kingdom, the power, and the might, and the glory, [38] and into whose hand he has given, wherever they dwell, the children of man, the beasts of the field, and the birds of the heavens, making you rule over them all\u2014you are the head of gold. [39] Another kingdom inferior to you shall arise after you, and yet a third kingdom of bronze, which shall rule over all the earth. [40] And there shall be a fourth kingdom, strong as iron, because iron breaks to pieces and shatters all things. And like iron that crushes, it shall break and crush all these. [41] And as you saw the feet and toes, partly of potter\u2019s clay and partly of iron, it shall be a divided kingdom, but some of the firmness of iron shall be in it, just as you saw iron mixed with the soft clay. [42] And as the toes of the feet were partly iron and partly clay, so the kingdom shall be partly strong and partly brittle. [43] As you saw the iron mixed with soft clay, so they will mix with one another in marriage,(3) but they will not hold together, just as iron does not mix with clay. [44] And in the days of those kings the God of heaven will set up a kingdom that shall never be destroyed, nor shall the kingdom be left to another people. It shall break in pieces all these kingdoms and bring them to an end, and it shall stand forever, [45] just as you saw that a stone was cut from a mountain by no human hand, and that it broke in pieces the iron, the bronze, the clay, the silver, and the gold. A great God has made known to the king what shall be after this. The dream is certain, and its interpretation sure.\u201d\n\nDaniel Is Promoted\n\n  [46] Then King Nebuchadnezzar fell upon his face and paid homage to Daniel, and commanded that an offering and incense be offered up to him. [47] The king answered and said to Daniel, \u201cTruly, your God is God of gods and Lord of kings, and a revealer of mysteries, for you have been able to reveal this mystery.\u201d [48] Then the king gave Daniel high honors and many great gifts, and made him ruler over the whole province of Babylon and chief prefect over all the wise men of Babylon. [49] Daniel made a request of the king, and he appointed Shadrach, Meshach, and Abednego over the affairs of the province of Babylon. But Daniel remained at the king\u2019s court.\n\nFootnotes\n\n(1) 2:4 The text from this point to the end of chapter 7 is in Aramaic\n\n(2) 2:15 Aramaic *answered and said*; also verse 26\n\n(3) 2:43 Aramaic *by the seed of men*\n (ESV)"]}