{"query": "Hosea 2", "canonical": "Hosea 2", "parsed": [[28002001, 28002023]], "passage_meta": [{"canonical": "Hosea 2", "chapter_start": [28002001, 28002023], "chapter_end": [28002001, 28002023], "prev_verse": 28001011, "next_verse": 28003001, "prev_chapter": [28001001, 28001011], "next_chapter": [28003001, 28003005]}], "passages": ["Hosea 2\n\nIsrael\u2019s Unfaithfulness Punished\n\n  [1] (1) Say to your brothers, \u201cYou are my people,\u201d(2) and to your sisters, \u201cYou have received mercy.\u201d(3)\n\n    [2] \u201cPlead with your mother, plead\u2014\n        for she is not my wife,\n        and I am not her husband\u2014\n    that she put away her whoring from her face,\n        and her adultery from between her breasts;\n    [3] lest I strip her naked\n        and make her as in the day she was born,\n    and make her like a wilderness,\n        and make her like a parched land,\n        and kill her with thirst.\n    [4] Upon her children also I will have no mercy,\n        because they are children of whoredom.\n    [5] For their mother has played the whore;\n        she who conceived them has acted shamefully.\n    For she said, \u2018I will go after my lovers,\n        who give me my bread and my water,\n        my wool and my flax, my oil and my drink.\u2019\n    [6] Therefore I will hedge up her(4) way with thorns,\n        and I will build a wall against her,\n        so that she cannot find her paths.\n    [7] She shall pursue her lovers\n        but not overtake them,\n    and she shall seek them\n        but shall not find them.\n    Then she shall say,\n        \u2018I will go and return to my first husband,\n        for it was better for me then than now.\u2019\n    [8] And she did not know\n        that it was I who gave her\n        the grain, the wine, and the oil,\n    and who lavished on her silver and gold,\n        which they used for Baal.\n    [9] Therefore I will take back\n        my grain in its time,\n        and my wine in its season,\n    and I will take away my wool and my flax,\n        which were to cover her nakedness.\n    [10] Now I will uncover her lewdness\n        in the sight of her lovers,\n        and no one shall rescue her out of my hand.\n    [11] And I will put an end to all her mirth,\n        her feasts, her new moons, her Sabbaths,\n        and all her appointed feasts.\n    [12] And I will lay waste her vines and her fig trees,\n        of which she said,\n    \u2018These are my wages,\n        which my lovers have given me.\u2019\n    I will make them a forest,\n        and the beasts of the field shall devour them.\n    [13] And I will punish her for the feast days of the Baals\n        when she burned offerings to them\n    and adorned herself with her ring and jewelry,\n        and went after her lovers\n        and forgot me, declares the LORD.\n    \n    \n    The LORD\u2019s Mercy on Israel\n\n    [14] \u201cTherefore, behold, I will allure her,\n        and bring her into the wilderness,\n        and speak tenderly to her.\n    [15] And there I will give her her vineyards\n        and make the Valley of Achor(5) a door of hope.\n    And there she shall answer as in the days of her youth,\n        as at the time when she came out of the land of Egypt.\n    \n    \n      [16] \u201cAnd in that day, declares the LORD, you will call me \u2018My Husband,\u2019 and no longer will you call me \u2018My Baal.\u2019 [17] For I will remove the names of the Baals from her mouth, and they shall be remembered by name no more. [18] And I will make for them a covenant on that day with the beasts of the field, the birds of the heavens, and the creeping things of the ground. And I will abolish(6) the bow, the sword, and war from the land, and I will make you lie down in safety. [19] And I will betroth you to me forever. I will betroth you to me in righteousness and in justice, in steadfast love and in mercy. [20] I will betroth you to me in faithfulness. And you shall know the LORD.\n\n    [21] \u201cAnd in that day I will answer, declares the LORD,\n        I will answer the heavens,\n        and they shall answer the earth,\n    [22] and the earth shall answer the grain, the wine, and the oil,\n        and they shall answer Jezreel,(7)\n    [23]     and I will sow her for myself in the land.\n    And I will have mercy on No Mercy,(8)\n        and I will say to Not My People,(9) \u2018You are my people\u2019;\n        and he shall say, \u2018You are my God.\u2019\u201d\n    \n\nFootnotes\n\n(1) 2:1 Ch 2:3 in Hebrew\n\n(2) 2:1 Hebrew *ammi*, which means *my people*\n\n(3) 2:1 Hebrew *ruhama*, which means *she has received mercy*\n\n(4) 2:6 Hebrew *your*\n\n(5) 2:15 *Achor* means *trouble*; compare Joshua 7:26\n\n(6) 2:18 Hebrew *break*\n\n(7) 2:22 *Jezreel* means *God will sow*\n\n(8) 2:23 Hebrew *Lo-ruhama*\n\n(9) 2:23 Hebrew *Lo-ammi*\n (ESV)"]}