{"query": "Hosea 7", "canonical": "Hosea 7", "parsed": [[28007001, 28007016]], "passage_meta": [{"canonical": "Hosea 7", "chapter_start": [28007001, 28007016], "chapter_end": [28007001, 28007016], "prev_verse": 28006011, "next_verse": 28008001, "prev_chapter": [28006001, 28006011], "next_chapter": [28008001, 28008014]}], "passages": ["Hosea 7\n\n    [1] when I would heal Israel,\n        the iniquity of Ephraim is revealed,\n        and the evil deeds of Samaria,\n    for they deal falsely;\n        the thief breaks in,\n        and the bandits raid outside.\n    [2] But they do not consider\n        that I remember all their evil.\n    Now their deeds surround them;\n        they are before my face.\n    [3] By their evil they make the king glad,\n        and the princes by their treachery.\n    [4] They are all adulterers;\n        they are like a heated oven\n    whose baker ceases to stir the fire,\n        from the kneading of the dough\n        until it is leavened.\n    [5] On the day of our king, the princes\n        became sick with the heat of wine;\n        he stretched out his hand with mockers.\n    [6] For with hearts like an oven they approach their intrigue;\n        all night their anger smolders;\n        in the morning it blazes like a flaming fire.\n    [7] All of them are hot as an oven,\n        and they devour their rulers.\n    All their kings have fallen,\n        and none of them calls upon me.\n    \n    \n    [8] Ephraim mixes himself with the peoples;\n        Ephraim is a cake not turned.\n    [9] Strangers devour his strength,\n        and he knows it not;\n    gray hairs are sprinkled upon him,\n        and he knows it not.\n    [10] The pride of Israel testifies to his face;(1)\n        yet they do not return to the LORD their God,\n        nor seek him, for all this.\n    \n    \n    [11] Ephraim is like a dove,\n        silly and without sense,\n        calling to Egypt, going to Assyria.\n    [12] As they go, I will spread over them my net;\n        I will bring them down like birds of the heavens;\n        I will discipline them according to the report made to their congregation.\n    [13] Woe to them, for they have strayed from me!\n        Destruction to them, for they have rebelled against me!\n    I would redeem them,\n        but they speak lies against me.\n    \n    \n    [14] They do not cry to me from the heart,\n        but they wail upon their beds;\n    for grain and wine they gash themselves;\n        they rebel against me.\n    [15] Although I trained and strengthened their arms,\n        yet they devise evil against me.\n    [16] They return, but not upward;(2)\n        they are like a treacherous bow;\n    their princes shall fall by the sword\n        because of the insolence of their tongue.\n    This shall be their derision in the land of Egypt.\n    \n\nFootnotes\n\n(1) 7:10 Or *in his presence*\n\n(2) 7:16 Or *to the Most High*\n (ESV)"]}