{"query": "Hosea 3", "canonical": "Hosea 3", "parsed": [[28003001, 28003005]], "passage_meta": [{"canonical": "Hosea 3", "chapter_start": [28003001, 28003005], "chapter_end": [28003001, 28003005], "prev_verse": 28002023, "next_verse": 28004001, "prev_chapter": [28002001, 28002023], "next_chapter": [28004001, 28004019]}], "passages": ["Hosea 3\n\nHosea Redeems His Wife\n\n  [1] And the LORD said to me, \u201cGo again, love a woman who is loved by another man and is an adulteress, even as the LORD loves the children of Israel, though they turn to other gods and love cakes of raisins.\u201d [2] So I bought her for fifteen shekels of silver and a homer and a lethech(1) of barley. [3] And I said to her, \u201cYou must dwell as mine for many days. You shall not play the whore, or belong to another man; so will I also be to you.\u201d [4] For the children of Israel shall dwell many days without king or prince, without sacrifice or pillar, without ephod or household gods. [5] Afterward the children of Israel shall return and seek the LORD their God, and David their king, and they shall come in fear to the LORD and to his goodness in the latter days.\n\nFootnotes\n\n(1) 3:2 A *shekel* was about 2/5 ounce or 11 grams; a *homer* was about 6 bushels or 220 liters; a *lethech* was about 3 bushels or 110 liters\n (ESV)"]}