{"query": "Hosea 1", "canonical": "Hosea 1", "parsed": [[28001001, 28001011]], "passage_meta": [{"canonical": "Hosea 1", "chapter_start": [28001001, 28001011], "chapter_end": [28001001, 28001011], "prev_verse": 27012013, "next_verse": 28002001, "prev_chapter": [27012001, 27012013], "next_chapter": [28002001, 28002023]}], "passages": ["Hosea 1\n\n\n\n  [1] The word of the LORD that came to Hosea, the son of Beeri, in the days of Uzziah, Jotham, Ahaz, and Hezekiah, kings of Judah, and in the days of Jeroboam the son of Joash, king of Israel.\n\nHosea\u2019s Wife and Children\n\n  [2] When the LORD first spoke through Hosea, the LORD said to Hosea, \u201cGo, take to yourself a wife of whoredom and have children of whoredom, for the land commits great whoredom by forsaking the LORD.\u201d [3] So he went and took Gomer, the daughter of Diblaim, and she conceived and bore him a son.\n\n  [4] And the LORD said to him, \u201cCall his name Jezreel, for in just a little while I will punish the house of Jehu for the blood of Jezreel, and I will put an end to the kingdom of the house of Israel. [5] And on that day I will break the bow of Israel in the Valley of Jezreel.\u201d\n\n  [6] She conceived again and bore a daughter. And the LORD said to him, \u201cCall her name No Mercy,(1) for I will no more have mercy on the house of Israel, to forgive them at all. [7] But I will have mercy on the house of Judah, and I will save them by the LORD their God. I will not save them by bow or by sword or by war or by horses or by horsemen.\u201d\n\n  [8] When she had weaned No Mercy, she conceived and bore a son. [9] And the LORD said, \u201cCall his name Not My People,(2) for you are not my people, and I am not your God.\u201d(3)\n\n  [10] (4) Yet the number of the children of Israel shall be like the sand of the sea, which cannot be measured or numbered. And in the place where it was said to them, \u201cYou are not my people,\u201d it shall be said to them, \u201cChildren(5) of the living God.\u201d [11] And the children of Judah and the children of Israel shall be gathered together, and they shall appoint for themselves one head. And they shall go up from the land, for great shall be the day of Jezreel.\n\nFootnotes\n\n(1) 1:6 Hebrew *Lo-ruhama*, which means *she has not received mercy*\n\n(2) 1:9 Hebrew *Lo-ammi*, which means *not my people*\n\n(3) 1:9 Hebrew *I am not yours*\n\n(4) 1:10 Ch 2:1 in Hebrew\n\n(5) 1:10 Or *Sons*\n (ESV)"]}