{"query": "Hosea 14", "canonical": "Hosea 14", "parsed": [[28014001, 28014009]], "passage_meta": [{"canonical": "Hosea 14", "chapter_start": [28014001, 28014009], "chapter_end": [28014001, 28014009], "prev_verse": 28013016, "next_verse": 29001001, "prev_chapter": [28013001, 28013016], "next_chapter": [29001001, 29001020]}], "passages": ["Hosea 14\n\nA Plea to Return to the LORD\n\n    [1] Return, O Israel, to the LORD your God,\n        for you have stumbled because of your iniquity.\n    [2] Take with you words\n        and return to the LORD;\n    say to him,\n        \u201cTake away all iniquity;\n    accept what is good,\n        and we will pay with bulls\n        the vows(1) of our lips.\n    [3] Assyria shall not save us;\n        we will not ride on horses;\n    and we will say no more, \u2018Our God,\u2019\n        to the work of our hands.\n    In you the orphan finds mercy.\u201d\n    \n    \n    [4] I will heal their apostasy;\n        I will love them freely,\n        for my anger has turned from them.\n    [5] I will be like the dew to Israel;\n        he shall blossom like the lily;\n        he shall take root like the trees of Lebanon;\n    [6] his shoots shall spread out;\n        his beauty shall be like the olive,\n        and his fragrance like Lebanon.\n    [7] They shall return and dwell beneath my(2) shadow;\n        they shall flourish like the grain;\n    they shall blossom like the vine;\n        their fame shall be like the wine of Lebanon.\n    \n    \n    [8] O Ephraim, what have I to do with idols?\n        It is I who answer and look after you.(3)\n    I am like an evergreen cypress;\n        from me comes your fruit.\n    \n    \n    [9] Whoever is wise, let him understand these things;\n        whoever is discerning, let him know them;\n    for the ways of the LORD are right,\n        and the upright walk in them,\n        but transgressors stumble in them.\n    \n\nFootnotes\n\n(1) 14:2 Septuagint, Syriac *pay the fruit*\n\n(2) 14:7 Hebrew *his*\n\n(3) 14:8 Hebrew *him*\n (ESV)"]}