{"query": "Hosea 10", "canonical": "Hosea 10", "parsed": [[28010001, 28010015]], "passage_meta": [{"canonical": "Hosea 10", "chapter_start": [28010001, 28010015], "chapter_end": [28010001, 28010015], "prev_verse": 28009017, "next_verse": 28011001, "prev_chapter": [28009001, 28009017], "next_chapter": [28011001, 28011012]}], "passages": ["Hosea 10\n\n    [1] Israel is a luxuriant vine\n        that yields its fruit.\n    The more his fruit increased,\n        the more altars he built;\n    as his country improved,\n        he improved his pillars.\n    [2] Their heart is false;\n        now they must bear their guilt.\n    The LORD(1) will break down their altars\n        and destroy their pillars.\n    \n    \n    [3] For now they will say:\n        \u201cWe have no king,\n    for we do not fear the LORD;\n        and a king\u2014what could he do for us?\u201d\n    [4] They utter mere words;\n        with empty(2) oaths they make covenants;\n    so judgment springs up like poisonous weeds\n        in the furrows of the field.\n    [5] The inhabitants of Samaria tremble\n        for the calf(3) of Beth-aven.\n    Its people mourn for it, and so do its idolatrous priests\u2014\n        those who rejoiced over it and over its glory\u2014\n        for it has departed(4) from them.\n    [6] The thing itself shall be carried to Assyria\n        as tribute to the great king.(5)\n    Ephraim shall be put to shame,\n        and Israel shall be ashamed of his idol.(6)\n    \n    \n    [7] Samaria\u2019s king shall perish\n        like a twig on the face of the waters.\n    [8] The high places of Aven, the sin of Israel,\n        shall be destroyed.\n    Thorn and thistle shall grow up\n        on their altars,\n    and they shall say to the mountains, \u201cCover us,\u201d\n        and to the hills, \u201cFall on us.\u201d\n    \n    \n    [9] From the days of Gibeah, you have sinned, O Israel;\n        there they have continued.\n        Shall not the war against the unjust(7) overtake them in Gibeah?\n    [10] When I please, I will discipline them,\n        and nations shall be gathered against them\n        when they are bound up for their double iniquity.\n    \n    \n    [11] Ephraim was a trained calf\n        that loved to thresh,\n        and I spared her fair neck;\n    but I will put Ephraim to the yoke;\n        Judah must plow;\n        Jacob must harrow for himself.\n    [12] Sow for yourselves righteousness;\n        reap steadfast love;\n        break up your fallow ground,\n    for it is the time to seek the LORD,\n        that he may come and rain righteousness upon you.\n    \n    \n    [13] You have plowed iniquity;\n        you have reaped injustice;\n        you have eaten the fruit of lies.\n    Because you have trusted in your own way\n        and in the multitude of your warriors,\n    [14] therefore the tumult of war shall arise among your people,\n        and all your fortresses shall be destroyed,\n    as Shalman destroyed Beth-arbel on the day of battle;\n        mothers were dashed in pieces with their children.\n    [15] Thus it shall be done to you, O Bethel,\n        because of your great evil.\n    At dawn the king of Israel\n        shall be utterly cut off.\n    \n\nFootnotes\n\n(1) 10:2 Hebrew *He*\n\n(2) 10:4 Or *vain* (see Exodus 20:7)\n\n(3) 10:5 Or *calves*\n\n(4) 10:5 Or *has gone into exile*\n\n(5) 10:6 Or *to King Jareb*\n\n(6) 10:6 Or *counsel*\n\n(7) 10:9 Hebrew *the children of injustice*\n (ESV)"]}