{"query": "Hosea 13", "canonical": "Hosea 13", "parsed": [[28013001, 28013016]], "passage_meta": [{"canonical": "Hosea 13", "chapter_start": [28013001, 28013016], "chapter_end": [28013001, 28013016], "prev_verse": 28012014, "next_verse": 28014001, "prev_chapter": [28012001, 28012014], "next_chapter": [28014001, 28014009]}], "passages": ["Hosea 13\n\nThe LORD\u2019s Relentless Judgment on Israel\n\n    [1] When Ephraim spoke, there was trembling;\n        he was exalted in Israel,\n        but he incurred guilt through Baal and died.\n    [2] And now they sin more and more,\n        and make for themselves metal images,\n    idols skillfully made of their silver,\n        all of them the work of craftsmen.\n    It is said of them,\n        \u201cThose who offer human sacrifice kiss calves!\u201d\n    [3] Therefore they shall be like the morning mist\n        or like the dew that goes early away,\n    like the chaff that swirls from the threshing floor\n        or like smoke from a window.\n    \n    \n    [4] But I am the LORD your God\n        from the land of Egypt;\n    you know no God but me,\n        and besides me there is no savior.\n    [5] It was I who knew you in the wilderness,\n        in the land of drought;\n    [6] but when they had grazed,(1) they became full,\n        they were filled, and their heart was lifted up;\n        therefore they forgot me.\n    [7] So I am to them like a lion;\n        like a leopard I will lurk beside the way.\n    [8] I will fall upon them like a bear robbed of her cubs;\n        I will tear open their breast,\n    and there I will devour them like a lion,\n        as a wild beast would rip them open.\n    \n    \n    [9] He destroys(2) you, O Israel,\n        for you are against me, against your helper.\n    [10] Where now is your king, to save you in all your cities?\n        Where are all your rulers\u2014\n    those of whom you said,\n        \u201cGive me a king and princes\u201d?\n    [11] I gave you a king in my anger,\n        and I took him away in my wrath.\n    \n    \n    [12] The iniquity of Ephraim is bound up;\n        his sin is kept in store.\n    [13] The pangs of childbirth come for him,\n        but he is an unwise son,\n    for at the right time he does not present himself\n        at the opening of the womb.\n    \n    \n    [14] I shall ransom them from the power of Sheol;\n        I shall redeem them from Death.(3)\n    O Death, where are your plagues?\n        O Sheol, where is your sting?\n        Compassion is hidden from my eyes.\n    \n    \n    [15] Though he may flourish among his brothers,\n        the east wind, the wind of the LORD, shall come,\n        rising from the wilderness,\n    and his fountain shall dry up;\n        his spring shall be parched;\n    it shall strip his treasury\n        of every precious thing.\n    [16] (4) Samaria shall bear her guilt,\n        because she has rebelled against her God;\n    they shall fall by the sword;\n        their little ones shall be dashed in pieces,\n        and their pregnant women ripped open.\n    \n\nFootnotes\n\n(1) 13:6 Hebrew *according to their pasture*\n\n(2) 13:9 Or *I will destroy*\n\n(3) 13:14 Or *Shall I ransom them from the power of Sheol? Shall I redeem them from Death?*\n\n(4) 13:16 Ch 14:1 in Hebrew\n (ESV)"]}