{"query": "Hosea 5", "canonical": "Hosea 5", "parsed": [[28005001, 28005015]], "passage_meta": [{"canonical": "Hosea 5", "chapter_start": [28005001, 28005015], "chapter_end": [28005001, 28005015], "prev_verse": 28004019, "next_verse": 28006001, "prev_chapter": [28004001, 28004019], "next_chapter": [28006001, 28006011]}], "passages": ["Hosea 5\n\nPunishment Coming for Israel and Judah\n\n    [1] Hear this, O priests!\n        Pay attention, O house of Israel!\n    Give ear, O house of the king!\n        For the judgment is for you;\n    for you have been a snare at Mizpah\n        and a net spread upon Tabor.\n    [2] And the revolters have gone deep into slaughter,\n        but I will discipline all of them.\n    \n    \n    [3] I know Ephraim,\n        and Israel is not hidden from me;\n    for now, O Ephraim, you have played the whore;\n        Israel is defiled.\n    [4] Their deeds do not permit them\n        to return to their God.\n    For the spirit of whoredom is within them,\n        and they know not the LORD.\n    \n    \n    [5] The pride of Israel testifies to his face;(1)\n        Israel and Ephraim shall stumble in his guilt;\n        Judah also shall stumble with them.\n    [6] With their flocks and herds they shall go\n        to seek the LORD,\n    but they will not find him;\n        he has withdrawn from them.\n    [7] They have dealt faithlessly with the LORD;\n        for they have borne alien children.\n        Now the new moon shall devour them with their fields.\n    \n    \n    [8] Blow the horn in Gibeah,\n        the trumpet in Ramah.\n    Sound the alarm at Beth-aven;\n        we follow you,(2) O Benjamin!\n    [9] Ephraim shall become a desolation\n        in the day of punishment;\n    among the tribes of Israel\n        I make known what is sure.\n    [10] The princes of Judah have become\n        like those who move the landmark;\n    upon them I will pour out\n        my wrath like water.\n    [11] Ephraim is oppressed, crushed in judgment,\n        because he was determined to go after filth.(3)\n    [12] But I am like a moth to Ephraim,\n        and like dry rot to the house of Judah.\n    \n    \n    [13] When Ephraim saw his sickness,\n        and Judah his wound,\n    then Ephraim went to Assyria,\n        and sent to the great king.(4)\n    But he is not able to cure you\n        or heal your wound.\n    [14] For I will be like a lion to Ephraim,\n        and like a young lion to the house of Judah.\n    I, even I, will tear and go away;\n        I will carry off, and no one shall rescue.\n    \n    \n    [15] I will return again to my place,\n        until they acknowledge their guilt and seek my face,\n        and in their distress earnestly seek me.\n    \n\nFootnotes\n\n(1) 5:5 Or *in his presence*\n\n(2) 5:8 Or *after you*\n\n(3) 5:11 Or *to follow human precepts*\n\n(4) 5:13 Or *to King Jareb*\n (ESV)"]}