{"query": "Hosea 11", "canonical": "Hosea 11", "parsed": [[28011001, 28011012]], "passage_meta": [{"canonical": "Hosea 11", "chapter_start": [28011001, 28011012], "chapter_end": [28011001, 28011012], "prev_verse": 28010015, "next_verse": 28012001, "prev_chapter": [28010001, 28010015], "next_chapter": [28012001, 28012014]}], "passages": ["Hosea 11\n\nThe LORD\u2019s Love for Israel\n\n    [1] When Israel was a child, I loved him,\n        and out of Egypt I called my son.\n    [2] The more they were called,\n        the more they went away;\n    they kept sacrificing to the Baals\n        and burning offerings to idols.\n    \n    \n    [3] Yet it was I who taught Ephraim to walk;\n        I took them up by their arms,\n        but they did not know that I healed them.\n    [4] I led them with cords of kindness,(1)\n        with the bands of love,\n    and I became to them as one who eases the yoke on their jaws,\n        and I bent down to them and fed them.\n    \n    \n    [5] They shall not(2) return to the land of Egypt,\n        but Assyria shall be their king,\n        because they have refused to return to me.\n    [6] The sword shall rage against their cities,\n        consume the bars of their gates,\n        and devour them because of their own counsels.\n    [7] My people are bent on turning away from me,\n        and though they call out to the Most High,\n        he shall not raise them up at all.\n    \n    \n    [8] How can I give you up, O Ephraim?\n        How can I hand you over, O Israel?\n    How can I make you like Admah?\n        How can I treat you like Zeboiim?\n    My heart recoils within me;\n        my compassion grows warm and tender.\n    [9] I will not execute my burning anger;\n        I will not again destroy Ephraim;\n    for I am God and not a man,\n        the Holy One in your midst,\n        and I will not come in wrath.(3)\n    \n    \n    [10] They shall go after the LORD;\n        he will roar like a lion;\n    when he roars,\n        his children shall come trembling from the west;\n    [11] they shall come trembling like birds from Egypt,\n        and like doves from the land of Assyria,\n        and I will return them to their homes, declares the LORD.\n    [12] (4) Ephraim has surrounded me with lies,\n        and the house of Israel with deceit,\n    but Judah still walks with God\n        and is faithful to the Holy One.\n    \n\nFootnotes\n\n(1) 11:4 Or *humaneness*; Hebrew *man*\n\n(2) 11:5 Or *surely*\n\n(3) 11:9 Or *into the city*\n\n(4) 11:12 Ch 12:1 in Hebrew\n (ESV)"]}