{"query": "Hosea 9", "canonical": "Hosea 9", "parsed": [[28009001, 28009017]], "passage_meta": [{"canonical": "Hosea 9", "chapter_start": [28009001, 28009017], "chapter_end": [28009001, 28009017], "prev_verse": 28008014, "next_verse": 28010001, "prev_chapter": [28008001, 28008014], "next_chapter": [28010001, 28010015]}], "passages": ["Hosea 9\n\nThe LORD Will Punish Israel\n\n    [1] Rejoice not, O Israel!\n        Exult not like the peoples;\n    for you have played the whore, forsaking your God.\n        You have loved a prostitute\u2019s wages\n        on all threshing floors.\n    [2] Threshing floor and wine vat shall not feed them,\n        and the new wine shall fail them.\n    [3] They shall not remain in the land of the LORD,\n        but Ephraim shall return to Egypt,\n        and they shall eat unclean food in Assyria.\n    \n    \n    [4] They shall not pour drink offerings of wine to the LORD,\n        and their sacrifices shall not please him.\n    It shall be like mourners\u2019 bread to them;\n        all who eat of it shall be defiled;\n    for their bread shall be for their hunger only;\n        it shall not come to the house of the LORD.\n    \n    \n    [5] What will you do on the day of the appointed festival,\n        and on the day of the feast of the LORD?\n    [6] For behold, they are going away from destruction;\n        but Egypt shall gather them;\n        Memphis shall bury them.\n    Nettles shall possess their precious things of silver;\n        thorns shall be in their tents.\n    \n    \n    [7] The days of punishment have come;\n        the days of recompense have come;\n        Israel shall know it.\n    The prophet is a fool;\n        the man of the spirit is mad,\n    because of your great iniquity\n        and great hatred.\n    [8] The prophet is the watchman of Ephraim with my God;\n    yet a fowler\u2019s snare is on all his ways,\n        and hatred in the house of his God.\n    [9] They have deeply corrupted themselves\n        as in the days of Gibeah:\n    he will remember their iniquity;\n        he will punish their sins.\n    \n    \n    [10] Like grapes in the wilderness,\n        I found Israel.\n    Like the first fruit on the fig tree\n        in its first season,\n        I saw your fathers.\n    But they came to Baal-peor\n        and consecrated themselves to the thing of shame,\n        and became detestable like the thing they loved.\n    [11] Ephraim\u2019s glory shall fly away like a bird\u2014\n        no birth, no pregnancy, no conception!\n    [12] Even if they bring up children,\n        I will bereave them till none is left.\n    Woe to them\n        when I depart from them!\n    [13] Ephraim, as I have seen, was like a young palm(1) planted in a meadow;\n        but Ephraim must lead his children out to slaughter.(2)\n    [14] Give them, O LORD\u2014\n        what will you give?\n    Give them a miscarrying womb\n        and dry breasts.\n    \n    \n    [15] Every evil of theirs is in Gilgal;\n        there I began to hate them.\n    Because of the wickedness of their deeds\n        I will drive them out of my house.\n    I will love them no more;\n        all their princes are rebels.\n    \n    \n    [16] Ephraim is stricken;\n        their root is dried up;\n        they shall bear no fruit.\n    Even though they give birth,\n        I will put their beloved children to death.\n    [17] My God will reject them\n        because they have not listened to him;\n        they shall be wanderers among the nations.\n    \n\nFootnotes\n\n(1) 9:13 Or *like Tyre*\n\n(2) 9:13 Hebrew *to him who slaughters*\n (ESV)"]}