{"query": "Hosea 6", "canonical": "Hosea 6", "parsed": [[28006001, 28006011]], "passage_meta": [{"canonical": "Hosea 6", "chapter_start": [28006001, 28006011], "chapter_end": [28006001, 28006011], "prev_verse": 28005015, "next_verse": 28007001, "prev_chapter": [28005001, 28005015], "next_chapter": [28007001, 28007016]}], "passages": ["Hosea 6\n\nIsrael and Judah Are Unrepentant\n\n    [1] \u201cCome, let us return to the LORD;\n        for he has torn us, that he may heal us;\n        he has struck us down, and he will bind us up.\n    [2] After two days he will revive us;\n        on the third day he will raise us up,\n        that we may live before him.\n    [3] Let us know; let us press on to know the LORD;\n        his going out is sure as the dawn;\n    he will come to us as the showers,\n        as the spring rains that water the earth.\u201d\n    \n    \n    [4] What shall I do with you, O Ephraim?\n        What shall I do with you, O Judah?\n    Your love is like a morning cloud,\n        like the dew that goes early away.\n    [5] Therefore I have hewn them by the prophets;\n        I have slain them by the words of my mouth,\n        and my judgment goes forth as the light.\n    [6] For I desire steadfast love(1) and not sacrifice,\n        the knowledge of God rather than burnt offerings.\n    \n    \n    [7] But like Adam they transgressed the covenant;\n        there they dealt faithlessly with me.\n    [8] Gilead is a city of evildoers,\n        tracked with blood.\n    [9] As robbers lie in wait for a man,\n        so the priests band together;\n    they murder on the way to Shechem;\n        they commit villainy.\n    [10] In the house of Israel I have seen a horrible thing;\n        Ephraim\u2019s whoredom is there; Israel is defiled.\n    \n    \n    [11] For you also, O Judah, a harvest is appointed.\n    \n    \n    When I restore the fortunes of my people,\n    \n\nFootnotes\n\n(1) 6:6 Septuagint *mercy*\n (ESV)"]}