{"query": "Hosea 4", "canonical": "Hosea 4", "parsed": [[28004001, 28004019]], "passage_meta": [{"canonical": "Hosea 4", "chapter_start": [28004001, 28004019], "chapter_end": [28004001, 28004019], "prev_verse": 28003005, "next_verse": 28005001, "prev_chapter": [28003001, 28003005], "next_chapter": [28005001, 28005015]}], "passages": ["Hosea 4\n\nThe LORD Accuses Israel\n\n    [1] Hear the word of the LORD, O children of Israel,\n        for the LORD has a controversy with the inhabitants of the land.\n    There is no faithfulness or steadfast love,\n        and no knowledge of God in the land;\n    [2] there is swearing, lying, murder, stealing, and committing adultery;\n        they break all bounds, and bloodshed follows bloodshed.\n    [3] Therefore the land mourns,\n        and all who dwell in it languish,\n    and also the beasts of the field\n        and the birds of the heavens,\n        and even the fish of the sea are taken away.\n    \n    \n    [4] Yet let no one contend,\n        and let none accuse,\n        for with you is my contention, O priest.(1)\n    [5] You shall stumble by day;\n        the prophet also shall stumble with you by night;\n        and I will destroy your mother.\n    [6] My people are destroyed for lack of knowledge;\n        because you have rejected knowledge,\n        I reject you from being a priest to me.\n    And since you have forgotten the law of your God,\n        I also will forget your children.\n    \n    \n    [7] The more they increased,\n        the more they sinned against me;\n        I will change their glory into shame.\n    [8] They feed on the sin(2) of my people;\n        they are greedy for their iniquity.\n    [9] And it shall be like people, like priest;\n        I will punish them for their ways\n        and repay them for their deeds.\n    [10] They shall eat, but not be satisfied;\n        they shall play the whore, but not multiply,\n    because they have forsaken the LORD\n        to cherish [11] whoredom, wine, and new wine,\n        which take away the understanding.\n    [12] My people inquire of a piece of wood,\n        and their walking staff gives them oracles.\n    For a spirit of whoredom has led them astray,\n        and they have left their God to play the whore.\n    [13] They sacrifice on the tops of the mountains\n        and burn offerings on the hills,\n    under oak, poplar, and terebinth,\n        because their shade is good.\n    Therefore your daughters play the whore,\n        and your brides commit adultery.\n    [14] I will not punish your daughters when they play the whore,\n        nor your brides when they commit adultery;\n    for the men themselves go aside with prostitutes\n        and sacrifice with cult prostitutes,\n    and a people without understanding shall come to ruin.\n    \n    \n    [15] Though you play the whore, O Israel,\n        let not Judah become guilty.\n    Enter not into Gilgal,\n        nor go up to Beth-aven,\n        and swear not, \u201cAs the LORD lives.\u201d\n    [16] Like a stubborn heifer,\n        Israel is stubborn;\n    can the LORD now feed them\n        like a lamb in a broad pasture?\n    \n    \n    [17] Ephraim is joined to idols;\n        leave him alone.\n    [18] When their drink is gone, they give themselves to whoring;\n        their rulers(3) dearly love shame.\n    [19] A wind has wrapped them(4) in its wings,\n        and they shall be ashamed because of their sacrifices.\n    \n\nFootnotes\n\n(1) 4:4 Or *for your people are like those who contend with the priest*\n\n(2) 4:8 Or *sin offering*\n\n(3) 4:18 Hebrew *shields*\n\n(4) 4:19 Hebrew *her*\n (ESV)"]}