{"query": "Hosea 8", "canonical": "Hosea 8", "parsed": [[28008001, 28008014]], "passage_meta": [{"canonical": "Hosea 8", "chapter_start": [28008001, 28008014], "chapter_end": [28008001, 28008014], "prev_verse": 28007016, "next_verse": 28009001, "prev_chapter": [28007001, 28007016], "next_chapter": [28009001, 28009017]}], "passages": ["Hosea 8\n\nIsrael Will Reap the Whirlwind\n\n    [1] Set the trumpet to your lips!\n        One like a vulture is over the house of the LORD,\n    because they have transgressed my covenant\n        and rebelled against my law.\n    [2] To me they cry,\n        \u201cMy God, we\u2014Israel\u2014know you.\u201d\n    [3] Israel has spurned the good;\n        the enemy shall pursue him.\n    \n    \n    [4] They made kings, but not through me.\n        They set up princes, but I knew it not.\n    With their silver and gold they made idols\n        for their own destruction.\n    [5] I have(1) spurned your calf, O Samaria.\n        My anger burns against them.\n    How long will they be incapable of innocence?\n    [6] For it is from Israel;\n    a craftsman made it;\n        it is not God.\n    The calf of Samaria\n        shall be broken to pieces.(2)\n    \n    \n    [7] For they sow the wind,\n        and they shall reap the whirlwind.\n    The standing grain has no heads;\n        it shall yield no flour;\n    if it were to yield,\n        strangers would devour it.\n    [8] Israel is swallowed up;\n        already they are among the nations\n        as a useless vessel.\n    [9] For they have gone up to Assyria,\n        a wild donkey wandering alone;\n        Ephraim has hired lovers.\n    [10] Though they hire allies among the nations,\n        I will soon gather them up.\n    And the king and princes shall soon writhe\n        because of the tribute.\n    \n    \n    [11] Because Ephraim has multiplied altars for sinning,\n        they have become to him altars for sinning.\n    [12] Were I to write for him my laws by the ten thousands,\n        they would be regarded as a strange thing.\n    [13] As for my sacrificial offerings,\n        they sacrifice meat and eat it,\n        but the LORD does not accept them.\n    Now he will remember their iniquity\n        and punish their sins;\n        they shall return to Egypt.\n    [14] For Israel has forgotten his Maker\n        and built palaces,\n    and Judah has multiplied fortified cities;\n        so I will send a fire upon his cities,\n        and it shall devour her strongholds.\n    \n\nFootnotes\n\n(1) 8:5 Hebrew *He has*\n\n(2) 8:6 Or *shall go up in flames*\n (ESV)"]}