{"query": "Hosea 12", "canonical": "Hosea 12", "parsed": [[28012001, 28012014]], "passage_meta": [{"canonical": "Hosea 12", "chapter_start": [28012001, 28012014], "chapter_end": [28012001, 28012014], "prev_verse": 28011012, "next_verse": 28013001, "prev_chapter": [28011001, 28011012], "next_chapter": [28013001, 28013016]}], "passages": ["Hosea 12\n\n    [1] Ephraim feeds on the wind\n        and pursues the east wind all day long;\n    they multiply falsehood and violence;\n        they make a covenant with Assyria,\n        and oil is carried to Egypt.\n    \n    \n    The LORD\u2019s Indictment of Israel and Judah\n\n    [2] The LORD has an indictment against Judah\n        and will punish Jacob according to his ways;\n        he will repay him according to his deeds.\n    [3] In the womb he took his brother by the heel,\n        and in his manhood he strove with God.\n    [4] He strove with the angel and prevailed;\n        he wept and sought his favor.\n    He met God(1) at Bethel,\n        and there God spoke with us\u2014\n    [5] the LORD, the God of hosts,\n        the LORD is his memorial name:\n    [6] \u201cSo you, by the help of your God, return,\n        hold fast to love and justice,\n        and wait continually for your God.\u201d\n    \n    \n    [7] A merchant, in whose hands are false balances,\n        he loves to oppress.\n    [8] Ephraim has said, \u201cAh, but I am rich;\n        I have found wealth for myself;\n    in all my labors they cannot find in me iniquity or sin.\u201d\n    [9] I am the LORD your God\n        from the land of Egypt;\n    I will again make you dwell in tents,\n        as in the days of the appointed feast.\n    \n    \n    [10] I spoke to the prophets;\n        it was I who multiplied visions,\n        and through the prophets gave parables.\n    [11] If there is iniquity in Gilead,\n        they shall surely come to nothing:\n    in Gilgal they sacrifice bulls;\n        their altars also are like stone heaps\n        on the furrows of the field.\n    [12] Jacob fled to the land of Aram;\n        there Israel served for a wife,\n        and for a wife he guarded sheep.\n    [13] By a prophet the LORD brought Israel up from Egypt,\n        and by a prophet he was guarded.\n    [14] Ephraim has given bitter provocation;\n        so his Lord will leave his bloodguilt on him\n        and will repay him for his disgraceful deeds.\n    \n\nFootnotes\n\n(1) 12:4 Hebrew *him*\n (ESV)"]}