{"query": "Joel 3", "canonical": "Joel 3", "parsed": [[29003001, 29003021]], "passage_meta": [{"canonical": "Joel 3", "chapter_start": [29003001, 29003021], "chapter_end": [29003001, 29003021], "prev_verse": 29002032, "next_verse": 30001001, "prev_chapter": [29002001, 29002032], "next_chapter": [30001001, 30001015]}], "passages": ["Joel 3\n\nThe LORD Judges the Nations\n\n  [1] \u201cFor behold, in those days and at that time, when I restore the fortunes of Judah and Jerusalem, [2] I will gather all the nations and bring them down to the Valley of Jehoshaphat. And I will enter into judgment with them there, on behalf of my people and my heritage Israel, because they have scattered them among the nations and have divided up my land, [3] and have cast lots for my people, and have traded a boy for a prostitute, and have sold a girl for wine and have drunk it.\n\n  [4] \u201cWhat are you to me, O Tyre and Sidon, and all the regions of Philistia? Are you paying me back for something? If you are paying me back, I will return your payment on your own head swiftly and speedily. [5] For you have taken my silver and my gold, and have carried my rich treasures into your temples.(1) [6] You have sold the people of Judah and Jerusalem to the Greeks in order to remove them far from their own border. [7] Behold, I will stir them up from the place to which you have sold them, and I will return your payment on your own head. [8] I will sell your sons and your daughters into the hand of the people of Judah, and they will sell them to the Sabeans, to a nation far away, for the LORD has spoken.\u201d\n\n    [9] Proclaim this among the nations:\n    Consecrate for war;(2)\n        stir up the mighty men.\n    Let all the men of war draw near;\n        let them come up.\n    [10] Beat your plowshares into swords,\n        and your pruning hooks into spears;\n        let the weak say, \u201cI am a warrior.\u201d\n    \n    \n    [11] Hasten and come,\n        all you surrounding nations,\n        and gather yourselves there.\n    Bring down your warriors, O LORD.\n    [12] Let the nations stir themselves up\n        and come up to the Valley of Jehoshaphat;\n    for there I will sit to judge\n        all the surrounding nations.\n    \n    \n    [13] Put in the sickle,\n        for the harvest is ripe.\n    Go in, tread,\n        for the winepress is full.\n    The vats overflow,\n        for their evil is great.\n    \n    \n    [14] Multitudes, multitudes,\n        in the valley of decision!\n    For the day of the LORD is near\n        in the valley of decision.\n    [15] The sun and the moon are darkened,\n        and the stars withdraw their shining.\n    \n    \n    [16] The LORD roars from Zion,\n        and utters his voice from Jerusalem,\n        and the heavens and the earth quake.\n    But the LORD is a refuge to his people,\n        a stronghold to the people of Israel.\n    \n    \n    The Glorious Future of Judah\n\n    [17] \u201cSo you shall know that I am the LORD your God,\n        who dwells in Zion, my holy mountain.\n    And Jerusalem shall be holy,\n        and strangers shall never again pass through it.\n    \n    \n    [18] \u201cAnd in that day\n    the mountains shall drip sweet wine,\n        and the hills shall flow with milk,\n    and all the streambeds of Judah\n        shall flow with water;\n    and a fountain shall come forth from the house of the LORD\n        and water the Valley of Shittim.\n    \n    \n    [19] \u201cEgypt shall become a desolation\n        and Edom a desolate wilderness,\n    for the violence done to the people of Judah,\n        because they have shed innocent blood in their land.\n    [20] But Judah shall be inhabited forever,\n        and Jerusalem to all generations.\n    [21] I will avenge their blood,\n        blood I have not avenged,(3)\n        for the LORD dwells in Zion.\u201d\n    \n\nFootnotes\n\n(1) 3:5 Or *palaces*\n\n(2) 3:9 Or *Consecrate a war*\n\n(3) 3:21 Or *I will acquit their bloodguilt that I have not acquitted*\n (ESV)"]}