{"query": "Joel 1", "canonical": "Joel 1", "parsed": [[29001001, 29001020]], "passage_meta": [{"canonical": "Joel 1", "chapter_start": [29001001, 29001020], "chapter_end": [29001001, 29001020], "prev_verse": 28014009, "next_verse": 29002001, "prev_chapter": [28014001, 28014009], "next_chapter": [29002001, 29002032]}], "passages": ["Joel 1\n\n\n\n  [1] The word of the LORD that came to Joel, the son of Pethuel:\n\nAn Invasion of Locusts\n\n    [2] Hear this, you elders;\n        give ear, all inhabitants of the land!\n    Has such a thing happened in your days,\n        or in the days of your fathers?\n    [3] Tell your children of it,\n        and let your children tell their children,\n        and their children to another generation.\n    \n    \n    [4] What the cutting locust left,\n        the swarming locust has eaten.\n    What the swarming locust left,\n        the hopping locust has eaten,\n    and what the hopping locust left,\n        the destroying locust has eaten.\n    \n    \n    [5] Awake, you drunkards, and weep,\n        and wail, all you drinkers of wine,\n    because of the sweet wine,\n        for it is cut off from your mouth.\n    [6] For a nation has come up against my land,\n        powerful and beyond number;\n    its teeth are lions\u2019 teeth,\n        and it has the fangs of a lioness.\n    [7] It has laid waste my vine\n        and splintered my fig tree;\n    it has stripped off their bark and thrown it down;\n        their branches are made white.\n    \n    \n    [8] Lament like a virgin(1) wearing sackcloth\n        for the bridegroom of her youth.\n    [9] The grain offering and the drink offering are cut off\n        from the house of the LORD.\n    The priests mourn,\n        the ministers of the LORD.\n    [10] The fields are destroyed,\n        the ground mourns,\n    because the grain is destroyed,\n        the wine dries up,\n        the oil languishes.\n    \n    \n    [11] Be ashamed,(2) O tillers of the soil;\n        wail, O vinedressers,\n    for the wheat and the barley,\n        because the harvest of the field has perished.\n    [12] The vine dries up;\n        the fig tree languishes.\n    Pomegranate, palm, and apple,\n        all the trees of the field are dried up,\n    and gladness dries up\n        from the children of man.\n    \n    \n    A Call to Repentance\n\n    [13] Put on sackcloth and lament, O priests;\n        wail, O ministers of the altar.\n    Go in, pass the night in sackcloth,\n        O ministers of my God!\n    Because grain offering and drink offering\n        are withheld from the house of your God.\n    \n    \n    [14] Consecrate a fast;\n        call a solemn assembly.\n    Gather the elders\n        and all the inhabitants of the land\n    to the house of the LORD your God,\n        and cry out to the LORD.\n    \n    \n    [15] Alas for the day!\n    For the day of the LORD is near,\n        and as destruction from the Almighty(3) it comes.\n    [16] Is not the food cut off\n        before our eyes,\n    joy and gladness\n        from the house of our God?\n    \n    \n    [17] The seed shrivels under the clods;(4)\n        the storehouses are desolate;\n    the granaries are torn down\n        because the grain has dried up.\n    [18] How the beasts groan!\n        The herds of cattle are perplexed\n    because there is no pasture for them;\n        even the flocks of sheep suffer.(5)\n    \n    \n    [19] To you, O LORD, I call.\n    For fire has devoured\n        the pastures of the wilderness,\n    and flame has burned\n        all the trees of the field.\n    [20] Even the beasts of the field pant for you\n        because the water brooks are dried up,\n    and fire has devoured\n        the pastures of the wilderness.\n    \n\nFootnotes\n\n(1) 1:8 Or *young woman*\n\n(2) 1:11 The Hebrew words for *dry up* and *be ashamed* in verses 10\u201312, 17 sound alike\n\n(3) 1:15 *Destruction* sounds like the Hebrew for *Almighty*\n\n(4) 1:17 The meaning of the Hebrew line is uncertain\n\n(5) 1:18 Or *are made desolate*\n (ESV)"]}