{"query": "Obadiah 1", "canonical": "Obadiah 1", "parsed": [[31001001, 31001001]], "passage_meta": [{"canonical": "Obadiah 1", "chapter_start": [31001001, 31001021], "chapter_end": [31001001, 31001021], "prev_verse": 30009015, "next_verse": 31001002, "prev_chapter": [30009001, 30009015], "next_chapter": [32001001, 32001017]}], "passages": ["Obadiah 1\n\n\n\n  [1] The vision of Obadiah.\n\nEdom Will Be Humbled\n\n    Thus says the Lord GOD concerning Edom:\n    We have heard a report from the LORD,\n        and a messenger has been sent among the nations:\n    \u201cRise up! Let us rise against her for battle!\u201d (ESV)"]}