{"query": "Obadiah 2", "canonical": "Obadiah 2", "parsed": [[31001002, 31001002]], "passage_meta": [{"canonical": "Obadiah 2", "chapter_start": [31001001, 31001021], "chapter_end": [31001001, 31001021], "prev_verse": 31001001, "next_verse": 31001003, "prev_chapter": [30009001, 30009015], "next_chapter": [32001001, 32001017]}], "passages": ["Obadiah 2\n\n    [2] Behold, I will make you small among the nations;\n        you shall be utterly despised.(1)\n    \n\nFootnotes\n\n(1) 1:2 Or *Behold, I have made you small among the nations; you are utterly despised*\n (ESV)"]}