{"query": "Obadiah 15", "canonical": "Obadiah 15", "parsed": [[31001015, 31001015]], "passage_meta": [{"canonical": "Obadiah 15", "chapter_start": [31001001, 31001021], "chapter_end": [31001001, 31001021], "prev_verse": 31001014, "next_verse": 31001016, "prev_chapter": [30009001, 30009015], "next_chapter": [32001001, 32001017]}], "passages": ["Obadiah 15\n\nThe Day of the LORD Is Near\n\n    [15] For the day of the LORD is near upon all the nations.\n    As you have done, it shall be done to you;\n        your deeds shall return on your own head. (ESV)"]}