{"query": "Obadiah 16", "canonical": "Obadiah 16", "parsed": [[31001016, 31001016]], "passage_meta": [{"canonical": "Obadiah 16", "chapter_start": [31001001, 31001021], "chapter_end": [31001001, 31001021], "prev_verse": 31001015, "next_verse": 31001017, "prev_chapter": [30009001, 30009015], "next_chapter": [32001001, 32001017]}], "passages": ["Obadiah 16\n\n    [16] For as you have drunk on my holy mountain,\n        so all the nations shall drink continually;\n    they shall drink and swallow,\n        and shall be as though they had never been. (ESV)"]}