{"query": "Obadiah 7", "canonical": "Obadiah 7", "parsed": [[31001007, 31001007]], "passage_meta": [{"canonical": "Obadiah 7", "chapter_start": [31001001, 31001021], "chapter_end": [31001001, 31001021], "prev_verse": 31001006, "next_verse": 31001008, "prev_chapter": [30009001, 30009015], "next_chapter": [32001001, 32001017]}], "passages": ["Obadiah 7\n\n    [7] All your allies have driven you to your border;\n        those at peace with you have deceived you;\n    they have prevailed against you;\n        those who eat your bread(1) have set a trap beneath you\u2014\n        you have(2) no understanding.\n    \n\nFootnotes\n\n(1) 1:7 Hebrew lacks *those who eat*\n\n(2) 1:7 Hebrew *he has*\n (ESV)"]}