{"query": "Obadiah 13", "canonical": "Obadiah 13", "parsed": [[31001013, 31001013]], "passage_meta": [{"canonical": "Obadiah 13", "chapter_start": [31001001, 31001021], "chapter_end": [31001001, 31001021], "prev_verse": 31001012, "next_verse": 31001014, "prev_chapter": [30009001, 30009015], "next_chapter": [32001001, 32001017]}], "passages": ["Obadiah 13\n\n    [13] Do not enter the gate of my people\n        in the day of their calamity;\n    do not gloat over his disaster\n        in the day of his calamity;\n    do not loot his wealth\n        in the day of his calamity. (ESV)"]}