{"query": "Obadiah 11", "canonical": "Obadiah 11", "parsed": [[31001011, 31001011]], "passage_meta": [{"canonical": "Obadiah 11", "chapter_start": [31001001, 31001021], "chapter_end": [31001001, 31001021], "prev_verse": 31001010, "next_verse": 31001012, "prev_chapter": [30009001, 30009015], "next_chapter": [32001001, 32001017]}], "passages": ["Obadiah 11\n\n    [11] On the day that you stood aloof,\n        on the day that strangers carried off his wealth\n    and foreigners entered his gates\n        and cast lots for Jerusalem,\n        you were like one of them. (ESV)"]}