{"query": "Obadiah 12", "canonical": "Obadiah 12", "parsed": [[31001012, 31001012]], "passage_meta": [{"canonical": "Obadiah 12", "chapter_start": [31001001, 31001021], "chapter_end": [31001001, 31001021], "prev_verse": 31001011, "next_verse": 31001013, "prev_chapter": [30009001, 30009015], "next_chapter": [32001001, 32001017]}], "passages": ["Obadiah 12\n\n    [12] But do not gloat over the day of your brother\n        in the day of his misfortune;\n    do not rejoice over the people of Judah\n        in the day of their ruin;\n    do not boast(1)\n        in the day of distress.\n    \n\nFootnotes\n\n(1) 1:12 Hebrew *do not enlarge your mouth*\n (ESV)"]}