{"query": "Obadiah 10", "canonical": "Obadiah 10", "parsed": [[31001010, 31001010]], "passage_meta": [{"canonical": "Obadiah 10", "chapter_start": [31001001, 31001021], "chapter_end": [31001001, 31001021], "prev_verse": 31001009, "next_verse": 31001011, "prev_chapter": [30009001, 30009015], "next_chapter": [32001001, 32001017]}], "passages": ["Obadiah 10\n\nEdom\u2019s Violence Against Jacob\n\n    [10] Because of the violence done to your brother Jacob,\n        shame shall cover you,\n        and you shall be cut off forever. (ESV)"]}