{"query": "Obadiah 5", "canonical": "Obadiah 5", "parsed": [[31001005, 31001005]], "passage_meta": [{"canonical": "Obadiah 5", "chapter_start": [31001001, 31001021], "chapter_end": [31001001, 31001021], "prev_verse": 31001004, "next_verse": 31001006, "prev_chapter": [30009001, 30009015], "next_chapter": [32001001, 32001017]}], "passages": ["Obadiah 5\n\n    [5] If thieves came to you,\n        if plunderers came by night\u2014\n        how you have been destroyed!\u2014\n        would they not steal only enough for themselves?\n    If grape gatherers came to you,\n        would they not leave gleanings? (ESV)"]}