{"query": "Obadiah 3", "canonical": "Obadiah 3", "parsed": [[31001003, 31001003]], "passage_meta": [{"canonical": "Obadiah 3", "chapter_start": [31001001, 31001021], "chapter_end": [31001001, 31001021], "prev_verse": 31001002, "next_verse": 31001004, "prev_chapter": [30009001, 30009015], "next_chapter": [32001001, 32001017]}], "passages": ["Obadiah 3\n\n    [3] The pride of your heart has deceived you,\n        you who live in the clefts of the rock,(1)\n        in your lofty dwelling,\n    who say in your heart,\n        \u201cWho will bring me down to the ground?\u201d\n    \n\nFootnotes\n\n(1) 1:3 Or *of Sela*\n (ESV)"]}