{"query": "Obadiah 8", "canonical": "Obadiah 8", "parsed": [[31001008, 31001008]], "passage_meta": [{"canonical": "Obadiah 8", "chapter_start": [31001001, 31001021], "chapter_end": [31001001, 31001021], "prev_verse": 31001007, "next_verse": 31001009, "prev_chapter": [30009001, 30009015], "next_chapter": [32001001, 32001017]}], "passages": ["Obadiah 8\n\n    [8] Will I not on that day, declares the LORD,\n        destroy the wise men out of Edom,\n        and understanding out of Mount Esau? (ESV)"]}