{"query": "Esther 6", "canonical": "Esther 6", "parsed": [[17006001, 17006014]], "passage_meta": [{"canonical": "Esther 6", "chapter_start": [17006001, 17006014], "chapter_end": [17006001, 17006014], "prev_verse": 17005014, "next_verse": 17007001, "prev_chapter": [17005001, 17005014], "next_chapter": [17007001, 17007010]}], "passages": ["Esther 6\n\nThe King Honors Mordecai\n\n  [1] On that night the king could not sleep. And he gave orders to bring the book of memorable deeds, the chronicles, and they were read before the king. [2] And it was found written how Mordecai had told about Bigthana(1) and Teresh, two of the king\u2019s eunuchs, who guarded the threshold, and who had sought to lay hands on King Ahasuerus. [3] And the king said, \u201cWhat honor or distinction has been bestowed on Mordecai for this?\u201d The king\u2019s young men who attended him said, \u201cNothing has been done for him.\u201d [4] And the king said, \u201cWho is in the court?\u201d Now Haman had just entered the outer court of the king\u2019s palace to speak to the king about having Mordecai hanged on the gallows(2) that he had prepared for him. [5] And the king\u2019s young men told him, \u201cHaman is there, standing in the court.\u201d And the king said, \u201cLet him come in.\u201d [6] So Haman came in, and the king said to him, \u201cWhat should be done to the man whom the king delights to honor?\u201d And Haman said to himself, \u201cWhom would the king delight to honor more than me?\u201d [7] And Haman said to the king, \u201cFor the man whom the king delights to honor, [8] let royal robes be brought, which the king has worn, and the horse that the king has ridden, and on whose head a royal crown(3) is set. [9] And let the robes and the horse be handed over to one of the king\u2019s most noble officials. Let them dress the man whom the king delights to honor, and let them lead him on the horse through the square of the city, proclaiming before him: \u2018Thus shall it be done to the man whom the king delights to honor.\u2019\u201d [10] Then the king said to Haman, \u201cHurry; take the robes and the horse, as you have said, and do so to Mordecai the Jew, who sits at the king\u2019s gate. Leave out nothing that you have mentioned.\u201d [11] So Haman took the robes and the horse, and he dressed Mordecai and led him through the square of the city, proclaiming before him, \u201cThus shall it be done to the man whom the king delights to honor.\u201d\n\n  [12] Then Mordecai returned to the king\u2019s gate. But Haman hurried to his house, mourning and with his head covered. [13] And Haman told his wife Zeresh and all his friends everything that had happened to him. Then his wise men and his wife Zeresh said to him, \u201cIf Mordecai, before whom you have begun to fall, is of the Jewish people, you will not overcome him but will surely fall before him.\u201d\n\nEsther Reveals Haman\u2019s Plot\n\n  [14] While they were yet talking with him, the king\u2019s eunuchs arrived and hurried to bring Haman to the feast that Esther had prepared.\n\nFootnotes\n\n(1) 6:2 *Bigthana* is an alternate spelling of *Bigthan* (see 2:21)\n\n(2) 6:4 Or *wooden beam* (see note on 2:23)\n\n(3) 6:8 Or *headdress*\n (ESV)"]}