{"query": "Esther 7", "canonical": "Esther 7", "parsed": [[17007001, 17007010]], "passage_meta": [{"canonical": "Esther 7", "chapter_start": [17007001, 17007010], "chapter_end": [17007001, 17007010], "prev_verse": 17006014, "next_verse": 17008001, "prev_chapter": [17006001, 17006014], "next_chapter": [17008001, 17008017]}], "passages": ["Esther 7\n\n  [1] So the king and Haman went in to feast with Queen Esther. [2] And on the second day, as they were drinking wine after the feast, the king again said to Esther, \u201cWhat is your wish, Queen Esther? It shall be granted you. And what is your request? Even to the half of my kingdom, it shall be fulfilled.\u201d [3] Then Queen Esther answered, \u201cIf I have found favor in your sight, O king, and if it please the king, let my life be granted me for my wish, and my people for my request. [4] For we have been sold, I and my people, to be destroyed, to be killed, and to be annihilated. If we had been sold merely as slaves, men and women, I would have been silent, for our affliction is not to be compared with the loss to the king.\u201d [5] Then King Ahasuerus said to Queen Esther, \u201cWho is he, and where is he, who has dared(1) to do this?\u201d [6] And Esther said, \u201cA foe and enemy! This wicked Haman!\u201d Then Haman was terrified before the king and the queen.\n\nHaman Is Hanged\n\n  [7] And the king arose in his wrath from the wine-drinking and went into the palace garden, but Haman stayed to beg for his life from Queen Esther, for he saw that harm was determined against him by the king. [8] And the king returned from the palace garden to the place where they were drinking wine, as Haman was falling on the couch where Esther was. And the king said, \u201cWill he even assault the queen in my presence, in my own house?\u201d As the word left the mouth of the king, they covered Haman\u2019s face. [9] Then Harbona, one of the eunuchs in attendance on the king, said, \u201cMoreover, the gallows(2) that Haman has prepared for Mordecai, whose word saved the king, is standing at Haman\u2019s house, fifty cubits(3) high.\u201d And the king said, \u201cHang him on that.\u201d [10] So they hanged Haman on the gallows that he had prepared for Mordecai. Then the wrath of the king abated.\n\nFootnotes\n\n(1) 7:5 Hebrew *whose heart has filled him*\n\n(2) 7:9 Or *wooden beam*; also verse 10 (see note on 2:23)\n\n(3) 7:9 A *cubit* was about 18 inches or 45 centimeters\n (ESV)"]}