{"query": "Esther 5", "canonical": "Esther 5", "parsed": [[17005001, 17005014]], "passage_meta": [{"canonical": "Esther 5", "chapter_start": [17005001, 17005014], "chapter_end": [17005001, 17005014], "prev_verse": 17004017, "next_verse": 17006001, "prev_chapter": [17004001, 17004017], "next_chapter": [17006001, 17006014]}], "passages": ["Esther 5\n\nEsther Prepares a Banquet\n\n  [1] On the third day Esther put on her royal robes and stood in the inner court of the king\u2019s palace, in front of the king\u2019s quarters, while the king was sitting on his royal throne inside the throne room opposite the entrance to the palace. [2] And when the king saw Queen Esther standing in the court, she won favor in his sight, and he held out to Esther the golden scepter that was in his hand. Then Esther approached and touched the tip of the scepter. [3] And the king said to her, \u201cWhat is it, Queen Esther? What is your request? It shall be given you, even to the half of my kingdom.\u201d [4] And Esther said, \u201cIf it please the king,(1) let the king and Haman come today to a feast that I have prepared for the king.\u201d [5] Then the king said, \u201cBring Haman quickly, so that we may do as Esther has asked.\u201d So the king and Haman came to the feast that Esther had prepared. [6] And as they were drinking wine after the feast, the king said to Esther, \u201cWhat is your wish? It shall be granted you. And what is your request? Even to the half of my kingdom, it shall be fulfilled.\u201d(2) [7] Then Esther answered, \u201cMy wish and my request is: [8] If I have found favor in the sight of the king, and if it please the king(3) to grant my wish and fulfill my request, let the king and Haman come to the feast that I will prepare for them, and tomorrow I will do as the king has said.\u201d\n\nHaman Plans to Hang Mordecai\n\n  [9] And Haman went out that day joyful and glad of heart. But when Haman saw Mordecai in the king\u2019s gate, that he neither rose nor trembled before him, he was filled with wrath against Mordecai. [10] Nevertheless, Haman restrained himself and went home, and he sent and brought his friends and his wife Zeresh. [11] And Haman recounted to them the splendor of his riches, the number of his sons, all the promotions with which the king had honored him, and how he had advanced him above the officials and the servants of the king. [12] Then Haman said, \u201cEven Queen Esther let no one but me come with the king to the feast she prepared. And tomorrow also I am invited by her together with the king. [13] Yet all this is worth nothing to me, so long as I see Mordecai the Jew sitting at the king\u2019s gate.\u201d [14] Then his wife Zeresh and all his friends said to him, \u201cLet a gallows(4) fifty cubits(5) high be made, and in the morning tell the king to have Mordecai hanged upon it. Then go joyfully with the king to the feast.\u201d This idea pleased Haman, and he had the gallows made.\n\nFootnotes\n\n(1) 5:4 Hebrew *If it is good to the king*\n\n(2) 5:6 Or *done*\n\n(3) 5:8 Hebrew *if it is good to the king*\n\n(4) 5:14 Or *wooden beam*; twice in this verse (see note on 2:23)\n\n(5) 5:14 A *cubit* was about 18 inches or 45 centimeters\n (ESV)"]}