{"query": "Esther 10", "canonical": "Esther 10", "parsed": [[17010001, 17010003]], "passage_meta": [{"canonical": "Esther 10", "chapter_start": [17010001, 17010003], "chapter_end": [17010001, 17010003], "prev_verse": 17009032, "next_verse": 18001001, "prev_chapter": [17009001, 17009032], "next_chapter": [18001001, 18001022]}], "passages": ["Esther 10\n\nThe Greatness of Mordecai\n\n  [1] King Ahasuerus imposed tax on the land and on the coastlands of the sea. [2] And all the acts of his power and might, and the full account of the high honor of Mordecai, to which the king advanced him, are they not written in the Book of the Chronicles of the kings of Media and Persia? [3] For Mordecai the Jew was second in rank to King Ahasuerus, and he was great among the Jews and popular with the multitude of his brothers, for he sought the welfare of his people and spoke peace to all his people. (ESV)"]}