{"query": "Ezra 8", "canonical": "Ezra 8", "parsed": [[15008001, 15008036]], "passage_meta": [{"canonical": "Ezra 8", "chapter_start": [15008001, 15008036], "chapter_end": [15008001, 15008036], "prev_verse": 15007028, "next_verse": 15009001, "prev_chapter": [15007001, 15007028], "next_chapter": [15009001, 15009015]}], "passages": ["Ezra 8\n\nGenealogy of Those Who Returned with Ezra\n\n  [1] These are the heads of their fathers\u2019 houses, and this is the genealogy of those who went up with me from Babylonia, in the reign of Artaxerxes the king: [2] Of the sons of Phinehas, Gershom. Of the sons of Ithamar, Daniel. Of the sons of David, Hattush. [3] Of the sons of Shecaniah, who was of the sons of Parosh, Zechariah, with whom were registered 150 men. [4] Of the sons of Pahath-moab, Eliehoenai the son of Zerahiah, and with him 200 men. [5] Of the sons of Zattu,(1) Shecaniah the son of Jahaziel, and with him 300 men. [6] Of the sons of Adin, Ebed the son of Jonathan, and with him 50 men. [7] Of the sons of Elam, Jeshaiah the son of Athaliah, and with him 70 men. [8] Of the sons of Shephatiah, Zebadiah the son of Michael, and with him 80 men. [9] Of the sons of Joab, Obadiah the son of Jehiel, and with him 218 men. [10] Of the sons of Bani,(2) Shelomith the son of Josiphiah, and with him 160 men. [11] Of the sons of Bebai, Zechariah, the son of Bebai, and with him 28 men. [12] Of the sons of Azgad, Johanan the son of Hakkatan, and with him 110 men. [13] Of the sons of Adonikam, those who came later, their names being Eliphelet, Jeuel, and Shemaiah, and with them 60 men. [14] Of the sons of Bigvai, Uthai and Zaccur, and with them 70 men.\n\nEzra Sends for Levites\n\n  [15] I gathered them to the river that runs to Ahava, and there we camped three days. As I reviewed the people and the priests, I found there none of the sons of Levi. [16] Then I sent for Eliezer, Ariel, Shemaiah, Elnathan, Jarib, Elnathan, Nathan, Zechariah, and Meshullam, leading men, and for Joiarib and Elnathan, who were men of insight, [17] and sent them to Iddo, the leading man at the place Casiphia, telling them what to say to Iddo and his brothers and(3) the temple servants at the place Casiphia, namely, to send us ministers for the house of our God. [18] And by the good hand of our God on us, they brought us a man of discretion, of the sons of Mahli the son of Levi, son of Israel, namely Sherebiah with his sons and kinsmen, 18; [19] also Hashabiah, and with him Jeshaiah of the sons of Merari, with his kinsmen and their sons, 20; [20] besides 220 of the temple servants, whom David and his officials had set apart to attend the Levites. These were all mentioned by name.\n\nFasting and Prayer for Protection\n\n  [21] Then I proclaimed a fast there, at the river Ahava, that we might humble ourselves before our God, to seek from him a safe journey for ourselves, our children, and all our goods. [22] For I was ashamed to ask the king for a band of soldiers and horsemen to protect us against the enemy on our way, since we had told the king, \u201cThe hand of our God is for good on all who seek him, and the power of his wrath is against all who forsake him.\u201d [23] So we fasted and implored our God for this, and he listened to our entreaty.\n\nPriests to Guard Offerings\n\n  [24] Then I set apart twelve of the leading priests: Sherebiah, Hashabiah, and ten of their kinsmen with them. [25] And I weighed out to them the silver and the gold and the vessels, the offering for the house of our God that the king and his counselors and his lords and all Israel there present had offered. [26] I weighed out into their hand 650 talents(4) of silver, and silver vessels worth 200 talents,(5) and 100 talents of gold, [27] 20 bowls of gold worth 1,000 darics,(6) and two vessels of fine bright bronze as precious as gold. [28] And I said to them, \u201cYou are holy to the LORD, and the vessels are holy, and the silver and the gold are a freewill offering to the LORD, the God of your fathers. [29] Guard them and keep them until you weigh them before the chief priests and the Levites and the heads of fathers\u2019 houses in Israel at Jerusalem, within the chambers of the house of the LORD.\u201d [30] So the priests and the Levites took over the weight of the silver and the gold and the vessels, to bring them to Jerusalem, to the house of our God.\n\n  [31] Then we departed from the river Ahava on the twelfth day of the first month, to go to Jerusalem. The hand of our God was on us, and he delivered us from the hand of the enemy and from ambushes by the way. [32] We came to Jerusalem, and there we remained three days. [33] On the fourth day, within the house of our God, the silver and the gold and the vessels were weighed into the hands of Meremoth the priest, son of Uriah, and with him was Eleazar the son of Phinehas, and with them were the Levites, Jozabad the son of Jeshua and Noadiah the son of Binnui. [34] The whole was counted and weighed, and the weight of everything was recorded.\n\n  [35] At that time those who had come from captivity, the returned exiles, offered burnt offerings to the God of Israel, twelve bulls for all Israel, ninety-six rams, seventy-seven lambs, and as a sin offering twelve male goats. All this was a burnt offering to the LORD. [36] They also delivered the king\u2019s commissions to the king\u2019s satraps(7) and to the governors of the province Beyond the River, and they aided the people and the house of God.\n\nFootnotes\n\n(1) 8:5 Septuagint; Hebrew lacks *of Zattu*\n\n(2) 8:10 Septuagint; Hebrew lacks *Bani*\n\n(3) 8:17 Hebrew lacks *and*\n\n(4) 8:26 A *talent* was about 75 pounds or 34 kilograms\n\n(5) 8:26 Revocalization; the number is missing in the Masoretic Text\n\n(6) 8:27 A *daric* was a coin weighing about 1/4 ounce or 8.5 grams\n\n(7) 8:36 A *satrap* was a Persian official\n (ESV)"]}