{"query": "Nehemiah 5", "canonical": "Nehemiah 5", "parsed": [[16005001, 16005019]], "passage_meta": [{"canonical": "Nehemiah 5", "chapter_start": [16005001, 16005019], "chapter_end": [16005001, 16005019], "prev_verse": 16004023, "next_verse": 16006001, "prev_chapter": [16004001, 16004023], "next_chapter": [16006001, 16006019]}], "passages": ["Nehemiah 5\n\nNehemiah Stops Oppression of the Poor\n\n  [1] Now there arose a great outcry of the people and of their wives against their Jewish brothers. [2] For there were those who said, \u201cWith our sons and our daughters, we are many. So let us get grain, that we may eat and keep alive.\u201d [3] There were also those who said, \u201cWe are mortgaging our fields, our vineyards, and our houses to get grain because of the famine.\u201d [4] And there were those who said, \u201cWe have borrowed money for the king\u2019s tax on our fields and our vineyards. [5] Now our flesh is as the flesh of our brothers, our children are as their children. Yet we are forcing our sons and our daughters to be slaves, and some of our daughters have already been enslaved, but it is not in our power to help it, for other men have our fields and our vineyards.\u201d\n\n  [6] I was very angry when I heard their outcry and these words. [7] I took counsel with myself, and I brought charges against the nobles and the officials. I said to them, \u201cYou are exacting interest, each from his brother.\u201d And I held a great assembly against them [8] and said to them, \u201cWe, as far as we are able, have bought back our Jewish brothers who have been sold to the nations, but you even sell your brothers that they may be sold to us!\u201d They were silent and could not find a word to say. [9] So I said, \u201cThe thing that you are doing is not good. Ought you not to walk in the fear of our God to prevent the taunts of the nations our enemies? [10] Moreover, I and my brothers and my servants are lending them money and grain. Let us abandon this exacting of interest. [11] Return to them this very day their fields, their vineyards, their olive orchards, and their houses, and the percentage of money, grain, wine, and oil that you have been exacting from them.\u201d [12] Then they said, \u201cWe will restore these and require nothing from them. We will do as you say.\u201d And I called the priests and made them swear to do as they had promised. [13] I also shook out the fold(1) of my garment and said, \u201cSo may God shake out every man from his house and from his labor who does not keep this promise. So may he be shaken out and emptied.\u201d And all the assembly said \u201cAmen\u201d and praised the LORD. And the people did as they had promised.\n\nNehemiah\u2019s Generosity\n\n  [14] Moreover, from the time that I was appointed to be their governor in the land of Judah, from the twentieth year to the thirty-second year of Artaxerxes the king, twelve years, neither I nor my brothers ate the food allowance of the governor. [15] The former governors who were before me laid heavy burdens on the people and took from them for their daily ration(2) forty shekels(3) of silver. Even their servants lorded it over the people. But I did not do so, because of the fear of God. [16] I also persevered in the work on this wall, and we acquired no land, and all my servants were gathered there for the work. [17] Moreover, there were at my table 150 men, Jews and officials, besides those who came to us from the nations that were around us. [18] Now what was prepared at my expense(4) for each day was one ox and six choice sheep and birds, and every ten days all kinds of wine in abundance. Yet for all this I did not demand the food allowance of the governor, because the service was too heavy on this people. [19] Remember for my good, O my God, all that I have done for this people.\n\nFootnotes\n\n(1) 5:13 Hebrew *bosom*\n\n(2) 5:15 Compare Vulgate; Hebrew *took from them for food and wine after*\n\n(3) 5:15 A *shekel* was about 2/5 ounce or 11 grams\n\n(4) 5:18 Or *prepared for me*\n (ESV)"]}