{"query": "Nehemiah 4", "canonical": "Nehemiah 4", "parsed": [[16004001, 16004023]], "passage_meta": [{"canonical": "Nehemiah 4", "chapter_start": [16004001, 16004023], "chapter_end": [16004001, 16004023], "prev_verse": 16003032, "next_verse": 16005001, "prev_chapter": [16003001, 16003032], "next_chapter": [16005001, 16005019]}], "passages": ["Nehemiah 4\n\nOpposition to the Work\n\n  [1] (1) Now when Sanballat heard that we were building the wall, he was angry and greatly enraged, and he jeered at the Jews. [2] And he said in the presence of his brothers and of the army of Samaria, \u201cWhat are these feeble Jews doing? Will they restore it for themselves?(2) Will they sacrifice? Will they finish up in a day? Will they revive the stones out of the heaps of rubbish, and burned ones at that?\u201d [3] Tobiah the Ammonite was beside him, and he said, \u201cYes, what they are building\u2014if a fox goes up on it he will break down their stone wall!\u201d [4] Hear, O our God, for we are despised. Turn back their taunt on their own heads and give them up to be plundered in a land where they are captives. [5] Do not cover their guilt, and let not their sin be blotted out from your sight, for they have provoked you to anger in the presence of the builders.\n\n  [6] So we built the wall. And all the wall was joined together to half its height, for the people had a mind to work.\n\n  [7] (3) But when Sanballat and Tobiah and the Arabs and the Ammonites and the Ashdodites heard that the repairing of the walls of Jerusalem was going forward and that the breaches were beginning to be closed, they were very angry. [8] And they all plotted together to come and fight against Jerusalem and to cause confusion in it. [9] And we prayed to our God and set a guard as a protection against them day and night.\n\n  [10] In Judah it was said,(4) \u201cThe strength of those who bear the burdens is failing. There is too much rubble. By ourselves we will not be able to rebuild the wall.\u201d [11] And our enemies said, \u201cThey will not know or see till we come among them and kill them and stop the work.\u201d [12] At that time the Jews who lived near them came from all directions and said to us ten times, \u201cYou must return to us.\u201d(5) [13] So in the lowest parts of the space behind the wall, in open places, I stationed the people by their clans, with their swords, their spears, and their bows. [14] And I looked and arose and said to the nobles and to the officials and to the rest of the people, \u201cDo not be afraid of them. Remember the Lord, who is great and awesome, and fight for your brothers, your sons, your daughters, your wives, and your homes.\u201d\n\nThe Work Resumes\n\n  [15] When our enemies heard that it was known to us and that God had frustrated their plan, we all returned to the wall, each to his work. [16] From that day on, half of my servants worked on construction, and half held the spears, shields, bows, and coats of mail. And the leaders stood behind the whole house of Judah, [17] who were building on the wall. Those who carried burdens were loaded in such a way that each labored on the work with one hand and held his weapon with the other. [18] And each of the builders had his sword strapped at his side while he built. The man who sounded the trumpet was beside me. [19] And I said to the nobles and to the officials and to the rest of the people, \u201cThe work is great and widely spread, and we are separated on the wall, far from one another. [20] In the place where you hear the sound of the trumpet, rally to us there. Our God will fight for us.\u201d\n\n  [21] So we labored at the work, and half of them held the spears from the break of dawn until the stars came out. [22] I also said to the people at that time, \u201cLet every man and his servant pass the night within Jerusalem, that they may be a guard for us by night and may labor by day.\u201d [23] So neither I nor my brothers nor my servants nor the men of the guard who followed me, none of us took off our clothes; each kept his weapon at his right hand.(6)\n\nFootnotes\n\n(1) 4:1 Ch 3:33 in Hebrew\n\n(2) 4:2 Or *Will they commit themselves to God?*\n\n(3) 4:7 Ch 4:1 in Hebrew\n\n(4) 4:10 Hebrew *Judah said*\n\n(5) 4:12 The meaning of the Hebrew is uncertain\n\n(6) 4:23 Or *his weapon when drinking*\n (ESV)"]}