{"query": "Nehemiah 3", "canonical": "Nehemiah 3", "parsed": [[16003001, 16003032]], "passage_meta": [{"canonical": "Nehemiah 3", "chapter_start": [16003001, 16003032], "chapter_end": [16003001, 16003032], "prev_verse": 16002020, "next_verse": 16004001, "prev_chapter": [16002001, 16002020], "next_chapter": [16004001, 16004023]}], "passages": ["Nehemiah 3\n\nRebuilding the Wall\n\n  [1] Then Eliashib the high priest rose up with his brothers the priests, and they built the Sheep Gate. They consecrated it and set its doors. They consecrated it as far as the Tower of the Hundred, as far as the Tower of Hananel. [2] And next to him the men of Jericho built. And next to them(1) Zaccur the son of Imri built.\n\n  [3] The sons of Hassenaah built the Fish Gate. They laid its beams and set its doors, its bolts, and its bars. [4] And next to them Meremoth the son of Uriah, son of Hakkoz repaired. And next to them Meshullam the son of Berechiah, son of Meshezabel repaired. And next to them Zadok the son of Baana repaired. [5] And next to them the Tekoites repaired, but their nobles would not stoop to serve their Lord.(2)\n\n  [6] Joiada the son of Paseah and Meshullam the son of Besodeiah repaired the Gate of Yeshanah.(3) They laid its beams and set its doors, its bolts, and its bars. [7] And next to them repaired Melatiah the Gibeonite and Jadon the Meronothite, the men of Gibeon and of Mizpah, the seat of the governor of the province Beyond the River. [8] Next to them Uzziel the son of Harhaiah, goldsmiths, repaired. Next to him Hananiah, one of the perfumers, repaired, and they restored Jerusalem as far as the Broad Wall. [9] Next to them Rephaiah the son of Hur, ruler of half the district of(4) Jerusalem, repaired. [10] Next to them Jedaiah the son of Harumaph repaired opposite his house. And next to him Hattush the son of Hashabneiah repaired. [11] Malchijah the son of Harim and Hasshub the son of Pahath-moab repaired another section and the Tower of the Ovens. [12] Next to him Shallum the son of Hallohesh, ruler of half the district of Jerusalem, repaired, he and his daughters.\n\n  [13] Hanun and the inhabitants of Zanoah repaired the Valley Gate. They rebuilt it and set its doors, its bolts, and its bars, and repaired a thousand cubits(5) of the wall, as far as the Dung Gate.\n\n  [14] Malchijah the son of Rechab, ruler of the district of Beth-haccherem, repaired the Dung Gate. He rebuilt it and set its doors, its bolts, and its bars.\n\n  [15] And Shallum the son of Col-hozeh, ruler of the district of Mizpah, repaired the Fountain Gate. He rebuilt it and covered it and set its doors, its bolts, and its bars. And he built the wall of the Pool of Shelah of the king\u2019s garden, as far as the stairs that go down from the city of David. [16] After him Nehemiah the son of Azbuk, ruler of half the district of Beth-zur, repaired to a point opposite the tombs of David, as far as the artificial pool, and as far as the house of the mighty men. [17] After him the Levites repaired: Rehum the son of Bani. Next to him Hashabiah, ruler of half the district of Keilah, repaired for his district. [18] After him their brothers repaired: Bavvai the son of Henadad, ruler of half the district of Keilah. [19] Next to him Ezer the son of Jeshua, ruler of Mizpah, repaired another section opposite the ascent to the armory at the buttress.(6) [20] After him Baruch the son of Zabbai repaired(7) another section from the buttress to the door of the house of Eliashib the high priest. [21] After him Meremoth the son of Uriah, son of Hakkoz repaired another section from the door of the house of Eliashib to the end of the house of Eliashib. [22] After him the priests, the men of the surrounding area, repaired. [23] After them Benjamin and Hasshub repaired opposite their house. After them Azariah the son of Maaseiah, son of Ananiah repaired beside his own house. [24] After him Binnui the son of Henadad repaired another section, from the house of Azariah to the buttress and to the corner. [25] Palal the son of Uzai repaired opposite the buttress and the tower projecting from the upper house of the king at the court of the guard. After him Pedaiah the son of Parosh [26] and the temple servants living on Ophel repaired to a point opposite the Water Gate on the east and the projecting tower. [27] After him the Tekoites repaired another section opposite the great projecting tower as far as the wall of Ophel.\n\n  [28] Above the Horse Gate the priests repaired, each one opposite his own house. [29] After them Zadok the son of Immer repaired opposite his own house. After him Shemaiah the son of Shecaniah, the keeper of the East Gate, repaired. [30] After him Hananiah the son of Shelemiah and Hanun the sixth son of Zalaph repaired another section. After him Meshullam the son of Berechiah repaired opposite his chamber. [31] After him Malchijah, one of the goldsmiths, repaired as far as the house of the temple servants and of the merchants, opposite the Muster Gate,(8) and to the upper chamber of the corner. [32] And between the upper chamber of the corner and the Sheep Gate the goldsmiths and the merchants repaired.\n\nFootnotes\n\n(1) 3:2 Hebrew *him*\n\n(2) 3:5 Or *lords*\n\n(3) 3:6 Or *of the old city*\n\n(4) 3:9 Or *foreman of half the portion assigned to*; also verses 12, 14, 15, 16, 17, 18\n\n(5) 3:13 A *cubit* was about 18 inches or 45 centimeters\n\n(6) 3:19 Or *corner*; also verses 20, 24, 25\n\n(7) 3:20 Some manuscripts *vigorously repaired*\n\n(8) 3:31 Or *Hammiphkad Gate*\n (ESV)"]}