{"query": "Nehemiah 6", "canonical": "Nehemiah 6", "parsed": [[16006001, 16006019]], "passage_meta": [{"canonical": "Nehemiah 6", "chapter_start": [16006001, 16006019], "chapter_end": [16006001, 16006019], "prev_verse": 16005019, "next_verse": 16007001, "prev_chapter": [16005001, 16005019], "next_chapter": [16007001, 16007073]}], "passages": ["Nehemiah 6\n\nConspiracy Against Nehemiah\n\n  [1] Now when Sanballat and Tobiah and Geshem the Arab and the rest of our enemies heard that I had built the wall and that there was no breach left in it (although up to that time I had not set up the doors in the gates), [2] Sanballat and Geshem sent to me, saying, \u201cCome and let us meet together at Hakkephirim in the plain of Ono.\u201d But they intended to do me harm. [3] And I sent messengers to them, saying, \u201cI am doing a great work and I cannot come down. Why should the work stop while I leave it and come down to you?\u201d [4] And they sent to me four times in this way, and I answered them in the same manner. [5] In the same way Sanballat for the fifth time sent his servant to me with an open letter in his hand. [6] In it was written, \u201cIt is reported among the nations, and Geshem(1) also says it, that you and the Jews intend to rebel; that is why you are building the wall. And according to these reports you wish to become their king. [7] And you have also set up prophets to proclaim concerning you in Jerusalem, \u2018There is a king in Judah.\u2019 And now the king will hear of these reports. So now come and let us take counsel together.\u201d [8] Then I sent to him, saying, \u201cNo such things as you say have been done, for you are inventing them out of your own mind.\u201d [9] For they all wanted to frighten us, thinking, \u201cTheir hands will drop from the work, and it will not be done.\u201d But now, O God,(2) strengthen my hands.\n\n  [10] Now when I went into the house of Shemaiah the son of Delaiah, son of Mehetabel, who was confined to his home, he said, \u201cLet us meet together in the house of God, within the temple. Let us close the doors of the temple, for they are coming to kill you. They are coming to kill you by night.\u201d [11] But I said, \u201cShould such a man as I run away? And what man such as I could go into the temple and live?(3) I will not go in.\u201d [12] And I understood and saw that God had not sent him, but he had pronounced the prophecy against me because Tobiah and Sanballat had hired him. [13] For this purpose he was hired, that I should be afraid and act in this way and sin, and so they could give me a bad name in order to taunt me. [14] Remember Tobiah and Sanballat, O my God, according to these things that they did, and also the prophetess Noadiah and the rest of the prophets who wanted to make me afraid.\n\nThe Wall Is Finished\n\n  [15] So the wall was finished on the twenty-fifth day of the month Elul, in fifty-two days. [16] And when all our enemies heard of it, all the nations around us were afraid and fell greatly in their own esteem, for they perceived that this work had been accomplished with the help of our God. [17] Moreover, in those days the nobles of Judah sent many letters to Tobiah, and Tobiah\u2019s letters came to them. [18] For many in Judah were bound by oath to him, because he was the son-in-law of Shecaniah the son of Arah: and his son Jehohanan had taken the daughter of Meshullam the son of Berechiah as his wife. [19] Also they spoke of his good deeds in my presence and reported my words to him. And Tobiah sent letters to make me afraid.\n\nFootnotes\n\n(1) 6:6 Hebrew *Gashmu*\n\n(2) 6:9 Hebrew lacks *O God*\n\n(3) 6:11 Or *would go into the temple to save his life*\n (ESV)"]}