{"query": "Nehemiah 10", "canonical": "Nehemiah 10", "parsed": [[16010001, 16010039]], "passage_meta": [{"canonical": "Nehemiah 10", "chapter_start": [16010001, 16010039], "chapter_end": [16010001, 16010039], "prev_verse": 16009038, "next_verse": 16011001, "prev_chapter": [16009001, 16009038], "next_chapter": [16011001, 16011036]}], "passages": ["Nehemiah 10\n\nThe People Who Sealed the Covenant\n\n  [1] \u201cOn the seals are the names of(1) Nehemiah the governor, the son of Hacaliah, Zedekiah, [2] Seraiah, Azariah, Jeremiah, [3] Pashhur, Amariah, Malchijah, [4] Hattush, Shebaniah, Malluch, [5] Harim, Meremoth, Obadiah, [6] Daniel, Ginnethon, Baruch, [7] Meshullam, Abijah, Mijamin, [8] Maaziah, Bilgai, Shemaiah; these are the priests. [9] And the Levites: Jeshua the son of Azaniah, Binnui of the sons of Henadad, Kadmiel; [10] and their brothers, Shebaniah, Hodiah, Kelita, Pelaiah, Hanan, [11] Mica, Rehob, Hashabiah, [12] Zaccur, Sherebiah, Shebaniah, [13] Hodiah, Bani, Beninu. [14] The chiefs of the people: Parosh, Pahath-moab, Elam, Zattu, Bani, [15] Bunni, Azgad, Bebai, [16] Adonijah, Bigvai, Adin, [17] Ater, Hezekiah, Azzur, [18] Hodiah, Hashum, Bezai, [19] Hariph, Anathoth, Nebai, [20] Magpiash, Meshullam, Hezir, [21] Meshezabel, Zadok, Jaddua, [22] Pelatiah, Hanan, Anaiah, [23] Hoshea, Hananiah, Hasshub, [24] Hallohesh, Pilha, Shobek, [25] Rehum, Hashabnah, Maaseiah, [26] Ahiah, Hanan, Anan, [27] Malluch, Harim, Baanah.\n\nThe Obligations of the Covenant\n\n  [28] \u201cThe rest of the people, the priests, the Levites, the gatekeepers, the singers, the temple servants, and all who have separated themselves from the peoples of the lands to the Law of God, their wives, their sons, their daughters, all who have knowledge and understanding, [29] join with their brothers, their nobles, and enter into a curse and an oath to walk in God\u2019s Law that was given by Moses the servant of God, and to observe and do all the commandments of the LORD our Lord and his rules and his statutes. [30] We will not give our daughters to the peoples of the land or take their daughters for our sons. [31] And if the peoples of the land bring in goods or any grain on the Sabbath day to sell, we will not buy from them on the Sabbath or on a holy day. And we will forego the crops of the seventh year and the exaction of every debt.\n\n  [32] \u201cWe also take on ourselves the obligation to give yearly a third part of a shekel(2) for the service of the house of our God: [33] for the showbread, the regular grain offering, the regular burnt offering, the Sabbaths, the new moons, the appointed feasts, the holy things, and the sin offerings to make atonement for Israel, and for all the work of the house of our God. [34] We, the priests, the Levites, and the people, have likewise cast lots for the wood offering, to bring it into the house of our God, according to our fathers\u2019 houses, at times appointed, year by year, to burn on the altar of the LORD our God, as it is written in the Law. [35] We obligate ourselves to bring the firstfruits of our ground and the firstfruits of all fruit of every tree, year by year, to the house of the LORD; [36] also to bring to the house of our God, to the priests who minister in the house of our God, the firstborn of our sons and of our cattle, as it is written in the Law, and the firstborn of our herds and of our flocks; [37] and to bring the first of our dough, and our contributions, the fruit of every tree, the wine and the oil, to the priests, to the chambers of the house of our God; and to bring to the Levites the tithes from our ground, for it is the Levites who collect the tithes in all our towns where we labor. [38] And the priest, the son of Aaron, shall be with the Levites when the Levites receive the tithes. And the Levites shall bring up the tithe of the tithes to the house of our God, to the chambers of the storehouse. [39] For the people of Israel and the sons of Levi shall bring the contribution of grain, wine, and oil to the chambers, where the vessels of the sanctuary are, as well as the priests who minister, and the gatekeepers and the singers. We will not neglect the house of our God.\u201d\n\nFootnotes\n\n(1) 10:1 Hebrew lacks *the names of*\n\n(2) 10:32 A *shekel* was about 2/5 ounce or 11 grams\n (ESV)"]}