{"query": "Leviticus 21", "canonical": "Leviticus 21", "parsed": [[3021001, 3021024]], "passage_meta": [{"canonical": "Leviticus 21", "chapter_start": [3021001, 3021024], "chapter_end": [3021001, 3021024], "prev_verse": 3020027, "next_verse": 3022001, "prev_chapter": [3020001, 3020027], "next_chapter": [3022001, 3022033]}], "passages": ["Leviticus 21\n\nHoliness and the Priests\n\n  [1] And the LORD said to Moses, \u201cSpeak to the priests, the sons of Aaron, and say to them, No one shall make himself unclean for the dead among his people, [2] except for his closest relatives, his mother, his father, his son, his daughter, his brother, [3] or his virgin sister (who is near to him because she has had no husband; for her he may make himself unclean). [4] He shall not make himself unclean as a husband among his people and so profane himself. [5] They shall not make bald patches on their heads, nor shave off the edges of their beards, nor make any cuts on their body. [6] They shall be holy to their God and not profane the name of their God. For they offer the LORD\u2019s food offerings, the bread of their God; therefore they shall be holy. [7] They shall not marry a prostitute or a woman who has been defiled, neither shall they marry a woman divorced from her husband, for the priest is holy to his God. [8] You shall sanctify him, for he offers the bread of your God. He shall be holy to you, for I, the LORD, who sanctify you, am holy. [9] And the daughter of any priest, if she profanes herself by whoring, profanes her father; she shall be burned with fire.\n\n  [10] \u201cThe priest who is chief among his brothers, on whose head the anointing oil is poured and who has been consecrated to wear the garments, shall not let the hair of his head hang loose nor tear his clothes. [11] He shall not go in to any dead bodies nor make himself unclean, even for his father or for his mother. [12] He shall not go out of the sanctuary, lest he profane the sanctuary of his God, for the consecration of the anointing oil of his God is on him: I am the LORD. [13] And he shall take a wife in her virginity.(1) [14] A widow, or a divorced woman, or a woman who has been defiled, or a prostitute, these he shall not marry. But he shall take as his wife a virgin(2) of his own people, [15] that he may not profane his offspring among his people, for I am the LORD who sanctifies him.\u201d\n\n  [16] And the LORD spoke to Moses, saying, [17] \u201cSpeak to Aaron, saying, None of your offspring throughout their generations who has a blemish may approach to offer the bread of his God. [18] For no one who has a blemish shall draw near, a man blind or lame, or one who has a mutilated face or a limb too long, [19] or a man who has an injured foot or an injured hand, [20] or a hunchback or a dwarf or a man with a defect in his sight or an itching disease or scabs or crushed testicles. [21] No man of the offspring of Aaron the priest who has a blemish shall come near to offer the LORD\u2019s food offerings; since he has a blemish, he shall not come near to offer the bread of his God. [22] He may eat the bread of his God, both of the most holy and of the holy things, [23] but he shall not go through the veil or approach the altar, because he has a blemish, that he may not profane my sanctuaries,(3) for I am the LORD who sanctifies them.\u201d [24] So Moses spoke to Aaron and to his sons and to all the people of Israel.\n\nFootnotes\n\n(1) 21:13 Or *a young wife*\n\n(2) 21:14 Hebrew *young woman*\n\n(3) 21:23 Or *my holy precincts*\n (ESV)"]}