{"query": "Leviticus 22", "canonical": "Leviticus 22", "parsed": [[3022001, 3022033]], "passage_meta": [{"canonical": "Leviticus 22", "chapter_start": [3022001, 3022033], "chapter_end": [3022001, 3022033], "prev_verse": 3021024, "next_verse": 3023001, "prev_chapter": [3021001, 3021024], "next_chapter": [3023001, 3023044]}], "passages": ["Leviticus 22\n\n  [1] And the LORD spoke to Moses, saying, [2] \u201cSpeak to Aaron and his sons so that they abstain from the holy things of the people of Israel, which they dedicate to me, so that they do not profane my holy name: I am the LORD. [3] Say to them, \u2018If any one of all your offspring throughout your generations approaches the holy things that the people of Israel dedicate to the LORD, while he has an uncleanness, that person shall be cut off from my presence: I am the LORD. [4] None of the offspring of Aaron who has a leprous disease or a discharge may eat of the holy things until he is clean. Whoever touches anything that is unclean through contact with the dead or a man who has had an emission of semen, [5] and whoever touches a swarming thing by which he may be made unclean or a person from whom he may take uncleanness, whatever his uncleanness may be\u2014[6] the person who touches such a thing shall be unclean until the evening and shall not eat of the holy things unless he has bathed his body in water. [7] When the sun goes down he shall be clean, and afterward he may eat of the holy things, because they are his food. [8] He shall not eat what dies of itself or is torn by beasts, and so make himself unclean by it: I am the LORD.\u2019 [9] They shall therefore keep my charge, lest they bear sin for it and die thereby when they profane it: I am the LORD who sanctifies them.\n\n  [10] \u201cA lay person shall not eat of a holy thing; no foreign guest of the priest or hired worker shall eat of a holy thing, [11] but if a priest buys a slave(1) as his property for money, the slave(2) may eat of it, and anyone born in his house may eat of his food. [12] If a priest\u2019s daughter marries a layman, she shall not eat of the contribution of the holy things. [13] But if a priest\u2019s daughter is widowed or divorced and has no child and returns to her father\u2019s house, as in her youth, she may eat of her father\u2019s food; yet no lay person shall eat of it. [14] And if anyone eats of a holy thing unintentionally, he shall add the fifth of its value to it and give the holy thing to the priest. [15] They shall not profane the holy things of the people of Israel, which they contribute to the LORD, [16] and so cause them to bear iniquity and guilt, by eating their holy things: for I am the LORD who sanctifies them.\u201d\n\nAcceptable Offerings\n\n  [17] And the LORD spoke to Moses, saying, [18] \u201cSpeak to Aaron and his sons and all the people of Israel and say to them, When any one of the house of Israel or of the sojourners in Israel presents a burnt offering as his offering, for any of their vows or freewill offerings that they offer to the LORD, [19] if it is to be accepted for you it shall be a male without blemish, of the bulls or the sheep or the goats. [20] You shall not offer anything that has a blemish, for it will not be acceptable for you. [21] And when anyone offers a sacrifice of peace offerings to the LORD to fulfill a vow or as a freewill offering from the herd or from the flock, to be accepted it must be perfect; there shall be no blemish in it. [22] Animals blind or disabled or mutilated or having a discharge or an itch or scabs you shall not offer to the LORD or give them to the LORD as a food offering on the altar. [23] You may present a bull or a lamb that has a part too long or too short for a freewill offering, but for a vow offering it cannot be accepted. [24] Any animal that has its testicles bruised or crushed or torn or cut you shall not offer to the LORD; you shall not do it within your land, [25] neither shall you offer as the bread of your God any such animals gotten from a foreigner. Since there is a blemish in them, because of their mutilation, they will not be accepted for you.\u201d\n\n  [26] And the LORD spoke to Moses, saying, [27] \u201cWhen an ox or sheep or goat is born, it shall remain seven days with its mother, and from the eighth day on it shall be acceptable as a food offering to the LORD. [28] But you shall not kill an ox or a sheep and her young in one day. [29] And when you sacrifice a sacrifice of thanksgiving to the LORD, you shall sacrifice it so that you may be accepted. [30] It shall be eaten on the same day; you shall leave none of it until morning: I am the LORD.\n\n  [31] \u201cSo you shall keep my commandments and do them: I am the LORD. [32] And you shall not profane my holy name, that I may be sanctified among the people of Israel. I am the LORD who sanctifies you, [33] who brought you out of the land of Egypt to be your God: I am the LORD.\u201d\n\nFootnotes\n\n(1) 22:11 Or *servant*; twice in this verse\n\n(2) 22:11 Hebrew *he*\n (ESV)"]}