{"query": "Leviticus 24", "canonical": "Leviticus 24", "parsed": [[3024001, 3024023]], "passage_meta": [{"canonical": "Leviticus 24", "chapter_start": [3024001, 3024023], "chapter_end": [3024001, 3024023], "prev_verse": 3023044, "next_verse": 3025001, "prev_chapter": [3023001, 3023044], "next_chapter": [3025001, 3025055]}], "passages": ["Leviticus 24\n\nThe Lamps\n\n  [1] The LORD spoke to Moses, saying, [2] \u201cCommand the people of Israel to bring you pure oil from beaten olives for the lamp, that a light may be kept burning regularly. [3] Outside the veil of the testimony, in the tent of meeting, Aaron shall arrange it from evening to morning before the LORD regularly. It shall be a statute forever throughout your generations. [4] He shall arrange the lamps on the lampstand of pure gold(1) before the LORD regularly.\n\nBread for the Tabernacle\n\n  [5] \u201cYou shall take fine flour and bake twelve loaves from it; two tenths of an ephah(2) shall be in each loaf. [6] And you shall set them in two piles, six in a pile, on the table of pure gold(3) before the LORD. [7] And you shall put pure frankincense on each pile, that it may go with the bread as a memorial portion as a food offering to the LORD. [8] Every Sabbath day Aaron shall arrange it before the LORD regularly; it is from the people of Israel as a covenant forever. [9] And it shall be for Aaron and his sons, and they shall eat it in a holy place, since it is for him a most holy portion out of the LORD\u2019s food offerings, a perpetual due.\u201d\n\nPunishment for Blasphemy\n\n  [10] Now an Israelite woman\u2019s son, whose father was an Egyptian, went out among the people of Israel. And the Israelite woman\u2019s son and a man of Israel fought in the camp, [11] and the Israelite woman\u2019s son blasphemed the Name, and cursed. Then they brought him to Moses. His mother\u2019s name was Shelomith, the daughter of Dibri, of the tribe of Dan. [12] And they put him in custody, till the will of the LORD should be clear to them.\n\n  [13] Then the LORD spoke to Moses, saying, [14] \u201cBring out of the camp the one who cursed, and let all who heard him lay their hands on his head, and let all the congregation stone him. [15] And speak to the people of Israel, saying, Whoever curses his God shall bear his sin. [16] Whoever blasphemes the name of the LORD shall surely be put to death. All the congregation shall stone him. The sojourner as well as the native, when he blasphemes the Name, shall be put to death.\n\nAn Eye for an Eye\n\n  [17] \u201cWhoever takes a human life shall surely be put to death. [18] Whoever takes an animal\u2019s life shall make it good, life for life. [19] If anyone injures his neighbor, as he has done it shall be done to him, [20] fracture for fracture, eye for eye, tooth for tooth; whatever injury he has given a person shall be given to him. [21] Whoever kills an animal shall make it good, and whoever kills a person shall be put to death. [22] You shall have the same rule for the sojourner and for the native, for I am the LORD your God.\u201d [23] So Moses spoke to the people of Israel, and they brought out of the camp the one who had cursed and stoned him with stones. Thus the people of Israel did as the LORD commanded Moses.\n\nFootnotes\n\n(1) 24:4 Hebrew *the pure lampstand*\n\n(2) 24:5 An *ephah* was about 3/5 bushel or 22 liters\n\n(3) 24:6 Hebrew *the pure table*\n (ESV)"]}