{"query": "Leviticus 23", "canonical": "Leviticus 23", "parsed": [[3023001, 3023044]], "passage_meta": [{"canonical": "Leviticus 23", "chapter_start": [3023001, 3023044], "chapter_end": [3023001, 3023044], "prev_verse": 3022033, "next_verse": 3024001, "prev_chapter": [3022001, 3022033], "next_chapter": [3024001, 3024023]}], "passages": ["Leviticus 23\n\nFeasts of the LORD\n\n  [1] The LORD spoke to Moses, saying, [2] \u201cSpeak to the people of Israel and say to them, These are the appointed feasts of the LORD that you shall proclaim as holy convocations; they are my appointed feasts.\n\nThe Sabbath\n\n  [3] \u201cSix days shall work be done, but on the seventh day is a Sabbath of solemn rest, a holy convocation. You shall do no work. It is a Sabbath to the LORD in all your dwelling places.\n\nThe Passover\n\n  [4] \u201cThese are the appointed feasts of the LORD, the holy convocations, which you shall proclaim at the time appointed for them. [5] In the first month, on the fourteenth day of the month at twilight,(1) is the LORD\u2019s Passover. [6] And on the fifteenth day of the same month is the Feast of Unleavened Bread to the LORD; for seven days you shall eat unleavened bread. [7] On the first day you shall have a holy convocation; you shall not do any ordinary work. [8] But you shall present a food offering to the LORD for seven days. On the seventh day is a holy convocation; you shall not do any ordinary work.\u201d\n\nThe Feast of Firstfruits\n\n  [9] And the LORD spoke to Moses, saying, [10] \u201cSpeak to the people of Israel and say to them, When you come into the land that I give you and reap its harvest, you shall bring the sheaf of the firstfruits of your harvest to the priest, [11] and he shall wave the sheaf before the LORD, so that you may be accepted. On the day after the Sabbath the priest shall wave it. [12] And on the day when you wave the sheaf, you shall offer a male lamb a year old without blemish as a burnt offering to the LORD. [13] And the grain offering with it shall be two tenths of an ephah(2) of fine flour mixed with oil, a food offering to the LORD with a pleasing aroma, and the drink offering with it shall be of wine, a fourth of a hin.(3) [14] And you shall eat neither bread nor grain parched or fresh until this same day, until you have brought the offering of your God: it is a statute forever throughout your generations in all your dwellings.\n\nThe Feast of Weeks\n\n  [15] \u201cYou shall count seven full weeks from the day after the Sabbath, from the day that you brought the sheaf of the wave offering. [16] You shall count fifty days to the day after the seventh Sabbath. Then you shall present a grain offering of new grain to the LORD. [17] You shall bring from your dwelling places two loaves of bread to be waved, made of two tenths of an ephah. They shall be of fine flour, and they shall be baked with leaven, as firstfruits to the LORD. [18] And you shall present with the bread seven lambs a year old without blemish, and one bull from the herd and two rams. They shall be a burnt offering to the LORD, with their grain offering and their drink offerings, a food offering with a pleasing aroma to the LORD. [19] And you shall offer one male goat for a sin offering, and two male lambs a year old as a sacrifice of peace offerings. [20] And the priest shall wave them with the bread of the firstfruits as a wave offering before the LORD, with the two lambs. They shall be holy to the LORD for the priest. [21] And you shall make a proclamation on the same day. You shall hold a holy convocation. You shall not do any ordinary work. It is a statute forever in all your dwelling places throughout your generations.\n\n  [22] \u201cAnd when you reap the harvest of your land, you shall not reap your field right up to its edge, nor shall you gather the gleanings after your harvest. You shall leave them for the poor and for the sojourner: I am the LORD your God.\u201d\n\nThe Feast of Trumpets\n\n  [23] And the LORD spoke to Moses, saying, [24] \u201cSpeak to the people of Israel, saying, In the seventh month, on the first day of the month, you shall observe a day of solemn rest, a memorial proclaimed with blast of trumpets, a holy convocation. [25] You shall not do any ordinary work, and you shall present a food offering to the LORD.\u201d\n\nThe Day of Atonement\n\n  [26] And the LORD spoke to Moses, saying, [27] \u201cNow on the tenth day of this seventh month is the Day of Atonement. It shall be for you a time of holy convocation, and you shall afflict yourselves(4) and present a food offering to the LORD. [28] And you shall not do any work on that very day, for it is a Day of Atonement, to make atonement for you before the LORD your God. [29] For whoever is not afflicted(5) on that very day shall be cut off from his people. [30] And whoever does any work on that very day, that person I will destroy from among his people. [31] You shall not do any work. It is a statute forever throughout your generations in all your dwelling places. [32] It shall be to you a Sabbath of solemn rest, and you shall afflict yourselves. On the ninth day of the month beginning at evening, from evening to evening shall you keep your Sabbath.\u201d\n\nThe Feast of Booths\n\n  [33] And the LORD spoke to Moses, saying, [34] \u201cSpeak to the people of Israel, saying, On the fifteenth day of this seventh month and for seven days is the Feast of Booths(6) to the LORD. [35] On the first day shall be a holy convocation; you shall not do any ordinary work. [36] For seven days you shall present food offerings to the LORD. On the eighth day you shall hold a holy convocation and present a food offering to the LORD. It is a solemn assembly; you shall not do any ordinary work.\n\n  [37] \u201cThese are the appointed feasts of the LORD, which you shall proclaim as times of holy convocation, for presenting to the LORD food offerings, burnt offerings and grain offerings, sacrifices and drink offerings, each on its proper day, [38] besides the LORD\u2019s Sabbaths and besides your gifts and besides all your vow offerings and besides all your freewill offerings, which you give to the LORD.\n\n  [39] \u201cOn the fifteenth day of the seventh month, when you have gathered in the produce of the land, you shall celebrate the feast of the LORD seven days. On the first day shall be a solemn rest, and on the eighth day shall be a solemn rest. [40] And you shall take on the first day the fruit of splendid trees, branches of palm trees and boughs of leafy trees and willows of the brook, and you shall rejoice before the LORD your God seven days. [41] You shall celebrate it as a feast to the LORD for seven days in the year. It is a statute forever throughout your generations; you shall celebrate it in the seventh month. [42] You shall dwell in booths for seven days. All native Israelites shall dwell in booths, [43] that your generations may know that I made the people of Israel dwell in booths when I brought them out of the land of Egypt: I am the LORD your God.\u201d\n\n  [44] Thus Moses declared to the people of Israel the appointed feasts of the LORD.\n\nFootnotes\n\n(1) 23:5 Hebrew *between the two evenings*\n\n(2) 23:13 An *ephah* was about 3/5 bushel or 22 liters\n\n(3) 23:13 A *hin* was about 4 quarts or 3.5 liters\n\n(4) 23:27 Or *shall fast*; also verse 32\n\n(5) 23:29 Or *is not fasting*\n\n(6) 23:34 Or *Tabernacles*\n (ESV)"]}