{"query": "Numbers 16", "canonical": "Numbers 16", "parsed": [[4016001, 4016050]], "passage_meta": [{"canonical": "Numbers 16", "chapter_start": [4016001, 4016050], "chapter_end": [4016001, 4016050], "prev_verse": 4015041, "next_verse": 4017001, "prev_chapter": [4015001, 4015041], "next_chapter": [4017001, 4017013]}], "passages": ["Numbers 16\n\nKorah\u2019s Rebellion\n\n  [1] Now Korah the son of Izhar, son of Kohath, son of Levi, and Dathan and Abiram the sons of Eliab, and On the son of Peleth, sons of Reuben, took men. [2] And they rose up before Moses, with a number of the people of Israel, 250 chiefs of the congregation, chosen from the assembly, well-known men. [3] They assembled themselves together against Moses and against Aaron and said to them, \u201cYou have gone too far! For all in the congregation are holy, every one of them, and the LORD is among them. Why then do you exalt yourselves above the assembly of the LORD?\u201d [4] When Moses heard it, he fell on his face, [5] and he said to Korah and all his company, \u201cIn the morning the LORD will show who is his,(1) and who is holy, and will bring him near to him. The one whom he chooses he will bring near to him. [6] Do this: take censers, Korah and all his company; [7] put fire in them and put incense on them before the LORD tomorrow, and the man whom the LORD chooses shall be the holy one. You have gone too far, sons of Levi!\u201d [8] And Moses said to Korah, \u201cHear now, you sons of Levi: [9] is it too small a thing for you that the God of Israel has separated you from the congregation of Israel, to bring you near to himself, to do service in the tabernacle of the LORD and to stand before the congregation to minister to them, [10] and that he has brought you near him, and all your brothers the sons of Levi with you? And would you seek the priesthood also? [11] Therefore it is against the LORD that you and all your company have gathered together. What is Aaron that you grumble against him?\u201d\n\n  [12] And Moses sent to call Dathan and Abiram the sons of Eliab, and they said, \u201cWe will not come up. [13] Is it a small thing that you have brought us up out of a land flowing with milk and honey, to kill us in the wilderness, that you must also make yourself a prince over us? [14] Moreover, you have not brought us into a land flowing with milk and honey, nor given us inheritance of fields and vineyards. Will you put out the eyes of these men? We will not come up.\u201d [15] And Moses was very angry and said to the LORD, \u201cDo not respect their offering. I have not taken one donkey from them, and I have not harmed one of them.\u201d\n\n  [16] And Moses said to Korah, \u201cBe present, you and all your company, before the LORD, you and they, and Aaron, tomorrow. [17] And let every one of you take his censer and put incense on it, and every one of you bring before the LORD his censer, 250 censers; you also, and Aaron, each his censer.\u201d [18] So every man took his censer and put fire in them and laid incense on them and stood at the entrance of the tent of meeting with Moses and Aaron. [19] Then Korah assembled all the congregation against them at the entrance of the tent of meeting. And the glory of the LORD appeared to all the congregation.\n\n  [20] And the LORD spoke to Moses and to Aaron, saying, [21] \u201cSeparate yourselves from among this congregation, that I may consume them in a moment.\u201d [22] And they fell on their faces and said, \u201cO God, the God of the spirits of all flesh, shall one man sin, and will you be angry with all the congregation?\u201d [23] And the LORD spoke to Moses, saying, [24] \u201cSay to the congregation, Get away from the dwelling of Korah, Dathan, and Abiram.\u201d\n\n  [25] Then Moses rose and went to Dathan and Abiram, and the elders of Israel followed him. [26] And he spoke to the congregation, saying, \u201cDepart, please, from the tents of these wicked men, and touch nothing of theirs, lest you be swept away with all their sins.\u201d [27] So they got away from the dwelling of Korah, Dathan, and Abiram. And Dathan and Abiram came out and stood at the door of their tents, together with their wives, their sons, and their little ones. [28] And Moses said, \u201cHereby you shall know that the LORD has sent me to do all these works, and that it has not been of my own accord. [29] If these men die as all men die, or if they are visited by the fate of all mankind, then the LORD has not sent me. [30] But if the LORD creates something new, and the ground opens its mouth and swallows them up with all that belongs to them, and they go down alive into Sheol, then you shall know that these men have despised the LORD.\u201d\n\n  [31] And as soon as he had finished speaking all these words, the ground under them split apart. [32] And the earth opened its mouth and swallowed them up, with their households and all the people who belonged to Korah and all their goods. [33] So they and all that belonged to them went down alive into Sheol, and the earth closed over them, and they perished from the midst of the assembly. [34] And all Israel who were around them fled at their cry, for they said, \u201cLest the earth swallow us up!\u201d [35] And fire came out from the LORD and consumed the 250 men offering the incense.\n\n  [36] (2) Then the LORD spoke to Moses, saying, [37] \u201cTell Eleazar the son of Aaron the priest to take up the censers out of the blaze. Then scatter the fire far and wide, for they have become holy. [38] As for the censers of these men who have sinned at the cost of their lives, let them be made into hammered plates as a covering for the altar, for they offered them before the LORD, and they became holy. Thus they shall be a sign to the people of Israel.\u201d [39] So Eleazar the priest took the bronze censers, which those who were burned had offered, and they were hammered out as a covering for the altar, [40] to be a reminder to the people of Israel, so that no outsider, who is not of the descendants of Aaron, should draw near to burn incense before the LORD, lest he become like Korah and his company\u2014as the LORD said to him through Moses.\n\n  [41] But on the next day all the congregation of the people of Israel grumbled against Moses and against Aaron, saying, \u201cYou have killed the people of the LORD.\u201d [42] And when the congregation had assembled against Moses and against Aaron, they turned toward the tent of meeting. And behold, the cloud covered it, and the glory of the LORD appeared. [43] And Moses and Aaron came to the front of the tent of meeting, [44] and the LORD spoke to Moses, saying, [45] \u201cGet away from the midst of this congregation, that I may consume them in a moment.\u201d And they fell on their faces. [46] And Moses said to Aaron, \u201cTake your censer, and put fire on it from off the altar and lay incense on it and carry it quickly to the congregation and make atonement for them, for wrath has gone out from the LORD; the plague has begun.\u201d [47] So Aaron took it as Moses said and ran into the midst of the assembly. And behold, the plague had already begun among the people. And he put on the incense and made atonement for the people. [48] And he stood between the dead and the living, and the plague was stopped. [49] Now those who died in the plague were 14,700, besides those who died in the affair of Korah. [50] And Aaron returned to Moses at the entrance of the tent of meeting, when the plague was stopped.\n\nFootnotes\n\n(1) 16:5 Septuagint *The Lord knows those who are his*\n\n(2) 16:36 Ch 17:1 in Hebrew\n (ESV)"]}