{"query": "Numbers 24", "canonical": "Numbers 24", "parsed": [[4024001, 4024025]], "passage_meta": [{"canonical": "Numbers 24", "chapter_start": [4024001, 4024025], "chapter_end": [4024001, 4024025], "prev_verse": 4023030, "next_verse": 4025001, "prev_chapter": [4023001, 4023030], "next_chapter": [4025001, 4025018]}], "passages": ["Numbers 24\n\nBalaam\u2019s Third Oracle\n\n  [1] When Balaam saw that it pleased the LORD to bless Israel, he did not go, as at other times, to look for omens, but set his face toward the wilderness. [2] And Balaam lifted up his eyes and saw Israel camping tribe by tribe. And the Spirit of God came upon him, [3] and he took up his discourse and said,\n\n    \u201cThe oracle of Balaam the son of Beor,\n        the oracle of the man whose eye is opened,(1)\n    [4] the oracle of him who hears the words of God,\n        who sees the vision of the Almighty,\n        falling down with his eyes uncovered:\n    [5] How lovely are your tents, O Jacob,\n        your encampments, O Israel!\n    [6] Like palm groves(2) that stretch afar,\n        like gardens beside a river,\n    like aloes that the LORD has planted,\n        like cedar trees beside the waters.\n    [7] Water shall flow from his buckets,\n        and his seed shall be in many waters;\n    his king shall be higher than Agag,\n        and his kingdom shall be exalted.\n    [8] God brings him out of Egypt\n        and is for him like the horns of the wild ox;\n    he shall eat up the nations, his adversaries,\n        and shall break their bones in pieces\n        and pierce them through with his arrows.\n    [9] He crouched, he lay down like a lion\n        and like a lioness; who will rouse him up?\n    Blessed are those who bless you,\n        and cursed are those who curse you.\u201d\n    \n    \n      [10] And Balak\u2019s anger was kindled against Balaam, and he struck his hands together. And Balak said to Balaam, \u201cI called you to curse my enemies, and behold, you have blessed them these three times. [11] Therefore now flee to your own place. I said, \u2018I will certainly honor you,\u2019 but the LORD has held you back from honor.\u201d [12] And Balaam said to Balak, \u201cDid I not tell your messengers whom you sent to me, [13] \u2018If Balak should give me his house full of silver and gold, I would not be able to go beyond the word of the LORD, to do either good or bad of my own will. What the LORD speaks, that will I speak\u2019? [14] And now, behold, I am going to my people. Come, I will let you know what this people will do to your people in the latter days.\u201d\n\nBalaam\u2019s Final Oracle\n\n  [15] And he took up his discourse and said,\n\n    \u201cThe oracle of Balaam the son of Beor,\n        the oracle of the man whose eye is opened,\n    [16] the oracle of him who hears the words of God,\n        and knows the knowledge of the Most High,\n    who sees the vision of the Almighty,\n        falling down with his eyes uncovered:\n    [17] I see him, but not now;\n        I behold him, but not near:\n    a star shall come out of Jacob,\n        and a scepter shall rise out of Israel;\n    it shall crush the forehead(3) of Moab\n        and break down all the sons of Sheth.\n    [18] Edom shall be dispossessed;\n        Seir also, his enemies, shall be dispossessed.\n        Israel is doing valiantly.\n    [19] And one from Jacob shall exercise dominion\n        and destroy the survivors of cities!\u201d\n    \n    \n      [20] Then he looked on Amalek and took up his discourse and said,\n\n    \u201cAmalek was the first among the nations,\n        but its end is utter destruction.\u201d\n    \n    \n      [21] And he looked on the Kenite, and took up his discourse and said,\n\n    \u201cEnduring is your dwelling place,\n        and your nest is set in the rock.\n    [22] Nevertheless, Kain shall be burned\n        when Asshur takes you away captive.\u201d\n    \n    \n      [23] And he took up his discourse and said,\n\n    \u201cAlas, who shall live when God does this?\n    [24]     But ships shall come from Kittim\n    and shall afflict Asshur and Eber;\n        and he too shall come to utter destruction.\u201d\n    \n    \n      [25] Then Balaam rose and went back to his place. And Balak also went his way.\n\nFootnotes\n\n(1) 24:3 Or *closed*, or *perfect*; also verse 15\n\n(2) 24:6 Or *valleys*\n\n(3) 24:17 Hebrew *corners* [of the head]\n (ESV)"]}