{"query": "Numbers 30", "canonical": "Numbers 30", "parsed": [[4030001, 4030016]], "passage_meta": [{"canonical": "Numbers 30", "chapter_start": [4030001, 4030016], "chapter_end": [4030001, 4030016], "prev_verse": 4029040, "next_verse": 4031001, "prev_chapter": [4029001, 4029040], "next_chapter": [4031001, 4031054]}], "passages": ["Numbers 30\n\nMen and Vows\n\n  [1] Moses spoke to the heads of the tribes of the people of Israel, saying, \u201cThis is what the LORD has commanded. [2] If a man vows a vow to the LORD, or swears an oath to bind himself by a pledge, he shall not break his word. He shall do according to all that proceeds out of his mouth.\n\nWomen and Vows\n\n  [3] \u201cIf a woman vows a vow to the LORD and binds herself by a pledge, while within her father\u2019s house in her youth, [4] and her father hears of her vow and of her pledge by which she has bound herself and says nothing to her, then all her vows shall stand, and every pledge by which she has bound herself shall stand. [5] But if her father opposes her on the day that he hears of it, no vow of hers, no pledge by which she has bound herself shall stand. And the LORD will forgive her, because her father opposed her.\n\n  [6] \u201cIf she marries a husband, while under her vows or any thoughtless utterance of her lips by which she has bound herself, [7] and her husband hears of it and says nothing to her on the day that he hears, then her vows shall stand, and her pledges by which she has bound herself shall stand. [8] But if, on the day that her husband comes to hear of it, he opposes her, then he makes void her vow that was on her, and the thoughtless utterance of her lips by which she bound herself. And the LORD will forgive her. [9] (But any vow of a widow or of a divorced woman, anything by which she has bound herself, shall stand against her.) [10] And if she vowed in her husband\u2019s house or bound herself by a pledge with an oath, [11] and her husband heard of it and said nothing to her and did not oppose her, then all her vows shall stand, and every pledge by which she bound herself shall stand. [12] But if her husband makes them null and void on the day that he hears them, then whatever proceeds out of her lips concerning her vows or concerning her pledge of herself shall not stand. Her husband has made them void, and the LORD will forgive her. [13] Any vow and any binding oath to afflict herself,(1) her husband may establish,(2) or her husband may make void. [14] But if her husband says nothing to her from day to day, then he establishes all her vows or all her pledges that are upon her. He has established them, because he said nothing to her on the day that he heard of them. [15] But if he makes them null and void after he has heard of them, then he shall bear her iniquity.\u201d\n\n  [16] These are the statutes that the LORD commanded Moses about a man and his wife and about a father and his daughter while she is in her youth within her father\u2019s house.\n\nFootnotes\n\n(1) 30:13 Or *to fast*\n\n(2) 30:13 Or *may allow to stand*\n (ESV)"]}