{"query": "Numbers 11", "canonical": "Numbers 11", "parsed": [[4011001, 4011035]], "passage_meta": [{"canonical": "Numbers 11", "chapter_start": [4011001, 4011035], "chapter_end": [4011001, 4011035], "prev_verse": 4010036, "next_verse": 4012001, "prev_chapter": [4010001, 4010036], "next_chapter": [4012001, 4012016]}], "passages": ["Numbers 11\n\nThe People Complain\n\n  [1] And the people complained in the hearing of the LORD about their misfortunes, and when the LORD heard it, his anger was kindled, and the fire of the LORD burned among them and consumed some outlying parts of the camp. [2] Then the people cried out to Moses, and Moses prayed to the LORD, and the fire died down. [3] So the name of that place was called Taberah,(1) because the fire of the LORD burned among them.\n\n  [4] Now the rabble that was among them had a strong craving. And the people of Israel also wept again and said, \u201cOh that we had meat to eat! [5] We remember the fish we ate in Egypt that cost nothing, the cucumbers, the melons, the leeks, the onions, and the garlic. [6] But now our strength is dried up, and there is nothing at all but this manna to look at.\u201d\n\n  [7] Now the manna was like coriander seed, and its appearance like that of bdellium. [8] The people went about and gathered it and ground it in handmills or beat it in mortars and boiled it in pots and made cakes of it. And the taste of it was like the taste of cakes baked with oil. [9] When the dew fell upon the camp in the night, the manna fell with it.\n\n  [10] Moses heard the people weeping throughout their clans, everyone at the door of his tent. And the anger of the LORD blazed hotly, and Moses was displeased. [11] Moses said to the LORD, \u201cWhy have you dealt ill with your servant? And why have I not found favor in your sight, that you lay the burden of all this people on me? [12] Did I conceive all this people? Did I give them birth, that you should say to me, \u2018Carry them in your bosom, as a nurse carries a nursing child,\u2019 to the land that you swore to give their fathers? [13] Where am I to get meat to give to all this people? For they weep before me and say, \u2018Give us meat, that we may eat.\u2019 [14] I am not able to carry all this people alone; the burden is too heavy for me. [15] If you will treat me like this, kill me at once, if I find favor in your sight, that I may not see my wretchedness.\u201d\n\nElders Appointed to Aid Moses\n\n  [16] Then the LORD said to Moses, \u201cGather for me seventy men of the elders of Israel, whom you know to be the elders of the people and officers over them, and bring them to the tent of meeting, and let them take their stand there with you. [17] And I will come down and talk with you there. And I will take some of the Spirit that is on you and put it on them, and they shall bear the burden of the people with you, so that you may not bear it yourself alone. [18] And say to the people, \u2018Consecrate yourselves for tomorrow, and you shall eat meat, for you have wept in the hearing of the LORD, saying, \u201cWho will give us meat to eat? For it was better for us in Egypt.\u201d Therefore the LORD will give you meat, and you shall eat. [19] You shall not eat just one day, or two days, or five days, or ten days, or twenty days, [20] but a whole month, until it comes out at your nostrils and becomes loathsome to you, because you have rejected the LORD who is among you and have wept before him, saying, \u201cWhy did we come out of Egypt?\u201d\u2019\u201d [21] But Moses said, \u201cThe people among whom I am number six hundred thousand on foot, and you have said, \u2018I will give them meat, that they may eat a whole month!\u2019 [22] Shall flocks and herds be slaughtered for them, and be enough for them? Or shall all the fish of the sea be gathered together for them, and be enough for them?\u201d [23] And the LORD said to Moses, \u201cIs the LORD\u2019s hand shortened? Now you shall see whether my word will come true for you or not.\u201d\n\n  [24] So Moses went out and told the people the words of the LORD. And he gathered seventy men of the elders of the people and placed them around the tent. [25] Then the LORD came down in the cloud and spoke to him, and took some of the Spirit that was on him and put it on the seventy elders. And as soon as the Spirit rested on them, they prophesied. But they did not continue doing it.\n\n  [26] Now two men remained in the camp, one named Eldad, and the other named Medad, and the Spirit rested on them. They were among those registered, but they had not gone out to the tent, and so they prophesied in the camp. [27] And a young man ran and told Moses, \u201cEldad and Medad are prophesying in the camp.\u201d [28] And Joshua the son of Nun, the assistant of Moses from his youth, said, \u201cMy lord Moses, stop them.\u201d [29] But Moses said to him, \u201cAre you jealous for my sake? Would that all the LORD\u2019s people were prophets, that the LORD would put his Spirit on them!\u201d [30] And Moses and the elders of Israel returned to the camp.\n\nQuail and a Plague\n\n  [31] Then a wind from the LORD sprang up, and it brought quail from the sea and let them fall beside the camp, about a day\u2019s journey on this side and a day\u2019s journey on the other side, around the camp, and about two cubits(2) above the ground. [32] And the people rose all that day and all night and all the next day, and gathered the quail. Those who gathered least gathered ten homers.(3) And they spread them out for themselves all around the camp. [33] While the meat was yet between their teeth, before it was consumed, the anger of the LORD was kindled against the people, and the LORD struck down the people with a very great plague. [34] Therefore the name of that place was called Kibroth-hattaavah,(4) because there they buried the people who had the craving. [35] From Kibroth-hattaavah the people journeyed to Hazeroth, and they remained at Hazeroth.\n\nFootnotes\n\n(1) 11:3 *Taberah* means *burning*\n\n(2) 11:31 A *cubit* was about 18 inches or 45 centimeters\n\n(3) 11:32 A *homer* was about 6 bushels or 220 liters\n\n(4) 11:34 *Kibroth-hattaavah* means *graves of craving*\n (ESV)"]}