{"query": "Numbers 5", "canonical": "Numbers 5", "parsed": [[4005001, 4005031]], "passage_meta": [{"canonical": "Numbers 5", "chapter_start": [4005001, 4005031], "chapter_end": [4005001, 4005031], "prev_verse": 4004049, "next_verse": 4006001, "prev_chapter": [4004001, 4004049], "next_chapter": [4006001, 4006027]}], "passages": ["Numbers 5\n\nUnclean People\n\n  [1] The LORD spoke to Moses, saying, [2] \u201cCommand the people of Israel that they put out of the camp everyone who is leprous(1) or has a discharge and everyone who is unclean through contact with the dead. [3] You shall put out both male and female, putting them outside the camp, that they may not defile their camp, in the midst of which I dwell.\u201d [4] And the people of Israel did so, and put them outside the camp; as the LORD said to Moses, so the people of Israel did.\n\nConfession and Restitution\n\n  [5] And the LORD spoke to Moses, saying, [6] \u201cSpeak to the people of Israel, When a man or woman commits any of the sins that people commit by breaking faith with the LORD, and that person realizes his guilt, [7] he shall confess his sin that he has committed.(2) And he shall make full restitution for his wrong, adding a fifth to it and giving it to him to whom he did the wrong. [8] But if the man has no next of kin to whom restitution may be made for the wrong, the restitution for wrong shall go to the LORD for the priest, in addition to the ram of atonement with which atonement is made for him. [9] And every contribution, all the holy donations of the people of Israel, which they bring to the priest, shall be his. [10] Each one shall keep his holy donations: whatever anyone gives to the priest shall be his.\u201d\n\nA Test for Adultery\n\n  [11] And the LORD spoke to Moses, saying, [12] \u201cSpeak to the people of Israel, If any man\u2019s wife goes astray and breaks faith with him, [13] if a man lies with her sexually, and it is hidden from the eyes of her husband, and she is undetected though she has defiled herself, and there is no witness against her, since she was not taken in the act, [14] and if the spirit of jealousy comes over him and he is jealous of his wife who has defiled herself, or if the spirit of jealousy comes over him and he is jealous of his wife, though she has not defiled herself, [15] then the man shall bring his wife to the priest and bring the offering required of her, a tenth of an ephah(3) of barley flour. He shall pour no oil on it and put no frankincense on it, for it is a grain offering of jealousy, a grain offering of remembrance, bringing iniquity to remembrance.\n\n  [16] \u201cAnd the priest shall bring her near and set her before the LORD. [17] And the priest shall take holy water in an earthenware vessel and take some of the dust that is on the floor of the tabernacle and put it into the water. [18] And the priest shall set the woman before the LORD and unbind the hair of the woman\u2019s head and place in her hands the grain offering of remembrance, which is the grain offering of jealousy. And in his hand the priest shall have the water of bitterness that brings the curse. [19] Then the priest shall make her take an oath, saying, \u2018If no man has lain with you, and if you have not turned aside to uncleanness while you were under your husband\u2019s authority, be free from this water of bitterness that brings the curse. [20] But if you have gone astray, though you are under your husband\u2019s authority, and if you have defiled yourself, and some man other than your husband has lain with you, [21] then\u2019 (let the priest make the woman take the oath of the curse, and say to the woman) \u2018the LORD make you a curse and an oath among your people, when the LORD makes your thigh fall away and your body swell. [22] May this water that brings the curse pass into your bowels and make your womb swell and your thigh fall away.\u2019 And the woman shall say, \u2018Amen, Amen.\u2019\n\n  [23] \u201cThen the priest shall write these curses in a book and wash them off into the water of bitterness. [24] And he shall make the woman drink the water of bitterness that brings the curse, and the water that brings the curse shall enter into her and cause bitter pain. [25] And the priest shall take the grain offering of jealousy out of the woman\u2019s hand and shall wave the grain offering before the LORD and bring it to the altar. [26] And the priest shall take a handful of the grain offering, as its memorial portion, and burn it on the altar, and afterward shall make the woman drink the water. [27] And when he has made her drink the water, then, if she has defiled herself and has broken faith with her husband, the water that brings the curse shall enter into her and cause bitter pain, and her womb shall swell, and her thigh shall fall away, and the woman shall become a curse among her people. [28] But if the woman has not defiled herself and is clean, then she shall be free and shall conceive children.\n\n  [29] \u201cThis is the law in cases of jealousy, when a wife, though under her husband\u2019s authority, goes astray and defiles herself, [30] or when the spirit of jealousy comes over a man and he is jealous of his wife. Then he shall set the woman before the LORD, and the priest shall carry out for her all this law. [31] The man shall be free from iniquity, but the woman shall bear her iniquity.\u201d\n\nFootnotes\n\n(1) 5:2 *Leprosy* was a term for several skin diseases; see Leviticus 13\n\n(2) 5:7 Hebrew *they shall confess their sin that they have committed*\n\n(3) 5:15 An *ephah* was about 3/5 bushel or 22 liters\n (ESV)"]}