{"query": "Numbers 29", "canonical": "Numbers 29", "parsed": [[4029001, 4029040]], "passage_meta": [{"canonical": "Numbers 29", "chapter_start": [4029001, 4029040], "chapter_end": [4029001, 4029040], "prev_verse": 4028031, "next_verse": 4030001, "prev_chapter": [4028001, 4028031], "next_chapter": [4030001, 4030016]}], "passages": ["Numbers 29\n\nOfferings for the Feast of Trumpets\n\n  [1] \u201cOn the first day of the seventh month you shall have a holy convocation. You shall not do any ordinary work. It is a day for you to blow the trumpets, [2] and you shall offer a burnt offering, for a pleasing aroma to the LORD: one bull from the herd, one ram, seven male lambs a year old without blemish; [3] also their grain offering of fine flour mixed with oil, three tenths of an ephah(1) for the bull, two tenths for the ram, [4] and one tenth for each of the seven lambs; [5] with one male goat for a sin offering, to make atonement for you; [6] besides the burnt offering of the new moon, and its grain offering, and the regular burnt offering and its grain offering, and their drink offering, according to the rule for them, for a pleasing aroma, a food offering to the LORD.\n\nOfferings for the Day of Atonement\n\n  [7] \u201cOn the tenth day of this seventh month you shall have a holy convocation and afflict yourselves.(2) You shall do no work, [8] but you shall offer a burnt offering to the LORD, a pleasing aroma: one bull from the herd, one ram, seven male lambs a year old: see that they are without blemish. [9] And their grain offering shall be of fine flour mixed with oil, three tenths of an ephah for the bull, two tenths for the one ram, [10] a tenth for each of the seven lambs: [11] also one male goat for a sin offering, besides the sin offering of atonement, and the regular burnt offering and its grain offering, and their drink offerings.\n\nOfferings for the Feast of Booths\n\n  [12] \u201cOn the fifteenth day of the seventh month you shall have a holy convocation. You shall not do any ordinary work, and you shall keep a feast to the LORD seven days. [13] And you shall offer a burnt offering, a food offering, with a pleasing aroma to the LORD, thirteen bulls from the herd, two rams, fourteen male lambs a year old; they shall be without blemish; [14] and their grain offering of fine flour mixed with oil, three tenths of an ephah for each of the thirteen bulls, two tenths for each of the two rams, [15] and a tenth for each of the fourteen lambs; [16] also one male goat for a sin offering, besides the regular burnt offering, its grain offering and its drink offering.\n\n  [17] \u201cOn the second day twelve bulls from the herd, two rams, fourteen male lambs a year old without blemish, [18] with the grain offering and the drink offerings for the bulls, for the rams, and for the lambs, in the prescribed quantities; [19] also one male goat for a sin offering, besides the regular burnt offering and its grain offering, and their drink offerings.\n\n  [20] \u201cOn the third day eleven bulls, two rams, fourteen male lambs a year old without blemish, [21] with the grain offering and the drink offerings for the bulls, for the rams, and for the lambs, in the prescribed quantities; [22] also one male goat for a sin offering, besides the regular burnt offering and its grain offering and its drink offering.\n\n  [23] \u201cOn the fourth day ten bulls, two rams, fourteen male lambs a year old without blemish, [24] with the grain offering and the drink offerings for the bulls, for the rams, and for the lambs, in the prescribed quantities; [25] also one male goat for a sin offering, besides the regular burnt offering, its grain offering and its drink offering.\n\n  [26] \u201cOn the fifth day nine bulls, two rams, fourteen male lambs a year old without blemish, [27] with the grain offering and the drink offerings for the bulls, for the rams, and for the lambs, in the prescribed quantities; [28] also one male goat for a sin offering; besides the regular burnt offering and its grain offering and its drink offering.\n\n  [29] \u201cOn the sixth day eight bulls, two rams, fourteen male lambs a year old without blemish, [30] with the grain offering and the drink offerings for the bulls, for the rams, and for the lambs, in the prescribed quantities; [31] also one male goat for a sin offering; besides the regular burnt offering, its grain offering, and its drink offerings.\n\n  [32] \u201cOn the seventh day seven bulls, two rams, fourteen male lambs a year old without blemish, [33] with the grain offering and the drink offerings for the bulls, for the rams, and for the lambs, in the prescribed quantities; [34] also one male goat for a sin offering; besides the regular burnt offering, its grain offering, and its drink offering.\n\n  [35] \u201cOn the eighth day you shall have a solemn assembly. You shall not do any ordinary work, [36] but you shall offer a burnt offering, a food offering, with a pleasing aroma to the LORD: one bull, one ram, seven male lambs a year old without blemish, [37] and the grain offering and the drink offerings for the bull, for the ram, and for the lambs, in the prescribed quantities; [38] also one male goat for a sin offering; besides the regular burnt offering and its grain offering and its drink offering.\n\n  [39] \u201cThese you shall offer to the LORD at your appointed feasts, in addition to your vow offerings and your freewill offerings, for your burnt offerings, and for your grain offerings, and for your drink offerings, and for your peace offerings.\u201d\n\n  [40] (3) So Moses told the people of Israel everything just as the LORD had commanded Moses.\n\nFootnotes\n\n(1) 29:3 An *ephah* was about 3/5 bushel or 22 liters\n\n(2) 29:7 Or *and fast*\n\n(3) 29:40 Ch 30:1 in Hebrew\n (ESV)"]}