{"query": "Numbers 12", "canonical": "Numbers 12", "parsed": [[4012001, 4012016]], "passage_meta": [{"canonical": "Numbers 12", "chapter_start": [4012001, 4012016], "chapter_end": [4012001, 4012016], "prev_verse": 4011035, "next_verse": 4013001, "prev_chapter": [4011001, 4011035], "next_chapter": [4013001, 4013033]}], "passages": ["Numbers 12\n\nMiriam and Aaron Oppose Moses\n\n  [1] Miriam and Aaron spoke against Moses because of the Cushite woman whom he had married, for he had married a Cushite woman. [2] And they said, \u201cHas the LORD indeed spoken only through Moses? Has he not spoken through us also?\u201d And the LORD heard it. [3] Now the man Moses was very meek, more than all people who were on the face of the earth. [4] And suddenly the LORD said to Moses and to Aaron and Miriam, \u201cCome out, you three, to the tent of meeting.\u201d And the three of them came out. [5] And the LORD came down in a pillar of cloud and stood at the entrance of the tent and called Aaron and Miriam, and they both came forward. [6] And he said, \u201cHear my words: If there is a prophet among you, I the LORD make myself known to him in a vision; I speak with him in a dream. [7] Not so with my servant Moses. He is faithful in all my house. [8] With him I speak mouth to mouth, clearly, and not in riddles, and he beholds the form of the LORD. Why then were you not afraid to speak against my servant Moses?\u201d [9] And the anger of the LORD was kindled against them, and he departed.\n\n  [10] When the cloud removed from over the tent, behold, Miriam was leprous,(1) like snow. And Aaron turned toward Miriam, and behold, she was leprous. [11] And Aaron said to Moses, \u201cOh, my lord, do not punish us(2) because we have done foolishly and have sinned. [12] Let her not be as one dead, whose flesh is half eaten away when he comes out of his mother\u2019s womb.\u201d [13] And Moses cried to the LORD, \u201cO God, please heal her\u2014please.\u201d [14] But the LORD said to Moses, \u201cIf her father had but spit in her face, should she not be shamed seven days? Let her be shut outside the camp seven days, and after that she may be brought in again.\u201d [15] So Miriam was shut outside the camp seven days, and the people did not set out on the march till Miriam was brought in again. [16] After that the people set out from Hazeroth, and camped in the wilderness of Paran.\n\nFootnotes\n\n(1) 12:10 *Leprosy* was a term for several skin diseases; see Leviticus 13\n\n(2) 12:11 Hebrew *do not lay sin upon us*\n (ESV)"]}