{"query": "Numbers 2", "canonical": "Numbers 2", "parsed": [[4002001, 4002034]], "passage_meta": [{"canonical": "Numbers 2", "chapter_start": [4002001, 4002034], "chapter_end": [4002001, 4002034], "prev_verse": 4001054, "next_verse": 4003001, "prev_chapter": [4001001, 4001054], "next_chapter": [4003001, 4003051]}], "passages": ["Numbers 2\n\nArrangement of the Camp\n\n  [1] The LORD spoke to Moses and Aaron, saying, [2] \u201cThe people of Israel shall camp each by his own standard, with the banners of their fathers\u2019 houses. They shall camp facing the tent of meeting on every side. [3] Those to camp on the east side toward the sunrise shall be of the standard of the camp of Judah by their companies, the chief of the people of Judah being Nahshon the son of Amminadab, [4] his company as listed being 74,600. [5] Those to camp next to him shall be the tribe of Issachar, the chief of the people of Issachar being Nethanel the son of Zuar, [6] his company as listed being 54,400. [7] Then the tribe of Zebulun, the chief of the people of Zebulun being Eliab the son of Helon, [8] his company as listed being 57,400. [9] All those listed of the camp of Judah, by their companies, were 186,400. They shall set out first on the march.\n\n  [10] \u201cOn the south side shall be the standard of the camp of Reuben by their companies, the chief of the people of Reuben being Elizur the son of Shedeur, [11] his company as listed being 46,500. [12] And those to camp next to him shall be the tribe of Simeon, the chief of the people of Simeon being Shelumiel the son of Zurishaddai, [13] his company as listed being 59,300. [14] Then the tribe of Gad, the chief of the people of Gad being Eliasaph the son of Reuel, [15] his company as listed being 45,650. [16] All those listed of the camp of Reuben, by their companies, were 151,450. They shall set out second.\n\n  [17] \u201cThen the tent of meeting shall set out, with the camp of the Levites in the midst of the camps; as they camp, so shall they set out, each in position, standard by standard.\n\n  [18] \u201cOn the west side shall be the standard of the camp of Ephraim by their companies, the chief of the people of Ephraim being Elishama the son of Ammihud, [19] his company as listed being 40,500. [20] And next to him shall be the tribe of Manasseh, the chief of the people of Manasseh being Gamaliel the son of Pedahzur, [21] his company as listed being 32,200. [22] Then the tribe of Benjamin, the chief of the people of Benjamin being Abidan the son of Gideoni, [23] his company as listed being 35,400. [24] All those listed of the camp of Ephraim, by their companies, were 108,100. They shall set out third on the march.\n\n  [25] \u201cOn the north side shall be the standard of the camp of Dan by their companies, the chief of the people of Dan being Ahiezer the son of Ammishaddai, [26] his company as listed being 62,700. [27] And those to camp next to him shall be the tribe of Asher, the chief of the people of Asher being Pagiel the son of Ochran, [28] his company as listed being 41,500. [29] Then the tribe of Naphtali, the chief of the people of Naphtali being Ahira the son of Enan, [30] his company as listed being 53,400. [31] All those listed of the camp of Dan were 157,600. They shall set out last, standard by standard.\u201d\n\n  [32] These are the people of Israel as listed by their fathers\u2019 houses. All those listed in the camps by their companies were 603,550. [33] But the Levites were not listed among the people of Israel, as the LORD commanded Moses.\n\n  [34] Thus did the people of Israel. According to all that the LORD commanded Moses, so they camped by their standards, and so they set out, each one in his clan, according to his fathers\u2019 house. (ESV)"]}