{"query": "Numbers 28", "canonical": "Numbers 28", "parsed": [[4028001, 4028031]], "passage_meta": [{"canonical": "Numbers 28", "chapter_start": [4028001, 4028031], "chapter_end": [4028001, 4028031], "prev_verse": 4027023, "next_verse": 4029001, "prev_chapter": [4027001, 4027023], "next_chapter": [4029001, 4029040]}], "passages": ["Numbers 28\n\nDaily Offerings\n\n  [1] The LORD spoke to Moses, saying, [2] \u201cCommand the people of Israel and say to them, \u2018My offering, my food for my food offerings, my pleasing aroma, you shall be careful to offer to me at its appointed time.\u2019 [3] And you shall say to them, This is the food offering that you shall offer to the LORD: two male lambs a year old without blemish, day by day, as a regular offering. [4] The one lamb you shall offer in the morning, and the other lamb you shall offer at twilight; [5] also a tenth of an ephah(1) of fine flour for a grain offering, mixed with a quarter of a hin(2) of beaten oil. [6] It is a regular burnt offering, which was ordained at Mount Sinai for a pleasing aroma, a food offering to the LORD. [7] Its drink offering shall be a quarter of a hin for each lamb. In the Holy Place you shall pour out a drink offering of strong drink to the LORD. [8] The other lamb you shall offer at twilight. Like the grain offering of the morning, and like its drink offering, you shall offer it as a food offering, with a pleasing aroma to the LORD.\n\nSabbath Offerings\n\n  [9] \u201cOn the Sabbath day, two male lambs a year old without blemish, and two tenths of an ephah of fine flour for a grain offering, mixed with oil, and its drink offering: [10] this is the burnt offering of every Sabbath, besides the regular burnt offering and its drink offering.\n\nMonthly Offerings\n\n  [11] \u201cAt the beginnings of your months, you shall offer a burnt offering to the LORD: two bulls from the herd, one ram, seven male lambs a year old without blemish; [12] also three tenths of an ephah of fine flour for a grain offering, mixed with oil, for each bull, and two tenths of fine flour for a grain offering, mixed with oil, for the one ram; [13] and a tenth of fine flour mixed with oil as a grain offering for every lamb; for a burnt offering with a pleasing aroma, a food offering to the LORD. [14] Their drink offerings shall be half a hin of wine for a bull, a third of a hin for a ram, and a quarter of a hin for a lamb. This is the burnt offering of each month throughout the months of the year. [15] Also one male goat for a sin offering to the LORD; it shall be offered besides the regular burnt offering and its drink offering.\n\nPassover Offerings\n\n  [16] \u201cOn the fourteenth day of the first month is the LORD\u2019s Passover, [17] and on the fifteenth day of this month is a feast. Seven days shall unleavened bread be eaten. [18] On the first day there shall be a holy convocation. You shall not do any ordinary work, [19] but offer a food offering, a burnt offering to the LORD: two bulls from the herd, one ram, and seven male lambs a year old; see that they are without blemish; [20] also their grain offering of fine flour mixed with oil; three tenths of an ephah shall you offer for a bull, and two tenths for a ram; [21] a tenth shall you offer for each of the seven lambs; [22] also one male goat for a sin offering, to make atonement for you. [23] You shall offer these besides the burnt offering of the morning, which is for a regular burnt offering. [24] In the same way you shall offer daily, for seven days, the food of a food offering, with a pleasing aroma to the LORD. It shall be offered besides the regular burnt offering and its drink offering. [25] And on the seventh day you shall have a holy convocation. You shall not do any ordinary work.\n\nOfferings for the Feast of Weeks\n\n  [26] \u201cOn the day of the firstfruits, when you offer a grain offering of new grain to the LORD at your Feast of Weeks, you shall have a holy convocation. You shall not do any ordinary work, [27] but offer a burnt offering, with a pleasing aroma to the LORD: two bulls from the herd, one ram, seven male lambs a year old; [28] also their grain offering of fine flour mixed with oil, three tenths of an ephah for each bull, two tenths for one ram, [29] a tenth for each of the seven lambs; [30] with one male goat, to make atonement for you. [31] Besides the regular burnt offering and its grain offering, you shall offer them and their drink offering. See that they are without blemish.\n\nFootnotes\n\n(1) 28:5 An *ephah* was about 3/5 bushel or 22 liters\n\n(2) 28:5 A *hin* was about 4 quarts or 3.5 liters\n (ESV)"]}