{"query": "Numbers 21", "canonical": "Numbers 21", "parsed": [[4021001, 4021035]], "passage_meta": [{"canonical": "Numbers 21", "chapter_start": [4021001, 4021035], "chapter_end": [4021001, 4021035], "prev_verse": 4020029, "next_verse": 4022001, "prev_chapter": [4020001, 4020029], "next_chapter": [4022001, 4022041]}], "passages": ["Numbers 21\n\nArad Destroyed\n\n  [1] When the Canaanite, the king of Arad, who lived in the Negeb, heard that Israel was coming by the way of Atharim, he fought against Israel, and took some of them captive. [2] And Israel vowed a vow to the LORD and said, \u201cIf you will indeed give this people into my hand, then I will devote their cities to destruction.\u201d(1) [3] And the LORD heeded the voice of Israel and gave over the Canaanites, and they devoted them and their cities to destruction. So the name of the place was called Hormah.(2)\n\nThe Bronze Serpent\n\n  [4] From Mount Hor they set out by the way to the Red Sea, to go around the land of Edom. And the people became impatient on the way. [5] And the people spoke against God and against Moses, \u201cWhy have you brought us up out of Egypt to die in the wilderness? For there is no food and no water, and we loathe this worthless food.\u201d [6] Then the LORD sent fiery serpents among the people, and they bit the people, so that many people of Israel died. [7] And the people came to Moses and said, \u201cWe have sinned, for we have spoken against the LORD and against you. Pray to the LORD, that he take away the serpents from us.\u201d So Moses prayed for the people. [8] And the LORD said to Moses, \u201cMake a fiery serpent and set it on a pole, and everyone who is bitten, when he sees it, shall live.\u201d [9] So Moses made a bronze(3) serpent and set it on a pole. And if a serpent bit anyone, he would look at the bronze serpent and live.\n\nThe Song of the Well\n\n  [10] And the people of Israel set out and camped in Oboth. [11] And they set out from Oboth and camped at Iye-abarim, in the wilderness that is opposite Moab, toward the sunrise. [12] From there they set out and camped in the Valley of Zered. [13] From there they set out and camped on the other side of the Arnon, which is in the wilderness that extends from the border of the Amorites, for the Arnon is the border of Moab, between Moab and the Amorites. [14] Therefore it is said in the Book of the Wars of the LORD,\n\n    \u201cWaheb in Suphah, and the valleys of the Arnon,\n    [15] and the slope of the valleys\n    that extends to the seat of Ar,\n    and leans to the border of Moab.\u201d\n    \n    \n      [16] And from there they continued to Beer;(4) that is the well of which the LORD said to Moses, \u201cGather the people together, so that I may give them water.\u201d [17] Then Israel sang this song:\n\n    \u201cSpring up, O well!\u2014Sing to it!\u2014\n    [18] the well that the princes made,\n    that the nobles of the people dug,\n    with the scepter and with their staffs.\u201d\n    \n    \n      And from the wilderness they went on to Mattanah, [19] and from Mattanah to Nahaliel, and from Nahaliel to Bamoth, [20] and from Bamoth to the valley lying in the region of Moab by the top of Pisgah that looks down on the desert.(5)\n\nKing Sihon Defeated\n\n  [21] Then Israel sent messengers to Sihon king of the Amorites, saying, [22] \u201cLet me pass through your land. We will not turn aside into field or vineyard. We will not drink the water of a well. We will go by the King\u2019s Highway until we have passed through your territory.\u201d [23] But Sihon would not allow Israel to pass through his territory. He gathered all his people together and went out against Israel to the wilderness and came to Jahaz and fought against Israel. [24] And Israel defeated him with the edge of the sword and took possession of his land from the Arnon to the Jabbok, as far as to the Ammonites, for the border of the Ammonites was strong. [25] And Israel took all these cities, and Israel settled in all the cities of the Amorites, in Heshbon, and in all its villages. [26] For Heshbon was the city of Sihon the king of the Amorites, who had fought against the former king of Moab and taken all his land out of his hand, as far as the Arnon. [27] Therefore the ballad singers say,\n\n    \u201cCome to Heshbon, let it be built;\n        let the city of Sihon be established.\n    [28] For fire came out from Heshbon,\n        flame from the city of Sihon.\n    It devoured Ar of Moab,\n        and swallowed(6) the heights of the Arnon.\n    [29] Woe to you, O Moab!\n        You are undone, O people of Chemosh!\n    He has made his sons fugitives,\n        and his daughters captives,\n        to an Amorite king, Sihon.\n    [30] So we overthrew them;\n        Heshbon, as far as Dibon, perished;\n        and we laid waste as far as Nophah;\n        fire spread as far as Medeba.\u201d(7)\n    \n    \n    King Og Defeated\n\n  [31] Thus Israel lived in the land of the Amorites. [32] And Moses sent to spy out Jazer, and they captured its villages and dispossessed the Amorites who were there. [33] Then they turned and went up by the way to Bashan. And Og the king of Bashan came out against them, he and all his people, to battle at Edrei. [34] But the LORD said to Moses, \u201cDo not fear him, for I have given him into your hand, and all his people, and his land. And you shall do to him as you did to Sihon king of the Amorites, who lived at Heshbon.\u201d [35] So they defeated him and his sons and all his people, until he had no survivor left. And they possessed his land.\n\nFootnotes\n\n(1) 21:2 That is, set apart (devote) as an offering to the Lord (for destruction); also verse 3\n\n(2) 21:3 *Hormah* means *destruction*\n\n(3) 21:9 Or *copper*\n\n(4) 21:16 *Beer* means *well*\n\n(5) 21:20 Or *Jeshimon*\n\n(6) 21:28 Septuagint; Hebrew *the lords of*\n\n(7) 21:30 Compare Samaritan and Septuagint; Hebrew *and we laid waste as far as Nophah, which is as far as Medeba*\n (ESV)"]}