{"query": "Numbers 32", "canonical": "Numbers 32", "parsed": [[4032001, 4032042]], "passage_meta": [{"canonical": "Numbers 32", "chapter_start": [4032001, 4032042], "chapter_end": [4032001, 4032042], "prev_verse": 4031054, "next_verse": 4033001, "prev_chapter": [4031001, 4031054], "next_chapter": [4033001, 4033056]}], "passages": ["Numbers 32\n\nReuben and Gad Settle in Gilead\n\n  [1] Now the people of Reuben and the people of Gad had a very great number of livestock. And they saw the land of Jazer and the land of Gilead, and behold, the place was a place for livestock. [2] So the people of Gad and the people of Reuben came and said to Moses and to Eleazar the priest and to the chiefs of the congregation, [3] \u201cAtaroth, Dibon, Jazer, Nimrah, Heshbon, Elealeh, Sebam, Nebo, and Beon, [4] the land that the LORD struck down before the congregation of Israel, is a land for livestock, and your servants have livestock.\u201d [5] And they said, \u201cIf we have found favor in your sight, let this land be given to your servants for a possession. Do not take us across the Jordan.\u201d\n\n  [6] But Moses said to the people of Gad and to the people of Reuben, \u201cShall your brothers go to the war while you sit here? [7] Why will you discourage the heart of the people of Israel from going over into the land that the LORD has given them? [8] Your fathers did this, when I sent them from Kadesh-barnea to see the land. [9] For when they went up to the Valley of Eshcol and saw the land, they discouraged the heart of the people of Israel from going into the land that the LORD had given them. [10] And the LORD\u2019s anger was kindled on that day, and he swore, saying, [11] \u2018Surely none of the men who came up out of Egypt, from twenty years old and upward, shall see the land that I swore to give to Abraham, to Isaac, and to Jacob, because they have not wholly followed me, [12] none except Caleb the son of Jephunneh the Kenizzite and Joshua the son of Nun, for they have wholly followed the LORD.\u2019 [13] And the LORD\u2019s anger was kindled against Israel, and he made them wander in the wilderness forty years, until all the generation that had done evil in the sight of the LORD was gone. [14] And behold, you have risen in your fathers\u2019 place, a brood of sinful men, to increase still more the fierce anger of the LORD against Israel! [15] For if you turn away from following him, he will again abandon them in the wilderness, and you will destroy all this people.\u201d\n\n  [16] Then they came near to him and said, \u201cWe will build sheepfolds here for our livestock, and cities for our little ones, [17] but we will take up arms, ready to go before the people of Israel, until we have brought them to their place. And our little ones shall live in the fortified cities because of the inhabitants of the land. [18] We will not return to our homes until each of the people of Israel has gained his inheritance. [19] For we will not inherit with them on the other side of the Jordan and beyond, because our inheritance has come to us on this side of the Jordan to the east.\u201d [20] So Moses said to them, \u201cIf you will do this, if you will take up arms to go before the LORD for the war, [21] and every armed man of you will pass over the Jordan before the LORD, until he has driven out his enemies from before him [22] and the land is subdued before the LORD; then after that you shall return and be free of obligation to the LORD and to Israel, and this land shall be your possession before the LORD. [23] But if you will not do so, behold, you have sinned against the LORD, and be sure your sin will find you out. [24] Build cities for your little ones and folds for your sheep, and do what you have promised.\u201d [25] And the people of Gad and the people of Reuben said to Moses, \u201cYour servants will do as my lord commands. [26] Our little ones, our wives, our livestock, and all our cattle shall remain there in the cities of Gilead, [27] but your servants will pass over, every man who is armed for war, before the LORD to battle, as my lord orders.\u201d\n\n  [28] So Moses gave command concerning them to Eleazar the priest and to Joshua the son of Nun and to the heads of the fathers\u2019 houses of the tribes of the people of Israel. [29] And Moses said to them, \u201cIf the people of Gad and the people of Reuben, every man who is armed to battle before the LORD, will pass with you over the Jordan and the land shall be subdued before you, then you shall give them the land of Gilead for a possession. [30] However, if they will not pass over with you armed, they shall have possessions among you in the land of Canaan.\u201d [31] And the people of Gad and the people of Reuben answered, \u201cWhat the LORD has said to your servants, we will do. [32] We will pass over armed before the LORD into the land of Canaan, and the possession of our inheritance shall remain with us beyond the Jordan.\u201d\n\n  [33] And Moses gave to them, to the people of Gad and to the people of Reuben and to the half-tribe of Manasseh the son of Joseph, the kingdom of Sihon king of the Amorites and the kingdom of Og king of Bashan, the land and its cities with their territories, the cities of the land throughout the country. [34] And the people of Gad built Dibon, Ataroth, Aroer, [35] Atroth-shophan, Jazer, Jogbehah, [36] Beth-nimrah and Beth-haran, fortified cities, and folds for sheep. [37] And the people of Reuben built Heshbon, Elealeh, Kiriathaim, [38] Nebo, and Baal-meon (their names were changed), and Sibmah. And they gave other names to the cities that they built. [39] And the sons of Machir the son of Manasseh went to Gilead and captured it, and dispossessed the Amorites who were in it. [40] And Moses gave Gilead to Machir the son of Manasseh, and he settled in it. [41] And Jair the son of Manasseh went and captured their villages, and called them Havvoth-jair.(1) [42] And Nobah went and captured Kenath and its villages, and called it Nobah, after his own name.\n\nFootnotes\n\n(1) 32:41 *Havvoth-jair* means *the villages of Jair*\n (ESV)"]}