{"query": "Numbers 31", "canonical": "Numbers 31", "parsed": [[4031001, 4031054]], "passage_meta": [{"canonical": "Numbers 31", "chapter_start": [4031001, 4031054], "chapter_end": [4031001, 4031054], "prev_verse": 4030016, "next_verse": 4032001, "prev_chapter": [4030001, 4030016], "next_chapter": [4032001, 4032042]}], "passages": ["Numbers 31\n\nVengeance on Midian\n\n  [1] The LORD spoke to Moses, saying, [2] \u201cAvenge the people of Israel on the Midianites. Afterward you shall be gathered to your people.\u201d [3] So Moses spoke to the people, saying, \u201cArm men from among you for the war, that they may go against Midian to execute the LORD\u2019s vengeance on Midian. [4] You shall send a thousand from each of the tribes of Israel to the war.\u201d [5] So there were provided, out of the thousands of Israel, a thousand from each tribe, twelve thousand armed for war. [6] And Moses sent them to the war, a thousand from each tribe, together with Phinehas the son of Eleazar the priest, with the vessels of the sanctuary and the trumpets for the alarm in his hand. [7] They warred against Midian, as the LORD commanded Moses, and killed every male. [8] They killed the kings of Midian with the rest of their slain, Evi, Rekem, Zur, Hur, and Reba, the five kings of Midian. And they also killed Balaam the son of Beor with the sword. [9] And the people of Israel took captive the women of Midian and their little ones, and they took as plunder all their cattle, their flocks, and all their goods. [10] All their cities in the places where they lived, and all their encampments, they burned with fire, [11] and took all the spoil and all the plunder, both of man and of beast. [12] Then they brought the captives and the plunder and the spoil to Moses, and to Eleazar the priest, and to the congregation of the people of Israel, at the camp on the plains of Moab by the Jordan at Jericho.\n\n  [13] Moses and Eleazar the priest and all the chiefs of the congregation went to meet them outside the camp. [14] And Moses was angry with the officers of the army, the commanders of thousands and the commanders of hundreds, who had come from service in the war. [15] Moses said to them, \u201cHave you let all the women live? [16] Behold, these, on Balaam\u2019s advice, caused the people of Israel to act treacherously against the LORD in the incident of Peor, and so the plague came among the congregation of the LORD. [17] Now therefore, kill every male among the little ones, and kill every woman who has known man by lying with him. [18] But all the young girls who have not known man by lying with him keep alive for yourselves. [19] Encamp outside the camp seven days. Whoever of you has killed any person and whoever has touched any slain, purify yourselves and your captives on the third day and on the seventh day. [20] You shall purify every garment, every article of skin, all work of goats\u2019 hair, and every article of wood.\u201d\n\n  [21] Then Eleazar the priest said to the men in the army who had gone to battle: \u201cThis is the statute of the law that the LORD has commanded Moses: [22] only the gold, the silver, the bronze, the iron, the tin, and the lead, [23] everything that can stand the fire, you shall pass through the fire, and it shall be clean. Nevertheless, it shall also be purified with the water for impurity. And whatever cannot stand the fire, you shall pass through the water. [24] You must wash your clothes on the seventh day, and you shall be clean. And afterward you may come into the camp.\u201d\n\n  [25] The LORD said to Moses, [26] \u201cTake the count of the plunder that was taken, both of man and of beast, you and Eleazar the priest and the heads of the fathers\u2019 houses of the congregation, [27] and divide the plunder into two parts between the warriors who went out to battle and all the congregation. [28] And levy for the LORD a tribute from the men of war who went out to battle, one out of five hundred, of the people and of the oxen and of the donkeys and of the flocks. [29] Take it from their half and give it to Eleazar the priest as a contribution to the LORD. [30] And from the people of Israel\u2019s half you shall take one drawn out of every fifty, of the people, of the oxen, of the donkeys, and of the flocks, of all the cattle, and give them to the Levites who keep guard over the tabernacle of the LORD.\u201d [31] And Moses and Eleazar the priest did as the LORD commanded Moses.\n\n  [32] Now the plunder remaining of the spoil that the army took was 675,000 sheep, [33] 72,000 cattle, [34] 61,000 donkeys, [35] and 32,000 persons in all, women who had not known man by lying with him. [36] And the half, the portion of those who had gone out in the army, numbered 337,500 sheep, [37] and the LORD\u2019s tribute of sheep was 675. [38] The cattle were 36,000, of which the LORD\u2019s tribute was 72. [39] The donkeys were 30,500, of which the LORD\u2019s tribute was 61. [40] The persons were 16,000, of which the LORD\u2019s tribute was 32 persons. [41] And Moses gave the tribute, which was the contribution for the LORD, to Eleazar the priest, as the LORD commanded Moses.\n\n  [42] From the people of Israel\u2019s half, which Moses separated from that of the men who had served in the army\u2014[43] now the congregation\u2019s half was 337,500 sheep, [44] 36,000 cattle, [45] and 30,500 donkeys, [46] and 16,000 persons\u2014[47] from the people of Israel\u2019s half Moses took one of every 50, both of persons and of beasts, and gave them to the Levites who kept guard over the tabernacle of the LORD, as the LORD commanded Moses.\n\n  [48] Then the officers who were over the thousands of the army, the commanders of thousands and the commanders of hundreds, came near to Moses [49] and said to Moses, \u201cYour servants have counted the men of war who are under our command, and there is not a man missing from us. [50] And we have brought the LORD\u2019s offering, what each man found, articles of gold, armlets and bracelets, signet rings, earrings, and beads, to make atonement for ourselves before the LORD.\u201d [51] And Moses and Eleazar the priest received from them the gold, all crafted articles. [52] And all the gold of the contribution that they presented to the LORD, from the commanders of thousands and the commanders of hundreds, was 16,750 shekels.(1) [53] (The men in the army had each taken plunder for himself.) [54] And Moses and Eleazar the priest received the gold from the commanders of thousands and of hundreds, and brought it into the tent of meeting, as a memorial for the people of Israel before the LORD.\n\nFootnotes\n\n(1) 31:52 A *shekel* was about 2/5 ounce or 11 grams\n (ESV)"]}