{"query": "Numbers 7", "canonical": "Numbers 7", "parsed": [[4007001, 4007089]], "passage_meta": [{"canonical": "Numbers 7", "chapter_start": [4007001, 4007089], "chapter_end": [4007001, 4007089], "prev_verse": 4006027, "next_verse": 4008001, "prev_chapter": [4006001, 4006027], "next_chapter": [4008001, 4008026]}], "passages": ["Numbers 7\n\nOfferings at the Tabernacle\u2019s Consecration\n\n  [1] On the day when Moses had finished setting up the tabernacle and had anointed and consecrated it with all its furnishings and had anointed and consecrated the altar with all its utensils, [2] the chiefs of Israel, heads of their fathers\u2019 houses, who were the chiefs of the tribes, who were over those who were listed, approached [3] and brought their offerings before the LORD, six wagons and twelve oxen, a wagon for every two of the chiefs, and for each one an ox. They brought them before the tabernacle. [4] Then the LORD said to Moses, [5] \u201cAccept these from them, that they may be used in the service of the tent of meeting, and give them to the Levites, to each man according to his service.\u201d [6] So Moses took the wagons and the oxen and gave them to the Levites. [7] Two wagons and four oxen he gave to the sons of Gershon, according to their service. [8] And four wagons and eight oxen he gave to the sons of Merari, according to their service, under the direction of Ithamar the son of Aaron the priest. [9] But to the sons of Kohath he gave none, because they were charged with the service of the holy things that had to be carried on the shoulder. [10] And the chiefs offered offerings for the dedication of the altar on the day it was anointed; and the chiefs offered their offering before the altar. [11] And the LORD said to Moses, \u201cThey shall offer their offerings, one chief each day, for the dedication of the altar.\u201d\n\n  [12] He who offered his offering the first day was Nahshon the son of Amminadab, of the tribe of Judah. [13] And his offering was one silver plate whose weight was 130 shekels,(1) one silver basin of 70 shekels, according to the shekel of the sanctuary, both of them full of fine flour mixed with oil for a grain offering; [14] one golden dish of 10 shekels, full of incense; [15] one bull from the herd, one ram, one male lamb a year old, for a burnt offering; [16] one male goat for a sin offering; [17] and for the sacrifice of peace offerings, two oxen, five rams, five male goats, and five male lambs a year old. This was the offering of Nahshon the son of Amminadab.\n\n  [18] On the second day Nethanel the son of Zuar, the chief of Issachar, made an offering. [19] He offered for his offering one silver plate whose weight was 130 shekels, one silver basin of 70 shekels, according to the shekel of the sanctuary, both of them full of fine flour mixed with oil for a grain offering; [20] one golden dish of 10 shekels, full of incense; [21] one bull from the herd, one ram, one male lamb a year old, for a burnt offering; [22] one male goat for a sin offering; [23] and for the sacrifice of peace offerings, two oxen, five rams, five male goats, and five male lambs a year old. This was the offering of Nethanel the son of Zuar.\n\n  [24] On the third day Eliab the son of Helon, the chief of the people of Zebulun: [25] his offering was one silver plate whose weight was 130 shekels, one silver basin of 70 shekels, according to the shekel of the sanctuary, both of them full of fine flour mixed with oil for a grain offering; [26] one golden dish of 10 shekels, full of incense; [27] one bull from the herd, one ram, one male lamb a year old, for a burnt offering; [28] one male goat for a sin offering; [29] and for the sacrifice of peace offerings, two oxen, five rams, five male goats, and five male lambs a year old. This was the offering of Eliab the son of Helon.\n\n  [30] On the fourth day Elizur the son of Shedeur, the chief of the people of Reuben: [31] his offering was one silver plate whose weight was 130 shekels, one silver basin of 70 shekels, according to the shekel of the sanctuary, both of them full of fine flour mixed with oil for a grain offering; [32] one golden dish of 10 shekels, full of incense; [33] one bull from the herd, one ram, one male lamb a year old, for a burnt offering; [34] one male goat for a sin offering; [35] and for the sacrifice of peace offerings, two oxen, five rams, five male goats, and five male lambs a year old. This was the offering of Elizur the son of Shedeur.\n\n  [36] On the fifth day Shelumiel the son of Zurishaddai, the chief of the people of Simeon: [37] his offering was one silver plate whose weight was 130 shekels, one silver basin of 70 shekels, according to the shekel of the sanctuary, both of them full of fine flour mixed with oil for a grain offering; [38] one golden dish of 10 shekels, full of incense; [39] one bull from the herd, one ram, one male lamb a year old, for a burnt offering; [40] one male goat for a sin offering; [41] and for the sacrifice of peace offerings, two oxen, five rams, five male goats, and five male lambs a year old. This was the offering of Shelumiel the son of Zurishaddai.\n\n  [42] On the sixth day Eliasaph the son of Deuel, the chief of the people of Gad: [43] his offering was one silver plate whose weight was 130 shekels, one silver basin of 70 shekels, according to the shekel of the sanctuary, both of them full of fine flour mixed with oil for a grain offering; [44] one golden dish of 10 shekels, full of incense; [45] one bull from the herd, one ram, one male lamb a year old, for a burnt offering; [46] one male goat for a sin offering; [47] and for the sacrifice of peace offerings, two oxen, five rams, five male goats, and five male lambs a year old. This was the offering of Eliasaph the son of Deuel.\n\n  [48] On the seventh day Elishama the son of Ammihud, the chief of the people of Ephraim: [49] his offering was one silver plate whose weight was 130 shekels, one silver basin of 70 shekels, according to the shekel of the sanctuary, both of them full of fine flour mixed with oil for a grain offering; [50] one golden dish of 10 shekels, full of incense; [51] one bull from the herd, one ram, one male lamb a year old, for a burnt offering; [52] one male goat for a sin offering; [53] and for the sacrifice of peace offerings, two oxen, five rams, five male goats, and five male lambs a year old. This was the offering of Elishama the son of Ammihud.\n\n  [54] On the eighth day Gamaliel the son of Pedahzur, the chief of the people of Manasseh: [55] his offering was one silver plate whose weight was 130 shekels, one silver basin of 70 shekels, according to the shekel of the sanctuary, both of them full of fine flour mixed with oil for a grain offering; [56] one golden dish of 10 shekels, full of incense; [57] one bull from the herd, one ram, one male lamb a year old, for a burnt offering; [58] one male goat for a sin offering; [59] and for the sacrifice of peace offerings, two oxen, five rams, five male goats, and five male lambs a year old. This was the offering of Gamaliel the son of Pedahzur.\n\n  [60] On the ninth day Abidan the son of Gideoni, the chief of the people of Benjamin: [61] his offering was one silver plate whose weight was 130 shekels, one silver basin of 70 shekels, according to the shekel of the sanctuary, both of them full of fine flour mixed with oil for a grain offering; [62] one golden dish of 10 shekels, full of incense; [63] one bull from the herd, one ram, one male lamb a year old, for a burnt offering; [64] one male goat for a sin offering; [65] and for the sacrifice of peace offerings, two oxen, five rams, five male goats, and five male lambs a year old. This was the offering of Abidan the son of Gideoni.\n\n  [66] On the tenth day Ahiezer the son of Ammishaddai, the chief of the people of Dan: [67] his offering was one silver plate whose weight was 130 shekels, one silver basin of 70 shekels, according to the shekel of the sanctuary, both of them full of fine flour mixed with oil for a grain offering; [68] one golden dish of 10 shekels, full of incense; [69] one bull from the herd, one ram, one male lamb a year old, for a burnt offering; [70] one male goat for a sin offering; [71] and for the sacrifice of peace offerings, two oxen, five rams, five male goats, and five male lambs a year old. This was the offering of Ahiezer the son of Ammishaddai.\n\n  [72] On the eleventh day Pagiel the son of Ochran, the chief of the people of Asher: [73] his offering was one silver plate whose weight was 130 shekels, one silver basin of 70 shekels, according to the shekel of the sanctuary, both of them full of fine flour mixed with oil for a grain offering; [74] one golden dish of 10 shekels, full of incense; [75] one bull from the herd, one ram, one male lamb a year old, for a burnt offering; [76] one male goat for a sin offering; [77] and for the sacrifice of peace offerings, two oxen, five rams, five male goats, and five male lambs a year old. This was the offering of Pagiel the son of Ochran.\n\n  [78] On the twelfth day Ahira the son of Enan, the chief of the people of Naphtali: [79] his offering was one silver plate whose weight was 130 shekels, one silver basin of 70 shekels, according to the shekel of the sanctuary, both of them full of fine flour mixed with oil for a grain offering; [80] one golden dish of 10 shekels, full of incense; [81] one bull from the herd, one ram, one male lamb a year old, for a burnt offering; [82] one male goat for a sin offering; [83] and for the sacrifice of peace offerings, two oxen, five rams, five male goats, and five male lambs a year old. This was the offering of Ahira the son of Enan.\n\n  [84] This was the dedication offering for the altar on the day when it was anointed, from the chiefs of Israel: twelve silver plates, twelve silver basins, twelve golden dishes, [85] each silver plate weighing 130 shekels and each basin 70, all the silver of the vessels 2,400 shekels according to the shekel of the sanctuary, [86] the twelve golden dishes, full of incense, weighing 10 shekels apiece according to the shekel of the sanctuary, all the gold of the dishes being 120 shekels; [87] all the cattle for the burnt offering twelve bulls, twelve rams, twelve male lambs a year old, with their grain offering; and twelve male goats for a sin offering; [88] and all the cattle for the sacrifice of peace offerings twenty-four bulls, the rams sixty, the male goats sixty, the male lambs a year old sixty. This was the dedication offering for the altar after it was anointed.\n\n  [89] And when Moses went into the tent of meeting to speak with the LORD, he heard the voice speaking to him from above the mercy seat that was on the ark of the testimony, from between the two cherubim; and it spoke to him.\n\nFootnotes\n\n(1) 7:13 A *shekel* was about 2/5 ounce or 11 grams\n (ESV)"]}