{"query": "Numbers 34", "canonical": "Numbers 34", "parsed": [[4034001, 4034029]], "passage_meta": [{"canonical": "Numbers 34", "chapter_start": [4034001, 4034029], "chapter_end": [4034001, 4034029], "prev_verse": 4033056, "next_verse": 4035001, "prev_chapter": [4033001, 4033056], "next_chapter": [4035001, 4035034]}], "passages": ["Numbers 34\n\nBoundaries of the Land\n\n  [1] The LORD spoke to Moses, saying, [2] \u201cCommand the people of Israel, and say to them, When you enter the land of Canaan (this is the land that shall fall to you for an inheritance, the land of Canaan as defined by its borders), [3] your south side shall be from the wilderness of Zin alongside Edom, and your southern border shall run from the end of the Salt Sea on the east. [4] And your border shall turn south of the ascent of Akrabbim, and cross to Zin, and its limit shall be south of Kadesh-barnea. Then it shall go on to Hazar-addar, and pass along to Azmon. [5] And the border shall turn from Azmon to the Brook of Egypt, and its limit shall be at the sea.\n\n  [6] \u201cFor the western border, you shall have the Great Sea and its(1) coast. This shall be your western border.\n\n  [7] \u201cThis shall be your northern border: from the Great Sea you shall draw a line to Mount Hor. [8] From Mount Hor you shall draw a line to Lebo-hamath, and the limit of the border shall be at Zedad. [9] Then the border shall extend to Ziphron, and its limit shall be at Hazar-enan. This shall be your northern border.\n\n  [10] \u201cYou shall draw a line for your eastern border from Hazar-enan to Shepham. [11] And the border shall go down from Shepham to Riblah on the east side of Ain. And the border shall go down and reach to the shoulder of the Sea of Chinnereth on the east. [12] And the border shall go down to the Jordan, and its limit shall be at the Salt Sea. This shall be your land as defined by its borders all around.\u201d\n\n  [13] Moses commanded the people of Israel, saying, \u201cThis is the land that you shall inherit by lot, which the LORD has commanded to give to the nine tribes and to the half-tribe. [14] For the tribe of the people of Reuben by fathers\u2019 houses and the tribe of the people of Gad by their fathers\u2019 houses have received their inheritance, and also the half-tribe of Manasseh. [15] The two tribes and the half-tribe have received their inheritance beyond the Jordan east of Jericho, toward the sunrise.\u201d\n\nList of Tribal Chiefs\n\n  [16] The LORD spoke to Moses, saying, [17] \u201cThese are the names of the men who shall divide the land to you for inheritance: Eleazar the priest and Joshua the son of Nun. [18] You shall take one chief from every tribe to divide the land for inheritance. [19] These are the names of the men: Of the tribe of Judah, Caleb the son of Jephunneh. [20] Of the tribe of the people of Simeon, Shemuel the son of Ammihud. [21] Of the tribe of Benjamin, Elidad the son of Chislon. [22] Of the tribe of the people of Dan a chief, Bukki the son of Jogli. [23] Of the people of Joseph: of the tribe of the people of Manasseh a chief, Hanniel the son of Ephod. [24] And of the tribe of the people of Ephraim a chief, Kemuel the son of Shiphtan. [25] Of the tribe of the people of Zebulun a chief, Elizaphan the son of Parnach. [26] Of the tribe of the people of Issachar a chief, Paltiel the son of Azzan. [27] And of the tribe of the people of Asher a chief, Ahihud the son of Shelomi. [28] Of the tribe of the people of Naphtali a chief, Pedahel the son of Ammihud.\u201d [29] These are the men whom the LORD commanded to divide the inheritance for the people of Israel in the land of Canaan.\n\nFootnotes\n\n(1) 34:6 Syriac; Hebrew lacks *its*\n (ESV)"]}