{"query": "Numbers 8", "canonical": "Numbers 8", "parsed": [[4008001, 4008026]], "passage_meta": [{"canonical": "Numbers 8", "chapter_start": [4008001, 4008026], "chapter_end": [4008001, 4008026], "prev_verse": 4007089, "next_verse": 4009001, "prev_chapter": [4007001, 4007089], "next_chapter": [4009001, 4009023]}], "passages": ["Numbers 8\n\nThe Seven Lamps\n\n  [1] Now the LORD spoke to Moses, saying, [2] \u201cSpeak to Aaron and say to him, When you set up the lamps, the seven lamps shall give light in front of the lampstand.\u201d [3] And Aaron did so: he set up its lamps in front of the lampstand, as the LORD commanded Moses. [4] And this was the workmanship of the lampstand, hammered work of gold. From its base to its flowers, it was hammered work; according to the pattern that the LORD had shown Moses, so he made the lampstand.\n\nCleansing of the Levites\n\n  [5] And the LORD spoke to Moses, saying, [6] \u201cTake the Levites from among the people of Israel and cleanse them. [7] Thus you shall do to them to cleanse them: sprinkle the water of purification upon them, and let them go with a razor over all their body, and wash their clothes and cleanse themselves. [8] Then let them take a bull from the herd and its grain offering of fine flour mixed with oil, and you shall take another bull from the herd for a sin offering. [9] And you shall bring the Levites before the tent of meeting and assemble the whole congregation of the people of Israel. [10] When you bring the Levites before the LORD, the people of Israel shall lay their hands on the Levites, [11] and Aaron shall offer the Levites before the LORD as a wave offering from the people of Israel, that they may do the service of the LORD. [12] Then the Levites shall lay their hands on the heads of the bulls, and you shall offer the one for a sin offering and the other for a burnt offering to the LORD to make atonement for the Levites. [13] And you shall set the Levites before Aaron and his sons, and shall offer them as a wave offering to the LORD.\n\n  [14] \u201cThus you shall separate the Levites from among the people of Israel, and the Levites shall be mine. [15] And after that the Levites shall go in to serve at the tent of meeting, when you have cleansed them and offered them as a wave offering. [16] For they are wholly given to me from among the people of Israel. Instead of all who open the womb, the firstborn of all the people of Israel, I have taken them for myself. [17] For all the firstborn among the people of Israel are mine, both of man and of beast. On the day that I struck down all the firstborn in the land of Egypt I consecrated them for myself, [18] and I have taken the Levites instead of all the firstborn among the people of Israel. [19] And I have given the Levites as a gift to Aaron and his sons from among the people of Israel, to do the service for the people of Israel at the tent of meeting and to make atonement for the people of Israel, that there may be no plague among the people of Israel when the people of Israel come near the sanctuary.\u201d\n\n  [20] Thus did Moses and Aaron and all the congregation of the people of Israel to the Levites. According to all that the LORD commanded Moses concerning the Levites, the people of Israel did to them. [21] And the Levites purified themselves from sin and washed their clothes, and Aaron offered them as a wave offering before the LORD, and Aaron made atonement for them to cleanse them. [22] And after that the Levites went in to do their service in the tent of meeting before Aaron and his sons; as the LORD had commanded Moses concerning the Levites, so they did to them.\n\nRetirement of the Levites\n\n  [23] And the LORD spoke to Moses, saying, [24] \u201cThis applies to the Levites: from twenty-five years old and upward they(1) shall come to do duty in the service of the tent of meeting. [25] And from the age of fifty years they shall withdraw from the duty of the service and serve no more. [26] They minister(2) to their brothers in the tent of meeting by keeping guard, but they shall do no service. Thus shall you do to the Levites in assigning their duties.\u201d\n\nFootnotes\n\n(1) 8:24 Hebrew *he*; also verses 25, 26\n\n(2) 8:26 Hebrew *He ministers*\n (ESV)"]}