{"query": "Numbers 17", "canonical": "Numbers 17", "parsed": [[4017001, 4017013]], "passage_meta": [{"canonical": "Numbers 17", "chapter_start": [4017001, 4017013], "chapter_end": [4017001, 4017013], "prev_verse": 4016050, "next_verse": 4018001, "prev_chapter": [4016001, 4016050], "next_chapter": [4018001, 4018032]}], "passages": ["Numbers 17\n\nAaron\u2019s Staff Buds\n\n  [1] (1) The LORD spoke to Moses, saying, [2] \u201cSpeak to the people of Israel, and get from them staffs, one for each fathers\u2019 house, from all their chiefs according to their fathers\u2019 houses, twelve staffs. Write each man\u2019s name on his staff, [3] and write Aaron\u2019s name on the staff of Levi. For there shall be one staff for the head of each fathers\u2019 house. [4] Then you shall deposit them in the tent of meeting before the testimony, where I meet with you. [5] And the staff of the man whom I choose shall sprout. Thus I will make to cease from me the grumblings of the people of Israel, which they grumble against you.\u201d [6] Moses spoke to the people of Israel. And all their chiefs gave him staffs, one for each chief, according to their fathers\u2019 houses, twelve staffs. And the staff of Aaron was among their staffs. [7] And Moses deposited the staffs before the LORD in the tent of the testimony.\n\n  [8] On the next day Moses went into the tent of the testimony, and behold, the staff of Aaron for the house of Levi had sprouted and put forth buds and produced blossoms, and it bore ripe almonds. [9] Then Moses brought out all the staffs from before the LORD to all the people of Israel. And they looked, and each man took his staff. [10] And the LORD said to Moses, \u201cPut back the staff of Aaron before the testimony, to be kept as a sign for the rebels, that you may make an end of their grumblings against me, lest they die.\u201d [11] Thus did Moses; as the LORD commanded him, so he did.\n\n  [12] And the people of Israel said to Moses, \u201cBehold, we perish, we are undone, we are all undone. [13] Everyone who comes near, who comes near to the tabernacle of the LORD, shall die. Are we all to perish?\u201d\n\nFootnotes\n\n(1) 17:1 Ch 17:16 in Hebrew\n (ESV)"]}