{"query": "Numbers 22", "canonical": "Numbers 22", "parsed": [[4022001, 4022041]], "passage_meta": [{"canonical": "Numbers 22", "chapter_start": [4022001, 4022041], "chapter_end": [4022001, 4022041], "prev_verse": 4021035, "next_verse": 4023001, "prev_chapter": [4021001, 4021035], "next_chapter": [4023001, 4023030]}], "passages": ["Numbers 22\n\nBalak Summons Balaam\n\n  [1] Then the people of Israel set out and camped in the plains of Moab beyond the Jordan at Jericho. [2] And Balak the son of Zippor saw all that Israel had done to the Amorites. [3] And Moab was in great dread of the people, because they were many. Moab was overcome with fear of the people of Israel. [4] And Moab said to the elders of Midian, \u201cThis horde will now lick up all that is around us, as the ox licks up the grass of the field.\u201d So Balak the son of Zippor, who was king of Moab at that time, [5] sent messengers to Balaam the son of Beor at Pethor, which is near the River(1) in the land of the people of Amaw,(2) to call him, saying, \u201cBehold, a people has come out of Egypt. They cover the face of the earth, and they are dwelling opposite me. [6] Come now, curse this people for me, since they are too mighty for me. Perhaps I shall be able to defeat them and drive them from the land, for I know that he whom you bless is blessed, and he whom you curse is cursed.\u201d\n\n  [7] So the elders of Moab and the elders of Midian departed with the fees for divination in their hand. And they came to Balaam and gave him Balak\u2019s message. [8] And he said to them, \u201cLodge here tonight, and I will bring back word to you, as the LORD speaks to me.\u201d So the princes of Moab stayed with Balaam. [9] And God came to Balaam and said, \u201cWho are these men with you?\u201d [10] And Balaam said to God, \u201cBalak the son of Zippor, king of Moab, has sent to me, saying, [11] \u2018Behold, a people has come out of Egypt, and it covers the face of the earth. Now come, curse them for me. Perhaps I shall be able to fight against them and drive them out.\u2019\u201d [12] God said to Balaam, \u201cYou shall not go with them. You shall not curse the people, for they are blessed.\u201d [13] So Balaam rose in the morning and said to the princes of Balak, \u201cGo to your own land, for the LORD has refused to let me go with you.\u201d [14] So the princes of Moab rose and went to Balak and said, \u201cBalaam refuses to come with us.\u201d\n\n  [15] Once again Balak sent princes, more in number and more honorable than these. [16] And they came to Balaam and said to him, \u201cThus says Balak the son of Zippor: \u2018Let nothing hinder you from coming to me, [17] for I will surely do you great honor, and whatever you say to me I will do. Come, curse this people for me.\u2019\u201d [18] But Balaam answered and said to the servants of Balak, \u201cThough Balak were to give me his house full of silver and gold, I could not go beyond the command of the LORD my God to do less or more. [19] So you, too, please stay here tonight, that I may know what more the LORD will say to me.\u201d [20] And God came to Balaam at night and said to him, \u201cIf the men have come to call you, rise, go with them; but only do what I tell you.\u201d [21] So Balaam rose in the morning and saddled his donkey and went with the princes of Moab.\n\nBalaam\u2019s Donkey and the Angel\n\n  [22] But God\u2019s anger was kindled because he went, and the angel of the LORD took his stand in the way as his adversary. Now he was riding on the donkey, and his two servants were with him. [23] And the donkey saw the angel of the LORD standing in the road, with a drawn sword in his hand. And the donkey turned aside out of the road and went into the field. And Balaam struck the donkey, to turn her into the road. [24] Then the angel of the LORD stood in a narrow path between the vineyards, with a wall on either side. [25] And when the donkey saw the angel of the LORD, she pushed against the wall and pressed Balaam\u2019s foot against the wall. So he struck her again. [26] Then the angel of the LORD went ahead and stood in a narrow place, where there was no way to turn either to the right or to the left. [27] When the donkey saw the angel of the LORD, she lay down under Balaam. And Balaam\u2019s anger was kindled, and he struck the donkey with his staff. [28] Then the LORD opened the mouth of the donkey, and she said to Balaam, \u201cWhat have I done to you, that you have struck me these three times?\u201d [29] And Balaam said to the donkey, \u201cBecause you have made a fool of me. I wish I had a sword in my hand, for then I would kill you.\u201d [30] And the donkey said to Balaam, \u201cAm I not your donkey, on which you have ridden all your life long to this day? Is it my habit to treat you this way?\u201d And he said, \u201cNo.\u201d\n\n  [31] Then the LORD opened the eyes of Balaam, and he saw the angel of the LORD standing in the way, with his drawn sword in his hand. And he bowed down and fell on his face. [32] And the angel of the LORD said to him, \u201cWhy have you struck your donkey these three times? Behold, I have come out to oppose you because your way is perverse(3) before me. [33] The donkey saw me and turned aside before me these three times. If she had not turned aside from me, surely just now I would have killed you and let her live.\u201d [34] Then Balaam said to the angel of the LORD, \u201cI have sinned, for I did not know that you stood in the road against me. Now therefore, if it is evil in your sight, I will turn back.\u201d [35] And the angel of the LORD said to Balaam, \u201cGo with the men, but speak only the word that I tell you.\u201d So Balaam went on with the princes of Balak.\n\n  [36] When Balak heard that Balaam had come, he went out to meet him at the city of Moab, on the border formed by the Arnon, at the extremity of the border. [37] And Balak said to Balaam, \u201cDid I not send to you to call you? Why did you not come to me? Am I not able to honor you?\u201d [38] Balaam said to Balak, \u201cBehold, I have come to you! Have I now any power of my own to speak anything? The word that God puts in my mouth, that must I speak.\u201d [39] Then Balaam went with Balak, and they came to Kiriath-huzoth. [40] And Balak sacrificed oxen and sheep, and sent for Balaam and for the princes who were with him.\n\n  [41] And in the morning Balak took Balaam and brought him up to Bamoth-baal, and from there he saw a fraction of the people.\n\nFootnotes\n\n(1) 22:5 That is, the Euphrates\n\n(2) 22:5 Or *the people of his kindred*\n\n(3) 22:32 Or *reckless*\n (ESV)"]}