{"query": "Numbers 27", "canonical": "Numbers 27", "parsed": [[4027001, 4027023]], "passage_meta": [{"canonical": "Numbers 27", "chapter_start": [4027001, 4027023], "chapter_end": [4027001, 4027023], "prev_verse": 4026065, "next_verse": 4028001, "prev_chapter": [4026001, 4026065], "next_chapter": [4028001, 4028031]}], "passages": ["Numbers 27\n\nThe Daughters of Zelophehad\n\n  [1] Then drew near the daughters of Zelophehad the son of Hepher, son of Gilead, son of Machir, son of Manasseh, from the clans of Manasseh the son of Joseph. The names of his daughters were: Mahlah, Noah, Hoglah, Milcah, and Tirzah. [2] And they stood before Moses and before Eleazar the priest and before the chiefs and all the congregation, at the entrance of the tent of meeting, saying, [3] \u201cOur father died in the wilderness. He was not among the company of those who gathered themselves together against the LORD in the company of Korah, but died for his own sin. And he had no sons. [4] Why should the name of our father be taken away from his clan because he had no son? Give to us a possession among our father\u2019s brothers.\u201d\n\n  [5] Moses brought their case before the LORD. [6] And the LORD said to Moses, [7] \u201cThe daughters of Zelophehad are right. You shall give them possession of an inheritance among their father\u2019s brothers and transfer the inheritance of their father to them. [8] And you shall speak to the people of Israel, saying, \u2018If a man dies and has no son, then you shall transfer his inheritance to his daughter. [9] And if he has no daughter, then you shall give his inheritance to his brothers. [10] And if he has no brothers, then you shall give his inheritance to his father\u2019s brothers. [11] And if his father has no brothers, then you shall give his inheritance to the nearest kinsman of his clan, and he shall possess it. And it shall be for the people of Israel a statute and rule, as the LORD commanded Moses.\u2019\u201d\n\nJoshua to Succeed Moses\n\n  [12] The LORD said to Moses, \u201cGo up into this mountain of Abarim and see the land that I have given to the people of Israel. [13] When you have seen it, you also shall be gathered to your people, as your brother Aaron was, [14] because you rebelled against my word in the wilderness of Zin when the congregation quarreled, failing to uphold me as holy at the waters before their eyes.\u201d (These are the waters of Meribah of Kadesh in the wilderness of Zin.) [15] Moses spoke to the LORD, saying, [16] \u201cLet the LORD, the God of the spirits of all flesh, appoint a man over the congregation [17] who shall go out before them and come in before them, who shall lead them out and bring them in, that the congregation of the LORD may not be as sheep that have no shepherd.\u201d [18] So the LORD said to Moses, \u201cTake Joshua the son of Nun, a man in whom is the Spirit, and lay your hand on him. [19] Make him stand before Eleazar the priest and all the congregation, and you shall commission him in their sight. [20] You shall invest him with some of your authority, that all the congregation of the people of Israel may obey. [21] And he shall stand before Eleazar the priest, who shall inquire for him by the judgment of the Urim before the LORD. At his word they shall go out, and at his word they shall come in, both he and all the people of Israel with him, the whole congregation.\u201d [22] And Moses did as the LORD commanded him. He took Joshua and made him stand before Eleazar the priest and the whole congregation, [23] and he laid his hands on him and commissioned him as the LORD directed through Moses. (ESV)"]}