{"query": "Numbers 10", "canonical": "Numbers 10", "parsed": [[4010001, 4010036]], "passage_meta": [{"canonical": "Numbers 10", "chapter_start": [4010001, 4010036], "chapter_end": [4010001, 4010036], "prev_verse": 4009023, "next_verse": 4011001, "prev_chapter": [4009001, 4009023], "next_chapter": [4011001, 4011035]}], "passages": ["Numbers 10\n\nThe Silver Trumpets\n\n  [1] The LORD spoke to Moses, saying, [2] \u201cMake two silver trumpets. Of hammered work you shall make them, and you shall use them for summoning the congregation and for breaking camp. [3] And when both are blown, all the congregation shall gather themselves to you at the entrance of the tent of meeting. [4] But if they blow only one, then the chiefs, the heads of the tribes of Israel, shall gather themselves to you. [5] When you blow an alarm, the camps that are on the east side shall set out. [6] And when you blow an alarm the second time, the camps that are on the south side shall set out. An alarm is to be blown whenever they are to set out. [7] But when the assembly is to be gathered together, you shall blow a long blast, but you shall not sound an alarm. [8] And the sons of Aaron, the priests, shall blow the trumpets. The trumpets shall be to you for a perpetual statute throughout your generations. [9] And when you go to war in your land against the adversary who oppresses you, then you shall sound an alarm with the trumpets, that you may be remembered before the LORD your God, and you shall be saved from your enemies. [10] On the day of your gladness also, and at your appointed feasts and at the beginnings of your months, you shall blow the trumpets over your burnt offerings and over the sacrifices of your peace offerings. They shall be a reminder of you before your God: I am the LORD your God.\u201d\n\nIsrael Leaves Sinai\n\n  [11] In the second year, in the second month, on the twentieth day of the month, the cloud lifted from over the tabernacle of the testimony, [12] and the people of Israel set out by stages from the wilderness of Sinai. And the cloud settled down in the wilderness of Paran. [13] They set out for the first time at the command of the LORD by Moses. [14] The standard of the camp of the people of Judah set out first by their companies, and over their company was Nahshon the son of Amminadab. [15] And over the company of the tribe of the people of Issachar was Nethanel the son of Zuar. [16] And over the company of the tribe of the people of Zebulun was Eliab the son of Helon.\n\n  [17] And when the tabernacle was taken down, the sons of Gershon and the sons of Merari, who carried the tabernacle, set out. [18] And the standard of the camp of Reuben set out by their companies, and over their company was Elizur the son of Shedeur. [19] And over the company of the tribe of the people of Simeon was Shelumiel the son of Zurishaddai. [20] And over the company of the tribe of the people of Gad was Eliasaph the son of Deuel.\n\n  [21] Then the Kohathites set out, carrying the holy things, and the tabernacle was set up before their arrival. [22] And the standard of the camp of the people of Ephraim set out by their companies, and over their company was Elishama the son of Ammihud. [23] And over the company of the tribe of the people of Manasseh was Gamaliel the son of Pedahzur. [24] And over the company of the tribe of the people of Benjamin was Abidan the son of Gideoni.\n\n  [25] Then the standard of the camp of the people of Dan, acting as the rear guard of all the camps, set out by their companies, and over their company was Ahiezer the son of Ammishaddai. [26] And over the company of the tribe of the people of Asher was Pagiel the son of Ochran. [27] And over the company of the tribe of the people of Naphtali was Ahira the son of Enan. [28] This was the order of march of the people of Israel by their companies, when they set out.\n\n  [29] And Moses said to Hobab the son of Reuel the Midianite, Moses\u2019 father-in-law, \u201cWe are setting out for the place of which the LORD said, \u2018I will give it to you.\u2019 Come with us, and we will do good to you, for the LORD has promised good to Israel.\u201d [30] But he said to him, \u201cI will not go. I will depart to my own land and to my kindred.\u201d [31] And he said, \u201cPlease do not leave us, for you know where we should camp in the wilderness, and you will serve as eyes for us. [32] And if you do go with us, whatever good the LORD will do to us, the same will we do to you.\u201d\n\n  [33] So they set out from the mount of the LORD three days\u2019 journey. And the ark of the covenant of the LORD went before them three days\u2019 journey, to seek out a resting place for them. [34] And the cloud of the LORD was over them by day, whenever they set out from the camp.\n\n  [35] And whenever the ark set out, Moses said, \u201cArise, O LORD, and let your enemies be scattered, and let those who hate you flee before you.\u201d [36] And when it rested, he said, \u201cReturn, O LORD, to the ten thousand thousands of Israel.\u201d (ESV)"]}