{"query": "Numbers 20", "canonical": "Numbers 20", "parsed": [[4020001, 4020029]], "passage_meta": [{"canonical": "Numbers 20", "chapter_start": [4020001, 4020029], "chapter_end": [4020001, 4020029], "prev_verse": 4019022, "next_verse": 4021001, "prev_chapter": [4019001, 4019022], "next_chapter": [4021001, 4021035]}], "passages": ["Numbers 20\n\nThe Death of Miriam\n\n  [1] And the people of Israel, the whole congregation, came into the wilderness of Zin in the first month, and the people stayed in Kadesh. And Miriam died there and was buried there.\n\nThe Waters of Meribah\n\n  [2] Now there was no water for the congregation. And they assembled themselves together against Moses and against Aaron. [3] And the people quarreled with Moses and said, \u201cWould that we had perished when our brothers perished before the LORD! [4] Why have you brought the assembly of the LORD into this wilderness, that we should die here, both we and our cattle? [5] And why have you made us come up out of Egypt to bring us to this evil place? It is no place for grain or figs or vines or pomegranates, and there is no water to drink.\u201d [6] Then Moses and Aaron went from the presence of the assembly to the entrance of the tent of meeting and fell on their faces. And the glory of the LORD appeared to them, [7] and the LORD spoke to Moses, saying, [8] \u201cTake the staff, and assemble the congregation, you and Aaron your brother, and tell the rock before their eyes to yield its water. So you shall bring water out of the rock for them and give drink to the congregation and their cattle.\u201d [9] And Moses took the staff from before the LORD, as he commanded him.\n\nMoses Strikes the Rock\n\n  [10] Then Moses and Aaron gathered the assembly together before the rock, and he said to them, \u201cHear now, you rebels: shall we bring water for you out of this rock?\u201d [11] And Moses lifted up his hand and struck the rock with his staff twice, and water came out abundantly, and the congregation drank, and their livestock. [12] And the LORD said to Moses and Aaron, \u201cBecause you did not believe in me, to uphold me as holy in the eyes of the people of Israel, therefore you shall not bring this assembly into the land that I have given them.\u201d [13] These are the waters of Meribah,(1) where the people of Israel quarreled with the LORD, and through them he showed himself holy.\n\nEdom Refuses Passage\n\n  [14] Moses sent messengers from Kadesh to the king of Edom: \u201cThus says your brother Israel: You know all the hardship that we have met: [15] how our fathers went down to Egypt, and we lived in Egypt a long time. And the Egyptians dealt harshly with us and our fathers. [16] And when we cried to the LORD, he heard our voice and sent an angel and brought us out of Egypt. And here we are in Kadesh, a city on the edge of your territory. [17] Please let us pass through your land. We will not pass through field or vineyard, or drink water from a well. We will go along the King\u2019s Highway. We will not turn aside to the right hand or to the left until we have passed through your territory.\u201d [18] But Edom said to him, \u201cYou shall not pass through, lest I come out with the sword against you.\u201d [19] And the people of Israel said to him, \u201cWe will go up by the highway, and if we drink of your water, I and my livestock, then I will pay for it. Let me only pass through on foot, nothing more.\u201d [20] But he said, \u201cYou shall not pass through.\u201d And Edom came out against them with a large army and with a strong force. [21] Thus Edom refused to give Israel passage through his territory, so Israel turned away from him.\n\nThe Death of Aaron\n\n  [22] And they journeyed from Kadesh, and the people of Israel, the whole congregation, came to Mount Hor. [23] And the LORD said to Moses and Aaron at Mount Hor, on the border of the land of Edom, [24] \u201cLet Aaron be gathered to his people, for he shall not enter the land that I have given to the people of Israel, because you rebelled against my command at the waters of Meribah. [25] Take Aaron and Eleazar his son and bring them up to Mount Hor. [26] And strip Aaron of his garments and put them on Eleazar his son. And Aaron shall be gathered to his people and shall die there.\u201d [27] Moses did as the LORD commanded. And they went up Mount Hor in the sight of all the congregation. [28] And Moses stripped Aaron of his garments and put them on Eleazar his son. And Aaron died there on the top of the mountain. Then Moses and Eleazar came down from the mountain. [29] And when all the congregation saw that Aaron had perished, all the house of Israel wept for Aaron thirty days.\n\nFootnotes\n\n(1) 20:13 *Meribah* means *quarreling*\n (ESV)"]}