{"query": "Numbers 1", "canonical": "Numbers 1", "parsed": [[4001001, 4001054]], "passage_meta": [{"canonical": "Numbers 1", "chapter_start": [4001001, 4001054], "chapter_end": [4001001, 4001054], "prev_verse": 3027034, "next_verse": 4002001, "prev_chapter": [3027001, 3027034], "next_chapter": [4002001, 4002034]}], "passages": ["Numbers 1\n\nA Census of Israel\u2019s Warriors\n\n  [1] The LORD spoke to Moses in the wilderness of Sinai, in the tent of meeting, on the first day of the second month, in the second year after they had come out of the land of Egypt, saying, [2] \u201cTake a census of all the congregation of the people of Israel, by clans, by fathers\u2019 houses, according to the number of names, every male, head by head. [3] From twenty years old and upward, all in Israel who are able to go to war, you and Aaron shall list them, company by company. [4] And there shall be with you a man from each tribe, each man being the head of the house of his fathers. [5] And these are the names of the men who shall assist you. From Reuben, Elizur the son of Shedeur; [6] from Simeon, Shelumiel the son of Zurishaddai; [7] from Judah, Nahshon the son of Amminadab; [8] from Issachar, Nethanel the son of Zuar; [9] from Zebulun, Eliab the son of Helon; [10] from the sons of Joseph, from Ephraim, Elishama the son of Ammihud, and from Manasseh, Gamaliel the son of Pedahzur; [11] from Benjamin, Abidan the son of Gideoni; [12] from Dan, Ahiezer the son of Ammishaddai; [13] from Asher, Pagiel the son of Ochran; [14] from Gad, Eliasaph the son of Deuel; [15] from Naphtali, Ahira the son of Enan.\u201d [16] These were the ones chosen from the congregation, the chiefs of their ancestral tribes, the heads of the clans of Israel.\n\n  [17] Moses and Aaron took these men who had been named, [18] and on the first day of the second month, they assembled the whole congregation together, who registered themselves by clans, by fathers\u2019 houses, according to the number of names from twenty years old and upward, head by head, [19] as the LORD commanded Moses. So he listed them in the wilderness of Sinai.\n\n  [20] The people of Reuben, Israel\u2019s firstborn, their generations, by their clans, by their fathers\u2019 houses, according to the number of names, head by head, every male from twenty years old and upward, all who were able to go to war: [21] those listed of the tribe of Reuben were 46,500.\n\n  [22] Of the people of Simeon, their generations, by their clans, by their fathers\u2019 houses, those of them who were listed, according to the number of names, head by head, every male from twenty years old and upward, all who were able to go to war: [23] those listed of the tribe of Simeon were 59,300.\n\n  [24] Of the people of Gad, their generations, by their clans, by their fathers\u2019 houses, according to the number of the names, from twenty years old and upward, all who were able to go to war: [25] those listed of the tribe of Gad were 45,650.\n\n  [26] Of the people of Judah, their generations, by their clans, by their fathers\u2019 houses, according to the number of names, from twenty years old and upward, every man able to go to war: [27] those listed of the tribe of Judah were 74,600.\n\n  [28] Of the people of Issachar, their generations, by their clans, by their fathers\u2019 houses, according to the number of names, from twenty years old and upward, every man able to go to war: [29] those listed of the tribe of Issachar were 54,400.\n\n  [30] Of the people of Zebulun, their generations, by their clans, by their fathers\u2019 houses, according to the number of names, from twenty years old and upward, every man able to go to war: [31] those listed of the tribe of Zebulun were 57,400.\n\n  [32] Of the people of Joseph, namely, of the people of Ephraim, their generations, by their clans, by their fathers\u2019 houses, according to the number of names, from twenty years old and upward, every man able to go to war: [33] those listed of the tribe of Ephraim were 40,500.\n\n  [34] Of the people of Manasseh, their generations, by their clans, by their fathers\u2019 houses, according to the number of names, from twenty years old and upward, every man able to go to war: [35] those listed of the tribe of Manasseh were 32,200.\n\n  [36] Of the people of Benjamin, their generations, by their clans, by their fathers\u2019 houses, according to the number of names, from twenty years old and upward, every man able to go to war: [37] those listed of the tribe of Benjamin were 35,400.\n\n  [38] Of the people of Dan, their generations, by their clans, by their fathers\u2019 houses, according to the number of names, from twenty years old and upward, every man able to go to war: [39] those listed of the tribe of Dan were 62,700.\n\n  [40] Of the people of Asher, their generations, by their clans, by their fathers\u2019 houses, according to the number of names, from twenty years old and upward, every man able to go to war: [41] those listed of the tribe of Asher were 41,500.\n\n  [42] Of the people of Naphtali, their generations, by their clans, by their fathers\u2019 houses, according to the number of names, from twenty years old and upward, every man able to go to war: [43] those listed of the tribe of Naphtali were 53,400.\n\n  [44] These are those who were listed, whom Moses and Aaron listed with the help of the chiefs of Israel, twelve men, each representing his fathers\u2019 house. [45] So all those listed of the people of Israel, by their fathers\u2019 houses, from twenty years old and upward, every man able to go to war in Israel\u2014[46] all those listed were 603,550.\n\nLevites Exempted\n\n  [47] But the Levites were not listed along with them by their ancestral tribe. [48] For the LORD spoke to Moses, saying, [49] \u201cOnly the tribe of Levi you shall not list, and you shall not take a census of them among the people of Israel. [50] But appoint the Levites over the tabernacle of the testimony, and over all its furnishings, and over all that belongs to it. They are to carry the tabernacle and all its furnishings, and they shall take care of it and shall camp around the tabernacle. [51] When the tabernacle is to set out, the Levites shall take it down, and when the tabernacle is to be pitched, the Levites shall set it up. And if any outsider comes near, he shall be put to death. [52] The people of Israel shall pitch their tents by their companies, each man in his own camp and each man by his own standard. [53] But the Levites shall camp around the tabernacle of the testimony, so that there may be no wrath on the congregation of the people of Israel. And the Levites shall keep guard over the tabernacle of the testimony.\u201d [54] Thus did the people of Israel; they did according to all that the LORD commanded Moses. (ESV)"]}