{"query": "Numbers 23", "canonical": "Numbers 23", "parsed": [[4023001, 4023030]], "passage_meta": [{"canonical": "Numbers 23", "chapter_start": [4023001, 4023030], "chapter_end": [4023001, 4023030], "prev_verse": 4022041, "next_verse": 4024001, "prev_chapter": [4022001, 4022041], "next_chapter": [4024001, 4024025]}], "passages": ["Numbers 23\n\nBalaam\u2019s First Oracle\n\n  [1] And Balaam said to Balak, \u201cBuild for me here seven altars, and prepare for me here seven bulls and seven rams.\u201d [2] Balak did as Balaam had said. And Balak and Balaam offered on each altar a bull and a ram. [3] And Balaam said to Balak, \u201cStand beside your burnt offering, and I will go. Perhaps the LORD will come to meet me, and whatever he shows me I will tell you.\u201d And he went to a bare height, [4] and God met Balaam. And Balaam said to him, \u201cI have arranged the seven altars and I have offered on each altar a bull and a ram.\u201d [5] And the LORD put a word in Balaam\u2019s mouth and said, \u201cReturn to Balak, and thus you shall speak.\u201d [6] And he returned to him, and behold, he and all the princes of Moab were standing beside his burnt offering. [7] And Balaam took up his discourse and said,\n\n    \u201cFrom Aram Balak has brought me,\n        the king of Moab from the eastern mountains:\n    \u2018Come, curse Jacob for me,\n        and come, denounce Israel!\u2019\n    [8] How can I curse whom God has not cursed?\n        How can I denounce whom the LORD has not denounced?\n    [9] For from the top of the crags I see him,\n        from the hills I behold him;\n    behold, a people dwelling alone,\n        and not counting itself among the nations!\n    [10] Who can count the dust of Jacob\n        or number the fourth part(1) of Israel?\n    Let me die the death of the upright,\n        and let my end be like his!\u201d\n    \n    \n      [11] And Balak said to Balaam, \u201cWhat have you done to me? I took you to curse my enemies, and behold, you have done nothing but bless them.\u201d [12] And he answered and said, \u201cMust I not take care to speak what the LORD puts in my mouth?\u201d\n\nBalaam\u2019s Second Oracle\n\n  [13] And Balak said to him, \u201cPlease come with me to another place, from which you may see them. You shall see only a fraction of them and shall not see them all. Then curse them for me from there.\u201d [14] And he took him to the field of Zophim, to the top of Pisgah, and built seven altars and offered a bull and a ram on each altar. [15] Balaam said to Balak, \u201cStand here beside your burnt offering, while I meet the LORD over there.\u201d [16] And the LORD met Balaam and put a word in his mouth and said, \u201cReturn to Balak, and thus shall you speak.\u201d [17] And he came to him, and behold, he was standing beside his burnt offering, and the princes of Moab with him. And Balak said to him, \u201cWhat has the LORD spoken?\u201d [18] And Balaam took up his discourse and said,\n\n    \u201cRise, Balak, and hear;\n        give ear to me, O son of Zippor:\n    [19] God is not man, that he should lie,\n        or a son of man, that he should change his mind.\n    Has he said, and will he not do it?\n        Or has he spoken, and will he not fulfill it?\n    [20] Behold, I received a command to bless:\n        he has blessed, and I cannot revoke it.\n    [21] He has not beheld misfortune in Jacob,\n        nor has he seen trouble in Israel.\n    The LORD their God is with them,\n        and the shout of a king is among them.\n    [22] God brings them out of Egypt\n        and is for them like the horns of the wild ox.\n    [23] For there is no enchantment against Jacob,\n        no divination against Israel;\n    now it shall be said of Jacob and Israel,\n        \u2018What has God wrought!\u2019\n    [24] Behold, a people! As a lioness it rises up\n        and as a lion it lifts itself;\n    it does not lie down until it has devoured the prey\n        and drunk the blood of the slain.\u201d\n    \n    \n      [25] And Balak said to Balaam, \u201cDo not curse them at all, and do not bless them at all.\u201d [26] But Balaam answered Balak, \u201cDid I not tell you, \u2018All that the LORD says, that I must do\u2019?\u201d [27] And Balak said to Balaam, \u201cCome now, I will take you to another place. Perhaps it will please God that you may curse them for me from there.\u201d [28] So Balak took Balaam to the top of Peor, which overlooks the desert.(2) [29] And Balaam said to Balak, \u201cBuild for me here seven altars and prepare for me here seven bulls and seven rams.\u201d [30] And Balak did as Balaam had said, and offered a bull and a ram on each altar.\n\nFootnotes\n\n(1) 23:10 Or *dust clouds*\n\n(2) 23:28 Or *Jeshimon*\n (ESV)"]}