{"query": "1 Corinthians 5", "canonical": "1 Corinthians 5", "parsed": [[46005001, 46005013]], "passage_meta": [{"canonical": "1 Corinthians 5", "chapter_start": [46005001, 46005013], "chapter_end": [46005001, 46005013], "prev_verse": 46004021, "next_verse": 46006001, "prev_chapter": [46004001, 46004021], "next_chapter": [46006001, 46006020]}], "passages": ["1 Corinthians 5\n\nSexual Immorality Defiles the Church\n\n  [1] It is actually reported that there is sexual immorality among you, and of a kind that is not tolerated even among pagans, for a man has his father\u2019s wife. [2] And you are arrogant! Ought you not rather to mourn? Let him who has done this be removed from among you.\n\n  [3] For though absent in body, I am present in spirit; and as if present, I have already pronounced judgment on the one who did such a thing. [4] When you are assembled in the name of the Lord Jesus and my spirit is present, with the power of our Lord Jesus, [5] you are to deliver this man to Satan for the destruction of the flesh, so that his spirit may be saved in the day of the Lord.(1)\n\n  [6] Your boasting is not good. Do you not know that a little leaven leavens the whole lump? [7] Cleanse out the old leaven that you may be a new lump, as you really are unleavened. For Christ, our Passover lamb, has been sacrificed. [8] Let us therefore celebrate the festival, not with the old leaven, the leaven of malice and evil, but with the unleavened bread of sincerity and truth.\n\n  [9] I wrote to you in my letter not to associate with sexually immoral people\u2014[10] not at all meaning the sexually immoral of this world, or the greedy and swindlers, or idolaters, since then you would need to go out of the world. [11] But now I am writing to you not to associate with anyone who bears the name of brother if he is guilty of sexual immorality or greed, or is an idolater, reviler, drunkard, or swindler\u2014not even to eat with such a one. [12] For what have I to do with judging outsiders? Is it not those inside the church(2) whom you are to judge? [13] God judges(3) those outside. \u201cPurge the evil person from among you.\u201d\n\nFootnotes\n\n(1) 5:5 Some manuscripts add *Jesus*\n\n(2) 5:12 Greek *those inside*\n\n(3) 5:13 Or *will judge*\n (ESV)"]}