{"query": "1 Corinthians 1", "canonical": "1 Corinthians 1", "parsed": [[46001001, 46001031]], "passage_meta": [{"canonical": "1 Corinthians 1", "chapter_start": [46001001, 46001031], "chapter_end": [46001001, 46001031], "prev_verse": 45016027, "next_verse": 46002001, "prev_chapter": [45016001, 45016027], "next_chapter": [46002001, 46002016]}], "passages": ["1 Corinthians 1\n\nGreeting\n\n  [1] Paul, called by the will of God to be an apostle of Christ Jesus, and our brother Sosthenes,\n\n  [2] To the church of God that is in Corinth, to those sanctified in Christ Jesus, called to be saints together with all those who in every place call upon the name of our Lord Jesus Christ, both their Lord and ours:\n\n  [3] Grace to you and peace from God our Father and the Lord Jesus Christ.\n\nThanksgiving\n\n  [4] I give thanks to my God always for you because of the grace of God that was given you in Christ Jesus, [5] that in every way you were enriched in him in all speech and all knowledge\u2014[6] even as the testimony about Christ was confirmed among you\u2014[7] so that you are not lacking in any gift, as you wait for the revealing of our Lord Jesus Christ, [8] who will sustain you to the end, guiltless in the day of our Lord Jesus Christ. [9] God is faithful, by whom you were called into the fellowship of his Son, Jesus Christ our Lord.\n\nDivisions in the Church\n\n  [10] I appeal to you, brothers,(1) by the name of our Lord Jesus Christ, that all of you agree, and that there be no divisions among you, but that you be united in the same mind and the same judgment. [11] For it has been reported to me by Chloe\u2019s people that there is quarreling among you, my brothers. [12] What I mean is that each one of you says, \u201cI follow Paul,\u201d or \u201cI follow Apollos,\u201d or \u201cI follow Cephas,\u201d or \u201cI follow Christ.\u201d [13] Is Christ divided? Was Paul crucified for you? Or were you baptized in the name of Paul? [14] I thank God that I baptized none of you except Crispus and Gaius, [15] so that no one may say that you were baptized in my name. [16] (I did baptize also the household of Stephanas. Beyond that, I do not know whether I baptized anyone else.) [17] For Christ did not send me to baptize but to preach the gospel, and not with words of eloquent wisdom, lest the cross of Christ be emptied of its power.\n\nChrist the Wisdom and Power of God\n\n  [18] For the word of the cross is folly to those who are perishing, but to us who are being saved it is the power of God. [19] For it is written,\n\n    \u201cI will destroy the wisdom of the wise,\n        and the discernment of the discerning I will thwart.\u201d\n    \n    \n      [20] Where is the one who is wise? Where is the scribe? Where is the debater of this age? Has not God made foolish the wisdom of the world? [21] For since, in the wisdom of God, the world did not know God through wisdom, it pleased God through the folly of what we preach(2) to save those who believe. [22] For Jews demand signs and Greeks seek wisdom, [23] but we preach Christ crucified, a stumbling block to Jews and folly to Gentiles, [24] but to those who are called, both Jews and Greeks, Christ the power of God and the wisdom of God. [25] For the foolishness of God is wiser than men, and the weakness of God is stronger than men.\n\n  [26] For consider your calling, brothers: not many of you were wise according to worldly standards,(3) not many were powerful, not many were of noble birth. [27] But God chose what is foolish in the world to shame the wise; God chose what is weak in the world to shame the strong; [28] God chose what is low and despised in the world, even things that are not, to bring to nothing things that are, [29] so that no human being(4) might boast in the presence of God. [30] And because of him(5) you are in Christ Jesus, who became to us wisdom from God, righteousness and sanctification and redemption, [31] so that, as it is written, \u201cLet the one who boasts, boast in the Lord.\u201d\n\nFootnotes\n\n(1) 1:10 Or *brothers and sisters*. In New Testament usage, depending on the context, the plural Greek word *adelphoi* (translated \u201cbrothers\u201d) may refer either to *brothers* or to *brothers and sisters*; also verses 11, 26\n\n(2) 1:21 Or *the folly of preaching*\n\n(3) 1:26 Greek *according to the flesh*\n\n(4) 1:29 Greek *no flesh*\n\n(5) 1:30 Greek *And from him*\n (ESV)"]}