{"query": "1 Corinthians 2", "canonical": "1 Corinthians 2", "parsed": [[46002001, 46002016]], "passage_meta": [{"canonical": "1 Corinthians 2", "chapter_start": [46002001, 46002016], "chapter_end": [46002001, 46002016], "prev_verse": 46001031, "next_verse": 46003001, "prev_chapter": [46001001, 46001031], "next_chapter": [46003001, 46003023]}], "passages": ["1 Corinthians 2\n\nProclaiming Christ Crucified\n\n  [1] And I, when I came to you, brothers,(1) did not come proclaiming to you the testimony(2) of God with lofty speech or wisdom. [2] For I decided to know nothing among you except Jesus Christ and him crucified. [3] And I was with you in weakness and in fear and much trembling, [4] and my speech and my message were not in plausible words of wisdom, but in demonstration of the Spirit and of power, [5] so that your faith might not rest in the wisdom of men(3) but in the power of God.\n\nWisdom from the Spirit\n\n  [6] Yet among the mature we do impart wisdom, although it is not a wisdom of this age or of the rulers of this age, who are doomed to pass away. [7] But we impart a secret and hidden wisdom of God, which God decreed before the ages for our glory. [8] None of the rulers of this age understood this, for if they had, they would not have crucified the Lord of glory. [9] But, as it is written,\n\n    \u201cWhat no eye has seen, nor ear heard,\n        nor the heart of man imagined,\n    what God has prepared for those who love him\u201d\u2014\n    \n    \n      [10] these things God has revealed to us through the Spirit. For the Spirit searches everything, even the depths of God. [11] For who knows a person\u2019s thoughts except the spirit of that person, which is in him? So also no one comprehends the thoughts of God except the Spirit of God. [12] Now we have received not the spirit of the world, but the Spirit who is from God, that we might understand the things freely given us by God. [13] And we impart this in words not taught by human wisdom but taught by the Spirit, interpreting spiritual truths to those who are spiritual.(4)\n\n  [14] The natural person does not accept the things of the Spirit of God, for they are folly to him, and he is not able to understand them because they are spiritually discerned. [15] The spiritual person judges all things, but is himself to be judged by no one. [16] \u201cFor who has understood the mind of the Lord so as to instruct him?\u201d But we have the mind of Christ.\n\nFootnotes\n\n(1) 2:1 Or *brothers and sisters*\n\n(2) 2:1 Some manuscripts *mystery* (or *secret*)\n\n(3) 2:5 The Greek word *anthropoi* can refer to both men and women\n\n(4) 2:13 Or *interpreting spiritual truths in spiritual language*, or *comparing spiritual things with spiritual*\n (ESV)"]}