{"query": "1 Corinthians 10", "canonical": "1 Corinthians 10", "parsed": [[46010001, 46010033]], "passage_meta": [{"canonical": "1 Corinthians 10", "chapter_start": [46010001, 46010033], "chapter_end": [46010001, 46010033], "prev_verse": 46009027, "next_verse": 46011001, "prev_chapter": [46009001, 46009027], "next_chapter": [46011001, 46011034]}], "passages": ["1 Corinthians 10\n\nWarning Against Idolatry\n\n  [1] For I do not want you to be unaware, brothers,(1) that our fathers were all under the cloud, and all passed through the sea, [2] and all were baptized into Moses in the cloud and in the sea, [3] and all ate the same spiritual food, [4] and all drank the same spiritual drink. For they drank from the spiritual Rock that followed them, and the Rock was Christ. [5] Nevertheless, with most of them God was not pleased, for they were overthrown(2) in the wilderness.\n\n  [6] Now these things took place as examples for us, that we might not desire evil as they did. [7] Do not be idolaters as some of them were; as it is written, \u201cThe people sat down to eat and drink and rose up to play.\u201d [8] We must not indulge in sexual immorality as some of them did, and twenty-three thousand fell in a single day. [9] We must not put Christ(3) to the test, as some of them did and were destroyed by serpents, [10] nor grumble, as some of them did and were destroyed by the Destroyer. [11] Now these things happened to them as an example, but they were written down for our instruction, on whom the end of the ages has come. [12] Therefore let anyone who thinks that he stands take heed lest he fall. [13] No temptation has overtaken you that is not common to man. God is faithful, and he will not let you be tempted beyond your ability, but with the temptation he will also provide the way of escape, that you may be able to endure it.\n\n  [14] Therefore, my beloved, flee from idolatry. [15] I speak as to sensible people; judge for yourselves what I say. [16] The cup of blessing that we bless, is it not a participation in the blood of Christ? The bread that we break, is it not a participation in the body of Christ? [17] Because there is one bread, we who are many are one body, for we all partake of the one bread. [18] Consider the people of Israel:(4) are not those who eat the sacrifices participants in the altar? [19] What do I imply then? That food offered to idols is anything, or that an idol is anything? [20] No, I imply that what pagans sacrifice they offer to demons and not to God. I do not want you to be participants with demons. [21] You cannot drink the cup of the Lord and the cup of demons. You cannot partake of the table of the Lord and the table of demons. [22] Shall we provoke the Lord to jealousy? Are we stronger than he?\n\nDo All to the Glory of God\n\n  [23] \u201cAll things are lawful,\u201d but not all things are helpful. \u201cAll things are lawful,\u201d but not all things build up. [24] Let no one seek his own good, but the good of his neighbor. [25] Eat whatever is sold in the meat market without raising any question on the ground of conscience. [26] For \u201cthe earth is the Lord\u2019s, and the fullness thereof.\u201d [27] If one of the unbelievers invites you to dinner and you are disposed to go, eat whatever is set before you without raising any question on the ground of conscience. [28] But if someone says to you, \u201cThis has been offered in sacrifice,\u201d then do not eat it, for the sake of the one who informed you, and for the sake of conscience\u2014[29] I do not mean your conscience, but his. For why should my liberty be determined by someone else\u2019s conscience? [30] If I partake with thankfulness, why am I denounced because of that for which I give thanks?\n\n  [31] So, whether you eat or drink, or whatever you do, do all to the glory of God. [32] Give no offense to Jews or to Greeks or to the church of God, [33] just as I try to please everyone in everything I do, not seeking my own advantage, but that of many, that they may be saved.\n\nFootnotes\n\n(1) 10:1 Or *brothers and sisters*\n\n(2) 10:5 Or *were laid low*\n\n(3) 10:9 Some manuscripts *the Lord*\n\n(4) 10:18 Greek *Consider Israel according to the flesh*\n (ESV)"]}