{"query": "1 Corinthians 15", "canonical": "1 Corinthians 15", "parsed": [[46015001, 46015058]], "passage_meta": [{"canonical": "1 Corinthians 15", "chapter_start": [46015001, 46015058], "chapter_end": [46015001, 46015058], "prev_verse": 46014040, "next_verse": 46016001, "prev_chapter": [46014001, 46014040], "next_chapter": [46016001, 46016024]}], "passages": ["1 Corinthians 15\n\nThe Resurrection of Christ\n\n  [1] Now I would remind you, brothers,(1) of the gospel I preached to you, which you received, in which you stand, [2] and by which you are being saved, if you hold fast to the word I preached to you\u2014unless you believed in vain.\n\n  [3] For I delivered to you as of first importance what I also received: that Christ died for our sins in accordance with the Scriptures, [4] that he was buried, that he was raised on the third day in accordance with the Scriptures, [5] and that he appeared to Cephas, then to the twelve. [6] Then he appeared to more than five hundred brothers at one time, most of whom are still alive, though some have fallen asleep. [7] Then he appeared to James, then to all the apostles. [8] Last of all, as to one untimely born, he appeared also to me. [9] For I am the least of the apostles, unworthy to be called an apostle, because I persecuted the church of God. [10] But by the grace of God I am what I am, and his grace toward me was not in vain. On the contrary, I worked harder than any of them, though it was not I, but the grace of God that is with me. [11] Whether then it was I or they, so we preach and so you believed.\n\nThe Resurrection of the Dead\n\n  [12] Now if Christ is proclaimed as raised from the dead, how can some of you say that there is no resurrection of the dead? [13] But if there is no resurrection of the dead, then not even Christ has been raised. [14] And if Christ has not been raised, then our preaching is in vain and your faith is in vain. [15] We are even found to be misrepresenting God, because we testified about God that he raised Christ, whom he did not raise if it is true that the dead are not raised. [16] For if the dead are not raised, not even Christ has been raised. [17] And if Christ has not been raised, your faith is futile and you are still in your sins. [18] Then those also who have fallen asleep in Christ have perished. [19] If in Christ we have hope(2) in this life only, we are of all people most to be pitied.\n\n  [20] But in fact Christ has been raised from the dead, the firstfruits of those who have fallen asleep. [21] For as by a man came death, by a man has come also the resurrection of the dead. [22] For as in Adam all die, so also in Christ shall all be made alive. [23] But each in his own order: Christ the firstfruits, then at his coming those who belong to Christ. [24] Then comes the end, when he delivers the kingdom to God the Father after destroying every rule and every authority and power. [25] For he must reign until he has put all his enemies under his feet. [26] The last enemy to be destroyed is death. [27] For \u201cGod(3) has put all things in subjection under his feet.\u201d But when it says, \u201call things are put in subjection,\u201d it is plain that he is excepted who put all things in subjection under him. [28] When all things are subjected to him, then the Son himself will also be subjected to him who put all things in subjection under him, that God may be all in all.\n\n  [29] Otherwise, what do people mean by being baptized on behalf of the dead? If the dead are not raised at all, why are people baptized on their behalf? [30] Why are we in danger every hour? [31] I protest, brothers, by my pride in you, which I have in Christ Jesus our Lord, I die every day! [32] What do I gain if, humanly speaking, I fought with beasts at Ephesus? If the dead are not raised, \u201cLet us eat and drink, for tomorrow we die.\u201d [33] Do not be deceived: \u201cBad company ruins good morals.\u201d(4) [34] Wake up from your drunken stupor, as is right, and do not go on sinning. For some have no knowledge of God. I say this to your shame.\n\nThe Resurrection Body\n\n  [35] But someone will ask, \u201cHow are the dead raised? With what kind of body do they come?\u201d [36] You foolish person! What you sow does not come to life unless it dies. [37] And what you sow is not the body that is to be, but a bare kernel, perhaps of wheat or of some other grain. [38] But God gives it a body as he has chosen, and to each kind of seed its own body. [39] For not all flesh is the same, but there is one kind for humans, another for animals, another for birds, and another for fish. [40] There are heavenly bodies and earthly bodies, but the glory of the heavenly is of one kind, and the glory of the earthly is of another. [41] There is one glory of the sun, and another glory of the moon, and another glory of the stars; for star differs from star in glory.\n\n  [42] So is it with the resurrection of the dead. What is sown is perishable; what is raised is imperishable. [43] It is sown in dishonor; it is raised in glory. It is sown in weakness; it is raised in power. [44] It is sown a natural body; it is raised a spiritual body. If there is a natural body, there is also a spiritual body. [45] Thus it is written, \u201cThe first man Adam became a living being\u201d;(5) the last Adam became a life-giving spirit. [46] But it is not the spiritual that is first but the natural, and then the spiritual. [47] The first man was from the earth, a man of dust; the second man is from heaven. [48] As was the man of dust, so also are those who are of the dust, and as is the man of heaven, so also are those who are of heaven. [49] Just as we have borne the image of the man of dust, we shall(6) also bear the image of the man of heaven.\n\nMystery and Victory\n\n  [50] I tell you this, brothers: flesh and blood cannot inherit the kingdom of God, nor does the perishable inherit the imperishable. [51] Behold! I tell you a mystery. We shall not all sleep, but we shall all be changed, [52] in a moment, in the twinkling of an eye, at the last trumpet. For the trumpet will sound, and the dead will be raised imperishable, and we shall be changed. [53] For this perishable body must put on the imperishable, and this mortal body must put on immortality. [54] When the perishable puts on the imperishable, and the mortal puts on immortality, then shall come to pass the saying that is written:\n\n    \u201cDeath is swallowed up in victory.\u201d\n    [55] \u201cO death, where is your victory?\n        O death, where is your sting?\u201d\n    \n    \n      [56] The sting of death is sin, and the power of sin is the law. [57] But thanks be to God, who gives us the victory through our Lord Jesus Christ.\n\n  [58] Therefore, my beloved brothers, be steadfast, immovable, always abounding in the work of the Lord, knowing that in the Lord your labor is not in vain.\n\nFootnotes\n\n(1) 15:1 Or *brothers and sisters*; also verses 6, 31, 50, 58\n\n(2) 15:19 Or *we have hoped*\n\n(3) 15:27 Greek *he*\n\n(4) 15:33 Probably from Menander\u2019s comedy *Thais*\n\n(5) 15:45 Greek *a living soul*\n\n(6) 15:49 Some manuscripts *let us*\n (ESV)"]}