{"query": "1 Corinthians 8", "canonical": "1 Corinthians 8", "parsed": [[46008001, 46008013]], "passage_meta": [{"canonical": "1 Corinthians 8", "chapter_start": [46008001, 46008013], "chapter_end": [46008001, 46008013], "prev_verse": 46007040, "next_verse": 46009001, "prev_chapter": [46007001, 46007040], "next_chapter": [46009001, 46009027]}], "passages": ["1 Corinthians 8\n\nFood Offered to Idols\n\n  [1] Now concerning(1) food offered to idols: we know that \u201call of us possess knowledge.\u201d This \u201cknowledge\u201d puffs up, but love builds up. [2] If anyone imagines that he knows something, he does not yet know as he ought to know. [3] But if anyone loves God, he is known by God.(2)\n\n  [4] Therefore, as to the eating of food offered to idols, we know that \u201can idol has no real existence,\u201d and that \u201cthere is no God but one.\u201d [5] For although there may be so-called gods in heaven or on earth\u2014as indeed there are many \u201cgods\u201d and many \u201clords\u201d\u2014[6] yet for us there is one God, the Father, from whom are all things and for whom we exist, and one Lord, Jesus Christ, through whom are all things and through whom we exist.\n\n  [7] However, not all possess this knowledge. But some, through former association with idols, eat food as really offered to an idol, and their conscience, being weak, is defiled. [8] Food will not commend us to God. We are no worse off if we do not eat, and no better off if we do. [9] But take care that this right of yours does not somehow become a stumbling block to the weak. [10] For if anyone sees you who have knowledge eating(3) in an idol\u2019s temple, will he not be encouraged,(4) if his conscience is weak, to eat food offered to idols? [11] And so by your knowledge this weak person is destroyed, the brother for whom Christ died. [12] Thus, sinning against your brothers(5) and wounding their conscience when it is weak, you sin against Christ. [13] Therefore, if food makes my brother stumble, I will never eat meat, lest I make my brother stumble.\n\nFootnotes\n\n(1) 8:1 The expression *Now concerning* introduces a reply to a question in the Corinthians\u2019 letter; see 7:1\n\n(2) 8:3 Greek *him*\n\n(3) 8:10 Greek *reclining at table*\n\n(4) 8:10 Or *fortified*; Greek *built up*\n\n(5) 8:12 Or *brothers and sisters*\n (ESV)"]}