{"query": "1 Corinthians 6", "canonical": "1 Corinthians 6", "parsed": [[46006001, 46006020]], "passage_meta": [{"canonical": "1 Corinthians 6", "chapter_start": [46006001, 46006020], "chapter_end": [46006001, 46006020], "prev_verse": 46005013, "next_verse": 46007001, "prev_chapter": [46005001, 46005013], "next_chapter": [46007001, 46007040]}], "passages": ["1 Corinthians 6\n\nLawsuits Against Believers\n\n  [1] When one of you has a grievance against another, does he dare go to law before the unrighteous instead of the saints? [2] Or do you not know that the saints will judge the world? And if the world is to be judged by you, are you incompetent to try trivial cases? [3] Do you not know that we are to judge angels? How much more, then, matters pertaining to this life! [4] So if you have such cases, why do you lay them before those who have no standing in the church? [5] I say this to your shame. Can it be that there is no one among you wise enough to settle a dispute between the brothers, [6] but brother goes to law against brother, and that before unbelievers? [7] To have lawsuits at all with one another is already a defeat for you. Why not rather suffer wrong? Why not rather be defrauded? [8] But you yourselves wrong and defraud\u2014even your own brothers!(1)\n\n  [9] Or do you not know that the unrighteous(2) will not inherit the kingdom of God? Do not be deceived: neither the sexually immoral, nor idolaters, nor adulterers, nor men who practice homosexuality,(3) [10] nor thieves, nor the greedy, nor drunkards, nor revilers, nor swindlers will inherit the kingdom of God. [11] And such were some of you. But you were washed, you were sanctified, you were justified in the name of the Lord Jesus Christ and by the Spirit of our God.\n\nFlee Sexual Immorality\n\n  [12] \u201cAll things are lawful for me,\u201d but not all things are helpful. \u201cAll things are lawful for me,\u201d but I will not be dominated by anything. [13] \u201cFood is meant for the stomach and the stomach for food\u201d\u2014and God will destroy both one and the other. The body is not meant for sexual immorality, but for the Lord, and the Lord for the body. [14] And God raised the Lord and will also raise us up by his power. [15] Do you not know that your bodies are members of Christ? Shall I then take the members of Christ and make them members of a prostitute? Never! [16] Or do you not know that he who is joined(4) to a prostitute becomes one body with her? For, as it is written, \u201cThe two will become one flesh.\u201d [17] But he who is joined to the Lord becomes one spirit with him. [18] Flee from sexual immorality. Every other sin(5) a person commits is outside the body, but the sexually immoral person sins against his own body. [19] Or do you not know that your body is a temple of the Holy Spirit within you, whom you have from God? You are not your own, [20] for you were bought with a price. So glorify God in your body.\n\nFootnotes\n\n(1) 6:8 Or *brothers and sisters*\n\n(2) 6:9 Or *wrongdoers*\n\n(3) 6:9 The two Greek terms translated by this phrase refer to the passive and active partners in consensual homosexual acts\n\n(4) 6:16 Or *who holds fast* (compare Genesis 2:24 and Deuteronomy 10:20); also verse 17\n\n(5) 6:18 Or *Every sin*\n (ESV)"]}