{"query": "1 John 2", "canonical": "1 John 2", "parsed": [[62002001, 62002029]], "passage_meta": [{"canonical": "1 John 2", "chapter_start": [62002001, 62002029], "chapter_end": [62002001, 62002029], "prev_verse": 62001010, "next_verse": 62003001, "prev_chapter": [62001001, 62001010], "next_chapter": [62003001, 62003024]}], "passages": ["1 John 2\n\nChrist Our Advocate\n\n  [1] My little children, I am writing these things to you so that you may not sin. But if anyone does sin, we have an advocate with the Father, Jesus Christ the righteous. [2] He is the propitiation for our sins, and not for ours only but also for the sins of the whole world. [3] And by this we know that we have come to know him, if we keep his commandments. [4] Whoever says \u201cI know him\u201d but does not keep his commandments is a liar, and the truth is not in him, [5] but whoever keeps his word, in him truly the love of God is perfected. By this we may know that we are in him: [6] whoever says he abides in him ought to walk in the same way in which he walked.\n\nThe New Commandment\n\n  [7] Beloved, I am writing you no new commandment, but an old commandment that you had from the beginning. The old commandment is the word that you have heard. [8] At the same time, it is a new commandment that I am writing to you, which is true in him and in you, because(1) the darkness is passing away and the true light is already shining. [9] Whoever says he is in the light and hates his brother is still in darkness. [10] Whoever loves his brother abides in the light, and in him(2) there is no cause for stumbling. [11] But whoever hates his brother is in the darkness and walks in the darkness, and does not know where he is going, because the darkness has blinded his eyes.\n\n    [12] I am writing to you, little children,\n        because your sins are forgiven for his name\u2019s sake.\n    [13] I am writing to you, fathers,\n        because you know him who is from the beginning.\n    I am writing to you, young men,\n        because you have overcome the evil one.\n    I write to you, children,\n        because you know the Father.\n    [14] I write to you, fathers,\n        because you know him who is from the beginning.\n    I write to you, young men,\n        because you are strong,\n        and the word of God abides in you,\n        and you have overcome the evil one.\n    \n    \n    Do Not Love the World\n\n  [15] Do not love the world or the things in the world. If anyone loves the world, the love of the Father is not in him. [16] For all that is in the world\u2014the desires of the flesh and the desires of the eyes and pride of life(3)\u2014is not from the Father but is from the world. [17] And the world is passing away along with its desires, but whoever does the will of God abides forever.\n\nWarning Concerning Antichrists\n\n  [18] Children, it is the last hour, and as you have heard that antichrist is coming, so now many antichrists have come. Therefore we know that it is the last hour. [19] They went out from us, but they were not of us; for if they had been of us, they would have continued with us. But they went out, that it might become plain that they all are not of us. [20] But you have been anointed by the Holy One, and you all have knowledge.(4) [21] I write to you, not because you do not know the truth, but because you know it, and because no lie is of the truth. [22] Who is the liar but he who denies that Jesus is the Christ? This is the antichrist, he who denies the Father and the Son. [23] No one who denies the Son has the Father. Whoever confesses the Son has the Father also. [24] Let what you heard from the beginning abide in you. If what you heard from the beginning abides in you, then you too will abide in the Son and in the Father. [25] And this is the promise that he made to us(5)\u2014eternal life.\n\n  [26] I write these things to you about those who are trying to deceive you. [27] But the anointing that you received from him abides in you, and you have no need that anyone should teach you. But as his anointing teaches you about everything, and is true, and is no lie\u2014just as it has taught you, abide in him.\n\nChildren of God\n\n  [28] And now, little children, abide in him, so that when he appears we may have confidence and not shrink from him in shame at his coming. [29] If you know that he is righteous, you may be sure that everyone who practices righteousness has been born of him.\n\nFootnotes\n\n(1) 2:8 Or *that*\n\n(2) 2:10 Or *it*\n\n(3) 2:16 Or *pride in possessions*\n\n(4) 2:20 Some manuscripts *you know everything*\n\n(5) 2:25 Some manuscripts *you*\n (ESV)"]}