{"query": "1 Peter 3", "canonical": "1 Peter 3", "parsed": [[60003001, 60003022]], "passage_meta": [{"canonical": "1 Peter 3", "chapter_start": [60003001, 60003022], "chapter_end": [60003001, 60003022], "prev_verse": 60002025, "next_verse": 60004001, "prev_chapter": [60002001, 60002025], "next_chapter": [60004001, 60004019]}], "passages": ["1 Peter 3\n\nWives and Husbands\n\n  [1] Likewise, wives, be subject to your own husbands, so that even if some do not obey the word, they may be won without a word by the conduct of their wives, [2] when they see your respectful and pure conduct. [3] Do not let your adorning be external\u2014the braiding of hair and the putting on of gold jewelry, or the clothing you wear\u2014[4] but let your adorning be the hidden person of the heart with the imperishable beauty of a gentle and quiet spirit, which in God\u2019s sight is very precious. [5] For this is how the holy women who hoped in God used to adorn themselves, by submitting to their own husbands, [6] as Sarah obeyed Abraham, calling him lord. And you are her children, if you do good and do not fear anything that is frightening.\n\n  [7] Likewise, husbands, live with your wives in an understanding way, showing honor to the woman as the weaker vessel, since they are heirs with you(1) of the grace of life, so that your prayers may not be hindered.\n\nSuffering for Righteousness\u2019 Sake\n\n  [8] Finally, all of you, have unity of mind, sympathy, brotherly love, a tender heart, and a humble mind. [9] Do not repay evil for evil or reviling for reviling, but on the contrary, bless, for to this you were called, that you may obtain a blessing. [10] For\n\n    \u201cWhoever desires to love life\n        and see good days,\n    let him keep his tongue from evil\n        and his lips from speaking deceit;\n    [11] let him turn away from evil and do good;\n        let him seek peace and pursue it.\n    [12] For the eyes of the Lord are on the righteous,\n        and his ears are open to their prayer.\n    But the face of the Lord is against those who do evil.\u201d\n    \n    \n      [13] Now who is there to harm you if you are zealous for what is good? [14] But even if you should suffer for righteousness\u2019 sake, you will be blessed. Have no fear of them, nor be troubled, [15] but in your hearts honor Christ the Lord as holy, always being prepared to make a defense to anyone who asks you for a reason for the hope that is in you; yet do it with gentleness and respect, [16] having a good conscience, so that, when you are slandered, those who revile your good behavior in Christ may be put to shame. [17] For it is better to suffer for doing good, if that should be God\u2019s will, than for doing evil.\n\n  [18] For Christ also suffered(2) once for sins, the righteous for the unrighteous, that he might bring us to God, being put to death in the flesh but made alive in the spirit, [19] in which(3) he went and proclaimed(4) to the spirits in prison, [20] because(5) they formerly did not obey, when God\u2019s patience waited in the days of Noah, while the ark was being prepared, in which a few, that is, eight persons, were brought safely through water. [21] Baptism, which corresponds to this, now saves you, not as a removal of dirt from the body but as an appeal to God for a good conscience, through the resurrection of Jesus Christ, [22] who has gone into heaven and is at the right hand of God, with angels, authorities, and powers having been subjected to him.\n\nFootnotes\n\n(1) 3:7 Some manuscripts *since you are joint heirs*\n\n(2) 3:18 Some manuscripts *died*\n\n(3) 3:19 Or *the Spirit, in whom*\n\n(4) 3:19 Or *preached*\n\n(5) 3:20 Or *when*\n (ESV)"]}