{"query": "1 Thessalonians 2", "canonical": "1 Thessalonians 2", "parsed": [[52002001, 52002020]], "passage_meta": [{"canonical": "1 Thessalonians 2", "chapter_start": [52002001, 52002020], "chapter_end": [52002001, 52002020], "prev_verse": 52001010, "next_verse": 52003001, "prev_chapter": [52001001, 52001010], "next_chapter": [52003001, 52003013]}], "passages": ["1 Thessalonians 2\n\nPaul\u2019s Ministry to the Thessalonians\n\n  [1] For you yourselves know, brothers,(1) that our coming to you was not in vain. [2] But though we had already suffered and been shamefully treated at Philippi, as you know, we had boldness in our God to declare to you the gospel of God in the midst of much conflict. [3] For our appeal does not spring from error or impurity or any attempt to deceive, [4] but just as we have been approved by God to be entrusted with the gospel, so we speak, not to please man, but to please God who tests our hearts. [5] For we never came with words of flattery,(2) as you know, nor with a pretext for greed\u2014God is witness. [6] Nor did we seek glory from people, whether from you or from others, though we could have made demands as apostles of Christ. [7] But we were gentle(3) among you, like a nursing mother taking care of her own children. [8] So, being affectionately desirous of you, we were ready to share with you not only the gospel of God but also our own selves, because you had become very dear to us.\n\n  [9] For you remember, brothers, our labor and toil: we worked night and day, that we might not be a burden to any of you, while we proclaimed to you the gospel of God. [10] You are witnesses, and God also, how holy and righteous and blameless was our conduct toward you believers. [11] For you know how, like a father with his children, [12] we exhorted each one of you and encouraged you and charged you to walk in a manner worthy of God, who calls you into his own kingdom and glory.\n\n  [13] And we also thank God constantly(4) for this, that when you received the word of God, which you heard from us, you accepted it not as the word of men(5) but as what it really is, the word of God, which is at work in you believers. [14] For you, brothers, became imitators of the churches of God in Christ Jesus that are in Judea. For you suffered the same things from your own countrymen as they did from the Jews,(6) [15] who killed both the Lord Jesus and the prophets, and drove us out, and displease God and oppose all mankind [16] by hindering us from speaking to the Gentiles that they might be saved\u2014so as always to fill up the measure of their sins. But wrath has come upon them at last!(7)\n\nPaul\u2019s Longing to See Them Again\n\n  [17] But since we were torn away from you, brothers, for a short time, in person not in heart, we endeavored the more eagerly and with great desire to see you face to face, [18] because we wanted to come to you\u2014I, Paul, again and again\u2014but Satan hindered us. [19] For what is our hope or joy or crown of boasting before our Lord Jesus at his coming? Is it not you? [20] For you are our glory and joy.\n\nFootnotes\n\n(1) 2:1 Or *brothers and sisters*; also verses 9, 14, 17\n\n(2) 2:5 Or *with a flattering speech*\n\n(3) 2:7 Some manuscripts *infants*\n\n(4) 2:13 Or *without ceasing*\n\n(5) 2:13 The Greek word *anthropoi* can refer to both men and women\n\n(6) 2:14 The Greek word *Ioudaioi* can refer to Jewish religious leaders, and others under their influence, who opposed the Christian faith in that time\n\n(7) 2:16 Or *completely*, or *forever*\n (ESV)"]}