{"query": "1 Thessalonians 3", "canonical": "1 Thessalonians 3", "parsed": [[52003001, 52003013]], "passage_meta": [{"canonical": "1 Thessalonians 3", "chapter_start": [52003001, 52003013], "chapter_end": [52003001, 52003013], "prev_verse": 52002020, "next_verse": 52004001, "prev_chapter": [52002001, 52002020], "next_chapter": [52004001, 52004018]}], "passages": ["1 Thessalonians 3\n\n  [1] Therefore when we could bear it no longer, we were willing to be left behind at Athens alone, [2] and we sent Timothy, our brother and God\u2019s coworker(1) in the gospel of Christ, to establish and exhort you in your faith, [3] that no one be moved by these afflictions. For you yourselves know that we are destined for this. [4] For when we were with you, we kept telling you beforehand that we were to suffer affliction, just as it has come to pass, and just as you know. [5] For this reason, when I could bear it no longer, I sent to learn about your faith, for fear that somehow the tempter had tempted you and our labor would be in vain.\n\nTimothy\u2019s Encouraging Report\n\n  [6] But now that Timothy has come to us from you, and has brought us the good news of your faith and love and reported that you always remember us kindly and long to see us, as we long to see you\u2014[7] for this reason, brothers,(2) in all our distress and affliction we have been comforted about you through your faith. [8] For now we live, if you are standing fast in the Lord. [9] For what thanksgiving can we return to God for you, for all the joy that we feel for your sake before our God, [10] as we pray most earnestly night and day that we may see you face to face and supply what is lacking in your faith?\n\n  [11] Now may our God and Father himself, and our Lord Jesus, direct our way to you, [12] and may the Lord make you increase and abound in love for one another and for all, as we do for you, [13] so that he may establish your hearts blameless in holiness before our God and Father, at the coming of our Lord Jesus with all his saints.\n\nFootnotes\n\n(1) 3:2 Some manuscripts *servant*\n\n(2) 3:7 Or *brothers and sisters*\n (ESV)"]}