{"query": "1 Thessalonians 1", "canonical": "1 Thessalonians 1", "parsed": [[52001001, 52001010]], "passage_meta": [{"canonical": "1 Thessalonians 1", "chapter_start": [52001001, 52001010], "chapter_end": [52001001, 52001010], "prev_verse": 51004018, "next_verse": 52002001, "prev_chapter": [51004001, 51004018], "next_chapter": [52002001, 52002020]}], "passages": ["1 Thessalonians 1\n\nGreeting\n\n  [1] Paul, Silvanus, and Timothy,\n\n  To the church of the Thessalonians in God the Father and the Lord Jesus Christ:\n\n  Grace to you and peace.\n\nThe Thessalonians\u2019 Faith and Example\n\n  [2] We give thanks to God always for all of you, constantly(1) mentioning you in our prayers, [3] remembering before our God and Father your work of faith and labor of love and steadfastness of hope in our Lord Jesus Christ. [4] For we know, brothers(2) loved by God, that he has chosen you, [5] because our gospel came to you not only in word, but also in power and in the Holy Spirit and with full conviction. You know what kind of men we proved to be among you for your sake. [6] And you became imitators of us and of the Lord, for you received the word in much affliction, with the joy of the Holy Spirit, [7] so that you became an example to all the believers in Macedonia and in Achaia. [8] For not only has the word of the Lord sounded forth from you in Macedonia and Achaia, but your faith in God has gone forth everywhere, so that we need not say anything. [9] For they themselves report concerning us the kind of reception we had among you, and how you turned to God from idols to serve the living and true God, [10] and to wait for his Son from heaven, whom he raised from the dead, Jesus who delivers us from the wrath to come.\n\nFootnotes\n\n(1) 1:2 Or *without ceasing*\n\n(2) 1:4 Or *brothers and sisters*. In New Testament usage, depending on the context, the plural Greek word *adelphoi* (translated \u201cbrothers\u201d) may refer either to *brothers* or to *brothers and sisters*\n (ESV)"]}