{"query": "1 Timothy 6", "canonical": "1 Timothy 6", "parsed": [[54006001, 54006021]], "passage_meta": [{"canonical": "1 Timothy 6", "chapter_start": [54006001, 54006021], "chapter_end": [54006001, 54006021], "prev_verse": 54005025, "next_verse": 55001001, "prev_chapter": [54005001, 54005025], "next_chapter": [55001001, 55001018]}], "passages": ["1 Timothy 6\n\n  [1] Let all who are under a yoke as bondservants(1) regard their own masters as worthy of all honor, so that the name of God and the teaching may not be reviled. [2] Those who have believing masters must not be disrespectful on the ground that they are brothers; rather they must serve all the better since those who benefit by their good service are believers and beloved.\n\nFalse Teachers and True Contentment\n\n   Teach and urge these things. [3] If anyone teaches a different doctrine and does not agree with the sound(2) words of our Lord Jesus Christ and the teaching that accords with godliness, [4] he is puffed up with conceit and understands nothing. He has an unhealthy craving for controversy and for quarrels about words, which produce envy, dissension, slander, evil suspicions, [5] and constant friction among people who are depraved in mind and deprived of the truth, imagining that godliness is a means of gain. [6] But godliness with contentment is great gain, [7] for we brought nothing into the world, and(3) we cannot take anything out of the world. [8] But if we have food and clothing, with these we will be content. [9] But those who desire to be rich fall into temptation, into a snare, into many senseless and harmful desires that plunge people into ruin and destruction. [10] For the love of money is a root of all kinds of evils. It is through this craving that some have wandered away from the faith and pierced themselves with many pangs.\n\nFight the Good Fight of Faith\n\n  [11] But as for you, O man of God, flee these things. Pursue righteousness, godliness, faith, love, steadfastness, gentleness. [12] Fight the good fight of the faith. Take hold of the eternal life to which you were called and about which you made the good confession in the presence of many witnesses. [13] I charge you in the presence of God, who gives life to all things, and of Christ Jesus, who in his testimony before(4) Pontius Pilate made the good confession, [14] to keep the commandment unstained and free from reproach until the appearing of our Lord Jesus Christ, [15] which he will display at the proper time\u2014he who is the blessed and only Sovereign, the King of kings and Lord of lords, [16] who alone has immortality, who dwells in unapproachable light, whom no one has ever seen or can see. To him be honor and eternal dominion. Amen.\n\n  [17] As for the rich in this present age, charge them not to be haughty, nor to set their hopes on the uncertainty of riches, but on God, who richly provides us with everything to enjoy. [18] They are to do good, to be rich in good works, to be generous and ready to share, [19] thus storing up treasure for themselves as a good foundation for the future, so that they may take hold of that which is truly life.\n\n  [20] O Timothy, guard the deposit entrusted to you. Avoid the irreverent babble and contradictions of what is falsely called \u201cknowledge,\u201d [21] for by professing it some have swerved from the faith.\n\n  Grace be with you.(5)\n\nFootnotes\n\n(1) 6:1 For the contextual rendering of the Greek word *doulos*, see Preface\n\n(2) 6:3 Or *healthy*\n\n(3) 6:7 Greek *for*; some manuscripts insert [it is] *certain* [that]\n\n(4) 6:13 Or *in the time of*\n\n(5) 6:21 The Greek for *you* is plural\n (ESV)"]}