{"query": "1 Timothy 3", "canonical": "1 Timothy 3", "parsed": [[54003001, 54003016]], "passage_meta": [{"canonical": "1 Timothy 3", "chapter_start": [54003001, 54003016], "chapter_end": [54003001, 54003016], "prev_verse": 54002015, "next_verse": 54004001, "prev_chapter": [54002001, 54002015], "next_chapter": [54004001, 54004016]}], "passages": ["1 Timothy 3\n\nQualifications for Overseers\n\n  [1] The saying is trustworthy: If anyone aspires to the office of overseer, he desires a noble task. [2] Therefore an overseer(1) must be above reproach, the husband of one wife,(2) sober-minded, self-controlled, respectable, hospitable, able to teach, [3] not a drunkard, not violent but gentle, not quarrelsome, not a lover of money. [4] He must manage his own household well, with all dignity keeping his children submissive, [5] for if someone does not know how to manage his own household, how will he care for God\u2019s church? [6] He must not be a recent convert, or he may become puffed up with conceit and fall into the condemnation of the devil. [7] Moreover, he must be well thought of by outsiders, so that he may not fall into disgrace, into a snare of the devil.\n\nQualifications for Deacons\n\n  [8] Deacons likewise must be dignified, not double-tongued,(3) not addicted to much wine, not greedy for dishonest gain. [9] They must hold the mystery of the faith with a clear conscience. [10] And let them also be tested first; then let them serve as deacons if they prove themselves blameless. [11] Their wives likewise(4) must be dignified, not slanderers, but sober-minded, faithful in all things. [12] Let deacons each be the husband of one wife, managing their children and their own households well. [13] For those who serve well as deacons gain a good standing for themselves and also great confidence in the faith that is in Christ Jesus.\n\nThe Mystery of Godliness\n\n  [14] I hope to come to you soon, but I am writing these things to you so that, [15] if I delay, you may know how one ought to behave in the household of God, which is the church of the living God, a pillar and buttress of the truth. [16] Great indeed, we confess, is the mystery of godliness:\n\n    He(5) was manifested in the flesh,\n        vindicated(6) by the Spirit,(7)\n            seen by angels,\n    proclaimed among the nations,\n        believed on in the world,\n            taken up in glory.\n    \n\nFootnotes\n\n(1) 3:2 Or *bishop*; Greek *episkopos*; a similar term occurs in verse 1\n\n(2) 3:2 Or *a man of one woman*; also verse 12\n\n(3) 3:8 Or *devious in speech*\n\n(4) 3:11 Or *Wives likewise*, or *Women likewise*\n\n(5) 3:16 Greek *Who*; some manuscripts *God*; others *Which*\n\n(6) 3:16 Or *justified*\n\n(7) 3:16 Or *vindicated in spirit*\n (ESV)"]}