{"query": "1 Timothy 4", "canonical": "1 Timothy 4", "parsed": [[54004001, 54004016]], "passage_meta": [{"canonical": "1 Timothy 4", "chapter_start": [54004001, 54004016], "chapter_end": [54004001, 54004016], "prev_verse": 54003016, "next_verse": 54005001, "prev_chapter": [54003001, 54003016], "next_chapter": [54005001, 54005025]}], "passages": ["1 Timothy 4\n\nSome Will Depart from the Faith\n\n  [1] Now the Spirit expressly says that in later times some will depart from the faith by devoting themselves to deceitful spirits and teachings of demons, [2] through the insincerity of liars whose consciences are seared, [3] who forbid marriage and require abstinence from foods that God created to be received with thanksgiving by those who believe and know the truth. [4] For everything created by God is good, and nothing is to be rejected if it is received with thanksgiving, [5] for it is made holy by the word of God and prayer.\n\nA Good Servant of Christ Jesus\n\n  [6] If you put these things before the brothers,(1) you will be a good servant of Christ Jesus, being trained in the words of the faith and of the good doctrine that you have followed. [7] Have nothing to do with irreverent, silly myths. Rather train yourself for godliness; [8] for while bodily training is of some value, godliness is of value in every way, as it holds promise for the present life and also for the life to come. [9] The saying is trustworthy and deserving of full acceptance. [10] For to this end we toil and strive,(2) because we have our hope set on the living God, who is the Savior of all people, especially of those who believe.\n\n  [11] Command and teach these things. [12] Let no one despise you for your youth, but set the believers an example in speech, in conduct, in love, in faith, in purity. [13] Until I come, devote yourself to the public reading of Scripture, to exhortation, to teaching. [14] Do not neglect the gift you have, which was given you by prophecy when the council of elders laid their hands on you. [15] Practice these things, immerse yourself in them,(3) so that all may see your progress. [16] Keep a close watch on yourself and on the teaching. Persist in this, for by so doing you will save both yourself and your hearers.\n\nFootnotes\n\n(1) 4:6 Or *brothers and sisters*. In New Testament usage, depending on the context, the plural Greek word *adelphoi* (translated \u201cbrothers\u201d) may refer either to *brothers* or to *brothers and sisters*\n\n(2) 4:10 Some manuscripts *and suffer reproach*\n\n(3) 4:15 Greek *be in them*\n (ESV)"]}