{"query": "1 Timothy 2", "canonical": "1 Timothy 2", "parsed": [[54002001, 54002015]], "passage_meta": [{"canonical": "1 Timothy 2", "chapter_start": [54002001, 54002015], "chapter_end": [54002001, 54002015], "prev_verse": 54001020, "next_verse": 54003001, "prev_chapter": [54001001, 54001020], "next_chapter": [54003001, 54003016]}], "passages": ["1 Timothy 2\n\nPray for All People\n\n  [1] First of all, then, I urge that supplications, prayers, intercessions, and thanksgivings be made for all people, [2] for kings and all who are in high positions, that we may lead a peaceful and quiet life, godly and dignified in every way. [3] This is good, and it is pleasing in the sight of God our Savior, [4] who desires all people to be saved and to come to the knowledge of the truth. [5] For there is one God, and there is one mediator between God and men, the man(1) Christ Jesus, [6] who gave himself as a ransom for all, which is the testimony given at the proper time. [7] For this I was appointed a preacher and an apostle (I am telling the truth, I am not lying), a teacher of the Gentiles in faith and truth.\n\n  [8] I desire then that in every place the men should pray, lifting holy hands without anger or quarreling; [9] likewise also that women should adorn themselves in respectable apparel, with modesty and self-control, not with braided hair and gold or pearls or costly attire, [10] but with what is proper for women who profess godliness\u2014with good works. [11] Let a woman learn quietly with all submissiveness. [12] I do not permit a woman to teach or to exercise authority over a man; rather, she is to remain quiet. [13] For Adam was formed first, then Eve; [14] and Adam was not deceived, but the woman was deceived and became a transgressor. [15] Yet she will be saved through childbearing\u2014if they continue in faith and love and holiness, with self-control.\n\nFootnotes\n\n(1) 2:5 *men* and *man* render the same Greek word that is translated *people* in verses 1 and 4\n (ESV)"]}