{"query": "2 Corinthians 4", "canonical": "2 Corinthians 4", "parsed": [[47004001, 47004018]], "passage_meta": [{"canonical": "2 Corinthians 4", "chapter_start": [47004001, 47004018], "chapter_end": [47004001, 47004018], "prev_verse": 47003018, "next_verse": 47005001, "prev_chapter": [47003001, 47003018], "next_chapter": [47005001, 47005021]}], "passages": ["2 Corinthians 4\n\nThe Light of the Gospel\n\n  [1] Therefore, having this ministry by the mercy of God,(1) we do not lose heart. [2] But we have renounced disgraceful, underhanded ways. We refuse to practice(2) cunning or to tamper with God\u2019s word, but by the open statement of the truth we would commend ourselves to everyone\u2019s conscience in the sight of God. [3] And even if our gospel is veiled, it is veiled to those who are perishing. [4] In their case the god of this world has blinded the minds of the unbelievers, to keep them from seeing the light of the gospel of the glory of Christ, who is the image of God. [5] For what we proclaim is not ourselves, but Jesus Christ as Lord, with ourselves as your servants(3) for Jesus\u2019 sake. [6] For God, who said, \u201cLet light shine out of darkness,\u201d has shone in our hearts to give the light of the knowledge of the glory of God in the face of Jesus Christ.\n\nTreasure in Jars of Clay\n\n  [7] But we have this treasure in jars of clay, to show that the surpassing power belongs to God and not to us. [8] We are afflicted in every way, but not crushed; perplexed, but not driven to despair; [9] persecuted, but not forsaken; struck down, but not destroyed; [10] always carrying in the body the death of Jesus, so that the life of Jesus may also be manifested in our bodies. [11] For we who live are always being given over to death for Jesus\u2019 sake, so that the life of Jesus also may be manifested in our mortal flesh. [12] So death is at work in us, but life in you.\n\n  [13] Since we have the same spirit of faith according to what has been written, \u201cI believed, and so I spoke,\u201d we also believe, and so we also speak, [14] knowing that he who raised the Lord Jesus will raise us also with Jesus and bring us with you into his presence. [15] For it is all for your sake, so that as grace extends to more and more people it may increase thanksgiving, to the glory of God.\n\n  [16] So we do not lose heart. Though our outer self(4) is wasting away, our inner self is being renewed day by day. [17] For this light momentary affliction is preparing for us an eternal weight of glory beyond all comparison, [18] as we look not to the things that are seen but to the things that are unseen. For the things that are seen are transient, but the things that are unseen are eternal.\n\nFootnotes\n\n(1) 4:1 Greek *having this ministry as we have received mercy*\n\n(2) 4:2 Greek *to walk in*\n\n(3) 4:5 Or *slaves* (for the contextual rendering of the Greek word *doulos*, see Preface)\n\n(4) 4:16 Greek *man*\n (ESV)"]}