{"query": "2 Corinthians 6", "canonical": "2 Corinthians 6", "parsed": [[47006001, 47006018]], "passage_meta": [{"canonical": "2 Corinthians 6", "chapter_start": [47006001, 47006018], "chapter_end": [47006001, 47006018], "prev_verse": 47005021, "next_verse": 47007001, "prev_chapter": [47005001, 47005021], "next_chapter": [47007001, 47007016]}], "passages": ["2 Corinthians 6\n\n  [1] Working together with him, then, we appeal to you not to receive the grace of God in vain. [2] For he says,\n\n    \u201cIn a favorable time I listened to you,\n        and in a day of salvation I have helped you.\u201d\n    \n    \n      Behold, now is the favorable time; behold, now is the day of salvation. [3] We put no obstacle in anyone\u2019s way, so that no fault may be found with our ministry, [4] but as servants of God we commend ourselves in every way: by great endurance, in afflictions, hardships, calamities, [5] beatings, imprisonments, riots, labors, sleepless nights, hunger; [6] by purity, knowledge, patience, kindness, the Holy Spirit, genuine love; [7] by truthful speech, and the power of God; with the weapons of righteousness for the right hand and for the left; [8] through honor and dishonor, through slander and praise. We are treated as impostors, and yet are true; [9] as unknown, and yet well known; as dying, and behold, we live; as punished, and yet not killed; [10] as sorrowful, yet always rejoicing; as poor, yet making many rich; as having nothing, yet possessing everything.\n\n  [11] We have spoken freely to you,(1) Corinthians; our heart is wide open. [12] You are not restricted by us, but you are restricted in your own affections. [13] In return (I speak as to children) widen your hearts also.\n\nThe Temple of the Living God\n\n  [14] Do not be unequally yoked with unbelievers. For what partnership has righteousness with lawlessness? Or what fellowship has light with darkness? [15] What accord has Christ with Belial?(2) Or what portion does a believer share with an unbeliever? [16] What agreement has the temple of God with idols? For we are the temple of the living God; as God said,\n\n    \u201cI will make my dwelling among them and walk among them,\n        and I will be their God,\n        and they shall be my people.\n    [17] Therefore go out from their midst,\n        and be separate from them, says the Lord,\n    and touch no unclean thing;\n        then I will welcome you,\n    [18] and I will be a father to you,\n        and you shall be sons and daughters to me,\n    says the Lord Almighty.\u201d\n    \n\nFootnotes\n\n(1) 6:11 Greek *Our mouth is open to you*\n\n(2) 6:15 Greek *Beliar*\n (ESV)"]}