{"query": "2 Corinthians 1", "canonical": "2 Corinthians 1", "parsed": [[47001001, 47001024]], "passage_meta": [{"canonical": "2 Corinthians 1", "chapter_start": [47001001, 47001024], "chapter_end": [47001001, 47001024], "prev_verse": 46016024, "next_verse": 47002001, "prev_chapter": [46016001, 46016024], "next_chapter": [47002001, 47002017]}], "passages": ["2 Corinthians 1\n\nGreeting\n\n  [1] Paul, an apostle of Christ Jesus by the will of God, and Timothy our brother,\n\n  To the church of God that is at Corinth, with all the saints who are in the whole of Achaia:\n\n  [2] Grace to you and peace from God our Father and the Lord Jesus Christ.\n\nGod of All Comfort\n\n  [3] Blessed be the God and Father of our Lord Jesus Christ, the Father of mercies and God of all comfort, [4] who comforts us in all our affliction, so that we may be able to comfort those who are in any affliction, with the comfort with which we ourselves are comforted by God. [5] For as we share abundantly in Christ\u2019s sufferings, so through Christ we share abundantly in comfort too.(1) [6] If we are afflicted, it is for your comfort and salvation; and if we are comforted, it is for your comfort, which you experience when you patiently endure the same sufferings that we suffer. [7] Our hope for you is unshaken, for we know that as you share in our sufferings, you will also share in our comfort.\n\n  [8] For we do not want you to be unaware, brothers,(2) of the affliction we experienced in Asia. For we were so utterly burdened beyond our strength that we despaired of life itself. [9] Indeed, we felt that we had received the sentence of death. But that was to make us rely not on ourselves but on God who raises the dead. [10] He delivered us from such a deadly peril, and he will deliver us. On him we have set our hope that he will deliver us again. [11] You also must help us by prayer, so that many will give thanks on our behalf for the blessing granted us through the prayers of many.\n\nPaul\u2019s Change of Plans\n\n  [12] For our boast is this, the testimony of our conscience, that we behaved in the world with simplicity(3) and godly sincerity, not by earthly wisdom but by the grace of God, and supremely so toward you. [13] For we are not writing to you anything other than what you read and understand and I hope you will fully understand\u2014[14] just as you did partially understand us\u2014that on the day of our Lord Jesus you will boast of us as we will boast of you.\n\n  [15] Because I was sure of this, I wanted to come to you first, so that you might have a second experience of grace. [16] I wanted to visit you on my way to Macedonia, and to come back to you from Macedonia and have you send me on my way to Judea. [17] Was I vacillating when I wanted to do this? Do I make my plans according to the flesh, ready to say \u201cYes, yes\u201d and \u201cNo, no\u201d at the same time? [18] As surely as God is faithful, our word to you has not been Yes and No. [19] For the Son of God, Jesus Christ, whom we proclaimed among you, Silvanus and Timothy and I, was not Yes and No, but in him it is always Yes. [20] For all the promises of God find their Yes in him. That is why it is through him that we utter our Amen to God for his glory. [21] And it is God who establishes us with you in Christ, and has anointed us, [22] and who has also put his seal on us and given us his Spirit in our hearts as a guarantee.(4)\n\n  [23] But I call God to witness against me\u2014it was to spare you that I refrained from coming again to Corinth. [24] Not that we lord it over your faith, but we work with you for your joy, for you stand firm in your faith.\n\nFootnotes\n\n(1) 1:5 Or *For as the sufferings of Christ abound for us, so also our comfort abounds through Christ*\n\n(2) 1:8 Or *brothers and sisters*. In New Testament usage, depending on the context, the plural Greek word *adelphoi* (translated \u201cbrothers\u201d) may refer either to *brothers* or to *brothers and sisters*\n\n(3) 1:12 Some manuscripts *holiness*\n\n(4) 1:22 Or *down payment*\n (ESV)"]}