{"query": "2 Corinthians 3", "canonical": "2 Corinthians 3", "parsed": [[47003001, 47003018]], "passage_meta": [{"canonical": "2 Corinthians 3", "chapter_start": [47003001, 47003018], "chapter_end": [47003001, 47003018], "prev_verse": 47002017, "next_verse": 47004001, "prev_chapter": [47002001, 47002017], "next_chapter": [47004001, 47004018]}], "passages": ["2 Corinthians 3\n\nMinisters of the New Covenant\n\n  [1] Are we beginning to commend ourselves again? Or do we need, as some do, letters of recommendation to you, or from you? [2] You yourselves are our letter of recommendation, written on our(1) hearts, to be known and read by all. [3] And you show that you are a letter from Christ delivered by us, written not with ink but with the Spirit of the living God, not on tablets of stone but on tablets of human hearts.(2)\n\n  [4] Such is the confidence that we have through Christ toward God. [5] Not that we are sufficient in ourselves to claim anything as coming from us, but our sufficiency is from God, [6] who has made us sufficient to be ministers of a new covenant, not of the letter but of the Spirit. For the letter kills, but the Spirit gives life.\n\n  [7] Now if the ministry of death, carved in letters on stone, came with such glory that the Israelites could not gaze at Moses\u2019 face because of its glory, which was being brought to an end, [8] will not the ministry of the Spirit have even more glory? [9] For if there was glory in the ministry of condemnation, the ministry of righteousness must far exceed it in glory. [10] Indeed, in this case, what once had glory has come to have no glory at all, because of the glory that surpasses it. [11] For if what was being brought to an end came with glory, much more will what is permanent have glory.\n\n  [12] Since we have such a hope, we are very bold, [13] not like Moses, who would put a veil over his face so that the Israelites might not gaze at the outcome of what was being brought to an end. [14] But their minds were hardened. For to this day, when they read the old covenant, that same veil remains unlifted, because only through Christ is it taken away. [15] Yes, to this day whenever Moses is read a veil lies over their hearts. [16] But when one(3) turns to the Lord, the veil is removed. [17] Now the Lord(4) is the Spirit, and where the Spirit of the Lord is, there is freedom. [18] And we all, with unveiled face, beholding the glory of the Lord,(5) are being transformed into the same image from one degree of glory to another.(6) For this comes from the Lord who is the Spirit.\n\nFootnotes\n\n(1) 3:2 Some manuscripts *your*\n\n(2) 3:3 Greek *fleshly hearts*\n\n(3) 3:16 Greek *he*\n\n(4) 3:17 Or *this Lord*\n\n(5) 3:18 Or *reflecting the glory of the Lord*\n\n(6) 3:18 Greek *from glory to glory*\n (ESV)"]}