{"query": "2 Corinthians 9", "canonical": "2 Corinthians 9", "parsed": [[47009001, 47009015]], "passage_meta": [{"canonical": "2 Corinthians 9", "chapter_start": [47009001, 47009015], "chapter_end": [47009001, 47009015], "prev_verse": 47008024, "next_verse": 47010001, "prev_chapter": [47008001, 47008024], "next_chapter": [47010001, 47010018]}], "passages": ["2 Corinthians 9\n\nThe Collection for Christians in Jerusalem\n\n  [1] Now it is superfluous for me to write to you about the ministry for the saints, [2] for I know your readiness, of which I boast about you to the people of Macedonia, saying that Achaia has been ready since last year. And your zeal has stirred up most of them. [3] But I am sending(1) the brothers so that our boasting about you may not prove empty in this matter, so that you may be ready, as I said you would be. [4] Otherwise, if some Macedonians come with me and find that you are not ready, we would be humiliated\u2014to say nothing of you\u2014for being so confident. [5] So I thought it necessary to urge the brothers to go on ahead to you and arrange in advance for the gift(2) you have promised, so that it may be ready as a willing gift, not as an exaction.(3)\n\nThe Cheerful Giver\n\n  [6] The point is this: whoever sows sparingly will also reap sparingly, and whoever sows bountifully(4) will also reap bountifully. [7] Each one must give as he has decided in his heart, not reluctantly or under compulsion, for God loves a cheerful giver. [8] And God is able to make all grace abound to you, so that having all sufficiency(5) in all things at all times, you may abound in every good work. [9] As it is written,\n\n    \u201cHe has distributed freely, he has given to the poor;\n        his righteousness endures forever.\u201d\n    \n    \n      [10] He who supplies seed to the sower and bread for food will supply and multiply your seed for sowing and increase the harvest of your righteousness. [11] You will be enriched in every way to be generous in every way, which through us will produce thanksgiving to God. [12] For the ministry of this service is not only supplying the needs of the saints but is also overflowing in many thanksgivings to God. [13] By their approval of this service, they(6) will glorify God because of your submission that comes from your confession of the gospel of Christ, and the generosity of your contribution for them and for all others, [14] while they long for you and pray for you, because of the surpassing grace of God upon you. [15] Thanks be to God for his inexpressible gift!\n\nFootnotes\n\n(1) 9:3 Or *I have sent*\n\n(2) 9:5 Greek *blessing*; twice in this verse\n\n(3) 9:5 Or *a gift expecting something in return*; Greek *greed*\n\n(4) 9:6 Greek *with blessings*; twice in this verse\n\n(5) 9:8 Or *all contentment*\n\n(6) 9:13 Or *you*\n (ESV)"]}