{"query": "2 Peter 3", "canonical": "2 Peter 3", "parsed": [[61003001, 61003018]], "passage_meta": [{"canonical": "2 Peter 3", "chapter_start": [61003001, 61003018], "chapter_end": [61003001, 61003018], "prev_verse": 61002022, "next_verse": 62001001, "prev_chapter": [61002001, 61002022], "next_chapter": [62001001, 62001010]}], "passages": ["2 Peter 3\n\nThe Day of the Lord Will Come\n\n  [1] This is now the second letter that I am writing to you, beloved. In both of them I am stirring up your sincere mind by way of reminder, [2] that you should remember the predictions of the holy prophets and the commandment of the Lord and Savior through your apostles, [3] knowing this first of all, that scoffers will come in the last days with scoffing, following their own sinful desires. [4] They will say, \u201cWhere is the promise of his coming? For ever since the fathers fell asleep, all things are continuing as they were from the beginning of creation.\u201d [5] For they deliberately overlook this fact, that the heavens existed long ago, and the earth was formed out of water and through water by the word of God, [6] and that by means of these the world that then existed was deluged with water and perished. [7] But by the same word the heavens and earth that now exist are stored up for fire, being kept until the day of judgment and destruction of the ungodly.\n\n  [8] But do not overlook this one fact, beloved, that with the Lord one day is as a thousand years, and a thousand years as one day. [9] The Lord is not slow to fulfill his promise as some count slowness, but is patient toward you,(1) not wishing that any should perish, but that all should reach repentance. [10] But the day of the Lord will come like a thief, and then the heavens will pass away with a roar, and the heavenly bodies(2) will be burned up and dissolved, and the earth and the works that are done on it will be exposed.(3)\n\n  [11] Since all these things are thus to be dissolved, what sort of people ought you to be in lives of holiness and godliness, [12] waiting for and hastening the coming of the day of God, because of which the heavens will be set on fire and dissolved, and the heavenly bodies will melt as they burn! [13] But according to his promise we are waiting for new heavens and a new earth in which righteousness dwells.\n\nFinal Words\n\n  [14] Therefore, beloved, since you are waiting for these, be diligent to be found by him without spot or blemish, and at peace. [15] And count the patience of our Lord as salvation, just as our beloved brother Paul also wrote to you according to the wisdom given him, [16] as he does in all his letters when he speaks in them of these matters. There are some things in them that are hard to understand, which the ignorant and unstable twist to their own destruction, as they do the other Scriptures. [17] You therefore, beloved, knowing this beforehand, take care that you are not carried away with the error of lawless people and lose your own stability. [18] But grow in the grace and knowledge of our Lord and Savior Jesus Christ. To him be the glory both now and to the day of eternity. Amen.\n\nFootnotes\n\n(1) 3:9 Some manuscripts *on your account*\n\n(2) 3:10 Or *elements*; also verse 12\n\n(3) 3:10 Greek *found*; some manuscripts *will be burned up*\n (ESV)"]}