{"query": "2 Peter 2", "canonical": "2 Peter 2", "parsed": [[61002001, 61002022]], "passage_meta": [{"canonical": "2 Peter 2", "chapter_start": [61002001, 61002022], "chapter_end": [61002001, 61002022], "prev_verse": 61001021, "next_verse": 61003001, "prev_chapter": [61001001, 61001021], "next_chapter": [61003001, 61003018]}], "passages": ["2 Peter 2\n\nFalse Prophets and Teachers\n\n  [1] But false prophets also arose among the people, just as there will be false teachers among you, who will secretly bring in destructive heresies, even denying the Master who bought them, bringing upon themselves swift destruction. [2] And many will follow their sensuality, and because of them the way of truth will be blasphemed. [3] And in their greed they will exploit you with false words. Their condemnation from long ago is not idle, and their destruction is not asleep.\n\n  [4] For if God did not spare angels when they sinned, but cast them into hell(1) and committed them to chains(2) of gloomy darkness to be kept until the judgment; [5] if he did not spare the ancient world, but preserved Noah, a herald of righteousness, with seven others, when he brought a flood upon the world of the ungodly; [6] if by turning the cities of Sodom and Gomorrah to ashes he condemned them to extinction, making them an example of what is going to happen to the ungodly;(3) [7] and if he rescued righteous Lot, greatly distressed by the sensual conduct of the wicked [8] (for as that righteous man lived among them day after day, he was tormenting his righteous soul over their lawless deeds that he saw and heard); [9] then the Lord knows how to rescue the godly from trials,(4) and to keep the unrighteous under punishment until the day of judgment, [10] and especially those who indulge(5) in the lust of defiling passion and despise authority.\n\n  Bold and willful, they do not tremble as they blaspheme the glorious ones, [11] whereas angels, though greater in might and power, do not pronounce a blasphemous judgment against them before the Lord. [12] But these, like irrational animals, creatures of instinct, born to be caught and destroyed, blaspheming about matters of which they are ignorant, will also be destroyed in their destruction, [13] suffering wrong as the wage for their wrongdoing. They count it pleasure to revel in the daytime. They are blots and blemishes, reveling in their deceptions,(6) while they feast with you. [14] They have eyes full of adultery,(7) insatiable for sin. They entice unsteady souls. They have hearts trained in greed. Accursed children! [15] Forsaking the right way, they have gone astray. They have followed the way of Balaam, the son of Beor, who loved gain from wrongdoing, [16] but was rebuked for his own transgression; a speechless donkey spoke with human voice and restrained the prophet\u2019s madness.\n\n  [17] These are waterless springs and mists driven by a storm. For them the gloom of utter darkness has been reserved. [18] For, speaking loud boasts of folly, they entice by sensual passions of the flesh those who are barely escaping from those who live in error. [19] They promise them freedom, but they themselves are slaves(8) of corruption. For whatever overcomes a person, to that he is enslaved. [20] For if, after they have escaped the defilements of the world through the knowledge of our Lord and Savior Jesus Christ, they are again entangled in them and overcome, the last state has become worse for them than the first. [21] For it would have been better for them never to have known the way of righteousness than after knowing it to turn back from the holy commandment delivered to them. [22] What the true proverb says has happened to them: \u201cThe dog returns to its own vomit, and the sow, after washing herself, returns to wallow in the mire.\u201d\n\nFootnotes\n\n(1) 2:4 Greek *Tartarus*\n\n(2) 2:4 Some manuscripts *pits*\n\n(3) 2:6 Some manuscripts *an example to those who were to be ungodly*\n\n(4) 2:9 Or *temptations*\n\n(5) 2:10 Greek *who go after the flesh*\n\n(6) 2:13 Some manuscripts *love feasts*\n\n(7) 2:14 Or *eyes full of an adulteress*\n\n(8) 2:19 For the contextual rendering of the Greek word *doulos*, see Preface\n (ESV)"]}