{"query": "2 Thessalonians 1", "canonical": "2 Thessalonians 1", "parsed": [[53001001, 53001012]], "passage_meta": [{"canonical": "2 Thessalonians 1", "chapter_start": [53001001, 53001012], "chapter_end": [53001001, 53001012], "prev_verse": 52005028, "next_verse": 53002001, "prev_chapter": [52005001, 52005028], "next_chapter": [53002001, 53002017]}], "passages": ["2 Thessalonians 1\n\nGreeting\n\n  [1] Paul, Silvanus, and Timothy,\n\n  To the church of the Thessalonians in God our Father and the Lord Jesus Christ:\n\n  [2] Grace to you and peace from God our Father and the Lord Jesus Christ.\n\nThanksgiving\n\n  [3] We ought always to give thanks to God for you, brothers,(1) as is right, because your faith is growing abundantly, and the love of every one of you for one another is increasing. [4] Therefore we ourselves boast about you in the churches of God for your steadfastness and faith in all your persecutions and in the afflictions that you are enduring.\n\nThe Judgment at Christ\u2019s Coming\n\n  [5] This is evidence of the righteous judgment of God, that you may be considered worthy of the kingdom of God, for which you are also suffering\u2014[6] since indeed God considers it just to repay with affliction those who afflict you, [7] and to grant relief to you who are afflicted as well as to us, when the Lord Jesus is revealed from heaven with his mighty angels [8] in flaming fire, inflicting vengeance on those who do not know God and on those who do not obey the gospel of our Lord Jesus. [9] They will suffer the punishment of eternal destruction, away from(2) the presence of the Lord and from the glory of his might, [10] when he comes on that day to be glorified in his saints, and to be marveled at among all who have believed, because our testimony to you was believed. [11] To this end we always pray for you, that our God may make you worthy of his calling and may fulfill every resolve for good and every work of faith by his power, [12] so that the name of our Lord Jesus may be glorified in you, and you in him, according to the grace of our God and the Lord Jesus Christ.\n\nFootnotes\n\n(1) 1:3 Or *brothers and sisters*. In New Testament usage, depending on the context, the plural Greek word *adelphoi* (translated \u201cbrothers\u201d) may refer either to *brothers* or to *brothers and sisters*\n\n(2) 1:9 Or *destruction that comes from*\n (ESV)"]}