{"query": "2 Thessalonians 2", "canonical": "2 Thessalonians 2", "parsed": [[53002001, 53002017]], "passage_meta": [{"canonical": "2 Thessalonians 2", "chapter_start": [53002001, 53002017], "chapter_end": [53002001, 53002017], "prev_verse": 53001012, "next_verse": 53003001, "prev_chapter": [53001001, 53001012], "next_chapter": [53003001, 53003018]}], "passages": ["2 Thessalonians 2\n\nThe Man of Lawlessness\n\n  [1] Now concerning the coming of our Lord Jesus Christ and our being gathered together to him, we ask you, brothers,(1) [2] not to be quickly shaken in mind or alarmed, either by a spirit or a spoken word, or a letter seeming to be from us, to the effect that the day of the Lord has come. [3] Let no one deceive you in any way. For that day will not come, unless the rebellion comes first, and the man of lawlessness(2) is revealed, the son of destruction,(3) [4] who opposes and exalts himself against every so-called god or object of worship, so that he takes his seat in the temple of God, proclaiming himself to be God. [5] Do you not remember that when I was still with you I told you these things? [6] And you know what is restraining him now so that he may be revealed in his time. [7] For the mystery of lawlessness is already at work. Only he who now restrains it will do so until he is out of the way. [8] And then the lawless one will be revealed, whom the Lord Jesus will kill with the breath of his mouth and bring to nothing by the appearance of his coming. [9] The coming of the lawless one is by the activity of Satan with all power and false signs and wonders, [10] and with all wicked deception for those who are perishing, because they refused to love the truth and so be saved. [11] Therefore God sends them a strong delusion, so that they may believe what is false, [12] in order that all may be condemned who did not believe the truth but had pleasure in unrighteousness.\n\nStand Firm\n\n  [13] But we ought always to give thanks to God for you, brothers beloved by the Lord, because God chose you as the firstfruits(4) to be saved, through sanctification by the Spirit and belief in the truth. [14] To this he called you through our gospel, so that you may obtain the glory of our Lord Jesus Christ. [15] So then, brothers, stand firm and hold to the traditions that you were taught by us, either by our spoken word or by our letter.\n\n  [16] Now may our Lord Jesus Christ himself, and God our Father, who loved us and gave us eternal comfort and good hope through grace, [17] comfort your hearts and establish them in every good work and word.\n\nFootnotes\n\n(1) 2:1 Or *brothers and sisters*; also verses 13, 15\n\n(2) 2:3 Some manuscripts *sin*\n\n(3) 2:3 Greek *the son of perdition* (a Hebrew idiom)\n\n(4) 2:13 Some manuscripts *chose you from the beginning*\n (ESV)"]}