{"query": "2 Thessalonians 3", "canonical": "2 Thessalonians 3", "parsed": [[53003001, 53003018]], "passage_meta": [{"canonical": "2 Thessalonians 3", "chapter_start": [53003001, 53003018], "chapter_end": [53003001, 53003018], "prev_verse": 53002017, "next_verse": 54001001, "prev_chapter": [53002001, 53002017], "next_chapter": [54001001, 54001020]}], "passages": ["2 Thessalonians 3\n\nPray for Us\n\n  [1] Finally, brothers,(1) pray for us, that the word of the Lord may speed ahead and be honored,(2) as happened among you, [2] and that we may be delivered from wicked and evil men. For not all have faith. [3] But the Lord is faithful. He will establish you and guard you against the evil one.(3) [4] And we have confidence in the Lord about you, that you are doing and will do the things that we command. [5] May the Lord direct your hearts to the love of God and to the steadfastness of Christ.\n\nWarning Against Idleness\n\n  [6] Now we command you, brothers, in the name of our Lord Jesus Christ, that you keep away from any brother who is walking in idleness and not in accord with the tradition that you received from us. [7] For you yourselves know how you ought to imitate us, because we were not idle when we were with you, [8] nor did we eat anyone\u2019s bread without paying for it, but with toil and labor we worked night and day, that we might not be a burden to any of you. [9] It was not because we do not have that right, but to give you in ourselves an example to imitate. [10] For even when we were with you, we would give you this command: If anyone is not willing to work, let him not eat. [11] For we hear that some among you walk in idleness, not busy at work, but busybodies. [12] Now such persons we command and encourage in the Lord Jesus Christ to do their work quietly and to earn their own living.(4)\n\n  [13] As for you, brothers, do not grow weary in doing good. [14] If anyone does not obey what we say in this letter, take note of that person, and have nothing to do with him, that he may be ashamed. [15] Do not regard him as an enemy, but warn him as a brother.\n\nBenediction\n\n  [16] Now may the Lord of peace himself give you peace at all times in every way. The Lord be with you all.\n\n  [17] I, Paul, write this greeting with my own hand. This is the sign of genuineness in every letter of mine; it is the way I write. [18] The grace of our Lord Jesus Christ be with you all.\n\nFootnotes\n\n(1) 3:1 Or *brothers and sisters*; also verses 6, 13\n\n(2) 3:1 Or *glorified*\n\n(3) 3:3 Or *evil*\n\n(4) 3:12 Greek *to eat their own bread*\n (ESV)"]}