{"query": "2 Timothy 4", "canonical": "2 Timothy 4", "parsed": [[55004001, 55004022]], "passage_meta": [{"canonical": "2 Timothy 4", "chapter_start": [55004001, 55004022], "chapter_end": [55004001, 55004022], "prev_verse": 55003017, "next_verse": 56001001, "prev_chapter": [55003001, 55003017], "next_chapter": [56001001, 56001016]}], "passages": ["2 Timothy 4\n\nPreach the Word\n\n  [1] I charge you in the presence of God and of Christ Jesus, who is to judge the living and the dead, and by his appearing and his kingdom: [2] preach the word; be ready in season and out of season; reprove, rebuke, and exhort, with complete patience and teaching. [3] For the time is coming when people will not endure sound(1) teaching, but having itching ears they will accumulate for themselves teachers to suit their own passions, [4] and will turn away from listening to the truth and wander off into myths. [5] As for you, always be sober-minded, endure suffering, do the work of an evangelist, fulfill your ministry.\n\n  [6] For I am already being poured out as a drink offering, and the time of my departure has come. [7] I have fought the good fight, I have finished the race, I have kept the faith. [8] Henceforth there is laid up for me the crown of righteousness, which the Lord, the righteous judge, will award to me on that day, and not only to me but also to all who have loved his appearing.\n\nPersonal Instructions\n\n  [9] Do your best to come to me soon. [10] For Demas, in love with this present world, has deserted me and gone to Thessalonica. Crescens has gone to Galatia,(2) Titus to Dalmatia. [11] Luke alone is with me. Get Mark and bring him with you, for he is very useful to me for ministry. [12] Tychicus I have sent to Ephesus. [13] When you come, bring the cloak that I left with Carpus at Troas, also the books, and above all the parchments. [14] Alexander the coppersmith did me great harm; the Lord will repay him according to his deeds. [15] Beware of him yourself, for he strongly opposed our message. [16] At my first defense no one came to stand by me, but all deserted me. May it not be charged against them! [17] But the Lord stood by me and strengthened me, so that through me the message might be fully proclaimed and all the Gentiles might hear it. So I was rescued from the lion\u2019s mouth. [18] The Lord will rescue me from every evil deed and bring me safely into his heavenly kingdom. To him be the glory forever and ever. Amen.\n\nFinal Greetings\n\n  [19] Greet Prisca and Aquila, and the household of Onesiphorus. [20] Erastus remained at Corinth, and I left Trophimus, who was ill, at Miletus. [21] Do your best to come before winter. Eubulus sends greetings to you, as do Pudens and Linus and Claudia and all the brothers.(3)\n\n  [22] The Lord be with your spirit. Grace be with you.(4)\n\nFootnotes\n\n(1) 4:3 Or *healthy*\n\n(2) 4:10 Some manuscripts *Gaul*\n\n(3) 4:21 Or *brothers and sisters*. In New Testament usage, depending on the context, the plural Greek word *adelphoi* (translated \u201cbrothers\u201d) may refer either to *brothers* or to *brothers and sisters*\n\n(4) 4:22 The Greek for *you* is plural\n (ESV)"]}