{"query": "2 Timothy 1", "canonical": "2 Timothy 1", "parsed": [[55001001, 55001018]], "passage_meta": [{"canonical": "2 Timothy 1", "chapter_start": [55001001, 55001018], "chapter_end": [55001001, 55001018], "prev_verse": 54006021, "next_verse": 55002001, "prev_chapter": [54006001, 54006021], "next_chapter": [55002001, 55002026]}], "passages": ["2 Timothy 1\n\nGreeting\n\n  [1] Paul, an apostle of Christ Jesus by the will of God according to the promise of the life that is in Christ Jesus,\n\n  [2] To Timothy, my beloved child:\n\n  Grace, mercy, and peace from God the Father and Christ Jesus our Lord.\n\nGuard the Deposit Entrusted to You\n\n  [3] I thank God whom I serve, as did my ancestors, with a clear conscience, as I remember you constantly in my prayers night and day. [4] As I remember your tears, I long to see you, that I may be filled with joy. [5] I am reminded of your sincere faith, a faith that dwelt first in your grandmother Lois and your mother Eunice and now, I am sure, dwells in you as well. [6] For this reason I remind you to fan into flame the gift of God, which is in you through the laying on of my hands, [7] for God gave us a spirit not of fear but of power and love and self-control.\n\n  [8] Therefore do not be ashamed of the testimony about our Lord, nor of me his prisoner, but share in suffering for the gospel by the power of God, [9] who saved us and called us to(1) a holy calling, not because of our works but because of his own purpose and grace, which he gave us in Christ Jesus before the ages began,(2) [10] and which now has been manifested through the appearing of our Savior Christ Jesus, who abolished death and brought life and immortality to light through the gospel, [11] for which I was appointed a preacher and apostle and teacher, [12] which is why I suffer as I do. But I am not ashamed, for I know whom I have believed, and I am convinced that he is able to guard until that day what has been entrusted to me.(3) [13] Follow the pattern of the sound(4) words that you have heard from me, in the faith and love that are in Christ Jesus. [14] By the Holy Spirit who dwells within us, guard the good deposit entrusted to you.\n\n  [15] You are aware that all who are in Asia turned away from me, among whom are Phygelus and Hermogenes. [16] May the Lord grant mercy to the household of Onesiphorus, for he often refreshed me and was not ashamed of my chains, [17] but when he arrived in Rome he searched for me earnestly and found me\u2014[18] may the Lord grant him to find mercy from the Lord on that day!\u2014and you well know all the service he rendered at Ephesus.\n\nFootnotes\n\n(1) 1:9 Or *with*\n\n(2) 1:9 Greek *before times eternal*\n\n(3) 1:12 Or *what I have entrusted to him*; Greek *my deposit*\n\n(4) 1:13 Or *healthy*\n (ESV)"]}