{"query": "Acts 4", "canonical": "Acts 4", "parsed": [[44004001, 44004037]], "passage_meta": [{"canonical": "Acts 4", "chapter_start": [44004001, 44004037], "chapter_end": [44004001, 44004037], "prev_verse": 44003026, "next_verse": 44005001, "prev_chapter": [44003001, 44003026], "next_chapter": [44005001, 44005042]}], "passages": ["Acts 4\n\nPeter and John Before the Council\n\n  [1] And as they were speaking to the people, the priests and the captain of the temple and the Sadducees came upon them, [2] greatly annoyed because they were teaching the people and proclaiming in Jesus the resurrection from the dead. [3] And they arrested them and put them in custody until the next day, for it was already evening. [4] But many of those who had heard the word believed, and the number of the men came to about five thousand.\n\n  [5] On the next day their rulers and elders and scribes gathered together in Jerusalem, [6] with Annas the high priest and Caiaphas and John and Alexander, and all who were of the high-priestly family. [7] And when they had set them in the midst, they inquired, \u201cBy what power or by what name did you do this?\u201d [8] Then Peter, filled with the Holy Spirit, said to them, \u201cRulers of the people and elders, [9] if we are being examined today concerning a good deed done to a crippled man, by what means this man has been healed, [10] let it be known to all of you and to all the people of Israel that by the name of Jesus Christ of Nazareth, whom you crucified, whom God raised from the dead\u2014by him this man is standing before you well. [11] This Jesus(1) is the stone that was rejected by you, the builders, which has become the cornerstone.(2) [12] And there is salvation in no one else, for there is no other name under heaven given among men(3) by which we must be saved.\u201d\n\n  [13] Now when they saw the boldness of Peter and John, and perceived that they were uneducated, common men, they were astonished. And they recognized that they had been with Jesus. [14] But seeing the man who was healed standing beside them, they had nothing to say in opposition. [15] But when they had commanded them to leave the council, they conferred with one another, [16] saying, \u201cWhat shall we do with these men? For that a notable sign has been performed through them is evident to all the inhabitants of Jerusalem, and we cannot deny it. [17] But in order that it may spread no further among the people, let us warn them to speak no more to anyone in this name.\u201d [18] So they called them and charged them not to speak or teach at all in the name of Jesus. [19] But Peter and John answered them, \u201cWhether it is right in the sight of God to listen to you rather than to God, you must judge, [20] for we cannot but speak of what we have seen and heard.\u201d [21] And when they had further threatened them, they let them go, finding no way to punish them, because of the people, for all were praising God for what had happened. [22] For the man on whom this sign of healing was performed was more than forty years old.\n\nThe Believers Pray for Boldness\n\n  [23] When they were released, they went to their friends and reported what the chief priests and the elders had said to them. [24] And when they heard it, they lifted their voices together to God and said, \u201cSovereign Lord, who made the heaven and the earth and the sea and everything in them, [25] who through the mouth of our father David, your servant,(4) said by the Holy Spirit,\n\n    \u201c\u2018Why did the Gentiles rage,\n        and the peoples plot in vain?\n    [26] The kings of the earth set themselves,\n        and the rulers were gathered together,\n        against the Lord and against his Anointed\u2019(5)\u2014\n    \n    \n      [27] for truly in this city there were gathered together against your holy servant Jesus, whom you anointed, both Herod and Pontius Pilate, along with the Gentiles and the peoples of Israel, [28] to do whatever your hand and your plan had predestined to take place. [29] And now, Lord, look upon their threats and grant to your servants to continue to speak your word with all boldness, [30] while you stretch out your hand to heal, and signs and wonders are performed through the name of your holy servant Jesus.\u201d [31] And when they had prayed, the place in which they were gathered together was shaken, and they were all filled with the Holy Spirit and continued to speak the word of God with boldness.\n\nThey Had Everything in Common\n\n  [32] Now the full number of those who believed were of one heart and soul, and no one said that any of the things that belonged to him was his own, but they had everything in common. [33] And with great power the apostles were giving their testimony to the resurrection of the Lord Jesus, and great grace was upon them all. [34] There was not a needy person among them, for as many as were owners of lands or houses sold them and brought the proceeds of what was sold [35] and laid it at the apostles\u2019 feet, and it was distributed to each as any had need. [36] Thus Joseph, who was also called by the apostles Barnabas (which means son of encouragement), a Levite, a native of Cyprus, [37] sold a field that belonged to him and brought the money and laid it at the apostles\u2019 feet.\n\nFootnotes\n\n(1) 4:11 Greek *This one*\n\n(2) 4:11 Greek *the head of the corner*\n\n(3) 4:12 The Greek word *anthropoi* refers here to both men and women\n\n(4) 4:25 Or *child*; also verses 27, 30\n\n(5) 4:26 Or *Christ*\n (ESV)"]}