{"query": "Acts 6", "canonical": "Acts 6", "parsed": [[44006001, 44006015]], "passage_meta": [{"canonical": "Acts 6", "chapter_start": [44006001, 44006015], "chapter_end": [44006001, 44006015], "prev_verse": 44005042, "next_verse": 44007001, "prev_chapter": [44005001, 44005042], "next_chapter": [44007001, 44007060]}], "passages": ["Acts 6\n\nSeven Chosen to Serve\n\n  [1] Now in these days when the disciples were increasing in number, a complaint by the Hellenists(1) arose against the Hebrews because their widows were being neglected in the daily distribution. [2] And the twelve summoned the full number of the disciples and said, \u201cIt is not right that we should give up preaching the word of God to serve tables. [3] Therefore, brothers,(2) pick out from among you seven men of good repute, full of the Spirit and of wisdom, whom we will appoint to this duty. [4] But we will devote ourselves to prayer and to the ministry of the word.\u201d [5] And what they said pleased the whole gathering, and they chose Stephen, a man full of faith and of the Holy Spirit, and Philip, and Prochorus, and Nicanor, and Timon, and Parmenas, and Nicolaus, a proselyte of Antioch. [6] These they set before the apostles, and they prayed and laid their hands on them.\n\n  [7] And the word of God continued to increase, and the number of the disciples multiplied greatly in Jerusalem, and a great many of the priests became obedient to the faith.\n\nStephen Is Seized\n\n  [8] And Stephen, full of grace and power, was doing great wonders and signs among the people. [9] Then some of those who belonged to the synagogue of the Freedmen (as it was called), and of the Cyrenians, and of the Alexandrians, and of those from Cilicia and Asia, rose up and disputed with Stephen. [10] But they could not withstand the wisdom and the Spirit with which he was speaking. [11] Then they secretly instigated men who said, \u201cWe have heard him speak blasphemous words against Moses and God.\u201d [12] And they stirred up the people and the elders and the scribes, and they came upon him and seized him and brought him before the council, [13] and they set up false witnesses who said, \u201cThis man never ceases to speak words against this holy place and the law, [14] for we have heard him say that this Jesus of Nazareth will destroy this place and will change the customs that Moses delivered to us.\u201d [15] And gazing at him, all who sat in the council saw that his face was like the face of an angel.\n\nFootnotes\n\n(1) 6:1 That is, Greek-speaking Jews\n\n(2) 6:3 Or *brothers and sisters*\n (ESV)"]}