{"query": "Acts 22", "canonical": "Acts 22", "parsed": [[44022001, 44022030]], "passage_meta": [{"canonical": "Acts 22", "chapter_start": [44022001, 44022030], "chapter_end": [44022001, 44022030], "prev_verse": 44021040, "next_verse": 44023001, "prev_chapter": [44021001, 44021040], "next_chapter": [44023001, 44023035]}], "passages": ["Acts 22\n\n  [1] \u201cBrothers and fathers, hear the defense that I now make before you.\u201d\n\n  [2] And when they heard that he was addressing them in the Hebrew language,(1) they became even more quiet. And he said:\n\n  [3] \u201cI am a Jew, born in Tarsus in Cilicia, but brought up in this city, educated at the feet of Gamaliel(2) according to the strict manner of the law of our fathers, being zealous for God as all of you are this day. [4] I persecuted this Way to the death, binding and delivering to prison both men and women, [5] as the high priest and the whole council of elders can bear me witness. From them I received letters to the brothers, and I journeyed toward Damascus to take those also who were there and bring them in bonds to Jerusalem to be punished.\n\n  [6] \u201cAs I was on my way and drew near to Damascus, about noon a great light from heaven suddenly shone around me. [7] And I fell to the ground and heard a voice saying to me, \u2018Saul, Saul, why are you persecuting me?\u2019 [8] And I answered, \u2018Who are you, Lord?\u2019 And he said to me, \u2018I am Jesus of Nazareth, whom you are persecuting.\u2019 [9] Now those who were with me saw the light but did not understand(3) the voice of the one who was speaking to me. [10] And I said, \u2018What shall I do, Lord?\u2019 And the Lord said to me, \u2018Rise, and go into Damascus, and there you will be told all that is appointed for you to do.\u2019 [11] And since I could not see because of the brightness of that light, I was led by the hand by those who were with me, and came into Damascus.\n\n  [12] \u201cAnd one Ananias, a devout man according to the law, well spoken of by all the Jews who lived there, [13] came to me, and standing by me said to me, \u2018Brother Saul, receive your sight.\u2019 And at that very hour I received my sight and saw him. [14] And he said, \u2018The God of our fathers appointed you to know his will, to see the Righteous One and to hear a voice from his mouth; [15] for you will be a witness for him to everyone of what you have seen and heard. [16] And now why do you wait? Rise and be baptized and wash away your sins, calling on his name.\u2019\n\n  [17] \u201cWhen I had returned to Jerusalem and was praying in the temple, I fell into a trance [18] and saw him saying to me, \u2018Make haste and get out of Jerusalem quickly, because they will not accept your testimony about me.\u2019 [19] And I said, \u2018Lord, they themselves know that in one synagogue after another I imprisoned and beat those who believed in you. [20] And when the blood of Stephen your witness was being shed, I myself was standing by and approving and watching over the garments of those who killed him.\u2019 [21] And he said to me, \u2018Go, for I will send you far away to the Gentiles.\u2019\u201d\n\nPaul and the Roman Tribune\n\n  [22] Up to this word they listened to him. Then they raised their voices and said, \u201cAway with such a fellow from the earth! For he should not be allowed to live.\u201d [23] And as they were shouting and throwing off their cloaks and flinging dust into the air, [24] the tribune ordered him to be brought into the barracks, saying that he should be examined by flogging, to find out why they were shouting against him like this. [25] But when they had stretched him out for the whips,(4) Paul said to the centurion who was standing by, \u201cIs it lawful for you to flog a man who is a Roman citizen and uncondemned?\u201d [26] When the centurion heard this, he went to the tribune and said to him, \u201cWhat are you about to do? For this man is a Roman citizen.\u201d [27] So the tribune came and said to him, \u201cTell me, are you a Roman citizen?\u201d And he said, \u201cYes.\u201d [28] The tribune answered, \u201cI bought this citizenship for a large sum.\u201d Paul said, \u201cBut I am a citizen by birth.\u201d [29] So those who were about to examine him withdrew from him immediately, and the tribune also was afraid, for he realized that Paul was a Roman citizen and that he had bound him.\n\nPaul Before the Council\n\n  [30] But on the next day, desiring to know the real reason why he was being accused by the Jews, he unbound him and commanded the chief priests and all the council to meet, and he brought Paul down and set him before them.\n\nFootnotes\n\n(1) 22:2 Or *the Hebrew dialect* (probably Aramaic)\n\n(2) 22:3 Or *city at the feet of Gamaliel, educated*\n\n(3) 22:9 Or *hear with understanding*\n\n(4) 22:25 Or *when they had tied him up with leather strips*\n (ESV)"]}