{"query": "Acts 2", "canonical": "Acts 2", "parsed": [[44002001, 44002047]], "passage_meta": [{"canonical": "Acts 2", "chapter_start": [44002001, 44002047], "chapter_end": [44002001, 44002047], "prev_verse": 44001026, "next_verse": 44003001, "prev_chapter": [44001001, 44001026], "next_chapter": [44003001, 44003026]}], "passages": ["Acts 2\n\nThe Coming of the Holy Spirit\n\n  [1] When the day of Pentecost arrived, they were all together in one place. [2] And suddenly there came from heaven a sound like a mighty rushing wind, and it filled the entire house where they were sitting. [3] And divided tongues as of fire appeared to them and rested(1) on each one of them. [4] And they were all filled with the Holy Spirit and began to speak in other tongues as the Spirit gave them utterance.\n\n  [5] Now there were dwelling in Jerusalem Jews, devout men from every nation under heaven. [6] And at this sound the multitude came together, and they were bewildered, because each one was hearing them speak in his own language. [7] And they were amazed and astonished, saying, \u201cAre not all these who are speaking Galileans? [8] And how is it that we hear, each of us in his own native language? [9] Parthians and Medes and Elamites and residents of Mesopotamia, Judea and Cappadocia, Pontus and Asia, [10] Phrygia and Pamphylia, Egypt and the parts of Libya belonging to Cyrene, and visitors from Rome, [11] both Jews and proselytes, Cretans and Arabians\u2014we hear them telling in our own tongues the mighty works of God.\u201d [12] And all were amazed and perplexed, saying to one another, \u201cWhat does this mean?\u201d [13] But others mocking said, \u201cThey are filled with new wine.\u201d\n\nPeter\u2019s Sermon at Pentecost\n\n  [14] But Peter, standing with the eleven, lifted up his voice and addressed them: \u201cMen of Judea and all who dwell in Jerusalem, let this be known to you, and give ear to my words. [15] For these people are not drunk, as you suppose, since it is only the third hour of the day.(2) [16] But this is what was uttered through the prophet Joel:\n\n    [17] \u201c\u2018And in the last days it shall be, God declares,\n    that I will pour out my Spirit on all flesh,\n    and your sons and your daughters shall prophesy,\n        and your young men shall see visions,\n        and your old men shall dream dreams;\n    [18] even on my male servants and female servants\n        in those days I will pour out my Spirit, and they shall prophesy.\n    [19] And I will show wonders in the heavens above\n        and signs on the earth below,\n        blood, and fire, and vapor of smoke;\n    [20] the sun shall be turned to darkness\n        and the moon to blood,\n        before the day of the Lord comes, the great and magnificent day.\n    [21] And it shall come to pass that everyone who calls upon the name of the Lord shall be saved.\u2019\n    \n    \n      [22] \u201cMen of Israel, hear these words: Jesus of Nazareth, a man attested to you by God with mighty works and wonders and signs that God did through him in your midst, as you yourselves know\u2014[23] this Jesus,(3) delivered up according to the definite plan and foreknowledge of God, you crucified and killed by the hands of lawless men. [24] God raised him up, loosing the pangs of death, because it was not possible for him to be held by it. [25] For David says concerning him,\n\n    \u201c\u2018I saw the Lord always before me,\n        for he is at my right hand that I may not be shaken;\n    [26] therefore my heart was glad, and my tongue rejoiced;\n        my flesh also will dwell in hope.\n    [27] For you will not abandon my soul to Hades,\n        or let your Holy One see corruption.\n    [28] You have made known to me the paths of life;\n        you will make me full of gladness with your presence.\u2019\n    \n    \n      [29] \u201cBrothers, I may say to you with confidence about the patriarch David that he both died and was buried, and his tomb is with us to this day. [30] Being therefore a prophet, and knowing that God had sworn with an oath to him that he would set one of his descendants on his throne, [31] he foresaw and spoke about the resurrection of the Christ, that he was not abandoned to Hades, nor did his flesh see corruption. [32] This Jesus God raised up, and of that we all are witnesses. [33] Being therefore exalted at the right hand of God, and having received from the Father the promise of the Holy Spirit, he has poured out this that you yourselves are seeing and hearing. [34] For David did not ascend into the heavens, but he himself says,\n\n    \u201c\u2018The Lord said to my Lord,\n    \u201cSit at my right hand,\n    [35]     until I make your enemies your footstool.\u201d\u2019\n    \n    \n      [36] Let all the house of Israel therefore know for certain that God has made him both Lord and Christ, this Jesus whom you crucified.\u201d\n\n  [37] Now when they heard this they were cut to the heart, and said to Peter and the rest of the apostles, \u201cBrothers, what shall we do?\u201d [38] And Peter said to them, \u201cRepent and be baptized every one of you in the name of Jesus Christ for the forgiveness of your sins, and you will receive the gift of the Holy Spirit. [39] For the promise is for you and for your children and for all who are far off, everyone whom the Lord our God calls to himself.\u201d [40] And with many other words he bore witness and continued to exhort them, saying, \u201cSave yourselves from this crooked generation.\u201d [41] So those who received his word were baptized, and there were added that day about three thousand souls.\n\nThe Fellowship of the Believers\n\n  [42] And they devoted themselves to the apostles\u2019 teaching and the fellowship, to the breaking of bread and the prayers. [43] And awe(4) came upon every soul, and many wonders and signs were being done through the apostles. [44] And all who believed were together and had all things in common. [45] And they were selling their possessions and belongings and distributing the proceeds to all, as any had need. [46] And day by day, attending the temple together and breaking bread in their homes, they received their food with glad and generous hearts, [47] praising God and having favor with all the people. And the Lord added to their number day by day those who were being saved.\n\nFootnotes\n\n(1) 2:3 Or *And tongues as of fire appeared to them, distributed among them, and rested*\n\n(2) 2:15 That is, 9 a.m.\n\n(3) 2:23 Greek *this one*\n\n(4) 2:43 Or *fear*\n (ESV)"]}