{"query": "Acts 1", "canonical": "Acts 1", "parsed": [[44001001, 44001026]], "passage_meta": [{"canonical": "Acts 1", "chapter_start": [44001001, 44001026], "chapter_end": [44001001, 44001026], "prev_verse": 43021025, "next_verse": 44002001, "prev_chapter": [43021001, 43021025], "next_chapter": [44002001, 44002047]}], "passages": ["Acts 1\n\nThe Promise of the Holy Spirit\n\n  [1] In the first book, O Theophilus, I have dealt with all that Jesus began to do and teach, [2] until the day when he was taken up, after he had given commands through the Holy Spirit to the apostles whom he had chosen. [3] He presented himself alive to them after his suffering by many proofs, appearing to them during forty days and speaking about the kingdom of God.\n\n  [4] And while staying(1) with them he ordered them not to depart from Jerusalem, but to wait for the promise of the Father, which, he said, \u201cyou heard from me; [5] for John baptized with water, but you will be baptized with(2) the Holy Spirit not many days from now.\u201d\n\nThe Ascension\n\n  [6] So when they had come together, they asked him, \u201cLord, will you at this time restore the kingdom to Israel?\u201d [7] He said to them, \u201cIt is not for you to know times or seasons that the Father has fixed by his own authority. [8] But you will receive power when the Holy Spirit has come upon you, and you will be my witnesses in Jerusalem and in all Judea and Samaria, and to the end of the earth.\u201d [9] And when he had said these things, as they were looking on, he was lifted up, and a cloud took him out of their sight. [10] And while they were gazing into heaven as he went, behold, two men stood by them in white robes, [11] and said, \u201cMen of Galilee, why do you stand looking into heaven? This Jesus, who was taken up from you into heaven, will come in the same way as you saw him go into heaven.\u201d\n\nMatthias Chosen to Replace Judas\n\n  [12] Then they returned to Jerusalem from the mount called Olivet, which is near Jerusalem, a Sabbath day\u2019s journey away. [13] And when they had entered, they went up to the upper room, where they were staying, Peter and John and James and Andrew, Philip and Thomas, Bartholomew and Matthew, James the son of Alphaeus and Simon the Zealot and Judas the son of James. [14] All these with one accord were devoting themselves to prayer, together with the women and Mary the mother of Jesus, and his brothers.(3)\n\n  [15] In those days Peter stood up among the brothers (the company of persons was in all about 120) and said, [16] \u201cBrothers, the Scripture had to be fulfilled, which the Holy Spirit spoke beforehand by the mouth of David concerning Judas, who became a guide to those who arrested Jesus. [17] For he was numbered among us and was allotted his share in this ministry.\u201d [18] (Now this man acquired a field with the reward of his wickedness, and falling headlong(4) he burst open in the middle and all his bowels gushed out. [19] And it became known to all the inhabitants of Jerusalem, so that the field was called in their own language Akeldama, that is, Field of Blood.) [20] \u201cFor it is written in the Book of Psalms,\n\n    \u201c\u2018May his camp become desolate,\n        and let there be no one to dwell in it\u2019;\n    \n    \n      and\n\n    \u201c\u2018Let another take his office.\u2019\n    \n    \n      [21] So one of the men who have accompanied us during all the time that the Lord Jesus went in and out among us, [22] beginning from the baptism of John until the day when he was taken up from us\u2014one of these men must become with us a witness to his resurrection.\u201d [23] And they put forward two, Joseph called Barsabbas, who was also called Justus, and Matthias. [24] And they prayed and said, \u201cYou, Lord, who know the hearts of all, show which one of these two you have chosen [25] to take the place in this ministry and apostleship from which Judas turned aside to go to his own place.\u201d [26] And they cast lots for them, and the lot fell on Matthias, and he was numbered with the eleven apostles.\n\nFootnotes\n\n(1) 1:4 Or *eating*\n\n(2) 1:5 Or *in*\n\n(3) 1:14 Or *brothers and sisters*. In New Testament usage, depending on the context, the plural Greek word *adelphoi* (translated \u201cbrothers\u201d) may refer either to *brothers* or to *brothers and sisters*; also verse 15\n\n(4) 1:18 Or *swelling up*\n (ESV)"]}