{"query": "Acts 28", "canonical": "Acts 28", "parsed": [[44028001, 44028031]], "passage_meta": [{"canonical": "Acts 28", "chapter_start": [44028001, 44028031], "chapter_end": [44028001, 44028031], "prev_verse": 44027044, "next_verse": 45001001, "prev_chapter": [44027001, 44027044], "next_chapter": [45001001, 45001032]}], "passages": ["Acts 28\n\nPaul on Malta\n\n  [1] After we were brought safely through, we then learned that the island was called Malta. [2] The native people(1) showed us unusual kindness, for they kindled a fire and welcomed us all, because it had begun to rain and was cold. [3] When Paul had gathered a bundle of sticks and put them on the fire, a viper came out because of the heat and fastened on his hand. [4] When the native people saw the creature hanging from his hand, they said to one another, \u201cNo doubt this man is a murderer. Though he has escaped from the sea, Justice(2) has not allowed him to live.\u201d [5] He, however, shook off the creature into the fire and suffered no harm. [6] They were waiting for him to swell up or suddenly fall down dead. But when they had waited a long time and saw no misfortune come to him, they changed their minds and said that he was a god.\n\n  [7] Now in the neighborhood of that place were lands belonging to the chief man of the island, named Publius, who received us and entertained us hospitably for three days. [8] It happened that the father of Publius lay sick with fever and dysentery. And Paul visited him and prayed, and putting his hands on him, healed him. [9] And when this had taken place, the rest of the people on the island who had diseases also came and were cured. [10] They also honored us greatly,(3) and when we were about to sail, they put on board whatever we needed.\n\nPaul Arrives at Rome\n\n  [11] After three months we set sail in a ship that had wintered in the island, a ship of Alexandria, with the twin gods(4) as a figurehead. [12] Putting in at Syracuse, we stayed there for three days. [13] And from there we made a circuit and arrived at Rhegium. And after one day a south wind sprang up, and on the second day we came to Puteoli. [14] There we found brothers(5) and were invited to stay with them for seven days. And so we came to Rome. [15] And the brothers there, when they heard about us, came as far as the Forum of Appius and Three Taverns to meet us. On seeing them, Paul thanked God and took courage. [16] And when we came into Rome, Paul was allowed to stay by himself, with the soldier who guarded him.\n\nPaul in Rome\n\n  [17] After three days he called together the local leaders of the Jews, and when they had gathered, he said to them, \u201cBrothers, though I had done nothing against our people or the customs of our fathers, yet I was delivered as a prisoner from Jerusalem into the hands of the Romans. [18] When they had examined me, they wished to set me at liberty, because there was no reason for the death penalty in my case. [19] But because the Jews objected, I was compelled to appeal to Caesar\u2014though I had no charge to bring against my nation. [20] For this reason, therefore, I have asked to see you and speak with you, since it is because of the hope of Israel that I am wearing this chain.\u201d [21] And they said to him, \u201cWe have received no letters from Judea about you, and none of the brothers coming here has reported or spoken any evil about you. [22] But we desire to hear from you what your views are, for with regard to this sect we know that everywhere it is spoken against.\u201d\n\n  [23] When they had appointed a day for him, they came to him at his lodging in greater numbers. From morning till evening he expounded to them, testifying to the kingdom of God and trying to convince them about Jesus both from the Law of Moses and from the Prophets. [24] And some were convinced by what he said, but others disbelieved. [25] And disagreeing among themselves, they departed after Paul had made one statement: \u201cThe Holy Spirit was right in saying to your fathers through Isaiah the prophet:\n\n    [26] \u201c\u2018Go to this people, and say,\n    \u201cYou will indeed hear but never understand,\n        and you will indeed see but never perceive.\u201d\n    [27] For this people\u2019s heart has grown dull,\n        and with their ears they can barely hear,\n        and their eyes they have closed;\n    lest they should see with their eyes\n        and hear with their ears\n    and understand with their heart\n        and turn, and I would heal them.\u2019\n    \n    \n      [28] Therefore let it be known to you that this salvation of God has been sent to the Gentiles; they will listen.\u201d(6)\n\n  [30] He lived there two whole years at his own expense,(7) and welcomed all who came to him, [31] proclaiming the kingdom of God and teaching about the Lord Jesus Christ with all boldness and without hindrance.\n\nFootnotes\n\n(1) 28:2 Greek *barbaroi* (that is, non\u2013Greek speakers); also verse 4\n\n(2) 28:4 Or *justice*\n\n(3) 28:10 Greek *honored us with many honors*\n\n(4) 28:11 That is, the Greek gods Castor and Pollux\n\n(5) 28:14 Or *brothers and sisters*; also verses 15, 21\n\n(6) 28:28 Some manuscripts add verse 29: *And when he had said these words, the Jews departed, having much dispute among themselves*\n\n(7) 28:30 Or *in his own hired dwelling*\n (ESV)"]}