{"query": "Acts 12", "canonical": "Acts 12", "parsed": [[44012001, 44012025]], "passage_meta": [{"canonical": "Acts 12", "chapter_start": [44012001, 44012025], "chapter_end": [44012001, 44012025], "prev_verse": 44011030, "next_verse": 44013001, "prev_chapter": [44011001, 44011030], "next_chapter": [44013001, 44013052]}], "passages": ["Acts 12\n\nJames Killed and Peter Imprisoned\n\n  [1] About that time Herod the king laid violent hands on some who belonged to the church. [2] He killed James the brother of John with the sword, [3] and when he saw that it pleased the Jews, he proceeded to arrest Peter also. This was during the days of Unleavened Bread. [4] And when he had seized him, he put him in prison, delivering him over to four squads of soldiers to guard him, intending after the Passover to bring him out to the people. [5] So Peter was kept in prison, but earnest prayer for him was made to God by the church.\n\nPeter Is Rescued\n\n  [6] Now when Herod was about to bring him out, on that very night, Peter was sleeping between two soldiers, bound with two chains, and sentries before the door were guarding the prison. [7] And behold, an angel of the Lord stood next to him, and a light shone in the cell. He struck Peter on the side and woke him, saying, \u201cGet up quickly.\u201d And the chains fell off his hands. [8] And the angel said to him, \u201cDress yourself and put on your sandals.\u201d And he did so. And he said to him, \u201cWrap your cloak around you and follow me.\u201d [9] And he went out and followed him. He did not know that what was being done by the angel was real, but thought he was seeing a vision. [10] When they had passed the first and the second guard, they came to the iron gate leading into the city. It opened for them of its own accord, and they went out and went along one street, and immediately the angel left him. [11] When Peter came to himself, he said, \u201cNow I am sure that the Lord has sent his angel and rescued me from the hand of Herod and from all that the Jewish people were expecting.\u201d\n\n  [12] When he realized this, he went to the house of Mary, the mother of John whose other name was Mark, where many were gathered together and were praying. [13] And when he knocked at the door of the gateway, a servant girl named Rhoda came to answer. [14] Recognizing Peter\u2019s voice, in her joy she did not open the gate but ran in and reported that Peter was standing at the gate. [15] They said to her, \u201cYou are out of your mind.\u201d But she kept insisting that it was so, and they kept saying, \u201cIt is his angel!\u201d [16] But Peter continued knocking, and when they opened, they saw him and were amazed. [17] But motioning to them with his hand to be silent, he described to them how the Lord had brought him out of the prison. And he said, \u201cTell these things to James and to the brothers.\u201d(1) Then he departed and went to another place.\n\n  [18] Now when day came, there was no little disturbance among the soldiers over what had become of Peter. [19] And after Herod searched for him and did not find him, he examined the sentries and ordered that they should be put to death. Then he went down from Judea to Caesarea and spent time there.\n\nThe Death of Herod\n\n  [20] Now Herod was angry with the people of Tyre and Sidon, and they came to him with one accord, and having persuaded Blastus, the king\u2019s chamberlain,(2) they asked for peace, because their country depended on the king\u2019s country for food. [21] On an appointed day Herod put on his royal robes, took his seat upon the throne, and delivered an oration to them. [22] And the people were shouting, \u201cThe voice of a god, and not of a man!\u201d [23] Immediately an angel of the Lord struck him down, because he did not give God the glory, and he was eaten by worms and breathed his last.\n\n  [24] But the word of God increased and multiplied.\n\n  [25] And Barnabas and Saul returned from(3) Jerusalem when they had completed their service, bringing with them John, whose other name was Mark.\n\nFootnotes\n\n(1) 12:17 Or *brothers and sisters*\n\n(2) 12:20 That is, trusted personal attendant\n\n(3) 12:25 Some manuscripts *to*\n (ESV)"]}