{"query": "Acts 19", "canonical": "Acts 19", "parsed": [[44019001, 44019041]], "passage_meta": [{"canonical": "Acts 19", "chapter_start": [44019001, 44019041], "chapter_end": [44019001, 44019041], "prev_verse": 44018028, "next_verse": 44020001, "prev_chapter": [44018001, 44018028], "next_chapter": [44020001, 44020038]}], "passages": ["Acts 19\n\nPaul in Ephesus\n\n  [1] And it happened that while Apollos was at Corinth, Paul passed through the inland(1) country and came to Ephesus. There he found some disciples. [2] And he said to them, \u201cDid you receive the Holy Spirit when you believed?\u201d And they said, \u201cNo, we have not even heard that there is a Holy Spirit.\u201d [3] And he said, \u201cInto what then were you baptized?\u201d They said, \u201cInto John\u2019s baptism.\u201d [4] And Paul said, \u201cJohn baptized with the baptism of repentance, telling the people to believe in the one who was to come after him, that is, Jesus.\u201d [5] On hearing this, they were baptized in(2) the name of the Lord Jesus. [6] And when Paul had laid his hands on them, the Holy Spirit came on them, and they began speaking in tongues and prophesying. [7] There were about twelve men in all.\n\n  [8] And he entered the synagogue and for three months spoke boldly, reasoning and persuading them about the kingdom of God. [9] But when some became stubborn and continued in unbelief, speaking evil of the Way before the congregation, he withdrew from them and took the disciples with him, reasoning daily in the hall of Tyrannus.(3) [10] This continued for two years, so that all the residents of Asia heard the word of the Lord, both Jews and Greeks.\n\nThe Sons of Sceva\n\n  [11] And God was doing extraordinary miracles by the hands of Paul, [12] so that even handkerchiefs or aprons that had touched his skin were carried away to the sick, and their diseases left them and the evil spirits came out of them. [13] Then some of the itinerant Jewish exorcists undertook to invoke the name of the Lord Jesus over those who had evil spirits, saying, \u201cI adjure you by the Jesus whom Paul proclaims.\u201d [14] Seven sons of a Jewish high priest named Sceva were doing this. [15] But the evil spirit answered them, \u201cJesus I know, and Paul I recognize, but who are you?\u201d [16] And the man in whom was the evil spirit leaped on them, mastered all(4) of them and overpowered them, so that they fled out of that house naked and wounded. [17] And this became known to all the residents of Ephesus, both Jews and Greeks. And fear fell upon them all, and the name of the Lord Jesus was extolled. [18] Also many of those who were now believers came, confessing and divulging their practices. [19] And a number of those who had practiced magic arts brought their books together and burned them in the sight of all. And they counted the value of them and found it came to fifty thousand pieces of silver. [20] So the word of the Lord continued to increase and prevail mightily.\n\nA Riot at Ephesus\n\n  [21] Now after these events Paul resolved in the Spirit to pass through Macedonia and Achaia and go to Jerusalem, saying, \u201cAfter I have been there, I must also see Rome.\u201d [22] And having sent into Macedonia two of his helpers, Timothy and Erastus, he himself stayed in Asia for a while.\n\n  [23] About that time there arose no little disturbance concerning the Way. [24] For a man named Demetrius, a silversmith, who made silver shrines of Artemis, brought no little business to the craftsmen. [25] These he gathered together, with the workmen in similar trades, and said, \u201cMen, you know that from this business we have our wealth. [26] And you see and hear that not only in Ephesus but in almost all of Asia this Paul has persuaded and turned away a great many people, saying that gods made with hands are not gods. [27] And there is danger not only that this trade of ours may come into disrepute but also that the temple of the great goddess Artemis may be counted as nothing, and that she may even be deposed from her magnificence, she whom all Asia and the world worship.\u201d\n\n  [28] When they heard this they were enraged and were crying out, \u201cGreat is Artemis of the Ephesians!\u201d [29] So the city was filled with the confusion, and they rushed together into the theater, dragging with them Gaius and Aristarchus, Macedonians who were Paul\u2019s companions in travel. [30] But when Paul wished to go in among the crowd, the disciples would not let him. [31] And even some of the Asiarchs,(5) who were friends of his, sent to him and were urging him not to venture into the theater. [32] Now some cried out one thing, some another, for the assembly was in confusion, and most of them did not know why they had come together. [33] Some of the crowd prompted Alexander, whom the Jews had put forward. And Alexander, motioning with his hand, wanted to make a defense to the crowd. [34] But when they recognized that he was a Jew, for about two hours they all cried out with one voice, \u201cGreat is Artemis of the Ephesians!\u201d\n\n  [35] And when the town clerk had quieted the crowd, he said, \u201cMen of Ephesus, who is there who does not know that the city of the Ephesians is temple keeper of the great Artemis, and of the sacred stone that fell from the sky?(6) [36] Seeing then that these things cannot be denied, you ought to be quiet and do nothing rash. [37] For you have brought these men here who are neither sacrilegious nor blasphemers of our goddess. [38] If therefore Demetrius and the craftsmen with him have a complaint against anyone, the courts are open, and there are proconsuls. Let them bring charges against one another. [39] But if you seek anything further,(7) it shall be settled in the regular assembly. [40] For we really are in danger of being charged with rioting today, since there is no cause that we can give to justify this commotion.\u201d [41] And when he had said these things, he dismissed the assembly.\n\nFootnotes\n\n(1) 19:1 Greek *upper* (that is, highland)\n\n(2) 19:5 Or *into*\n\n(3) 19:9 Some manuscripts add *from the fifth hour to the tenth* (that is, from 11 a.m. to 4 p.m.)\n\n(4) 19:16 Or *both*\n\n(5) 19:31 That is, high-ranking officers of the province of Asia\n\n(6) 19:35 The meaning of the Greek is uncertain\n\n(7) 19:39 Some manuscripts *seek about other matters*\n (ESV)"]}