{"query": "Acts 16", "canonical": "Acts 16", "parsed": [[44016001, 44016040]], "passage_meta": [{"canonical": "Acts 16", "chapter_start": [44016001, 44016040], "chapter_end": [44016001, 44016040], "prev_verse": 44015041, "next_verse": 44017001, "prev_chapter": [44015001, 44015041], "next_chapter": [44017001, 44017034]}], "passages": ["Acts 16\n\nTimothy Joins Paul and Silas\n\n  [1] Paul(1) came also to Derbe and to Lystra. A disciple was there, named Timothy, the son of a Jewish woman who was a believer, but his father was a Greek. [2] He was well spoken of by the brothers(2) at Lystra and Iconium. [3] Paul wanted Timothy to accompany him, and he took him and circumcised him because of the Jews who were in those places, for they all knew that his father was a Greek. [4] As they went on their way through the cities, they delivered to them for observance the decisions that had been reached by the apostles and elders who were in Jerusalem. [5] So the churches were strengthened in the faith, and they increased in numbers daily.\n\nThe Macedonian Call\n\n  [6] And they went through the region of Phrygia and Galatia, having been forbidden by the Holy Spirit to speak the word in Asia. [7] And when they had come up to Mysia, they attempted to go into Bithynia, but the Spirit of Jesus did not allow them. [8] So, passing by Mysia, they went down to Troas. [9] And a vision appeared to Paul in the night: a man of Macedonia was standing there, urging him and saying, \u201cCome over to Macedonia and help us.\u201d [10] And when Paul(3) had seen the vision, immediately we sought to go on into Macedonia, concluding that God had called us to preach the gospel to them.\n\nThe Conversion of Lydia\n\n  [11] So, setting sail from Troas, we made a direct voyage to Samothrace, and the following day to Neapolis, [12] and from there to Philippi, which is a leading city of the(4) district of Macedonia and a Roman colony. We remained in this city some days. [13] And on the Sabbath day we went outside the gate to the riverside, where we supposed there was a place of prayer, and we sat down and spoke to the women who had come together. [14] One who heard us was a woman named Lydia, from the city of Thyatira, a seller of purple goods, who was a worshiper of God. The Lord opened her heart to pay attention to what was said by Paul. [15] And after she was baptized, and her household as well, she urged us, saying, \u201cIf you have judged me to be faithful to the Lord, come to my house and stay.\u201d And she prevailed upon us.\n\nPaul and Silas in Prison\n\n  [16] As we were going to the place of prayer, we were met by a slave girl who had a spirit of divination and brought her owners much gain by fortune-telling. [17] She followed Paul and us, crying out, \u201cThese men are servants of the Most High God, who proclaim to you the way of salvation.\u201d [18] And this she kept doing for many days. Paul, having become greatly annoyed, turned and said to the spirit, \u201cI command you in the name of Jesus Christ to come out of her.\u201d And it came out that very hour.\n\n  [19] But when her owners saw that their hope of gain was gone, they seized Paul and Silas and dragged them into the marketplace before the rulers. [20] And when they had brought them to the magistrates, they said, \u201cThese men are Jews, and they are disturbing our city. [21] They advocate customs that are not lawful for us as Romans to accept or practice.\u201d [22] The crowd joined in attacking them, and the magistrates tore the garments off them and gave orders to beat them with rods. [23] And when they had inflicted many blows upon them, they threw them into prison, ordering the jailer to keep them safely. [24] Having received this order, he put them into the inner prison and fastened their feet in the stocks.\n\nThe Philippian Jailer Converted\n\n  [25] About midnight Paul and Silas were praying and singing hymns to God, and the prisoners were listening to them, [26] and suddenly there was a great earthquake, so that the foundations of the prison were shaken. And immediately all the doors were opened, and everyone\u2019s bonds were unfastened. [27] When the jailer woke and saw that the prison doors were open, he drew his sword and was about to kill himself, supposing that the prisoners had escaped. [28] But Paul cried with a loud voice, \u201cDo not harm yourself, for we are all here.\u201d [29] And the jailer(5) called for lights and rushed in, and trembling with fear he fell down before Paul and Silas. [30] Then he brought them out and said, \u201cSirs, what must I do to be saved?\u201d [31] And they said, \u201cBelieve in the Lord Jesus, and you will be saved, you and your household.\u201d [32] And they spoke the word of the Lord to him and to all who were in his house. [33] And he took them the same hour of the night and washed their wounds; and he was baptized at once, he and all his family. [34] Then he brought them up into his house and set food before them. And he rejoiced along with his entire household that he had believed in God.\n\n  [35] But when it was day, the magistrates sent the police, saying, \u201cLet those men go.\u201d [36] And the jailer reported these words to Paul, saying, \u201cThe magistrates have sent to let you go. Therefore come out now and go in peace.\u201d [37] But Paul said to them, \u201cThey have beaten us publicly, uncondemned, men who are Roman citizens, and have thrown us into prison; and do they now throw us out secretly? No! Let them come themselves and take us out.\u201d [38] The police reported these words to the magistrates, and they were afraid when they heard that they were Roman citizens. [39] So they came and apologized to them. And they took them out and asked them to leave the city. [40] So they went out of the prison and visited Lydia. And when they had seen the brothers, they encouraged them and departed.\n\nFootnotes\n\n(1) 16:1 Greek *He*\n\n(2) 16:2 Or *brothers and sisters*; also verse 40\n\n(3) 16:10 Greek *he*\n\n(4) 16:12 Or *that*\n\n(5) 16:29 Greek *he*\n (ESV)"]}