{"query": "Acts 7", "canonical": "Acts 7", "parsed": [[44007001, 44007060]], "passage_meta": [{"canonical": "Acts 7", "chapter_start": [44007001, 44007060], "chapter_end": [44007001, 44007060], "prev_verse": 44006015, "next_verse": 44008001, "prev_chapter": [44006001, 44006015], "next_chapter": [44008001, 44008040]}], "passages": ["Acts 7\n\nStephen\u2019s Speech\n\n  [1] And the high priest said, \u201cAre these things so?\u201d [2] And Stephen said:\n\n  \u201cBrothers and fathers, hear me. The God of glory appeared to our father Abraham when he was in Mesopotamia, before he lived in Haran, [3] and said to him, \u2018Go out from your land and from your kindred and go into the land that I will show you.\u2019 [4] Then he went out from the land of the Chaldeans and lived in Haran. And after his father died, God removed him from there into this land in which you are now living. [5] Yet he gave him no inheritance in it, not even a foot\u2019s length, but promised to give it to him as a possession and to his offspring after him, though he had no child. [6] And God spoke to this effect\u2014that his offspring would be sojourners in a land belonging to others, who would enslave them and afflict them four hundred years. [7] \u2018But I will judge the nation that they serve,\u2019 said God, \u2018and after that they shall come out and worship me in this place.\u2019 [8] And he gave him the covenant of circumcision. And so Abraham became the father of Isaac, and circumcised him on the eighth day, and Isaac became the father of Jacob, and Jacob of the twelve patriarchs.\n\n  [9] \u201cAnd the patriarchs, jealous of Joseph, sold him into Egypt; but God was with him [10] and rescued him out of all his afflictions and gave him favor and wisdom before Pharaoh, king of Egypt, who made him ruler over Egypt and over all his household. [11] Now there came a famine throughout all Egypt and Canaan, and great affliction, and our fathers could find no food. [12] But when Jacob heard that there was grain in Egypt, he sent out our fathers on their first visit. [13] And on the second visit Joseph made himself known to his brothers, and Joseph\u2019s family became known to Pharaoh. [14] And Joseph sent and summoned Jacob his father and all his kindred, seventy-five persons in all. [15] And Jacob went down into Egypt, and he died, he and our fathers, [16] and they were carried back to Shechem and laid in the tomb that Abraham had bought for a sum of silver from the sons of Hamor in Shechem.\n\n  [17] \u201cBut as the time of the promise drew near, which God had granted to Abraham, the people increased and multiplied in Egypt [18] until there arose over Egypt another king who did not know Joseph. [19] He dealt shrewdly with our race and forced our fathers to expose their infants, so that they would not be kept alive. [20] At this time Moses was born; and he was beautiful in God\u2019s sight. And he was brought up for three months in his father\u2019s house, [21] and when he was exposed, Pharaoh\u2019s daughter adopted him and brought him up as her own son. [22] And Moses was instructed in all the wisdom of the Egyptians, and he was mighty in his words and deeds.\n\n  [23] \u201cWhen he was forty years old, it came into his heart to visit his brothers, the children of Israel. [24] And seeing one of them being wronged, he defended the oppressed man and avenged him by striking down the Egyptian. [25] He supposed that his brothers would understand that God was giving them salvation by his hand, but they did not understand. [26] And on the following day he appeared to them as they were quarreling and tried to reconcile them, saying, \u2018Men, you are brothers. Why do you wrong each other?\u2019 [27] But the man who was wronging his neighbor thrust him aside, saying, \u2018Who made you a ruler and a judge over us? [28] Do you want to kill me as you killed the Egyptian yesterday?\u2019 [29] At this retort Moses fled and became an exile in the land of Midian, where he became the father of two sons.\n\n  [30] \u201cNow when forty years had passed, an angel appeared to him in the wilderness of Mount Sinai, in a flame of fire in a bush. [31] When Moses saw it, he was amazed at the sight, and as he drew near to look, there came the voice of the Lord: [32] \u2018I am the God of your fathers, the God of Abraham and of Isaac and of Jacob.\u2019 And Moses trembled and did not dare to look. [33] Then the Lord said to him, \u2018Take off the sandals from your feet, for the place where you are standing is holy ground. [34] I have surely seen the affliction of my people who are in Egypt, and have heard their groaning, and I have come down to deliver them. And now come, I will send you to Egypt.\u2019\n\n  [35] \u201cThis Moses, whom they rejected, saying, \u2018Who made you a ruler and a judge?\u2019\u2014this man God sent as both ruler and redeemer by the hand of the angel who appeared to him in the bush. [36] This man led them out, performing wonders and signs in Egypt and at the Red Sea and in the wilderness for forty years. [37] This is the Moses who said to the Israelites, \u2018God will raise up for you a prophet like me from your brothers.\u2019 [38] This is the one who was in the congregation in the wilderness with the angel who spoke to him at Mount Sinai, and with our fathers. He received living oracles to give to us. [39] Our fathers refused to obey him, but thrust him aside, and in their hearts they turned to Egypt, [40] saying to Aaron, \u2018Make for us gods who will go before us. As for this Moses who led us out from the land of Egypt, we do not know what has become of him.\u2019 [41] And they made a calf in those days, and offered a sacrifice to the idol and were rejoicing in the works of their hands. [42] But God turned away and gave them over to worship the host of heaven, as it is written in the book of the prophets:\n\n    \u201c\u2018Did you bring to me slain beasts and sacrifices,\n        during the forty years in the wilderness, O house of Israel?\n    [43] You took up the tent of Moloch\n        and the star of your god Rephan,\n        the images that you made to worship;\n    and I will send you into exile beyond Babylon.\u2019\n    \n    \n      [44] \u201cOur fathers had the tent of witness in the wilderness, just as he who spoke to Moses directed him to make it, according to the pattern that he had seen. [45] Our fathers in turn brought it in with Joshua when they dispossessed the nations that God drove out before our fathers. So it was until the days of David, [46] who found favor in the sight of God and asked to find a dwelling place for the God of Jacob.(1) [47] But it was Solomon who built a house for him. [48] Yet the Most High does not dwell in houses made by hands, as the prophet says,\n\n    [49] \u201c\u2018Heaven is my throne,\n        and the earth is my footstool.\n    What kind of house will you build for me, says the Lord,\n        or what is the place of my rest?\n    [50] Did not my hand make all these things?\u2019\n    \n    \n      [51] \u201cYou stiff-necked people, uncircumcised in heart and ears, you always resist the Holy Spirit. As your fathers did, so do you. [52] Which of the prophets did your fathers not persecute? And they killed those who announced beforehand the coming of the Righteous One, whom you have now betrayed and murdered, [53] you who received the law as delivered by angels and did not keep it.\u201d\n\nThe Stoning of Stephen\n\n  [54] Now when they heard these things they were enraged, and they ground their teeth at him. [55] But he, full of the Holy Spirit, gazed into heaven and saw the glory of God, and Jesus standing at the right hand of God. [56] And he said, \u201cBehold, I see the heavens opened, and the Son of Man standing at the right hand of God.\u201d [57] But they cried out with a loud voice and stopped their ears and rushed together(2) at him. [58] Then they cast him out of the city and stoned him. And the witnesses laid down their garments at the feet of a young man named Saul. [59] And as they were stoning Stephen, he called out, \u201cLord Jesus, receive my spirit.\u201d [60] And falling to his knees he cried out with a loud voice, \u201cLord, do not hold this sin against them.\u201d And when he had said this, he fell asleep.\n\nFootnotes\n\n(1) 7:46 Some manuscripts *for the house of Jacob*\n\n(2) 7:57 Or *rushed with one mind*\n (ESV)"]}