{"query": "Acts 3", "canonical": "Acts 3", "parsed": [[44003001, 44003026]], "passage_meta": [{"canonical": "Acts 3", "chapter_start": [44003001, 44003026], "chapter_end": [44003001, 44003026], "prev_verse": 44002047, "next_verse": 44004001, "prev_chapter": [44002001, 44002047], "next_chapter": [44004001, 44004037]}], "passages": ["Acts 3\n\nThe Lame Beggar Healed\n\n  [1] Now Peter and John were going up to the temple at the hour of prayer, the ninth hour.(1) [2] And a man lame from birth was being carried, whom they laid daily at the gate of the temple that is called the Beautiful Gate to ask alms of those entering the temple. [3] Seeing Peter and John about to go into the temple, he asked to receive alms. [4] And Peter directed his gaze at him, as did John, and said, \u201cLook at us.\u201d [5] And he fixed his attention on them, expecting to receive something from them. [6] But Peter said, \u201cI have no silver and gold, but what I do have I give to you. In the name of Jesus Christ of Nazareth, rise up and walk!\u201d [7] And he took him by the right hand and raised him up, and immediately his feet and ankles were made strong. [8] And leaping up, he stood and began to walk, and entered the temple with them, walking and leaping and praising God. [9] And all the people saw him walking and praising God, [10] and recognized him as the one who sat at the Beautiful Gate of the temple, asking for alms. And they were filled with wonder and amazement at what had happened to him.\n\nPeter Speaks in Solomon\u2019s Portico\n\n  [11] While he clung to Peter and John, all the people, utterly astounded, ran together to them in the portico called Solomon\u2019s. [12] And when Peter saw it he addressed the people: \u201cMen of Israel, why do you wonder at this, or why do you stare at us, as though by our own power or piety we have made him walk? [13] The God of Abraham, the God of Isaac, and the God of Jacob, the God of our fathers, glorified his servant(2) Jesus, whom you delivered over and denied in the presence of Pilate, when he had decided to release him. [14] But you denied the Holy and Righteous One, and asked for a murderer to be granted to you, [15] and you killed the Author of life, whom God raised from the dead. To this we are witnesses. [16] And his name\u2014by faith in his name\u2014has made this man strong whom you see and know, and the faith that is through Jesus(3) has given the man this perfect health in the presence of you all.\n\n  [17] \u201cAnd now, brothers, I know that you acted in ignorance, as did also your rulers. [18] But what God foretold by the mouth of all the prophets, that his Christ would suffer, he thus fulfilled. [19] Repent therefore, and turn back, that your sins may be blotted out, [20] that times of refreshing may come from the presence of the Lord, and that he may send the Christ appointed for you, Jesus, [21] whom heaven must receive until the time for restoring all the things about which God spoke by the mouth of his holy prophets long ago. [22] Moses said, \u2018The Lord God will raise up for you a prophet like me from your brothers. You shall listen to him in whatever he tells you. [23] And it shall be that every soul who does not listen to that prophet shall be destroyed from the people.\u2019 [24] And all the prophets who have spoken, from Samuel and those who came after him, also proclaimed these days. [25] You are the sons of the prophets and of the covenant that God made with your fathers, saying to Abraham, \u2018And in your offspring shall all the families of the earth be blessed.\u2019 [26] God, having raised up his servant, sent him to you first, to bless you by turning every one of you from your wickedness.\u201d\n\nFootnotes\n\n(1) 3:1 That is, 3 p.m.\n\n(2) 3:13 Or *child*; also verse 26\n\n(3) 3:16 Greek *him*\n (ESV)"]}