{"query": "Acts 8", "canonical": "Acts 8", "parsed": [[44008001, 44008040]], "passage_meta": [{"canonical": "Acts 8", "chapter_start": [44008001, 44008040], "chapter_end": [44008001, 44008040], "prev_verse": 44007060, "next_verse": 44009001, "prev_chapter": [44007001, 44007060], "next_chapter": [44009001, 44009043]}], "passages": ["Acts 8\n\nSaul Ravages the Church\n\n  [1] And Saul approved of his execution.\n\n  And there arose on that day a great persecution against the church in Jerusalem, and they were all scattered throughout the regions of Judea and Samaria, except the apostles. [2] Devout men buried Stephen and made great lamentation over him. [3] But Saul was ravaging the church, and entering house after house, he dragged off men and women and committed them to prison.\n\nPhilip Proclaims Christ in Samaria\n\n  [4] Now those who were scattered went about preaching the word. [5] Philip went down to the city(1) of Samaria and proclaimed to them the Christ. [6] And the crowds with one accord paid attention to what was being said by Philip, when they heard him and saw the signs that he did. [7] For unclean spirits, crying out with a loud voice, came out of many who had them, and many who were paralyzed or lame were healed. [8] So there was much joy in that city.\n\nSimon the Magician Believes\n\n  [9] But there was a man named Simon, who had previously practiced magic in the city and amazed the people of Samaria, saying that he himself was somebody great. [10] They all paid attention to him, from the least to the greatest, saying, \u201cThis man is the power of God that is called Great.\u201d [11] And they paid attention to him because for a long time he had amazed them with his magic. [12] But when they believed Philip as he preached good news about the kingdom of God and the name of Jesus Christ, they were baptized, both men and women. [13] Even Simon himself believed, and after being baptized he continued with Philip. And seeing signs and great miracles(2) performed, he was amazed.\n\n  [14] Now when the apostles at Jerusalem heard that Samaria had received the word of God, they sent to them Peter and John, [15] who came down and prayed for them that they might receive the Holy Spirit, [16] for he had not yet fallen on any of them, but they had only been baptized in the name of the Lord Jesus. [17] Then they laid their hands on them and they received the Holy Spirit. [18] Now when Simon saw that the Spirit was given through the laying on of the apostles\u2019 hands, he offered them money, [19] saying, \u201cGive me this power also, so that anyone on whom I lay my hands may receive the Holy Spirit.\u201d [20] But Peter said to him, \u201cMay your silver perish with you, because you thought you could obtain the gift of God with money! [21] You have neither part nor lot in this matter, for your heart is not right before God. [22] Repent, therefore, of this wickedness of yours, and pray to the Lord that, if possible, the intent of your heart may be forgiven you. [23] For I see that you are in the gall(3) of bitterness and in the bond of iniquity.\u201d [24] And Simon answered, \u201cPray for me to the Lord, that nothing of what you have said may come upon me.\u201d\n\n  [25] Now when they had testified and spoken the word of the Lord, they returned to Jerusalem, preaching the gospel to many villages of the Samaritans.\n\nPhilip and the Ethiopian Eunuch\n\n  [26] Now an angel of the Lord said to Philip, \u201cRise and go toward the south(4) to the road that goes down from Jerusalem to Gaza.\u201d This is a desert place. [27] And he rose and went. And there was an Ethiopian, a eunuch, a court official of Candace, queen of the Ethiopians, who was in charge of all her treasure. He had come to Jerusalem to worship [28] and was returning, seated in his chariot, and he was reading the prophet Isaiah. [29] And the Spirit said to Philip, \u201cGo over and join this chariot.\u201d [30] So Philip ran to him and heard him reading Isaiah the prophet and asked, \u201cDo you understand what you are reading?\u201d [31] And he said, \u201cHow can I, unless someone guides me?\u201d And he invited Philip to come up and sit with him. [32] Now the passage of the Scripture that he was reading was this:\n\n    \u201cLike a sheep he was led to the slaughter\n        and like a lamb before its shearer is silent,\n        so he opens not his mouth.\n    [33] In his humiliation justice was denied him.\n        Who can describe his generation?\n    For his life is taken away from the earth.\u201d\n    \n    \n      [34] And the eunuch said to Philip, \u201cAbout whom, I ask you, does the prophet say this, about himself or about someone else?\u201d [35] Then Philip opened his mouth, and beginning with this Scripture he told him the good news about Jesus. [36] And as they were going along the road they came to some water, and the eunuch said, \u201cSee, here is water! What prevents me from being baptized?\u201d(5) [38] And he commanded the chariot to stop, and they both went down into the water, Philip and the eunuch, and he baptized him. [39] And when they came up out of the water, the Spirit of the Lord carried Philip away, and the eunuch saw him no more, and went on his way rejoicing. [40] But Philip found himself at Azotus, and as he passed through he preached the gospel to all the towns until he came to Caesarea.\n\nFootnotes\n\n(1) 8:5 Some manuscripts *a city*\n\n(2) 8:13 Greek *works of power*\n\n(3) 8:23 That is, a bitter fluid secreted by the liver; bile\n\n(4) 8:26 Or *go at about noon*\n\n(5) 8:36 Some manuscripts add all or most of verse 37: *And Philip said, \u201cIf you believe with all your heart, you may.\u201d And he replied, \u201cI believe that Jesus Christ is the Son of God.\u201d*\n (ESV)"]}