{"query": "Acts 17", "canonical": "Acts 17", "parsed": [[44017001, 44017034]], "passage_meta": [{"canonical": "Acts 17", "chapter_start": [44017001, 44017034], "chapter_end": [44017001, 44017034], "prev_verse": 44016040, "next_verse": 44018001, "prev_chapter": [44016001, 44016040], "next_chapter": [44018001, 44018028]}], "passages": ["Acts 17\n\nPaul and Silas in Thessalonica\n\n  [1] Now when they had passed through Amphipolis and Apollonia, they came to Thessalonica, where there was a synagogue of the Jews. [2] And Paul went in, as was his custom, and on three Sabbath days he reasoned with them from the Scriptures, [3] explaining and proving that it was necessary for the Christ to suffer and to rise from the dead, and saying, \u201cThis Jesus, whom I proclaim to you, is the Christ.\u201d [4] And some of them were persuaded and joined Paul and Silas, as did a great many of the devout Greeks and not a few of the leading women. [5] But the Jews(1) were jealous, and taking some wicked men of the rabble, they formed a mob, set the city in an uproar, and attacked the house of Jason, seeking to bring them out to the crowd. [6] And when they could not find them, they dragged Jason and some of the brothers before the city authorities, shouting, \u201cThese men who have turned the world upside down have come here also, [7] and Jason has received them, and they are all acting against the decrees of Caesar, saying that there is another king, Jesus.\u201d [8] And the people and the city authorities were disturbed when they heard these things. [9] And when they had taken money as security from Jason and the rest, they let them go.\n\nPaul and Silas in Berea\n\n  [10] The brothers(2) immediately sent Paul and Silas away by night to Berea, and when they arrived they went into the Jewish synagogue. [11] Now these Jews were more noble than those in Thessalonica; they received the word with all eagerness, examining the Scriptures daily to see if these things were so. [12] Many of them therefore believed, with not a few Greek women of high standing as well as men. [13] But when the Jews from Thessalonica learned that the word of God was proclaimed by Paul at Berea also, they came there too, agitating and stirring up the crowds. [14] Then the brothers immediately sent Paul off on his way to the sea, but Silas and Timothy remained there. [15] Those who conducted Paul brought him as far as Athens, and after receiving a command for Silas and Timothy to come to him as soon as possible, they departed.\n\nPaul in Athens\n\n  [16] Now while Paul was waiting for them at Athens, his spirit was provoked within him as he saw that the city was full of idols. [17] So he reasoned in the synagogue with the Jews and the devout persons, and in the marketplace every day with those who happened to be there. [18] Some of the Epicurean and Stoic philosophers also conversed with him. And some said, \u201cWhat does this babbler wish to say?\u201d Others said, \u201cHe seems to be a preacher of foreign divinities\u201d\u2014because he was preaching Jesus and the resurrection. [19] And they took him and brought him to the Areopagus, saying, \u201cMay we know what this new teaching is that you are presenting? [20] For you bring some strange things to our ears. We wish to know therefore what these things mean.\u201d [21] Now all the Athenians and the foreigners who lived there would spend their time in nothing except telling or hearing something new.\n\nPaul Addresses the Areopagus\n\n  [22] So Paul, standing in the midst of the Areopagus, said: \u201cMen of Athens, I perceive that in every way you are very religious. [23] For as I passed along and observed the objects of your worship, I found also an altar with this inscription: \u2018To the unknown god.\u2019 What therefore you worship as unknown, this I proclaim to you. [24] The God who made the world and everything in it, being Lord of heaven and earth, does not live in temples made by man,(3) [25] nor is he served by human hands, as though he needed anything, since he himself gives to all mankind life and breath and everything. [26] And he made from one man every nation of mankind to live on all the face of the earth, having determined allotted periods and the boundaries of their dwelling place, [27] that they should seek God, and perhaps feel their way toward him and find him. Yet he is actually not far from each one of us, [28] for\n\n    \u201c\u2018In him we live and move and have our being\u2019;(4)\n    \n    \n      as even some of your own poets have said,\n\n    \u201c\u2018For we are indeed his offspring.\u2019(5)\n    \n    \n      [29] Being then God\u2019s offspring, we ought not to think that the divine being is like gold or silver or stone, an image formed by the art and imagination of man. [30] The times of ignorance God overlooked, but now he commands all people everywhere to repent, [31] because he has fixed a day on which he will judge the world in righteousness by a man whom he has appointed; and of this he has given assurance to all by raising him from the dead.\u201d\n\n  [32] Now when they heard of the resurrection of the dead, some mocked. But others said, \u201cWe will hear you again about this.\u201d [33] So Paul went out from their midst. [34] But some men joined him and believed, among whom also were Dionysius the Areopagite and a woman named Damaris and others with them.\n\nFootnotes\n\n(1) 17:5 Greek *Ioudaioi* probably refers here to Jewish religious leaders, and others under their influence, in that time; also verse 13\n\n(2) 17:10 Or *brothers and sisters*; also verse 14\n\n(3) 17:24 Greek *made by hands*\n\n(4) 17:28 Probably from Epimenides of Crete\n\n(5) 17:28 From Aratus\u2019s poem \u201cPhainomena\u201d\n (ESV)"]}