{"query": "Colossians 3", "canonical": "Colossians 3", "parsed": [[51003001, 51003025]], "passage_meta": [{"canonical": "Colossians 3", "chapter_start": [51003001, 51003025], "chapter_end": [51003001, 51003025], "prev_verse": 51002023, "next_verse": 51004001, "prev_chapter": [51002001, 51002023], "next_chapter": [51004001, 51004018]}], "passages": ["Colossians 3\n\nPut On the New Self\n\n  [1] If then you have been raised with Christ, seek the things that are above, where Christ is, seated at the right hand of God. [2] Set your minds on things that are above, not on things that are on earth. [3] For you have died, and your life is hidden with Christ in God. [4] When Christ who is your(1) life appears, then you also will appear with him in glory.\n\n  [5] Put to death therefore what is earthly in you:(2) sexual immorality, impurity, passion, evil desire, and covetousness, which is idolatry. [6] On account of these the wrath of God is coming.(3) [7] In these you too once walked, when you were living in them. [8] But now you must put them all away: anger, wrath, malice, slander, and obscene talk from your mouth. [9] Do not lie to one another, seeing that you have put off the old self(4) with its practices [10] and have put on the new self, which is being renewed in knowledge after the image of its creator. [11] Here there is not Greek and Jew, circumcised and uncircumcised, barbarian, Scythian, slave,(5) free; but Christ is all, and in all.\n\n  [12] Put on then, as God\u2019s chosen ones, holy and beloved, compassionate hearts, kindness, humility, meekness, and patience, [13] bearing with one another and, if one has a complaint against another, forgiving each other; as the Lord has forgiven you, so you also must forgive. [14] And above all these put on love, which binds everything together in perfect harmony. [15] And let the peace of Christ rule in your hearts, to which indeed you were called in one body. And be thankful. [16] Let the word of Christ dwell in you richly, teaching and admonishing one another in all wisdom, singing psalms and hymns and spiritual songs, with thankfulness in your hearts to God. [17] And whatever you do, in word or deed, do everything in the name of the Lord Jesus, giving thanks to God the Father through him.\n\nRules for Christian Households\n\n  [18] Wives, submit to your husbands, as is fitting in the Lord. [19] Husbands, love your wives, and do not be harsh with them. [20] Children, obey your parents in everything, for this pleases the Lord. [21] Fathers, do not provoke your children, lest they become discouraged. [22] Bondservants, obey in everything those who are your earthly masters,(6) not by way of eye-service, as people-pleasers, but with sincerity of heart, fearing the Lord. [23] Whatever you do, work heartily, as for the Lord and not for men, [24] knowing that from the Lord you will receive the inheritance as your reward. You are serving the Lord Christ. [25] For the wrongdoer will be paid back for the wrong he has done, and there is no partiality.\n\nFootnotes\n\n(1) 3:4 Some manuscripts *our*\n\n(2) 3:5 Greek *therefore your members that are on the earth*\n\n(3) 3:6 Some manuscripts add *upon the sons of disobedience*\n\n(4) 3:9 Greek *man*; also as supplied in verse 10\n\n(5) 3:11 For the contextual rendering of the Greek word *doulos*, see Preface; likewise for *Bondservants* in verse 22\n\n(6) 3:22 Or *your masters according to the flesh*\n (ESV)"]}