{"query": "Colossians 1", "canonical": "Colossians 1", "parsed": [[51001001, 51001029]], "passage_meta": [{"canonical": "Colossians 1", "chapter_start": [51001001, 51001029], "chapter_end": [51001001, 51001029], "prev_verse": 50004023, "next_verse": 51002001, "prev_chapter": [50004001, 50004023], "next_chapter": [51002001, 51002023]}], "passages": ["Colossians 1\n\nGreeting\n\n  [1] Paul, an apostle of Christ Jesus by the will of God, and Timothy our brother,\n\n  [2] To the saints and faithful brothers(1) in Christ at Colossae:\n\n  Grace to you and peace from God our Father.\n\nThanksgiving and Prayer\n\n  [3] We always thank God, the Father of our Lord Jesus Christ, when we pray for you, [4] since we heard of your faith in Christ Jesus and of the love that you have for all the saints, [5] because of the hope laid up for you in heaven. Of this you have heard before in the word of the truth, the gospel, [6] which has come to you, as indeed in the whole world it is bearing fruit and increasing\u2014as it also does among you, since the day you heard it and understood the grace of God in truth, [7] just as you learned it from Epaphras our beloved fellow servant.(2) He is a faithful minister of Christ on your(3) behalf [8] and has made known to us your love in the Spirit.\n\n  [9] And so, from the day we heard, we have not ceased to pray for you, asking that you may be filled with the knowledge of his will in all spiritual wisdom and understanding, [10] so as to walk in a manner worthy of the Lord, fully pleasing to him: bearing fruit in every good work and increasing in the knowledge of God; [11] being strengthened with all power, according to his glorious might, for all endurance and patience with joy; [12] giving thanks(4) to the Father, who has qualified you(5) to share in the inheritance of the saints in light. [13] He has delivered us from the domain of darkness and transferred us to the kingdom of his beloved Son, [14] in whom we have redemption, the forgiveness of sins.\n\nThe Preeminence of Christ\n\n  [15] He is the image of the invisible God, the firstborn of all creation. [16] For by(6) him all things were created, in heaven and on earth, visible and invisible, whether thrones or dominions or rulers or authorities\u2014all things were created through him and for him. [17] And he is before all things, and in him all things hold together. [18] And he is the head of the body, the church. He is the beginning, the firstborn from the dead, that in everything he might be preeminent. [19] For in him all the fullness of God was pleased to dwell, [20] and through him to reconcile to himself all things, whether on earth or in heaven, making peace by the blood of his cross.\n\n  [21] And you, who once were alienated and hostile in mind, doing evil deeds, [22] he has now reconciled in his body of flesh by his death, in order to present you holy and blameless and above reproach before him, [23] if indeed you continue in the faith, stable and steadfast, not shifting from the hope of the gospel that you heard, which has been proclaimed in all creation(7) under heaven, and of which I, Paul, became a minister.\n\nPaul\u2019s Ministry to the Church\n\n  [24] Now I rejoice in my sufferings for your sake, and in my flesh I am filling up what is lacking in Christ\u2019s afflictions for the sake of his body, that is, the church, [25] of which I became a minister according to the stewardship from God that was given to me for you, to make the word of God fully known, [26] the mystery hidden for ages and generations but now revealed to his saints. [27] To them God chose to make known how great among the Gentiles are the riches of the glory of this mystery, which is Christ in you, the hope of glory. [28] Him we proclaim, warning everyone and teaching everyone with all wisdom, that we may present everyone mature in Christ. [29] For this I toil, struggling with all his energy that he powerfully works within me.\n\nFootnotes\n\n(1) 1:2 Or *brothers and sisters*. In New Testament usage, depending on the context, the plural Greek word *adelphoi* (translated \u201cbrothers\u201d) may refer either to *brothers* or to *brothers and sisters*\n\n(2) 1:7 For the contextual rendering of the Greek word *sundoulos*, see Preface\n\n(3) 1:7 Some manuscripts *our*\n\n(4) 1:12 Or *patience, with joy giving thanks*\n\n(5) 1:12 Some manuscripts *us*\n\n(6) 1:16 That is, by means of; or *in*\n\n(7) 1:23 Or *to every creature*\n (ESV)"]}