{"query": "Ephesians 1", "canonical": "Ephesians 1", "parsed": [[49001001, 49001023]], "passage_meta": [{"canonical": "Ephesians 1", "chapter_start": [49001001, 49001023], "chapter_end": [49001001, 49001023], "prev_verse": 48006018, "next_verse": 49002001, "prev_chapter": [48006001, 48006018], "next_chapter": [49002001, 49002022]}], "passages": ["Ephesians 1\n\nGreeting\n\n  [1] Paul, an apostle of Christ Jesus by the will of God,\n\n  To the saints who are in Ephesus, and are faithful(1) in Christ Jesus:\n\n  [2] Grace to you and peace from God our Father and the Lord Jesus Christ.\n\nSpiritual Blessings in Christ\n\n  [3] Blessed be the God and Father of our Lord Jesus Christ, who has blessed us in Christ with every spiritual blessing in the heavenly places, [4] even as he chose us in him before the foundation of the world, that we should be holy and blameless before him. In love [5] he predestined us(2) for adoption to himself as sons through Jesus Christ, according to the purpose of his will, [6] to the praise of his glorious grace, with which he has blessed us in the Beloved. [7] In him we have redemption through his blood, the forgiveness of our trespasses, according to the riches of his grace, [8] which he lavished upon us, in all wisdom and insight [9] making known(3) to us the mystery of his will, according to his purpose, which he set forth in Christ [10] as a plan for the fullness of time, to unite all things in him, things in heaven and things on earth.\n\n  [11] In him we have obtained an inheritance, having been predestined according to the purpose of him who works all things according to the counsel of his will, [12] so that we who were the first to hope in Christ might be to the praise of his glory. [13] In him you also, when you heard the word of truth, the gospel of your salvation, and believed in him, were sealed with the promised Holy Spirit, [14] who is the guarantee(4) of our inheritance until we acquire possession of it,(5) to the praise of his glory.\n\nThanksgiving and Prayer\n\n  [15] For this reason, because I have heard of your faith in the Lord Jesus and your love(6) toward all the saints, [16] I do not cease to give thanks for you, remembering you in my prayers, [17] that the God of our Lord Jesus Christ, the Father of glory, may give you the Spirit of wisdom and of revelation in the knowledge of him, [18] having the eyes of your hearts enlightened, that you may know what is the hope to which he has called you, what are the riches of his glorious inheritance in the saints, [19] and what is the immeasurable greatness of his power toward us who believe, according to the working of his great might [20] that he worked in Christ when he raised him from the dead and seated him at his right hand in the heavenly places, [21] far above all rule and authority and power and dominion, and above every name that is named, not only in this age but also in the one to come. [22] And he put all things under his feet and gave him as head over all things to the church, [23] which is his body, the fullness of him who fills all in all.\n\nFootnotes\n\n(1) 1:1 Some manuscripts *saints who are also faithful* (omitting *in Ephesus*)\n\n(2) 1:5 Or *before him in love, [5] having predestined us*\n\n(3) 1:9 Or *he lavished upon us in all wisdom and insight, making known\u00a0.\u00a0.\u00a0.*\n\n(4) 1:14 Or *down payment*\n\n(5) 1:14 Or *until God redeems his possession*\n\n(6) 1:15 Some manuscripts omit *your love*\n (ESV)"]}