{"query": "Ephesians 6", "canonical": "Ephesians 6", "parsed": [[49006001, 49006024]], "passage_meta": [{"canonical": "Ephesians 6", "chapter_start": [49006001, 49006024], "chapter_end": [49006001, 49006024], "prev_verse": 49005033, "next_verse": 50001001, "prev_chapter": [49005001, 49005033], "next_chapter": [50001001, 50001030]}], "passages": ["Ephesians 6\n\nChildren and Parents\n\n  [1] Children, obey your parents in the Lord, for this is right. [2] \u201cHonor your father and mother\u201d (this is the first commandment with a promise), [3] \u201cthat it may go well with you and that you may live long in the land.\u201d [4] Fathers, do not provoke your children to anger, but bring them up in the discipline and instruction of the Lord.\n\nBondservants and Masters\n\n  [5] Bondservants,(1) obey your earthly masters(2) with fear and trembling, with a sincere heart, as you would Christ, [6] not by the way of eye-service, as people-pleasers, but as bondservants of Christ, doing the will of God from the heart, [7] rendering service with a good will as to the Lord and not to man, [8] knowing that whatever good anyone does, this he will receive back from the Lord, whether he is a bondservant or is free. [9] Masters, do the same to them, and stop your threatening, knowing that he who is both their Master(3) and yours is in heaven, and that there is no partiality with him.\n\nThe Whole Armor of God\n\n  [10] Finally, be strong in the Lord and in the strength of his might. [11] Put on the whole armor of God, that you may be able to stand against the schemes of the devil. [12] For we do not wrestle against flesh and blood, but against the rulers, against the authorities, against the cosmic powers over this present darkness, against the spiritual forces of evil in the heavenly places. [13] Therefore take up the whole armor of God, that you may be able to withstand in the evil day, and having done all, to stand firm. [14] Stand therefore, having fastened on the belt of truth, and having put on the breastplate of righteousness, [15] and, as shoes for your feet, having put on the readiness given by the gospel of peace. [16] In all circumstances take up the shield of faith, with which you can extinguish all the flaming darts of the evil one; [17] and take the helmet of salvation, and the sword of the Spirit, which is the word of God, [18] praying at all times in the Spirit, with all prayer and supplication. To that end, keep alert with all perseverance, making supplication for all the saints, [19] and also for me, that words may be given to me in opening my mouth boldly to proclaim the mystery of the gospel, [20] for which I am an ambassador in chains, that I may declare it boldly, as I ought to speak.\n\nFinal Greetings\n\n  [21] So that you also may know how I am and what I am doing, Tychicus the beloved brother and faithful minister in the Lord will tell you everything. [22] I have sent him to you for this very purpose, that you may know how we are, and that he may encourage your hearts.\n\n  [23] Peace be to the brothers,(4) and love with faith, from God the Father and the Lord Jesus Christ. [24] Grace be with all who love our Lord Jesus Christ with love incorruptible.\n\nFootnotes\n\n(1) 6:5 For the contextual rendering of the Greek word *doulos*, see Preface; also verse 6; likewise for *bondservant* in verse 8\n\n(2) 6:5 Or *your masters according to the flesh*\n\n(3) 6:9 Greek *Lord*\n\n(4) 6:23 Or *brothers and sisters*\n (ESV)"]}