{"query": "Ephesians 3", "canonical": "Ephesians 3", "parsed": [[49003001, 49003021]], "passage_meta": [{"canonical": "Ephesians 3", "chapter_start": [49003001, 49003021], "chapter_end": [49003001, 49003021], "prev_verse": 49002022, "next_verse": 49004001, "prev_chapter": [49002001, 49002022], "next_chapter": [49004001, 49004032]}], "passages": ["Ephesians 3\n\nThe Mystery of the Gospel Revealed\n\n  [1] For this reason I, Paul, a prisoner of Christ Jesus on behalf of you Gentiles\u2014[2] assuming that you have heard of the stewardship of God\u2019s grace that was given to me for you, [3] how the mystery was made known to me by revelation, as I have written briefly. [4] When you read this, you can perceive my insight into the mystery of Christ, [5] which was not made known to the sons of men in other generations as it has now been revealed to his holy apostles and prophets by the Spirit. [6] This mystery is(1) that the Gentiles are fellow heirs, members of the same body, and partakers of the promise in Christ Jesus through the gospel.\n\n  [7] Of this gospel I was made a minister according to the gift of God\u2019s grace, which was given me by the working of his power. [8] To me, though I am the very least of all the saints, this grace was given, to preach to the Gentiles the unsearchable riches of Christ, [9] and to bring to light for everyone what is the plan of the mystery hidden for ages in(2) God, who created all things, [10] so that through the church the manifold wisdom of God might now be made known to the rulers and authorities in the heavenly places. [11] This was according to the eternal purpose that he has realized in Christ Jesus our Lord, [12] in whom we have boldness and access with confidence through our faith in him. [13] So I ask you not to lose heart over what I am suffering for you, which is your glory.\n\nPrayer for Spiritual Strength\n\n  [14] For this reason I bow my knees before the Father, [15] from whom every family(3) in heaven and on earth is named, [16] that according to the riches of his glory he may grant you to be strengthened with power through his Spirit in your inner being, [17] so that Christ may dwell in your hearts through faith\u2014that you, being rooted and grounded in love, [18] may have strength to comprehend with all the saints what is the breadth and length and height and depth, [19] and to know the love of Christ that surpasses knowledge, that you may be filled with all the fullness of God.\n\n  [20] Now to him who is able to do far more abundantly than all that we ask or think, according to the power at work within us, [21] to him be glory in the church and in Christ Jesus throughout all generations, forever and ever. Amen.\n\nFootnotes\n\n(1) 3:6 The words *This mystery is* are inferred from verse 4\n\n(2) 3:9 Or *by*\n\n(3) 3:15 Or *from whom all fatherhood*; the Greek word *patria* in verse 15 is closely related to the word for *Father* in verse 14\n (ESV)"]}