{"query": "Ephesians 4", "canonical": "Ephesians 4", "parsed": [[49004001, 49004032]], "passage_meta": [{"canonical": "Ephesians 4", "chapter_start": [49004001, 49004032], "chapter_end": [49004001, 49004032], "prev_verse": 49003021, "next_verse": 49005001, "prev_chapter": [49003001, 49003021], "next_chapter": [49005001, 49005033]}], "passages": ["Ephesians 4\n\nUnity in the Body of Christ\n\n  [1] I therefore, a prisoner for the Lord, urge you to walk in a manner worthy of the calling to which you have been called, [2] with all humility and gentleness, with patience, bearing with one another in love, [3] eager to maintain the unity of the Spirit in the bond of peace. [4] There is one body and one Spirit\u2014just as you were called to the one hope that belongs to your call\u2014[5] one Lord, one faith, one baptism, [6] one God and Father of all, who is over all and through all and in all. [7] But grace was given to each one of us according to the measure of Christ\u2019s gift. [8] Therefore it says,\n\n    \u201cWhen he ascended on high he led a host of captives,\n        and he gave gifts to men.\u201d(1)\n    \n    \n      [9] (In saying, \u201cHe ascended,\u201d what does it mean but that he had also descended into the lower regions, the earth?(2) [10] He who descended is the one who also ascended far above all the heavens, that he might fill all things.) [11] And he gave the apostles, the prophets, the evangelists, the shepherds(3) and teachers,(4) [12] to equip the saints for the work of ministry, for building up the body of Christ, [13] until we all attain to the unity of the faith and of the knowledge of the Son of God, to mature manhood,(5) to the measure of the stature of the fullness of Christ, [14] so that we may no longer be children, tossed to and fro by the waves and carried about by every wind of doctrine, by human cunning, by craftiness in deceitful schemes. [15] Rather, speaking the truth in love, we are to grow up in every way into him who is the head, into Christ, [16] from whom the whole body, joined and held together by every joint with which it is equipped, when each part is working properly, makes the body grow so that it builds itself up in love.\n\nThe New Life\n\n  [17] Now this I say and testify in the Lord, that you must no longer walk as the Gentiles do, in the futility of their minds. [18] They are darkened in their understanding, alienated from the life of God because of the ignorance that is in them, due to their hardness of heart. [19] They have become callous and have given themselves up to sensuality, greedy to practice every kind of impurity. [20] But that is not the way you learned Christ!\u2014[21] assuming that you have heard about him and were taught in him, as the truth is in Jesus, [22] to put off your old self,(6) which belongs to your former manner of life and is corrupt through deceitful desires, [23] and to be renewed in the spirit of your minds, [24] and to put on the new self, created after the likeness of God in true righteousness and holiness.\n\n  [25] Therefore, having put away falsehood, let each one of you speak the truth with his neighbor, for we are members one of another. [26] Be angry and do not sin; do not let the sun go down on your anger, [27] and give no opportunity to the devil. [28] Let the thief no longer steal, but rather let him labor, doing honest work with his own hands, so that he may have something to share with anyone in need. [29] Let no corrupting talk come out of your mouths, but only such as is good for building up, as fits the occasion, that it may give grace to those who hear. [30] And do not grieve the Holy Spirit of God, by whom you were sealed for the day of redemption. [31] Let all bitterness and wrath and anger and clamor and slander be put away from you, along with all malice. [32] Be kind to one another, tenderhearted, forgiving one another, as God in Christ forgave you.\n\nFootnotes\n\n(1) 4:8 The Greek word *anthropoi* can refer to both men and women\n\n(2) 4:9 Or *the lower parts of the earth?*\n\n(3) 4:11 Or *pastors*\n\n(4) 4:11 Or *the shepherd-teachers*\n\n(5) 4:13 Greek *to a full-grown man*\n\n(6) 4:22 Greek *man*; also verse 24\n (ESV)"]}