{"query": "Galatians 4", "canonical": "Galatians 4", "parsed": [[48004001, 48004031]], "passage_meta": [{"canonical": "Galatians 4", "chapter_start": [48004001, 48004031], "chapter_end": [48004001, 48004031], "prev_verse": 48003029, "next_verse": 48005001, "prev_chapter": [48003001, 48003029], "next_chapter": [48005001, 48005026]}], "passages": ["Galatians 4\n\nSons and Heirs\n\n  [1] I mean that the heir, as long as he is a child, is no different from a slave,(1) though he is the owner of everything, [2] but he is under guardians and managers until the date set by his father. [3] In the same way we also, when we were children, were enslaved to the elementary principles(2) of the world. [4] But when the fullness of time had come, God sent forth his Son, born of woman, born under the law, [5] to redeem those who were under the law, so that we might receive adoption as sons. [6] And because you are sons, God has sent the Spirit of his Son into our hearts, crying, \u201cAbba! Father!\u201d [7] So you are no longer a slave, but a son, and if a son, then an heir through God.\n\nPaul\u2019s Concern for the Galatians\n\n  [8] Formerly, when you did not know God, you were enslaved to those that by nature are not gods. [9] But now that you have come to know God, or rather to be known by God, how can you turn back again to the weak and worthless elementary principles of the world, whose slaves you want to be once more? [10] You observe days and months and seasons and years! [11] I am afraid I may have labored over you in vain.\n\n  [12] Brothers,(3) I entreat you, become as I am, for I also have become as you are. You did me no wrong. [13] You know it was because of a bodily ailment that I preached the gospel to you at first, [14] and though my condition was a trial to you, you did not scorn or despise me, but received me as an angel of God, as Christ Jesus. [15] What then has become of your blessedness? For I testify to you that, if possible, you would have gouged out your eyes and given them to me. [16] Have I then become your enemy by telling you the truth?(4) [17] They make much of you, but for no good purpose. They want to shut you out, that you may make much of them. [18] It is always good to be made much of for a good purpose, and not only when I am present with you, [19] my little children, for whom I am again in the anguish of childbirth until Christ is formed in you! [20] I wish I could be present with you now and change my tone, for I am perplexed about you.\n\nExample of Hagar and Sarah\n\n  [21] Tell me, you who desire to be under the law, do you not listen to the law? [22] For it is written that Abraham had two sons, one by a slave woman and one by a free woman. [23] But the son of the slave was born according to the flesh, while the son of the free woman was born through promise. [24] Now this may be interpreted allegorically: these women are two covenants. One is from Mount Sinai, bearing children for slavery; she is Hagar. [25] Now Hagar is Mount Sinai in Arabia;(5) she corresponds to the present Jerusalem, for she is in slavery with her children. [26] But the Jerusalem above is free, and she is our mother. [27] For it is written,\n\n    \u201cRejoice, O barren one who does not bear;\n        break forth and cry aloud, you who are not in labor!\n    For the children of the desolate one will be more\n        than those of the one who has a husband.\u201d\n    \n    \n      [28] Now you,(6) brothers, like Isaac, are children of promise. [29] But just as at that time he who was born according to the flesh persecuted him who was born according to the Spirit, so also it is now. [30] But what does the Scripture say? \u201cCast out the slave woman and her son, for the son of the slave woman shall not inherit with the son of the free woman.\u201d [31] So, brothers, we are not children of the slave but of the free woman.\n\nFootnotes\n\n(1) 4:1 For the contextual rendering of the Greek word *doulos*, see Preface; also verse 7\n\n(2) 4:3 Or *elemental spirits*; also verse 9\n\n(3) 4:12 Or *Brothers and sisters*; also verses 28, 31\n\n(4) 4:16 Or *by dealing truthfully with you*\n\n(5) 4:25 Some manuscripts *For Sinai is a mountain in Arabia*\n\n(6) 4:28 Some manuscripts *we*\n (ESV)"]}