{"query": "Galatians 1", "canonical": "Galatians 1", "parsed": [[48001001, 48001024]], "passage_meta": [{"canonical": "Galatians 1", "chapter_start": [48001001, 48001024], "chapter_end": [48001001, 48001024], "prev_verse": 47013014, "next_verse": 48002001, "prev_chapter": [47013001, 47013014], "next_chapter": [48002001, 48002021]}], "passages": ["Galatians 1\n\nGreeting\n\n  [1] Paul, an apostle\u2014not from men nor through man, but through Jesus Christ and God the Father, who raised him from the dead\u2014[2] and all the brothers(1) who are with me,\n\n  To the churches of Galatia:\n\n  [3] Grace to you and peace from God our Father and the Lord Jesus Christ, [4] who gave himself for our sins to deliver us from the present evil age, according to the will of our God and Father, [5] to whom be the glory forever and ever. Amen.\n\nNo Other Gospel\n\n  [6] I am astonished that you are so quickly deserting him who called you in the grace of Christ and are turning to a different gospel\u2014[7] not that there is another one, but there are some who trouble you and want to distort the gospel of Christ. [8] But even if we or an angel from heaven should preach to you a gospel contrary to the one we preached to you, let him be accursed. [9] As we have said before, so now I say again: If anyone is preaching to you a gospel contrary to the one you received, let him be accursed.\n\n  [10] For am I now seeking the approval of man, or of God? Or am I trying to please man? If I were still trying to please man, I would not be a servant(2) of Christ.\n\nPaul Called by God\n\n  [11] For I would have you know, brothers, that the gospel that was preached by me is not man\u2019s gospel.(3) [12] For I did not receive it from any man, nor was I taught it, but I received it through a revelation of Jesus Christ. [13] For you have heard of my former life in Judaism, how I persecuted the church of God violently and tried to destroy it. [14] And I was advancing in Judaism beyond many of my own age among my people, so extremely zealous was I for the traditions of my fathers. [15] But when he who had set me apart before I was born,(4) and who called me by his grace, [16] was pleased to reveal his Son to(5) me, in order that I might preach him among the Gentiles, I did not immediately consult with anyone;(6) [17] nor did I go up to Jerusalem to those who were apostles before me, but I went away into Arabia, and returned again to Damascus.\n\n  [18] Then after three years I went up to Jerusalem to visit Cephas and remained with him fifteen days. [19] But I saw none of the other apostles except James the Lord\u2019s brother. [20] (In what I am writing to you, before God, I do not lie!) [21] Then I went into the regions of Syria and Cilicia. [22] And I was still unknown in person to the churches of Judea that are in Christ. [23] They only were hearing it said, \u201cHe who used to persecute us is now preaching the faith he once tried to destroy.\u201d [24] And they glorified God because of me.\n\nFootnotes\n\n(1) 1:2 Or *brothers and sisters*. In New Testament usage, depending on the context, the plural Greek word *adelphoi* (translated \u201cbrothers\u201d) may refer either to *brothers* or to *brothers and sisters*; also verse 11\n\n(2) 1:10 For the contextual rendering of the Greek word *doulos*, see Preface\n\n(3) 1:11 Greek *not according to man*\n\n(4) 1:15 Greek *set me apart from my mother\u2019s womb*\n\n(5) 1:16 Greek *in*\n\n(6) 1:16 Greek *with flesh and blood*\n (ESV)"]}