{"query": "Galatians 3", "canonical": "Galatians 3", "parsed": [[48003001, 48003029]], "passage_meta": [{"canonical": "Galatians 3", "chapter_start": [48003001, 48003029], "chapter_end": [48003001, 48003029], "prev_verse": 48002021, "next_verse": 48004001, "prev_chapter": [48002001, 48002021], "next_chapter": [48004001, 48004031]}], "passages": ["Galatians 3\n\nBy Faith, or by Works of the Law?\n\n  [1] O foolish Galatians! Who has bewitched you? It was before your eyes that Jesus Christ was publicly portrayed as crucified. [2] Let me ask you only this: Did you receive the Spirit by works of the law or by hearing with faith? [3] Are you so foolish? Having begun by the Spirit, are you now being perfected by(1) the flesh? [4] Did you suffer(2) so many things in vain\u2014if indeed it was in vain? [5] Does he who supplies the Spirit to you and works miracles among you do so by works of the law, or by hearing with faith\u2014[6] just as Abraham \u201cbelieved God, and it was counted to him as righteousness\u201d?\n\n  [7] Know then that it is those of faith who are the sons of Abraham. [8] And the Scripture, foreseeing that God would justify(3) the Gentiles by faith, preached the gospel beforehand to Abraham, saying, \u201cIn you shall all the nations be blessed.\u201d [9] So then, those who are of faith are blessed along with Abraham, the man of faith.\n\nThe Righteous Shall Live by Faith\n\n  [10] For all who rely on works of the law are under a curse; for it is written, \u201cCursed be everyone who does not abide by all things written in the Book of the Law, and do them.\u201d [11] Now it is evident that no one is justified before God by the law, for \u201cThe righteous shall live by faith.\u201d(4) [12] But the law is not of faith, rather \u201cThe one who does them shall live by them.\u201d [13] Christ redeemed us from the curse of the law by becoming a curse for us\u2014for it is written, \u201cCursed is everyone who is hanged on a tree\u201d\u2014[14] so that in Christ Jesus the blessing of Abraham might come to the Gentiles, so that we might receive the promised Spirit(5) through faith.\n\nThe Law and the Promise\n\n  [15] To give a human example, brothers:(6) even with a man-made covenant, no one annuls it or adds to it once it has been ratified. [16] Now the promises were made to Abraham and to his offspring. It does not say, \u201cAnd to offsprings,\u201d referring to many, but referring to one, \u201cAnd to your offspring,\u201d who is Christ. [17] This is what I mean: the law, which came 430 years afterward, does not annul a covenant previously ratified by God, so as to make the promise void. [18] For if the inheritance comes by the law, it no longer comes by promise; but God gave it to Abraham by a promise.\n\n  [19] Why then the law? It was added because of transgressions, until the offspring should come to whom the promise had been made, and it was put in place through angels by an intermediary. [20] Now an intermediary implies more than one, but God is one.\n\n  [21] Is the law then contrary to the promises of God? Certainly not! For if a law had been given that could give life, then righteousness would indeed be by the law. [22] But the Scripture imprisoned everything under sin, so that the promise by faith in Jesus Christ might be given to those who believe.\n\n  [23] Now before faith came, we were held captive under the law, imprisoned until the coming faith would be revealed. [24] So then, the law was our guardian until Christ came, in order that we might be justified by faith. [25] But now that faith has come, we are no longer under a guardian, [26] for in Christ Jesus you are all sons of God, through faith. [27] For as many of you as were baptized into Christ have put on Christ. [28] There is neither Jew nor Greek, there is neither slave(7) nor free, there is no male and female, for you are all one in Christ Jesus. [29] And if you are Christ\u2019s, then you are Abraham\u2019s offspring, heirs according to promise.\n\nFootnotes\n\n(1) 3:3 Or *now ending with*\n\n(2) 3:4 Or *experience*\n\n(3) 3:8 Or *count righteous*; also verses 11, 24\n\n(4) 3:11 Or *The one who by faith is righteous will live*\n\n(5) 3:14 Greek *receive the promise of the Spirit*\n\n(6) 3:15 Or *brothers and sisters*\n\n(7) 3:28 For the contextual rendering of the Greek word *doulos*, see Preface\n (ESV)"]}