{"query": "Hebrews 12", "canonical": "Hebrews 12", "parsed": [[58012001, 58012029]], "passage_meta": [{"canonical": "Hebrews 12", "chapter_start": [58012001, 58012029], "chapter_end": [58012001, 58012029], "prev_verse": 58011040, "next_verse": 58013001, "prev_chapter": [58011001, 58011040], "next_chapter": [58013001, 58013025]}], "passages": ["Hebrews 12\n\nJesus, Founder and Perfecter of Our Faith\n\n  [1] Therefore, since we are surrounded by so great a cloud of witnesses, let us also lay aside every weight, and sin which clings so closely, and let us run with endurance the race that is set before us, [2] looking to Jesus, the founder and perfecter of our faith, who for the joy that was set before him endured the cross, despising the shame, and is seated at the right hand of the throne of God.\n\nDo Not Grow Weary\n\n  [3] Consider him who endured from sinners such hostility against himself, so that you may not grow weary or fainthearted. [4] In your struggle against sin you have not yet resisted to the point of shedding your blood. [5] And have you forgotten the exhortation that addresses you as sons?\n\n    \u201cMy son, do not regard lightly the discipline of the Lord,\n        nor be weary when reproved by him.\n    [6] For the Lord disciplines the one he loves,\n        and chastises every son whom he receives.\u201d\n    \n    \n      [7] It is for discipline that you have to endure. God is treating you as sons. For what son is there whom his father does not discipline? [8] If you are left without discipline, in which all have participated, then you are illegitimate children and not sons. [9] Besides this, we have had earthly fathers who disciplined us and we respected them. Shall we not much more be subject to the Father of spirits and live? [10] For they disciplined us for a short time as it seemed best to them, but he disciplines us for our good, that we may share his holiness. [11] For the moment all discipline seems painful rather than pleasant, but later it yields the peaceful fruit of righteousness to those who have been trained by it.\n\n  [12] Therefore lift your drooping hands and strengthen your weak knees, [13] and make straight paths for your feet, so that what is lame may not be put out of joint but rather be healed. [14] Strive for peace with everyone, and for the holiness without which no one will see the Lord. [15] See to it that no one fails to obtain the grace of God; that no \u201croot of bitterness\u201d springs up and causes trouble, and by it many become defiled; [16] that no one is sexually immoral or unholy like Esau, who sold his birthright for a single meal. [17] For you know that afterward, when he desired to inherit the blessing, he was rejected, for he found no chance to repent, though he sought it with tears.\n\nA Kingdom That Cannot Be Shaken\n\n  [18] For you have not come to what may be touched, a blazing fire and darkness and gloom and a tempest [19] and the sound of a trumpet and a voice whose words made the hearers beg that no further messages be spoken to them. [20] For they could not endure the order that was given, \u201cIf even a beast touches the mountain, it shall be stoned.\u201d [21] Indeed, so terrifying was the sight that Moses said, \u201cI tremble with fear.\u201d [22] But you have come to Mount Zion and to the city of the living God, the heavenly Jerusalem, and to innumerable angels in festal gathering, [23] and to the assembly(1) of the firstborn who are enrolled in heaven, and to God, the judge of all, and to the spirits of the righteous made perfect, [24] and to Jesus, the mediator of a new covenant, and to the sprinkled blood that speaks a better word than the blood of Abel.\n\n  [25] See that you do not refuse him who is speaking. For if they did not escape when they refused him who warned them on earth, much less will we escape if we reject him who warns from heaven. [26] At that time his voice shook the earth, but now he has promised, \u201cYet once more I will shake not only the earth but also the heavens.\u201d [27] This phrase, \u201cYet once more,\u201d indicates the removal of things that are shaken\u2014that is, things that have been made\u2014in order that the things that cannot be shaken may remain. [28] Therefore let us be grateful for receiving a kingdom that cannot be shaken, and thus let us offer to God acceptable worship, with reverence and awe, [29] for our God is a consuming fire.\n\nFootnotes\n\n(1) 12:23 Or *church*\n (ESV)"]}