{"query": "Hebrews 4", "canonical": "Hebrews 4", "parsed": [[58004001, 58004016]], "passage_meta": [{"canonical": "Hebrews 4", "chapter_start": [58004001, 58004016], "chapter_end": [58004001, 58004016], "prev_verse": 58003019, "next_verse": 58005001, "prev_chapter": [58003001, 58003019], "next_chapter": [58005001, 58005014]}], "passages": ["Hebrews 4\n\n  [1] Therefore, while the promise of entering his rest still stands, let us fear lest any of you should seem to have failed to reach it. [2] For good news came to us just as to them, but the message they heard did not benefit them, because they were not united by faith with those who listened.(1) [3] For we who have believed enter that rest, as he has said,\n\n    \u201cAs I swore in my wrath,\n    \u2018They shall not enter my rest,\u2019\u201d\n    \n    \n      although his works were finished from the foundation of the world. [4] For he has somewhere spoken of the seventh day in this way: \u201cAnd God rested on the seventh day from all his works.\u201d [5] And again in this passage he said,\n\n    \u201cThey shall not enter my rest.\u201d\n    \n    \n      [6] Since therefore it remains for some to enter it, and those who formerly received the good news failed to enter because of disobedience, [7] again he appoints a certain day, \u201cToday,\u201d saying through David so long afterward, in the words already quoted,\n\n    \u201cToday, if you hear his voice,\n    do not harden your hearts.\u201d\n    \n    \n      [8] For if Joshua had given them rest, God(2) would not have spoken of another day later on. [9] So then, there remains a Sabbath rest for the people of God, [10] for whoever has entered God\u2019s rest has also rested from his works as God did from his.\n\n  [11] Let us therefore strive to enter that rest, so that no one may fall by the same sort of disobedience. [12] For the word of God is living and active, sharper than any two-edged sword, piercing to the division of soul and of spirit, of joints and of marrow, and discerning the thoughts and intentions of the heart. [13] And no creature is hidden from his sight, but all are naked and exposed to the eyes of him to whom we must give account.\n\nJesus the Great High Priest\n\n  [14] Since then we have a great high priest who has passed through the heavens, Jesus, the Son of God, let us hold fast our confession. [15] For we do not have a high priest who is unable to sympathize with our weaknesses, but one who in every respect has been tempted as we are, yet without sin. [16] Let us then with confidence draw near to the throne of grace, that we may receive mercy and find grace to help in time of need.\n\nFootnotes\n\n(1) 4:2 Some manuscripts *it did not meet with faith in the hearers*\n\n(2) 4:8 Greek *he*\n (ESV)"]}