{"query": "Hebrews 10", "canonical": "Hebrews 10", "parsed": [[58010001, 58010039]], "passage_meta": [{"canonical": "Hebrews 10", "chapter_start": [58010001, 58010039], "chapter_end": [58010001, 58010039], "prev_verse": 58009028, "next_verse": 58011001, "prev_chapter": [58009001, 58009028], "next_chapter": [58011001, 58011040]}], "passages": ["Hebrews 10\n\nChrist\u2019s Sacrifice Once for All\n\n  [1] For since the law has but a shadow of the good things to come instead of the true form of these realities, it can never, by the same sacrifices that are continually offered every year, make perfect those who draw near. [2] Otherwise, would they not have ceased to be offered, since the worshipers, having once been cleansed, would no longer have any consciousness of sins? [3] But in these sacrifices there is a reminder of sins every year. [4] For it is impossible for the blood of bulls and goats to take away sins.\n\n  [5] Consequently, when Christ(1) came into the world, he said,\n\n    \u201cSacrifices and offerings you have not desired,\n        but a body have you prepared for me;\n    [6] in burnt offerings and sin offerings\n        you have taken no pleasure.\n    [7] Then I said, \u2018Behold, I have come to do your will, O God,\n        as it is written of me in the scroll of the book.\u2019\u201d\n    \n    \n      [8] When he said above, \u201cYou have neither desired nor taken pleasure in sacrifices and offerings and burnt offerings and sin offerings\u201d (these are offered according to the law), [9] then he added, \u201cBehold, I have come to do your will.\u201d He does away with the first in order to establish the second. [10] And by that will we have been sanctified through the offering of the body of Jesus Christ once for all.\n\n  [11] And every priest stands daily at his service, offering repeatedly the same sacrifices, which can never take away sins. [12] But when Christ(2) had offered for all time a single sacrifice for sins, he sat down at the right hand of God, [13] waiting from that time until his enemies should be made a footstool for his feet. [14] For by a single offering he has perfected for all time those who are being sanctified.\n\n  [15] And the Holy Spirit also bears witness to us; for after saying,\n\n    [16] \u201cThis is the covenant that I will make with them\n        after those days, declares the Lord:\n    I will put my laws on their hearts,\n        and write them on their minds,\u201d\n    \n    \n      [17] then he adds,\n\n    \u201cI will remember their sins and their lawless deeds no more.\u201d\n    \n    \n      [18] Where there is forgiveness of these, there is no longer any offering for sin.\n\nThe Full Assurance of Faith\n\n  [19] Therefore, brothers,(3) since we have confidence to enter the holy places by the blood of Jesus, [20] by the new and living way that he opened for us through the curtain, that is, through his flesh, [21] and since we have a great priest over the house of God, [22] let us draw near with a true heart in full assurance of faith, with our hearts sprinkled clean from an evil conscience and our bodies washed with pure water. [23] Let us hold fast the confession of our hope without wavering, for he who promised is faithful. [24] And let us consider how to stir up one another to love and good works, [25] not neglecting to meet together, as is the habit of some, but encouraging one another, and all the more as you see the Day drawing near.\n\n  [26] For if we go on sinning deliberately after receiving the knowledge of the truth, there no longer remains a sacrifice for sins, [27] but a fearful expectation of judgment, and a fury of fire that will consume the adversaries. [28] Anyone who has set aside the law of Moses dies without mercy on the evidence of two or three witnesses. [29] How much worse punishment, do you think, will be deserved by the one who has trampled underfoot the Son of God, and has profaned the blood of the covenant by which he was sanctified, and has outraged the Spirit of grace? [30] For we know him who said, \u201cVengeance is mine; I will repay.\u201d And again, \u201cThe Lord will judge his people.\u201d [31] It is a fearful thing to fall into the hands of the living God.\n\n  [32] But recall the former days when, after you were enlightened, you endured a hard struggle with sufferings, [33] sometimes being publicly exposed to reproach and affliction, and sometimes being partners with those so treated. [34] For you had compassion on those in prison, and you joyfully accepted the plundering of your property, since you knew that you yourselves had a better possession and an abiding one. [35] Therefore do not throw away your confidence, which has a great reward. [36] For you have need of endurance, so that when you have done the will of God you may receive what is promised. [37] For,\n\n    \u201cYet a little while,\n        and the coming one will come and will not delay;\n    [38] but my righteous one shall live by faith,\n        and if he shrinks back,\n    my soul has no pleasure in him.\u201d\n    \n    \n      [39] But we are not of those who shrink back and are destroyed, but of those who have faith and preserve their souls.\n\nFootnotes\n\n(1) 10:5 Greek *he*\n\n(2) 10:12 Greek *this one*\n\n(3) 10:19 Or *brothers and sisters*\n (ESV)"]}