{"query": "Hebrews 6", "canonical": "Hebrews 6", "parsed": [[58006001, 58006020]], "passage_meta": [{"canonical": "Hebrews 6", "chapter_start": [58006001, 58006020], "chapter_end": [58006001, 58006020], "prev_verse": 58005014, "next_verse": 58007001, "prev_chapter": [58005001, 58005014], "next_chapter": [58007001, 58007028]}], "passages": ["Hebrews 6\n\n  [1] Therefore let us leave the elementary doctrine of Christ and go on to maturity, not laying again a foundation of repentance from dead works and of faith toward God, [2] and of instruction about washings,(1) the laying on of hands, the resurrection of the dead, and eternal judgment. [3] And this we will do if God permits. [4] For it is impossible, in the case of those who have once been enlightened, who have tasted the heavenly gift, and have shared in the Holy Spirit, [5] and have tasted the goodness of the word of God and the powers of the age to come, [6] and then have fallen away, to restore them again to repentance, since they are crucifying once again the Son of God to their own harm and holding him up to contempt. [7] For land that has drunk the rain that often falls on it, and produces a crop useful to those for whose sake it is cultivated, receives a blessing from God. [8] But if it bears thorns and thistles, it is worthless and near to being cursed, and its end is to be burned.\n\n  [9] Though we speak in this way, yet in your case, beloved, we feel sure of better things\u2014things that belong to salvation. [10] For God is not unjust so as to overlook your work and the love that you have shown for his name in serving the saints, as you still do. [11] And we desire each one of you to show the same earnestness to have the full assurance of hope until the end, [12] so that you may not be sluggish, but imitators of those who through faith and patience inherit the promises.\n\nThe Certainty of God\u2019s Promise\n\n  [13] For when God made a promise to Abraham, since he had no one greater by whom to swear, he swore by himself, [14] saying, \u201cSurely I will bless you and multiply you.\u201d [15] And thus Abraham,(2) having patiently waited, obtained the promise. [16] For people swear by something greater than themselves, and in all their disputes an oath is final for confirmation. [17] So when God desired to show more convincingly to the heirs of the promise the unchangeable character of his purpose, he guaranteed it with an oath, [18] so that by two unchangeable things, in which it is impossible for God to lie, we who have fled for refuge might have strong encouragement to hold fast to the hope set before us. [19] We have this as a sure and steadfast anchor of the soul, a hope that enters into the inner place behind the curtain, [20] where Jesus has gone as a forerunner on our behalf, having become a high priest forever after the order of Melchizedek.\n\nFootnotes\n\n(1) 6:2 Or *baptisms* (that is, cleansing rites)\n\n(2) 6:15 Greek *he*\n (ESV)"]}