{"query": "James 3", "canonical": "James 3", "parsed": [[59003001, 59003018]], "passage_meta": [{"canonical": "James 3", "chapter_start": [59003001, 59003018], "chapter_end": [59003001, 59003018], "prev_verse": 59002026, "next_verse": 59004001, "prev_chapter": [59002001, 59002026], "next_chapter": [59004001, 59004017]}], "passages": ["James 3\n\nTaming the Tongue\n\n  [1] Not many of you should become teachers, my brothers, for you know that we who teach will be judged with greater strictness. [2] For we all stumble in many ways. And if anyone does not stumble in what he says, he is a perfect man, able also to bridle his whole body. [3] If we put bits into the mouths of horses so that they obey us, we guide their whole bodies as well. [4] Look at the ships also: though they are so large and are driven by strong winds, they are guided by a very small rudder wherever the will of the pilot directs. [5] So also the tongue is a small member, yet it boasts of great things.\n\n  How great a forest is set ablaze by such a small fire! [6] And the tongue is a fire, a world of unrighteousness. The tongue is set among our members, staining the whole body, setting on fire the entire course of life,(1) and set on fire by hell.(2) [7] For every kind of beast and bird, of reptile and sea creature, can be tamed and has been tamed by mankind, [8] but no human being can tame the tongue. It is a restless evil, full of deadly poison. [9] With it we bless our Lord and Father, and with it we curse people who are made in the likeness of God. [10] From the same mouth come blessing and cursing. My brothers,(3) these things ought not to be so. [11] Does a spring pour forth from the same opening both fresh and salt water? [12] Can a fig tree, my brothers, bear olives, or a grapevine produce figs? Neither can a salt pond yield fresh water.\n\nWisdom from Above\n\n  [13] Who is wise and understanding among you? By his good conduct let him show his works in the meekness of wisdom. [14] But if you have bitter jealousy and selfish ambition in your hearts, do not boast and be false to the truth. [15] This is not the wisdom that comes down from above, but is earthly, unspiritual, demonic. [16] For where jealousy and selfish ambition exist, there will be disorder and every vile practice. [17] But the wisdom from above is first pure, then peaceable, gentle, open to reason, full of mercy and good fruits, impartial and sincere. [18] And a harvest of righteousness is sown in peace by those who make peace.\n\nFootnotes\n\n(1) 3:6 Or *wheel of birth*\n\n(2) 3:6 Greek *Gehenna*\n\n(3) 3:10 Or *brothers and sisters*; also verse 12\n (ESV)"]}