{"query": "James 2", "canonical": "James 2", "parsed": [[59002001, 59002026]], "passage_meta": [{"canonical": "James 2", "chapter_start": [59002001, 59002026], "chapter_end": [59002001, 59002026], "prev_verse": 59001027, "next_verse": 59003001, "prev_chapter": [59001001, 59001027], "next_chapter": [59003001, 59003018]}], "passages": ["James 2\n\nThe Sin of Partiality\n\n  [1] My brothers,(1) show no partiality as you hold the faith in our Lord Jesus Christ, the Lord of glory. [2] For if a man wearing a gold ring and fine clothing comes into your assembly, and a poor man in shabby clothing also comes in, [3] and if you pay attention to the one who wears the fine clothing and say, \u201cYou sit here in a good place,\u201d while you say to the poor man, \u201cYou stand over there,\u201d or, \u201cSit down at my feet,\u201d [4] have you not then made distinctions among yourselves and become judges with evil thoughts? [5] Listen, my beloved brothers, has not God chosen those who are poor in the world to be rich in faith and heirs of the kingdom, which he has promised to those who love him? [6] But you have dishonored the poor man. Are not the rich the ones who oppress you, and the ones who drag you into court? [7] Are they not the ones who blaspheme the honorable name by which you were called?\n\n  [8] If you really fulfill the royal law according to the Scripture, \u201cYou shall love your neighbor as yourself,\u201d you are doing well. [9] But if you show partiality, you are committing sin and are convicted by the law as transgressors. [10] For whoever keeps the whole law but fails in one point has become guilty of all of it. [11] For he who said, \u201cDo not commit adultery,\u201d also said, \u201cDo not murder.\u201d If you do not commit adultery but do murder, you have become a transgressor of the law. [12] So speak and so act as those who are to be judged under the law of liberty. [13] For judgment is without mercy to one who has shown no mercy. Mercy triumphs over judgment.\n\nFaith Without Works Is Dead\n\n  [14] What good is it, my brothers, if someone says he has faith but does not have works? Can that faith save him? [15] If a brother or sister is poorly clothed and lacking in daily food, [16] and one of you says to them, \u201cGo in peace, be warmed and filled,\u201d without giving them the things needed for the body, what good(2) is that? [17] So also faith by itself, if it does not have works, is dead.\n\n  [18] But someone will say, \u201cYou have faith and I have works.\u201d Show me your faith apart from your works, and I will show you my faith by my works. [19] You believe that God is one; you do well. Even the demons believe\u2014and shudder! [20] Do you want to be shown, you foolish person, that faith apart from works is useless? [21] Was not Abraham our father justified by works when he offered up his son Isaac on the altar? [22] You see that faith was active along with his works, and faith was completed by his works; [23] and the Scripture was fulfilled that says, \u201cAbraham believed God, and it was counted to him as righteousness\u201d\u2014and he was called a friend of God. [24] You see that a person is justified by works and not by faith alone. [25] And in the same way was not also Rahab the prostitute justified by works when she received the messengers and sent them out by another way? [26] For as the body apart from the spirit is dead, so also faith apart from works is dead.\n\nFootnotes\n\n(1) 2:1 Or *brothers and sisters*; also verses 5, 14\n\n(2) 2:16 Or *benefit*\n (ESV)"]}