{"query": "James 5", "canonical": "James 5", "parsed": [[59005001, 59005020]], "passage_meta": [{"canonical": "James 5", "chapter_start": [59005001, 59005020], "chapter_end": [59005001, 59005020], "prev_verse": 59004017, "next_verse": 60001001, "prev_chapter": [59004001, 59004017], "next_chapter": [60001001, 60001025]}], "passages": ["James 5\n\nWarning to the Rich\n\n  [1] Come now, you rich, weep and howl for the miseries that are coming upon you. [2] Your riches have rotted and your garments are moth-eaten. [3] Your gold and silver have corroded, and their corrosion will be evidence against you and will eat your flesh like fire. You have laid up treasure in the last days. [4] Behold, the wages of the laborers who mowed your fields, which you kept back by fraud, are crying out against you, and the cries of the harvesters have reached the ears of the Lord of hosts. [5] You have lived on the earth in luxury and in self-indulgence. You have fattened your hearts in a day of slaughter. [6] You have condemned and murdered the righteous person. He does not resist you.\n\nPatience in Suffering\n\n  [7] Be patient, therefore, brothers,(1) until the coming of the Lord. See how the farmer waits for the precious fruit of the earth, being patient about it, until it receives the early and the late rains. [8] You also, be patient. Establish your hearts, for the coming of the Lord is at hand. [9] Do not grumble against one another, brothers, so that you may not be judged; behold, the Judge is standing at the door. [10] As an example of suffering and patience, brothers, take the prophets who spoke in the name of the Lord. [11] Behold, we consider those blessed who remained steadfast. You have heard of the steadfastness of Job, and you have seen the purpose of the Lord, how the Lord is compassionate and merciful.\n\n  [12] But above all, my brothers, do not swear, either by heaven or by earth or by any other oath, but let your \u201cyes\u201d be yes and your \u201cno\u201d be no, so that you may not fall under condemnation.\n\nThe Prayer of Faith\n\n  [13] Is anyone among you suffering? Let him pray. Is anyone cheerful? Let him sing praise. [14] Is anyone among you sick? Let him call for the elders of the church, and let them pray over him, anointing him with oil in the name of the Lord. [15] And the prayer of faith will save the one who is sick, and the Lord will raise him up. And if he has committed sins, he will be forgiven. [16] Therefore, confess your sins to one another and pray for one another, that you may be healed. The prayer of a righteous person has great power as it is working.(2) [17] Elijah was a man with a nature like ours, and he prayed fervently that it might not rain, and for three years and six months it did not rain on the earth. [18] Then he prayed again, and heaven gave rain, and the earth bore its fruit.\n\n  [19] My brothers, if anyone among you wanders from the truth and someone brings him back, [20] let him know that whoever brings back a sinner from his wandering will save his soul from death and will cover a multitude of sins.\n\nFootnotes\n\n(1) 5:7 Or *brothers and sisters*; also verses 9, 10, 12, 19\n\n(2) 5:16 Or *The effective prayer of a righteous person has great power*\n (ESV)"]}