{"query": "John 21", "canonical": "John 21", "parsed": [[43021001, 43021025]], "passage_meta": [{"canonical": "John 21", "chapter_start": [43021001, 43021025], "chapter_end": [43021001, 43021025], "prev_verse": 43020031, "next_verse": 44001001, "prev_chapter": [43020001, 43020031], "next_chapter": [44001001, 44001026]}], "passages": ["John 21\n\nJesus Appears to Seven Disciples\n\n  [1] After this Jesus revealed himself again to the disciples by the Sea of Tiberias, and he revealed himself in this way. [2] Simon Peter, Thomas (called the Twin), Nathanael of Cana in Galilee, the sons of Zebedee, and two others of his disciples were together. [3] Simon Peter said to them, \u201cI am going fishing.\u201d They said to him, \u201cWe will go with you.\u201d They went out and got into the boat, but that night they caught nothing.\n\n  [4] Just as day was breaking, Jesus stood on the shore; yet the disciples did not know that it was Jesus. [5] Jesus said to them, \u201cChildren, do you have any fish?\u201d They answered him, \u201cNo.\u201d [6] He said to them, \u201cCast the net on the right side of the boat, and you will find some.\u201d So they cast it, and now they were not able to haul it in, because of the quantity of fish. [7] That disciple whom Jesus loved therefore said to Peter, \u201cIt is the Lord!\u201d When Simon Peter heard that it was the Lord, he put on his outer garment, for he was stripped for work, and threw himself into the sea. [8] The other disciples came in the boat, dragging the net full of fish, for they were not far from the land, but about a hundred yards(1) off.\n\n  [9] When they got out on land, they saw a charcoal fire in place, with fish laid out on it, and bread. [10] Jesus said to them, \u201cBring some of the fish that you have just caught.\u201d [11] So Simon Peter went aboard and hauled the net ashore, full of large fish, 153 of them. And although there were so many, the net was not torn. [12] Jesus said to them, \u201cCome and have breakfast.\u201d Now none of the disciples dared ask him, \u201cWho are you?\u201d They knew it was the Lord. [13] Jesus came and took the bread and gave it to them, and so with the fish. [14] This was now the third time that Jesus was revealed to the disciples after he was raised from the dead.\n\nJesus and Peter\n\n  [15] When they had finished breakfast, Jesus said to Simon Peter, \u201cSimon, son of John, do you love me more than these?\u201d He said to him, \u201cYes, Lord; you know that I love you.\u201d He said to him, \u201cFeed my lambs.\u201d [16] He said to him a second time, \u201cSimon, son of John, do you love me?\u201d He said to him, \u201cYes, Lord; you know that I love you.\u201d He said to him, \u201cTend my sheep.\u201d [17] He said to him the third time, \u201cSimon, son of John, do you love me?\u201d Peter was grieved because he said to him the third time, \u201cDo you love me?\u201d and he said to him, \u201cLord, you know everything; you know that I love you.\u201d Jesus said to him, \u201cFeed my sheep. [18] Truly, truly, I say to you, when you were young, you used to dress yourself and walk wherever you wanted, but when you are old, you will stretch out your hands, and another will dress you and carry you where you do not want to go.\u201d [19] (This he said to show by what kind of death he was to glorify God.) And after saying this he said to him, \u201cFollow me.\u201d\n\nJesus and the Beloved Apostle\n\n  [20] Peter turned and saw the disciple whom Jesus loved following them, the one who also had leaned back against him during the supper and had said, \u201cLord, who is it that is going to betray you?\u201d [21] When Peter saw him, he said to Jesus, \u201cLord, what about this man?\u201d [22] Jesus said to him, \u201cIf it is my will that he remain until I come, what is that to you? You follow me!\u201d [23] So the saying spread abroad among the brothers(2) that this disciple was not to die; yet Jesus did not say to him that he was not to die, but, \u201cIf it is my will that he remain until I come, what is that to you?\u201d\n\n  [24] This is the disciple who is bearing witness about these things, and who has written these things, and we know that his testimony is true.\n\n  [25] Now there are also many other things that Jesus did. Were every one of them to be written, I suppose that the world itself could not contain the books that would be written.\n\nFootnotes\n\n(1) 21:8 Greek *two hundred cubits*; a *cubit* was about 18 inches or 45 centimeters\n\n(2) 21:23 Or *brothers and sisters*\n (ESV)"]}