{"query": "John 16", "canonical": "John 16", "parsed": [[43016001, 43016033]], "passage_meta": [{"canonical": "John 16", "chapter_start": [43016001, 43016033], "chapter_end": [43016001, 43016033], "prev_verse": 43015027, "next_verse": 43017001, "prev_chapter": [43015001, 43015027], "next_chapter": [43017001, 43017026]}], "passages": ["John 16\n\n  [1] \u201cI have said all these things to you to keep you from falling away. [2] They will put you out of the synagogues. Indeed, the hour is coming when whoever kills you will think he is offering service to God. [3] And they will do these things because they have not known the Father, nor me. [4] But I have said these things to you, that when their hour comes you may remember that I told them to you.\n\nThe Work of the Holy Spirit\n\n  \u201cI did not say these things to you from the beginning, because I was with you. [5] But now I am going to him who sent me, and none of you asks me, \u2018Where are you going?\u2019 [6] But because I have said these things to you, sorrow has filled your heart. [7] Nevertheless, I tell you the truth: it is to your advantage that I go away, for if I do not go away, the Helper will not come to you. But if I go, I will send him to you. [8] And when he comes, he will convict the world concerning sin and righteousness and judgment: [9] concerning sin, because they do not believe in me; [10] concerning righteousness, because I go to the Father, and you will see me no longer; [11] concerning judgment, because the ruler of this world is judged.\n\n  [12] \u201cI still have many things to say to you, but you cannot bear them now. [13] When the Spirit of truth comes, he will guide you into all the truth, for he will not speak on his own authority, but whatever he hears he will speak, and he will declare to you the things that are to come. [14] He will glorify me, for he will take what is mine and declare it to you. [15] All that the Father has is mine; therefore I said that he will take what is mine and declare it to you.\n\nYour Sorrow Will Turn into Joy\n\n  [16] \u201cA little while, and you will see me no longer; and again a little while, and you will see me.\u201d [17] So some of his disciples said to one another, \u201cWhat is this that he says to us, \u2018A little while, and you will not see me, and again a little while, and you will see me\u2019; and, \u2018because I am going to the Father\u2019?\u201d [18] So they were saying, \u201cWhat does he mean by \u2018a little while\u2019? We do not know what he is talking about.\u201d [19] Jesus knew that they wanted to ask him, so he said to them, \u201cIs this what you are asking yourselves, what I meant by saying, \u2018A little while and you will not see me, and again a little while and you will see me\u2019? [20] Truly, truly, I say to you, you will weep and lament, but the world will rejoice. You will be sorrowful, but your sorrow will turn into joy. [21] When a woman is giving birth, she has sorrow because her hour has come, but when she has delivered the baby, she no longer remembers the anguish, for joy that a human being has been born into the world. [22] So also you have sorrow now, but I will see you again, and your hearts will rejoice, and no one will take your joy from you. [23] In that day you will ask nothing of me. Truly, truly, I say to you, whatever you ask of the Father in my name, he will give it to you. [24] Until now you have asked nothing in my name. Ask, and you will receive, that your joy may be full.\n\nI Have Overcome the World\n\n  [25] \u201cI have said these things to you in figures of speech. The hour is coming when I will no longer speak to you in figures of speech but will tell you plainly about the Father. [26] In that day you will ask in my name, and I do not say to you that I will ask the Father on your behalf; [27] for the Father himself loves you, because you have loved me and have believed that I came from God.(1) [28] I came from the Father and have come into the world, and now I am leaving the world and going to the Father.\u201d\n\n  [29] His disciples said, \u201cAh, now you are speaking plainly and not using figurative speech! [30] Now we know that you know all things and do not need anyone to question you; this is why we believe that you came from God.\u201d [31] Jesus answered them, \u201cDo you now believe? [32] Behold, the hour is coming, indeed it has come, when you will be scattered, each to his own home, and will leave me alone. Yet I am not alone, for the Father is with me. [33] I have said these things to you, that in me you may have peace. In the world you will have tribulation. But take heart; I have overcome the world.\u201d\n\nFootnotes\n\n(1) 16:27 Some manuscripts *from the Father*\n (ESV)"]}