{"query": "John 12", "canonical": "John 12", "parsed": [[43012001, 43012050]], "passage_meta": [{"canonical": "John 12", "chapter_start": [43012001, 43012050], "chapter_end": [43012001, 43012050], "prev_verse": 43011057, "next_verse": 43013001, "prev_chapter": [43011001, 43011057], "next_chapter": [43013001, 43013038]}], "passages": ["John 12\n\nMary Anoints Jesus at Bethany\n\n  [1] Six days before the Passover, Jesus therefore came to Bethany, where Lazarus was, whom Jesus had raised from the dead. [2] So they gave a dinner for him there. Martha served, and Lazarus was one of those reclining with him at table. [3] Mary therefore took a pound(1) of expensive ointment made from pure nard, and anointed the feet of Jesus and wiped his feet with her hair. The house was filled with the fragrance of the perfume. [4] But Judas Iscariot, one of his disciples (he who was about to betray him), said, [5] \u201cWhy was this ointment not sold for three hundred denarii(2) and given to the poor?\u201d [6] He said this, not because he cared about the poor, but because he was a thief, and having charge of the moneybag he used to help himself to what was put into it. [7] Jesus said, \u201cLeave her alone, so that she may keep it(3) for the day of my burial. [8] For the poor you always have with you, but you do not always have me.\u201d\n\nThe Plot to Kill Lazarus\n\n  [9] When the large crowd of the Jews learned that Jesus(4) was there, they came, not only on account of him but also to see Lazarus, whom he had raised from the dead. [10] So the chief priests made plans to put Lazarus to death as well, [11] because on account of him many of the Jews were going away and believing in Jesus.\n\nThe Triumphal Entry\n\n  [12] The next day the large crowd that had come to the feast heard that Jesus was coming to Jerusalem. [13] So they took branches of palm trees and went out to meet him, crying out, \u201cHosanna! Blessed is he who comes in the name of the Lord, even the King of Israel!\u201d [14] And Jesus found a young donkey and sat on it, just as it is written,\n\n    [15] \u201cFear not, daughter of Zion;\n    behold, your king is coming,\n        sitting on a donkey\u2019s colt!\u201d\n    \n    \n      [16] His disciples did not understand these things at first, but when Jesus was glorified, then they remembered that these things had been written about him and had been done to him. [17] The crowd that had been with him when he called Lazarus out of the tomb and raised him from the dead continued to bear witness. [18] The reason why the crowd went to meet him was that they heard he had done this sign. [19] So the Pharisees said to one another, \u201cYou see that you are gaining nothing. Look, the world has gone after him.\u201d\n\nSome Greeks Seek Jesus\n\n  [20] Now among those who went up to worship at the feast were some Greeks. [21] So these came to Philip, who was from Bethsaida in Galilee, and asked him, \u201cSir, we wish to see Jesus.\u201d [22] Philip went and told Andrew; Andrew and Philip went and told Jesus. [23] And Jesus answered them, \u201cThe hour has come for the Son of Man to be glorified. [24] Truly, truly, I say to you, unless a grain of wheat falls into the earth and dies, it remains alone; but if it dies, it bears much fruit. [25] Whoever loves his life loses it, and whoever hates his life in this world will keep it for eternal life. [26] If anyone serves me, he must follow me; and where I am, there will my servant be also. If anyone serves me, the Father will honor him.\n\nThe Son of Man Must Be Lifted Up\n\n  [27] \u201cNow is my soul troubled. And what shall I say? \u2018Father, save me from this hour\u2019? But for this purpose I have come to this hour. [28] Father, glorify your name.\u201d Then a voice came from heaven: \u201cI have glorified it, and I will glorify it again.\u201d [29] The crowd that stood there and heard it said that it had thundered. Others said, \u201cAn angel has spoken to him.\u201d [30] Jesus answered, \u201cThis voice has come for your sake, not mine. [31] Now is the judgment of this world; now will the ruler of this world be cast out. [32] And I, when I am lifted up from the earth, will draw all people to myself.\u201d [33] He said this to show by what kind of death he was going to die. [34] So the crowd answered him, \u201cWe have heard from the Law that the Christ remains forever. How can you say that the Son of Man must be lifted up? Who is this Son of Man?\u201d [35] So Jesus said to them, \u201cThe light is among you for a little while longer. Walk while you have the light, lest darkness overtake you. The one who walks in the darkness does not know where he is going. [36] While you have the light, believe in the light, that you may become sons of light.\u201d\n\nThe Unbelief of the People\n\n  When Jesus had said these things, he departed and hid himself from them. [37] Though he had done so many signs before them, they still did not believe in him, [38] so that the word spoken by the prophet Isaiah might be fulfilled:\n\n    \u201cLord, who has believed what he heard from us,\n        and to whom has the arm of the Lord been revealed?\u201d\n    \n    \n      [39] Therefore they could not believe. For again Isaiah said,\n\n    [40] \u201cHe has blinded their eyes\n        and hardened their heart,\n    lest they see with their eyes,\n        and understand with their heart, and turn,\n        and I would heal them.\u201d\n    \n    \n      [41] Isaiah said these things because he saw his glory and spoke of him. [42] Nevertheless, many even of the authorities believed in him, but for fear of the Pharisees they did not confess it, so that they would not be put out of the synagogue; [43] for they loved the glory that comes from man more than the glory that comes from God.\n\nJesus Came to Save the World\n\n  [44] And Jesus cried out and said, \u201cWhoever believes in me, believes not in me but in him who sent me. [45] And whoever sees me sees him who sent me. [46] I have come into the world as light, so that whoever believes in me may not remain in darkness. [47] If anyone hears my words and does not keep them, I do not judge him; for I did not come to judge the world but to save the world. [48] The one who rejects me and does not receive my words has a judge; the word that I have spoken will judge him on the last day. [49] For I have not spoken on my own authority, but the Father who sent me has himself given me a commandment\u2014what to say and what to speak. [50] And I know that his commandment is eternal life. What I say, therefore, I say as the Father has told me.\u201d\n\nFootnotes\n\n(1) 12:3 Greek *litra*; a *litra* (or Roman pound) was equal to about 11 1/2 ounces or 327 grams\n\n(2) 12:5 A *denarius* was a day\u2019s wage for a laborer\n\n(3) 12:7 Or *Leave her alone; she intended to keep it*\n\n(4) 12:9 Greek *he*\n (ESV)"]}