{"query": "John 4", "canonical": "John 4", "parsed": [[43004001, 43004054]], "passage_meta": [{"canonical": "John 4", "chapter_start": [43004001, 43004054], "chapter_end": [43004001, 43004054], "prev_verse": 43003036, "next_verse": 43005001, "prev_chapter": [43003001, 43003036], "next_chapter": [43005001, 43005047]}], "passages": ["John 4\n\nJesus and the Woman of Samaria\n\n  [1] Now when Jesus learned that the Pharisees had heard that Jesus was making and baptizing more disciples than John [2] (although Jesus himself did not baptize, but only his disciples), [3] he left Judea and departed again for Galilee. [4] And he had to pass through Samaria. [5] So he came to a town of Samaria called Sychar, near the field that Jacob had given to his son Joseph. [6] Jacob\u2019s well was there; so Jesus, wearied as he was from his journey, was sitting beside the well. It was about the sixth hour.(1)\n\n  [7] A woman from Samaria came to draw water. Jesus said to her, \u201cGive me a drink.\u201d [8] (For his disciples had gone away into the city to buy food.) [9] The Samaritan woman said to him, \u201cHow is it that you, a Jew, ask for a drink from me, a woman of Samaria?\u201d (For Jews have no dealings with Samaritans.) [10] Jesus answered her, \u201cIf you knew the gift of God, and who it is that is saying to you, \u2018Give me a drink,\u2019 you would have asked him, and he would have given you living water.\u201d [11] The woman said to him, \u201cSir, you have nothing to draw water with, and the well is deep. Where do you get that living water? [12] Are you greater than our father Jacob? He gave us the well and drank from it himself, as did his sons and his livestock.\u201d [13] Jesus said to her, \u201cEveryone who drinks of this water will be thirsty again, [14] but whoever drinks of the water that I will give him will never be thirsty again.(2) The water that I will give him will become in him a spring of water welling up to eternal life.\u201d [15] The woman said to him, \u201cSir, give me this water, so that I will not be thirsty or have to come here to draw water.\u201d\n\n  [16] Jesus said to her, \u201cGo, call your husband, and come here.\u201d [17] The woman answered him, \u201cI have no husband.\u201d Jesus said to her, \u201cYou are right in saying, \u2018I have no husband\u2019; [18] for you have had five husbands, and the one you now have is not your husband. What you have said is true.\u201d [19] The woman said to him, \u201cSir, I perceive that you are a prophet. [20] Our fathers worshiped on this mountain, but you say that in Jerusalem is the place where people ought to worship.\u201d [21] Jesus said to her, \u201cWoman, believe me, the hour is coming when neither on this mountain nor in Jerusalem will you worship the Father. [22] You worship what you do not know; we worship what we know, for salvation is from the Jews. [23] But the hour is coming, and is now here, when the true worshipers will worship the Father in spirit and truth, for the Father is seeking such people to worship him. [24] God is spirit, and those who worship him must worship in spirit and truth.\u201d [25] The woman said to him, \u201cI know that Messiah is coming (he who is called Christ). When he comes, he will tell us all things.\u201d [26] Jesus said to her, \u201cI who speak to you am he.\u201d\n\n  [27] Just then his disciples came back. They marveled that he was talking with a woman, but no one said, \u201cWhat do you seek?\u201d or, \u201cWhy are you talking with her?\u201d [28] So the woman left her water jar and went away into town and said to the people, [29] \u201cCome, see a man who told me all that I ever did. Can this be the Christ?\u201d [30] They went out of the town and were coming to him.\n\n  [31] Meanwhile the disciples were urging him, saying, \u201cRabbi, eat.\u201d [32] But he said to them, \u201cI have food to eat that you do not know about.\u201d [33] So the disciples said to one another, \u201cHas anyone brought him something to eat?\u201d [34] Jesus said to them, \u201cMy food is to do the will of him who sent me and to accomplish his work. [35] Do you not say, \u2018There are yet four months, then comes the harvest\u2019? Look, I tell you, lift up your eyes, and see that the fields are white for harvest. [36] Already the one who reaps is receiving wages and gathering fruit for eternal life, so that sower and reaper may rejoice together. [37] For here the saying holds true, \u2018One sows and another reaps.\u2019 [38] I sent you to reap that for which you did not labor. Others have labored, and you have entered into their labor.\u201d\n\n  [39] Many Samaritans from that town believed in him because of the woman\u2019s testimony, \u201cHe told me all that I ever did.\u201d [40] So when the Samaritans came to him, they asked him to stay with them, and he stayed there two days. [41] And many more believed because of his word. [42] They said to the woman, \u201cIt is no longer because of what you said that we believe, for we have heard for ourselves, and we know that this is indeed the Savior of the world.\u201d\n\n  [43] After the two days he departed for Galilee. [44] (For Jesus himself had testified that a prophet has no honor in his own hometown.) [45] So when he came to Galilee, the Galileans welcomed him, having seen all that he had done in Jerusalem at the feast. For they too had gone to the feast.\n\nJesus Heals an Official\u2019s Son\n\n  [46] So he came again to Cana in Galilee, where he had made the water wine. And at Capernaum there was an official whose son was ill. [47] When this man heard that Jesus had come from Judea to Galilee, he went to him and asked him to come down and heal his son, for he was at the point of death. [48] So Jesus said to him, \u201cUnless you(3) see signs and wonders you will not believe.\u201d [49] The official said to him, \u201cSir, come down before my child dies.\u201d [50] Jesus said to him, \u201cGo; your son will live.\u201d The man believed the word that Jesus spoke to him and went on his way. [51] As he was going down, his servants(4) met him and told him that his son was recovering. [52] So he asked them the hour when he began to get better, and they said to him, \u201cYesterday at the seventh hour(5) the fever left him.\u201d [53] The father knew that was the hour when Jesus had said to him, \u201cYour son will live.\u201d And he himself believed, and all his household. [54] This was now the second sign that Jesus did when he had come from Judea to Galilee.\n\nFootnotes\n\n(1) 4:6 That is, about noon\n\n(2) 4:14 Greek *forever*\n\n(3) 4:48 The Greek for *you* is plural; twice in this verse\n\n(4) 4:51 Or *bondservants*\n\n(5) 4:52 That is, at 1 p.m.\n (ESV)"]}