{"query": "John 5", "canonical": "John 5", "parsed": [[43005001, 43005047]], "passage_meta": [{"canonical": "John 5", "chapter_start": [43005001, 43005047], "chapter_end": [43005001, 43005047], "prev_verse": 43004054, "next_verse": 43006001, "prev_chapter": [43004001, 43004054], "next_chapter": [43006001, 43006071]}], "passages": ["John 5\n\nThe Healing at the Pool on the Sabbath\n\n  [1] After this there was a feast of the Jews, and Jesus went up to Jerusalem.\n\n  [2] Now there is in Jerusalem by the Sheep Gate a pool, in Aramaic(1) called Bethesda,(2) which has five roofed colonnades. [3] In these lay a multitude of invalids\u2014blind, lame, and paralyzed.(3) [5] One man was there who had been an invalid for thirty-eight years. [6] When Jesus saw him lying there and knew that he had already been there a long time, he said to him, \u201cDo you want to be healed?\u201d [7] The sick man answered him, \u201cSir, I have no one to put me into the pool when the water is stirred up, and while I am going another steps down before me.\u201d [8] Jesus said to him, \u201cGet up, take up your bed, and walk.\u201d [9] And at once the man was healed, and he took up his bed and walked.\n\n  Now that day was the Sabbath. [10] So the Jews(4) said to the man who had been healed, \u201cIt is the Sabbath, and it is not lawful for you to take up your bed.\u201d [11] But he answered them, \u201cThe man who healed me, that man said to me, \u2018Take up your bed, and walk.\u2019\u201d [12] They asked him, \u201cWho is the man who said to you, \u2018Take up your bed and walk\u2019?\u201d [13] Now the man who had been healed did not know who it was, for Jesus had withdrawn, as there was a crowd in the place. [14] Afterward Jesus found him in the temple and said to him, \u201cSee, you are well! Sin no more, that nothing worse may happen to you.\u201d [15] The man went away and told the Jews that it was Jesus who had healed him. [16] And this was why the Jews were persecuting Jesus, because he was doing these things on the Sabbath. [17] But Jesus answered them, \u201cMy Father is working until now, and I am working.\u201d\n\nJesus Is Equal with God\n\n  [18] This was why the Jews were seeking all the more to kill him, because not only was he breaking the Sabbath, but he was even calling God his own Father, making himself equal with God.\n\nThe Authority of the Son\n\n  [19] So Jesus said to them, \u201cTruly, truly, I say to you, the Son can do nothing of his own accord, but only what he sees the Father doing. For whatever the Father(5) does, that the Son does likewise. [20] For the Father loves the Son and shows him all that he himself is doing. And greater works than these will he show him, so that you may marvel. [21] For as the Father raises the dead and gives them life, so also the Son gives life to whom he will. [22] For the Father judges no one, but has given all judgment to the Son, [23] that all may honor the Son, just as they honor the Father. Whoever does not honor the Son does not honor the Father who sent him. [24] Truly, truly, I say to you, whoever hears my word and believes him who sent me has eternal life. He does not come into judgment, but has passed from death to life.\n\n  [25] \u201cTruly, truly, I say to you, an hour is coming, and is now here, when the dead will hear the voice of the Son of God, and those who hear will live. [26] For as the Father has life in himself, so he has granted the Son also to have life in himself. [27] And he has given him authority to execute judgment, because he is the Son of Man. [28] Do not marvel at this, for an hour is coming when all who are in the tombs will hear his voice [29] and come out, those who have done good to the resurrection of life, and those who have done evil to the resurrection of judgment.\n\nWitnesses to Jesus\n\n  [30] \u201cI can do nothing on my own. As I hear, I judge, and my judgment is just, because I seek not my own will but the will of him who sent me. [31] If I alone bear witness about myself, my testimony is not true. [32] There is another who bears witness about me, and I know that the testimony that he bears about me is true. [33] You sent to John, and he has borne witness to the truth. [34] Not that the testimony that I receive is from man, but I say these things so that you may be saved. [35] He was a burning and shining lamp, and you were willing to rejoice for a while in his light. [36] But the testimony that I have is greater than that of John. For the works that the Father has given me to accomplish, the very works that I am doing, bear witness about me that the Father has sent me. [37] And the Father who sent me has himself borne witness about me. His voice you have never heard, his form you have never seen, [38] and you do not have his word abiding in you, for you do not believe the one whom he has sent. [39] You search the Scriptures because you think that in them you have eternal life; and it is they that bear witness about me, [40] yet you refuse to come to me that you may have life. [41] I do not receive glory from people. [42] But I know that you do not have the love of God within you. [43] I have come in my Father\u2019s name, and you do not receive me. If another comes in his own name, you will receive him. [44] How can you believe, when you receive glory from one another and do not seek the glory that comes from the only God? [45] Do not think that I will accuse you to the Father. There is one who accuses you: Moses, on whom you have set your hope. [46] For if you believed Moses, you would believe me; for he wrote of me. [47] But if you do not believe his writings, how will you believe my words?\u201d\n\nFootnotes\n\n(1) 5:2 Or *Hebrew*\n\n(2) 5:2 Some manuscripts *Bethsaida*\n\n(3) 5:3 Some manuscripts insert, wholly or in part, *waiting for the moving of the water; [4] for an angel of the Lord went down at certain seasons into the pool, and stirred the water: whoever stepped in first after the stirring of the water was healed of whatever disease he had*\n\n(4) 5:10 The Greek word *Ioudaioi* refers specifically here to Jewish religious leaders, and others under their influence, who opposed Jesus in that time; also verses 15, 16, 18\n\n(5) 5:19 Greek *he*\n (ESV)"]}