{"query": "John 2", "canonical": "John 2", "parsed": [[43002001, 43002025]], "passage_meta": [{"canonical": "John 2", "chapter_start": [43002001, 43002025], "chapter_end": [43002001, 43002025], "prev_verse": 43001051, "next_verse": 43003001, "prev_chapter": [43001001, 43001051], "next_chapter": [43003001, 43003036]}], "passages": ["John 2\n\nThe Wedding at Cana\n\n  [1] On the third day there was a wedding at Cana in Galilee, and the mother of Jesus was there. [2] Jesus also was invited to the wedding with his disciples. [3] When the wine ran out, the mother of Jesus said to him, \u201cThey have no wine.\u201d [4] And Jesus said to her, \u201cWoman, what does this have to do with me? My hour has not yet come.\u201d [5] His mother said to the servants, \u201cDo whatever he tells you.\u201d\n\n  [6] Now there were six stone water jars there for the Jewish rites of purification, each holding twenty or thirty gallons.(1) [7] Jesus said to the servants, \u201cFill the jars with water.\u201d And they filled them up to the brim. [8] And he said to them, \u201cNow draw some out and take it to the master of the feast.\u201d So they took it. [9] When the master of the feast tasted the water now become wine, and did not know where it came from (though the servants who had drawn the water knew), the master of the feast called the bridegroom [10] and said to him, \u201cEveryone serves the good wine first, and when people have drunk freely, then the poor wine. But you have kept the good wine until now.\u201d [11] This, the first of his signs, Jesus did at Cana in Galilee, and manifested his glory. And his disciples believed in him.\n\n  [12] After this he went down to Capernaum, with his mother and his brothers(2) and his disciples, and they stayed there for a few days.\n\nJesus Cleanses the Temple\n\n  [13] The Passover of the Jews was at hand, and Jesus went up to Jerusalem. [14] In the temple he found those who were selling oxen and sheep and pigeons, and the money-changers sitting there. [15] And making a whip of cords, he drove them all out of the temple, with the sheep and oxen. And he poured out the coins of the money-changers and overturned their tables. [16] And he told those who sold the pigeons, \u201cTake these things away; do not make my Father\u2019s house a house of trade.\u201d [17] His disciples remembered that it was written, \u201cZeal for your house will consume me.\u201d\n\n  [18] So the Jews said to him, \u201cWhat sign do you show us for doing these things?\u201d [19] Jesus answered them, \u201cDestroy this temple, and in three days I will raise it up.\u201d [20] The Jews then said, \u201cIt has taken forty-six years to build this temple,(3) and will you raise it up in three days?\u201d [21] But he was speaking about the temple of his body. [22] When therefore he was raised from the dead, his disciples remembered that he had said this, and they believed the Scripture and the word that Jesus had spoken.\n\nJesus Knows What Is in Man\n\n  [23] Now when he was in Jerusalem at the Passover Feast, many believed in his name when they saw the signs that he was doing. [24] But Jesus on his part did not entrust himself to them, because he knew all people [25] and needed no one to bear witness about man, for he himself knew what was in man.\n\nFootnotes\n\n(1) 2:6 Greek *two or three measures* (*metr\u0113tas*); a *metr\u0113t\u0113s* was about 10 gallons or 35 liters\n\n(2) 2:12 Or *brothers and sisters*. In New Testament usage, depending on the context, the plural Greek word *adelphoi* (translated \u201cbrothers\u201d) may refer either to *brothers* or to *brothers and sisters*\n\n(3) 2:20 Or *This temple was built forty-six years ago*\n (ESV)"]}