{"query": "John 6", "canonical": "John 6", "parsed": [[43006001, 43006071]], "passage_meta": [{"canonical": "John 6", "chapter_start": [43006001, 43006071], "chapter_end": [43006001, 43006071], "prev_verse": 43005047, "next_verse": 43007001, "prev_chapter": [43005001, 43005047], "next_chapter": [43007001, 43007053]}], "passages": ["John 6\n\nJesus Feeds the Five Thousand\n\n  [1] After this Jesus went away to the other side of the Sea of Galilee, which is the Sea of Tiberias. [2] And a large crowd was following him, because they saw the signs that he was doing on the sick. [3] Jesus went up on the mountain, and there he sat down with his disciples. [4] Now the Passover, the feast of the Jews, was at hand. [5] Lifting up his eyes, then, and seeing that a large crowd was coming toward him, Jesus said to Philip, \u201cWhere are we to buy bread, so that these people may eat?\u201d [6] He said this to test him, for he himself knew what he would do. [7] Philip answered him, \u201cTwo hundred denarii(1) worth of bread would not be enough for each of them to get a little.\u201d [8] One of his disciples, Andrew, Simon Peter\u2019s brother, said to him, [9] \u201cThere is a boy here who has five barley loaves and two fish, but what are they for so many?\u201d [10] Jesus said, \u201cHave the people sit down.\u201d Now there was much grass in the place. So the men sat down, about five thousand in number. [11] Jesus then took the loaves, and when he had given thanks, he distributed them to those who were seated. So also the fish, as much as they wanted. [12] And when they had eaten their fill, he told his disciples, \u201cGather up the leftover fragments, that nothing may be lost.\u201d [13] So they gathered them up and filled twelve baskets with fragments from the five barley loaves left by those who had eaten. [14] When the people saw the sign that he had done, they said, \u201cThis is indeed the Prophet who is to come into the world!\u201d\n\n  [15] Perceiving then that they were about to come and take him by force to make him king, Jesus withdrew again to the mountain by himself.\n\nJesus Walks on Water\n\n  [16] When evening came, his disciples went down to the sea, [17] got into a boat, and started across the sea to Capernaum. It was now dark, and Jesus had not yet come to them. [18] The sea became rough because a strong wind was blowing. [19] When they had rowed about three or four miles,(2) they saw Jesus walking on the sea and coming near the boat, and they were frightened. [20] But he said to them, \u201cIt is I; do not be afraid.\u201d [21] Then they were glad to take him into the boat, and immediately the boat was at the land to which they were going.\n\nI Am the Bread of Life\n\n  [22] On the next day the crowd that remained on the other side of the sea saw that there had been only one boat there, and that Jesus had not entered the boat with his disciples, but that his disciples had gone away alone. [23] Other boats from Tiberias came near the place where they had eaten the bread after the Lord had given thanks. [24] So when the crowd saw that Jesus was not there, nor his disciples, they themselves got into the boats and went to Capernaum, seeking Jesus.\n\n  [25] When they found him on the other side of the sea, they said to him, \u201cRabbi, when did you come here?\u201d [26] Jesus answered them, \u201cTruly, truly, I say to you, you are seeking me, not because you saw signs, but because you ate your fill of the loaves. [27] Do not work for the food that perishes, but for the food that endures to eternal life, which the Son of Man will give to you. For on him God the Father has set his seal.\u201d [28] Then they said to him, \u201cWhat must we do, to be doing the works of God?\u201d [29] Jesus answered them, \u201cThis is the work of God, that you believe in him whom he has sent.\u201d [30] So they said to him, \u201cThen what sign do you do, that we may see and believe you? What work do you perform? [31] Our fathers ate the manna in the wilderness; as it is written, \u2018He gave them bread from heaven to eat.\u2019\u201d [32] Jesus then said to them, \u201cTruly, truly, I say to you, it was not Moses who gave you the bread from heaven, but my Father gives you the true bread from heaven. [33] For the bread of God is he who comes down from heaven and gives life to the world.\u201d [34] They said to him, \u201cSir, give us this bread always.\u201d\n\n  [35] Jesus said to them, \u201cI am the bread of life; whoever comes to me shall not hunger, and whoever believes in me shall never thirst. [36] But I said to you that you have seen me and yet do not believe. [37] All that the Father gives me will come to me, and whoever comes to me I will never cast out. [38] For I have come down from heaven, not to do my own will but the will of him who sent me. [39] And this is the will of him who sent me, that I should lose nothing of all that he has given me, but raise it up on the last day. [40] For this is the will of my Father, that everyone who looks on the Son and believes in him should have eternal life, and I will raise him up on the last day.\u201d\n\n  [41] So the Jews grumbled about him, because he said, \u201cI am the bread that came down from heaven.\u201d [42] They said, \u201cIs not this Jesus, the son of Joseph, whose father and mother we know? How does he now say, \u2018I have come down from heaven\u2019?\u201d [43] Jesus answered them, \u201cDo not grumble among yourselves. [44] No one can come to me unless the Father who sent me draws him. And I will raise him up on the last day. [45] It is written in the Prophets, \u2018And they will all be taught by God.\u2019 Everyone who has heard and learned from the Father comes to me\u2014[46] not that anyone has seen the Father except he who is from God; he has seen the Father. [47] Truly, truly, I say to you, whoever believes has eternal life. [48] I am the bread of life. [49] Your fathers ate the manna in the wilderness, and they died. [50] This is the bread that comes down from heaven, so that one may eat of it and not die. [51] I am the living bread that came down from heaven. If anyone eats of this bread, he will live forever. And the bread that I will give for the life of the world is my flesh.\u201d\n\n  [52] The Jews then disputed among themselves, saying, \u201cHow can this man give us his flesh to eat?\u201d [53] So Jesus said to them, \u201cTruly, truly, I say to you, unless you eat the flesh of the Son of Man and drink his blood, you have no life in you. [54] Whoever feeds on my flesh and drinks my blood has eternal life, and I will raise him up on the last day. [55] For my flesh is true food, and my blood is true drink. [56] Whoever feeds on my flesh and drinks my blood abides in me, and I in him. [57] As the living Father sent me, and I live because of the Father, so whoever feeds on me, he also will live because of me. [58] This is the bread that came down from heaven, not like the bread(3) the fathers ate, and died. Whoever feeds on this bread will live forever.\u201d [59] Jesus(4) said these things in the synagogue, as he taught at Capernaum.\n\nThe Words of Eternal Life\n\n  [60] When many of his disciples heard it, they said, \u201cThis is a hard saying; who can listen to it?\u201d [61] But Jesus, knowing in himself that his disciples were grumbling about this, said to them, \u201cDo you take offense at this? [62] Then what if you were to see the Son of Man ascending to where he was before? [63] It is the Spirit who gives life; the flesh is no help at all. The words that I have spoken to you are spirit and life. [64] But there are some of you who do not believe.\u201d (For Jesus knew from the beginning who those were who did not believe, and who it was who would betray him.) [65] And he said, \u201cThis is why I told you that no one can come to me unless it is granted him by the Father.\u201d\n\n  [66] After this many of his disciples turned back and no longer walked with him. [67] So Jesus said to the twelve, \u201cDo you want to go away as well?\u201d [68] Simon Peter answered him, \u201cLord, to whom shall we go? You have the words of eternal life, [69] and we have believed, and have come to know, that you are the Holy One of God.\u201d [70] Jesus answered them, \u201cDid I not choose you, the twelve? And yet one of you is a devil.\u201d [71] He spoke of Judas the son of Simon Iscariot, for he, one of the twelve, was going to betray him.\n\nFootnotes\n\n(1) 6:7 A *denarius* was a day\u2019s wage for a laborer\n\n(2) 6:19 Greek *twenty-five or thirty stadia*; a *stadion* was about 607 feet or 185 meters\n\n(3) 6:58 Greek lacks *the bread*\n\n(4) 6:59 Greek *He*\n (ESV)"]}