{"query": "John 7", "canonical": "John 7", "parsed": [[43007001, 43007053]], "passage_meta": [{"canonical": "John 7", "chapter_start": [43007001, 43007053], "chapter_end": [43007001, 43007053], "prev_verse": 43006071, "next_verse": 43008001, "prev_chapter": [43006001, 43006071], "next_chapter": [43008001, 43008059]}], "passages": ["John 7\n\nJesus at the Feast of Booths\n\n  [1] After this Jesus went about in Galilee. He would not go about in Judea, because the Jews(1) were seeking to kill him. [2] Now the Jews\u2019 Feast of Booths was at hand. [3] So his brothers(2) said to him, \u201cLeave here and go to Judea, that your disciples also may see the works you are doing. [4] For no one works in secret if he seeks to be known openly. If you do these things, show yourself to the world.\u201d [5] For not even his brothers believed in him. [6] Jesus said to them, \u201cMy time has not yet come, but your time is always here. [7] The world cannot hate you, but it hates me because I testify about it that its works are evil. [8] You go up to the feast. I am not(3) going up to this feast, for my time has not yet fully come.\u201d [9] After saying this, he remained in Galilee.\n\n  [10] But after his brothers had gone up to the feast, then he also went up, not publicly but in private. [11] The Jews were looking for him at the feast, and saying, \u201cWhere is he?\u201d [12] And there was much muttering about him among the people. While some said, \u201cHe is a good man,\u201d others said, \u201cNo, he is leading the people astray.\u201d [13] Yet for fear of the Jews no one spoke openly of him.\n\n  [14] About the middle of the feast Jesus went up into the temple and began teaching. [15] The Jews therefore marveled, saying, \u201cHow is it that this man has learning,(4) when he has never studied?\u201d [16] So Jesus answered them, \u201cMy teaching is not mine, but his who sent me. [17] If anyone\u2019s will is to do God\u2019s(5) will, he will know whether the teaching is from God or whether I am speaking on my own authority. [18] The one who speaks on his own authority seeks his own glory; but the one who seeks the glory of him who sent him is true, and in him there is no falsehood. [19] Has not Moses given you the law? Yet none of you keeps the law. Why do you seek to kill me?\u201d [20] The crowd answered, \u201cYou have a demon! Who is seeking to kill you?\u201d [21] Jesus answered them, \u201cI did one work, and you all marvel at it. [22] Moses gave you circumcision (not that it is from Moses, but from the fathers), and you circumcise a man on the Sabbath. [23] If on the Sabbath a man receives circumcision, so that the law of Moses may not be broken, are you angry with me because on the Sabbath I made a man\u2019s whole body well? [24] Do not judge by appearances, but judge with right judgment.\u201d\n\nCan This Be the Christ?\n\n  [25] Some of the people of Jerusalem therefore said, \u201cIs not this the man whom they seek to kill? [26] And here he is, speaking openly, and they say nothing to him! Can it be that the authorities really know that this is the Christ? [27] But we know where this man comes from, and when the Christ appears, no one will know where he comes from.\u201d [28] So Jesus proclaimed, as he taught in the temple, \u201cYou know me, and you know where I come from. But I have not come of my own accord. He who sent me is true, and him you do not know. [29] I know him, for I come from him, and he sent me.\u201d [30] So they were seeking to arrest him, but no one laid a hand on him, because his hour had not yet come. [31] Yet many of the people believed in him. They said, \u201cWhen the Christ appears, will he do more signs than this man has done?\u201d\n\nOfficers Sent to Arrest Jesus\n\n  [32] The Pharisees heard the crowd muttering these things about him, and the chief priests and Pharisees sent officers to arrest him. [33] Jesus then said, \u201cI will be with you a little longer, and then I am going to him who sent me. [34] You will seek me and you will not find me. Where I am you cannot come.\u201d [35] The Jews said to one another, \u201cWhere does this man intend to go that we will not find him? Does he intend to go to the Dispersion among the Greeks and teach the Greeks? [36] What does he mean by saying, \u2018You will seek me and you will not find me,\u2019 and, \u2018Where I am you cannot come\u2019?\u201d\n\nRivers of Living Water\n\n  [37] On the last day of the feast, the great day, Jesus stood up and cried out, \u201cIf anyone thirsts, let him come to me and drink. [38] Whoever believes in me, as(6) the Scripture has said, \u2018Out of his heart will flow rivers of living water.\u2019\u201d [39] Now this he said about the Spirit, whom those who believed in him were to receive, for as yet the Spirit had not been given, because Jesus was not yet glorified.\n\nDivision Among the People\n\n  [40] When they heard these words, some of the people said, \u201cThis really is the Prophet.\u201d [41] Others said, \u201cThis is the Christ.\u201d But some said, \u201cIs the Christ to come from Galilee? [42] Has not the Scripture said that the Christ comes from the offspring of David, and comes from Bethlehem, the village where David was?\u201d [43] So there was a division among the people over him. [44] Some of them wanted to arrest him, but no one laid hands on him.\n\n  [45] The officers then came to the chief priests and Pharisees, who said to them, \u201cWhy did you not bring him?\u201d [46] The officers answered, \u201cNo one ever spoke like this man!\u201d [47] The Pharisees answered them, \u201cHave you also been deceived? [48] Have any of the authorities or the Pharisees believed in him? [49] But this crowd that does not know the law is accursed.\u201d [50] Nicodemus, who had gone to him before, and who was one of them, said to them, [51] \u201cDoes our law judge a man without first giving him a hearing and learning what he does?\u201d [52] They replied, \u201cAre you from Galilee too? Search and see that no prophet arises from Galilee.\u201d\n\n[The earliest manuscripts do not include 7:53\u20138:11.](7)\n\nThe Woman Caught in Adultery\n\n  [53] [[They went each to his own house, \n\nFootnotes\n\n(1) 7:1 Or *Judeans*; Greek *Ioudaioi* probably refers here to Jewish religious leaders, and others under their influence, in that time\n\n(2) 7:3 Or *brothers and sisters*; also verses 5, 10\n\n(3) 7:8 Some manuscripts add *yet*\n\n(4) 7:15 Or *this man knows his letters*\n\n(5) 7:17 Greek *his*\n\n(6) 7:38 Or *let him come to me, and let him who believes in me drink. As*\n\n(7) 7:53 Some manuscripts do not include 7:53\u20138:11; others add the passage here or after 7:36 or after 21:25 or after Luke 21:38, with variations in the text\n (ESV)"]}