{"query": "John 1", "canonical": "John 1", "parsed": [[43001001, 43001051]], "passage_meta": [{"canonical": "John 1", "chapter_start": [43001001, 43001051], "chapter_end": [43001001, 43001051], "prev_verse": 42024053, "next_verse": 43002001, "prev_chapter": [42024001, 42024053], "next_chapter": [43002001, 43002025]}], "passages": ["John 1\n\nThe Word Became Flesh\n\n  [1] In the beginning was the Word, and the Word was with God, and the Word was God. [2] He was in the beginning with God. [3] All things were made through him, and without him was not any thing made that was made. [4] In him was life,(1) and the life was the light of men. [5] The light shines in the darkness, and the darkness has not overcome it.\n\n  [6] There was a man sent from God, whose name was John. [7] He came as a witness, to bear witness about the light, that all might believe through him. [8] He was not the light, but came to bear witness about the light.\n\n  [9] The true light, which gives light to everyone, was coming into the world. [10] He was in the world, and the world was made through him, yet the world did not know him. [11] He came to his own,(2) and his own people(3) did not receive him. [12] But to all who did receive him, who believed in his name, he gave the right to become children of God, [13] who were born, not of blood nor of the will of the flesh nor of the will of man, but of God.\n\n  [14] And the Word became flesh and dwelt among us, and we have seen his glory, glory as of the only Son(4) from the Father, full of grace and truth. [15] (John bore witness about him, and cried out, \u201cThis was he of whom I said, \u2018He who comes after me ranks before me, because he was before me.\u2019\u201d) [16] For from his fullness we have all received, grace upon grace.(5) [17] For the law was given through Moses; grace and truth came through Jesus Christ. [18] No one has ever seen God; the only God,(6) who is at the Father\u2019s side,(7) he has made him known.\n\nThe Testimony of John the Baptist\n\n  [19] And this is the testimony of John, when the Jews sent priests and Levites from Jerusalem to ask him, \u201cWho are you?\u201d [20] He confessed, and did not deny, but confessed, \u201cI am not the Christ.\u201d [21] And they asked him, \u201cWhat then? Are you Elijah?\u201d He said, \u201cI am not.\u201d \u201cAre you the Prophet?\u201d And he answered, \u201cNo.\u201d [22] So they said to him, \u201cWho are you? We need to give an answer to those who sent us. What do you say about yourself?\u201d [23] He said, \u201cI am the voice of one crying out in the wilderness, \u2018Make straight(8) the way of the Lord,\u2019 as the prophet Isaiah said.\u201d\n\n  [24] (Now they had been sent from the Pharisees.) [25] They asked him, \u201cThen why are you baptizing, if you are neither the Christ, nor Elijah, nor the Prophet?\u201d [26] John answered them, \u201cI baptize with water, but among you stands one you do not know, [27] even he who comes after me, the strap of whose sandal I am not worthy to untie.\u201d [28] These things took place in Bethany across the Jordan, where John was baptizing.\n\nBehold, the Lamb of God\n\n  [29] The next day he saw Jesus coming toward him, and said, \u201cBehold, the Lamb of God, who takes away the sin of the world! [30] This is he of whom I said, \u2018After me comes a man who ranks before me, because he was before me.\u2019 [31] I myself did not know him, but for this purpose I came baptizing with water, that he might be revealed to Israel.\u201d [32] And John bore witness: \u201cI saw the Spirit descend from heaven like a dove, and it remained on him. [33] I myself did not know him, but he who sent me to baptize with water said to me, \u2018He on whom you see the Spirit descend and remain, this is he who baptizes with the Holy Spirit.\u2019 [34] And I have seen and have borne witness that this is the Son(9) of God.\u201d\n\nJesus Calls the First Disciples\n\n  [35] The next day again John was standing with two of his disciples, [36] and he looked at Jesus as he walked by and said, \u201cBehold, the Lamb of God!\u201d [37] The two disciples heard him say this, and they followed Jesus. [38] Jesus turned and saw them following and said to them, \u201cWhat are you seeking?\u201d And they said to him, \u201cRabbi\u201d (which means Teacher), \u201cwhere are you staying?\u201d [39] He said to them, \u201cCome and you will see.\u201d So they came and saw where he was staying, and they stayed with him that day, for it was about the tenth hour.(10) [40] One of the two who heard John speak and followed Jesus(11) was Andrew, Simon Peter\u2019s brother. [41] He first found his own brother Simon and said to him, \u201cWe have found the Messiah\u201d (which means Christ). [42] He brought him to Jesus. Jesus looked at him and said, \u201cYou are Simon the son of John. You shall be called Cephas\u201d (which means Peter(12)).\n\nJesus Calls Philip and Nathanael\n\n  [43] The next day Jesus decided to go to Galilee. He found Philip and said to him, \u201cFollow me.\u201d [44] Now Philip was from Bethsaida, the city of Andrew and Peter. [45] Philip found Nathanael and said to him, \u201cWe have found him of whom Moses in the Law and also the prophets wrote, Jesus of Nazareth, the son of Joseph.\u201d [46] Nathanael said to him, \u201cCan anything good come out of Nazareth?\u201d Philip said to him, \u201cCome and see.\u201d [47] Jesus saw Nathanael coming toward him and said of him, \u201cBehold, an Israelite indeed, in whom there is no deceit!\u201d [48] Nathanael said to him, \u201cHow do you know me?\u201d Jesus answered him, \u201cBefore Philip called you, when you were under the fig tree, I saw you.\u201d [49] Nathanael answered him, \u201cRabbi, you are the Son of God! You are the King of Israel!\u201d [50] Jesus answered him, \u201cBecause I said to you, \u2018I saw you under the fig tree,\u2019 do you believe? You will see greater things than these.\u201d [51] And he said to him, \u201cTruly, truly, I say to you,(13) you will see heaven opened, and the angels of God ascending and descending on the Son of Man.\u201d\n\nFootnotes\n\n(1) 1:4 Or *was not any thing made. That which has been made was life in him*\n\n(2) 1:11 Greek *to his own things*; that is, to his own domain, or to his own people\n\n(3) 1:11 *People* is implied in Greek\n\n(4) 1:14 Or *only One*, or *unique One*\n\n(5) 1:16 Or *grace in place of grace*\n\n(6) 1:18 Or *the only One, who is God*; some manuscripts *the only Son*\n\n(7) 1:18 Greek *in the bosom of the Father*\n\n(8) 1:23 Or *crying out, \u2018In the wilderness make straight*\n\n(9) 1:34 Some manuscripts *the Chosen One*\n\n(10) 1:39 That is, about 4 p.m.\n\n(11) 1:40 Greek *him*\n\n(12) 1:42 *Cephas* and *Peter* are from the word for *rock* in Aramaic and Greek, respectively\n\n(13) 1:51 The Greek for *you* is plural; twice in this verse\n (ESV)"]}