{"query": "John 13", "canonical": "John 13", "parsed": [[43013001, 43013038]], "passage_meta": [{"canonical": "John 13", "chapter_start": [43013001, 43013038], "chapter_end": [43013001, 43013038], "prev_verse": 43012050, "next_verse": 43014001, "prev_chapter": [43012001, 43012050], "next_chapter": [43014001, 43014031]}], "passages": ["John 13\n\nJesus Washes the Disciples\u2019 Feet\n\n  [1] Now before the Feast of the Passover, when Jesus knew that his hour had come to depart out of this world to the Father, having loved his own who were in the world, he loved them to the end. [2] During supper, when the devil had already put it into the heart of Judas Iscariot, Simon\u2019s son, to betray him, [3] Jesus, knowing that the Father had given all things into his hands, and that he had come from God and was going back to God, [4] rose from supper. He laid aside his outer garments, and taking a towel, tied it around his waist. [5] Then he poured water into a basin and began to wash the disciples\u2019 feet and to wipe them with the towel that was wrapped around him. [6] He came to Simon Peter, who said to him, \u201cLord, do you wash my feet?\u201d [7] Jesus answered him, \u201cWhat I am doing you do not understand now, but afterward you will understand.\u201d [8] Peter said to him, \u201cYou shall never wash my feet.\u201d Jesus answered him, \u201cIf I do not wash you, you have no share with me.\u201d [9] Simon Peter said to him, \u201cLord, not my feet only but also my hands and my head!\u201d [10] Jesus said to him, \u201cThe one who has bathed does not need to wash, except for his feet,(1) but is completely clean. And you(2) are clean, but not every one of you.\u201d [11] For he knew who was to betray him; that was why he said, \u201cNot all of you are clean.\u201d\n\n  [12] When he had washed their feet and put on his outer garments and resumed his place, he said to them, \u201cDo you understand what I have done to you? [13] You call me Teacher and Lord, and you are right, for so I am. [14] If I then, your Lord and Teacher, have washed your feet, you also ought to wash one another\u2019s feet. [15] For I have given you an example, that you also should do just as I have done to you. [16] Truly, truly, I say to you, a servant(3) is not greater than his master, nor is a messenger greater than the one who sent him. [17] If you know these things, blessed are you if you do them. [18] I am not speaking of all of you; I know whom I have chosen. But the Scripture will be fulfilled,(4) \u2018He who ate my bread has lifted his heel against me.\u2019 [19] I am telling you this now, before it takes place, that when it does take place you may believe that I am he. [20] Truly, truly, I say to you, whoever receives the one I send receives me, and whoever receives me receives the one who sent me.\u201d\n\nOne of You Will Betray Me\n\n  [21] After saying these things, Jesus was troubled in his spirit, and testified, \u201cTruly, truly, I say to you, one of you will betray me.\u201d [22] The disciples looked at one another, uncertain of whom he spoke. [23] One of his disciples, whom Jesus loved, was reclining at table at Jesus\u2019 side,(5) [24] so Simon Peter motioned to him to ask Jesus(6) of whom he was speaking. [25] So that disciple, leaning back against Jesus, said to him, \u201cLord, who is it?\u201d [26] Jesus answered, \u201cIt is he to whom I will give this morsel of bread when I have dipped it.\u201d So when he had dipped the morsel, he gave it to Judas, the son of Simon Iscariot. [27] Then after he had taken the morsel, Satan entered into him. Jesus said to him, \u201cWhat you are going to do, do quickly.\u201d [28] Now no one at the table knew why he said this to him. [29] Some thought that, because Judas had the moneybag, Jesus was telling him, \u201cBuy what we need for the feast,\u201d or that he should give something to the poor. [30] So, after receiving the morsel of bread, he immediately went out. And it was night.\n\nA New Commandment\n\n  [31] When he had gone out, Jesus said, \u201cNow is the Son of Man glorified, and God is glorified in him. [32] If God is glorified in him, God will also glorify him in himself, and glorify him at once. [33] Little children, yet a little while I am with you. You will seek me, and just as I said to the Jews, so now I also say to you, \u2018Where I am going you cannot come.\u2019 [34] A new commandment I give to you, that you love one another: just as I have loved you, you also are to love one another. [35] By this all people will know that you are my disciples, if you have love for one another.\u201d\n\nJesus Foretells Peter\u2019s Denial\n\n  [36] Simon Peter said to him, \u201cLord, where are you going?\u201d Jesus answered him, \u201cWhere I am going you cannot follow me now, but you will follow afterward.\u201d [37] Peter said to him, \u201cLord, why can I not follow you now? I will lay down my life for you.\u201d [38] Jesus answered, \u201cWill you lay down your life for me? Truly, truly, I say to you, the rooster will not crow till you have denied me three times.\n\nFootnotes\n\n(1) 13:10 Some manuscripts omit *except for his feet*\n\n(2) 13:10 The Greek words for *you* in this verse are plural\n\n(3) 13:16 Or *bondservant*, or *slave* (for the contextual rendering of the Greek word *doulos*, see Preface)\n\n(4) 13:18 Greek *But in order that the Scripture may be fulfilled*\n\n(5) 13:23 Greek *in the bosom of Jesus*\n\n(6) 13:24 Greek lacks *Jesus*\n (ESV)"]}