{"query": "John 19", "canonical": "John 19", "parsed": [[43019001, 43019042]], "passage_meta": [{"canonical": "John 19", "chapter_start": [43019001, 43019042], "chapter_end": [43019001, 43019042], "prev_verse": 43018040, "next_verse": 43020001, "prev_chapter": [43018001, 43018040], "next_chapter": [43020001, 43020031]}], "passages": ["John 19\n\nJesus Delivered to Be Crucified\n\n  [1] Then Pilate took Jesus and flogged him. [2] And the soldiers twisted together a crown of thorns and put it on his head and arrayed him in a purple robe. [3] They came up to him, saying, \u201cHail, King of the Jews!\u201d and struck him with their hands. [4] Pilate went out again and said to them, \u201cSee, I am bringing him out to you that you may know that I find no guilt in him.\u201d [5] So Jesus came out, wearing the crown of thorns and the purple robe. Pilate said to them, \u201cBehold the man!\u201d [6] When the chief priests and the officers saw him, they cried out, \u201cCrucify him, crucify him!\u201d Pilate said to them, \u201cTake him yourselves and crucify him, for I find no guilt in him.\u201d [7] The Jews(1) answered him, \u201cWe have a law, and according to that law he ought to die because he has made himself the Son of God.\u201d [8] When Pilate heard this statement, he was even more afraid. [9] He entered his headquarters again and said to Jesus, \u201cWhere are you from?\u201d But Jesus gave him no answer. [10] So Pilate said to him, \u201cYou will not speak to me? Do you not know that I have authority to release you and authority to crucify you?\u201d [11] Jesus answered him, \u201cYou would have no authority over me at all unless it had been given you from above. Therefore he who delivered me over to you has the greater sin.\u201d\n\n  [12] From then on Pilate sought to release him, but the Jews cried out, \u201cIf you release this man, you are not Caesar\u2019s friend. Everyone who makes himself a king opposes Caesar.\u201d [13] So when Pilate heard these words, he brought Jesus out and sat down on the judgment seat at a place called The Stone Pavement, and in Aramaic(2) Gabbatha. [14] Now it was the day of Preparation of the Passover. It was about the sixth hour.(3) He said to the Jews, \u201cBehold your King!\u201d [15] They cried out, \u201cAway with him, away with him, crucify him!\u201d Pilate said to them, \u201cShall I crucify your King?\u201d The chief priests answered, \u201cWe have no king but Caesar.\u201d [16] So he delivered him over to them to be crucified.\n\nThe Crucifixion\n\n  So they took Jesus, [17] and he went out, bearing his own cross, to the place called The Place of a Skull, which in Aramaic is called Golgotha. [18] There they crucified him, and with him two others, one on either side, and Jesus between them. [19] Pilate also wrote an inscription and put it on the cross. It read, \u201cJesus of Nazareth, the King of the Jews.\u201d [20] Many of the Jews read this inscription, for the place where Jesus was crucified was near the city, and it was written in Aramaic, in Latin, and in Greek. [21] So the chief priests of the Jews said to Pilate, \u201cDo not write, \u2018The King of the Jews,\u2019 but rather, \u2018This man said, I am King of the Jews.\u2019\u201d [22] Pilate answered, \u201cWhat I have written I have written.\u201d\n\n  [23] When the soldiers had crucified Jesus, they took his garments and divided them into four parts, one part for each soldier; also his tunic.(4) But the tunic was seamless, woven in one piece from top to bottom, [24] so they said to one another, \u201cLet us not tear it, but cast lots for it to see whose it shall be.\u201d This was to fulfill the Scripture which says,\n\n    \u201cThey divided my garments among them,\n        and for my clothing they cast lots.\u201d\n    \n    \n      So the soldiers did these things, [25] but standing by the cross of Jesus were his mother and his mother\u2019s sister, Mary the wife of Clopas, and Mary Magdalene. [26] When Jesus saw his mother and the disciple whom he loved standing nearby, he said to his mother, \u201cWoman, behold, your son!\u201d [27] Then he said to the disciple, \u201cBehold, your mother!\u201d And from that hour the disciple took her to his own home.\n\nThe Death of Jesus\n\n  [28] After this, Jesus, knowing that all was now finished, said (to fulfill the Scripture), \u201cI thirst.\u201d [29] A jar full of sour wine stood there, so they put a sponge full of the sour wine on a hyssop branch and held it to his mouth. [30] When Jesus had received the sour wine, he said, \u201cIt is finished,\u201d and he bowed his head and gave up his spirit.\n\nJesus\u2019 Side Is Pierced\n\n  [31] Since it was the day of Preparation, and so that the bodies would not remain on the cross on the Sabbath (for that Sabbath was a high day), the Jews asked Pilate that their legs might be broken and that they might be taken away. [32] So the soldiers came and broke the legs of the first, and of the other who had been crucified with him. [33] But when they came to Jesus and saw that he was already dead, they did not break his legs. [34] But one of the soldiers pierced his side with a spear, and at once there came out blood and water. [35] He who saw it has borne witness\u2014his testimony is true, and he knows that he is telling the truth\u2014that you also may believe. [36] For these things took place that the Scripture might be fulfilled: \u201cNot one of his bones will be broken.\u201d [37] And again another Scripture says, \u201cThey will look on him whom they have pierced.\u201d\n\nJesus Is Buried\n\n  [38] After these things Joseph of Arimathea, who was a disciple of Jesus, but secretly for fear of the Jews, asked Pilate that he might take away the body of Jesus, and Pilate gave him permission. So he came and took away his body. [39] Nicodemus also, who earlier had come to Jesus(5) by night, came bringing a mixture of myrrh and aloes, about seventy-five pounds(6) in weight. [40] So they took the body of Jesus and bound it in linen cloths with the spices, as is the burial custom of the Jews. [41] Now in the place where he was crucified there was a garden, and in the garden a new tomb in which no one had yet been laid. [42] So because of the Jewish day of Preparation, since the tomb was close at hand, they laid Jesus there.\n\nFootnotes\n\n(1) 19:7 Greek *Ioudaioi* probably refers here to Jewish religious leaders, and others under their influence, in that time; also verses 12, 14, 31, 38\n\n(2) 19:13 Or *Hebrew*; also verses 17, 20\n\n(3) 19:14 That is, about noon\n\n(4) 19:23 Greek *chiton*, a long garment worn under the cloak next to the skin\n\n(5) 19:39 Greek *him*\n\n(6) 19:39 Greek *one hundred litras*; a *litra* (or Roman pound) was equal to about 11 1/2 ounces or 327 grams\n (ESV)"]}