{"query": "John 18", "canonical": "John 18", "parsed": [[43018001, 43018040]], "passage_meta": [{"canonical": "John 18", "chapter_start": [43018001, 43018040], "chapter_end": [43018001, 43018040], "prev_verse": 43017026, "next_verse": 43019001, "prev_chapter": [43017001, 43017026], "next_chapter": [43019001, 43019042]}], "passages": ["John 18\n\nBetrayal and Arrest of Jesus\n\n  [1] When Jesus had spoken these words, he went out with his disciples across the brook Kidron, where there was a garden, which he and his disciples entered. [2] Now Judas, who betrayed him, also knew the place, for Jesus often met there with his disciples. [3] So Judas, having procured a band of soldiers and some officers from the chief priests and the Pharisees, went there with lanterns and torches and weapons. [4] Then Jesus, knowing all that would happen to him, came forward and said to them, \u201cWhom do you seek?\u201d [5] They answered him, \u201cJesus of Nazareth.\u201d Jesus said to them, \u201cI am he.\u201d(1) Judas, who betrayed him, was standing with them. [6] When Jesus(2) said to them, \u201cI am he,\u201d they drew back and fell to the ground. [7] So he asked them again, \u201cWhom do you seek?\u201d And they said, \u201cJesus of Nazareth.\u201d [8] Jesus answered, \u201cI told you that I am he. So, if you seek me, let these men go.\u201d [9] This was to fulfill the word that he had spoken: \u201cOf those whom you gave me I have lost not one.\u201d [10] Then Simon Peter, having a sword, drew it and struck the high priest\u2019s servant(3) and cut off his right ear. (The servant\u2019s name was Malchus.) [11] So Jesus said to Peter, \u201cPut your sword into its sheath; shall I not drink the cup that the Father has given me?\u201d\n\nJesus Faces Annas and Caiaphas\n\n  [12] So the band of soldiers and their captain and the officers of the Jews(4) arrested Jesus and bound him. [13] First they led him to Annas, for he was the father-in-law of Caiaphas, who was high priest that year. [14] It was Caiaphas who had advised the Jews that it would be expedient that one man should die for the people.\n\nPeter Denies Jesus\n\n  [15] Simon Peter followed Jesus, and so did another disciple. Since that disciple was known to the high priest, he entered with Jesus into the courtyard of the high priest, [16] but Peter stood outside at the door. So the other disciple, who was known to the high priest, went out and spoke to the servant girl who kept watch at the door, and brought Peter in. [17] The servant girl at the door said to Peter, \u201cYou also are not one of this man\u2019s disciples, are you?\u201d He said, \u201cI am not.\u201d [18] Now the servants(5) and officers had made a charcoal fire, because it was cold, and they were standing and warming themselves. Peter also was with them, standing and warming himself.\n\nThe High Priest Questions Jesus\n\n  [19] The high priest then questioned Jesus about his disciples and his teaching. [20] Jesus answered him, \u201cI have spoken openly to the world. I have always taught in synagogues and in the temple, where all Jews come together. I have said nothing in secret. [21] Why do you ask me? Ask those who have heard me what I said to them; they know what I said.\u201d [22] When he had said these things, one of the officers standing by struck Jesus with his hand, saying, \u201cIs that how you answer the high priest?\u201d [23] Jesus answered him, \u201cIf what I said is wrong, bear witness about the wrong; but if what I said is right, why do you strike me?\u201d [24] Annas then sent him bound to Caiaphas the high priest.\n\nPeter Denies Jesus Again\n\n  [25] Now Simon Peter was standing and warming himself. So they said to him, \u201cYou also are not one of his disciples, are you?\u201d He denied it and said, \u201cI am not.\u201d [26] One of the servants of the high priest, a relative of the man whose ear Peter had cut off, asked, \u201cDid I not see you in the garden with him?\u201d [27] Peter again denied it, and at once a rooster crowed.\n\nJesus Before Pilate\n\n  [28] Then they led Jesus from the house of Caiaphas to the governor\u2019s headquarters.(6) It was early morning. They themselves did not enter the governor\u2019s headquarters, so that they would not be defiled, but could eat the Passover. [29] So Pilate went outside to them and said, \u201cWhat accusation do you bring against this man?\u201d [30] They answered him, \u201cIf this man were not doing evil, we would not have delivered him over to you.\u201d [31] Pilate said to them, \u201cTake him yourselves and judge him by your own law.\u201d The Jews said to him, \u201cIt is not lawful for us to put anyone to death.\u201d [32] This was to fulfill the word that Jesus had spoken to show by what kind of death he was going to die.\n\nMy Kingdom Is Not of This World\n\n  [33] So Pilate entered his headquarters again and called Jesus and said to him, \u201cAre you the King of the Jews?\u201d [34] Jesus answered, \u201cDo you say this of your own accord, or did others say it to you about me?\u201d [35] Pilate answered, \u201cAm I a Jew? Your own nation and the chief priests have delivered you over to me. What have you done?\u201d [36] Jesus answered, \u201cMy kingdom is not of this world. If my kingdom were of this world, my servants would have been fighting, that I might not be delivered over to the Jews. But my kingdom is not from the world.\u201d [37] Then Pilate said to him, \u201cSo you are a king?\u201d Jesus answered, \u201cYou say that I am a king. For this purpose I was born and for this purpose I have come into the world\u2014to bear witness to the truth. Everyone who is of the truth listens to my voice.\u201d [38] Pilate said to him, \u201cWhat is truth?\u201d\n\n  After he had said this, he went back outside to the Jews and told them, \u201cI find no guilt in him. [39] But you have a custom that I should release one man for you at the Passover. So do you want me to release to you the King of the Jews?\u201d [40] They cried out again, \u201cNot this man, but Barabbas!\u201d Now Barabbas was a robber.(7)\n\nFootnotes\n\n(1) 18:5 Greek *I am*; also verses 6, 8\n\n(2) 18:6 Greek *he*\n\n(3) 18:10 Or *bondservant*; twice in this verse\n\n(4) 18:12 Greek *Ioudaioi* probably refers here to Jewish religious leaders, and others under their influence, in that time; also verses 14, 31, 36, 38\n\n(5) 18:18 Or *bondservants*; also verse 26\n\n(6) 18:28 Greek *the praetorium*\n\n(7) 18:40 Or *an insurrectionist*\n (ESV)"]}