{"query": "John 3", "canonical": "John 3", "parsed": [[43003001, 43003036]], "passage_meta": [{"canonical": "John 3", "chapter_start": [43003001, 43003036], "chapter_end": [43003001, 43003036], "prev_verse": 43002025, "next_verse": 43004001, "prev_chapter": [43002001, 43002025], "next_chapter": [43004001, 43004054]}], "passages": ["John 3\n\nYou Must Be Born Again\n\n  [1] Now there was a man of the Pharisees named Nicodemus, a ruler of the Jews. [2] This man came to Jesus(1) by night and said to him, \u201cRabbi, we know that you are a teacher come from God, for no one can do these signs that you do unless God is with him.\u201d [3] Jesus answered him, \u201cTruly, truly, I say to you, unless one is born again(2) he cannot see the kingdom of God.\u201d [4] Nicodemus said to him, \u201cHow can a man be born when he is old? Can he enter a second time into his mother\u2019s womb and be born?\u201d [5] Jesus answered, \u201cTruly, truly, I say to you, unless one is born of water and the Spirit, he cannot enter the kingdom of God. [6] That which is born of the flesh is flesh, and that which is born of the Spirit is spirit.(3) [7] Do not marvel that I said to you, \u2018You(4) must be born again.\u2019 [8] The wind(5) blows where it wishes, and you hear its sound, but you do not know where it comes from or where it goes. So it is with everyone who is born of the Spirit.\u201d\n\n  [9] Nicodemus said to him, \u201cHow can these things be?\u201d [10] Jesus answered him, \u201cAre you the teacher of Israel and yet you do not understand these things? [11] Truly, truly, I say to you, we speak of what we know, and bear witness to what we have seen, but you(6) do not receive our testimony. [12] If I have told you earthly things and you do not believe, how can you believe if I tell you heavenly things? [13] No one has ascended into heaven except he who descended from heaven, the Son of Man.(7) [14] And as Moses lifted up the serpent in the wilderness, so must the Son of Man be lifted up, [15] that whoever believes in him may have eternal life.(8)\n\nFor God So Loved the World\n\n  [16] \u201cFor God so loved the world,(9) that he gave his only Son, that whoever believes in him should not perish but have eternal life. [17] For God did not send his Son into the world to condemn the world, but in order that the world might be saved through him. [18] Whoever believes in him is not condemned, but whoever does not believe is condemned already, because he has not believed in the name of the only Son of God. [19] And this is the judgment: the light has come into the world, and people loved the darkness rather than the light because their works were evil. [20] For everyone who does wicked things hates the light and does not come to the light, lest his works should be exposed. [21] But whoever does what is true comes to the light, so that it may be clearly seen that his works have been carried out in God.\u201d\n\nJohn the Baptist Exalts Christ\n\n  [22] After this Jesus and his disciples went into the Judean countryside, and he remained there with them and was baptizing. [23] John also was baptizing at Aenon near Salim, because water was plentiful there, and people were coming and being baptized [24] (for John had not yet been put in prison).\n\n  [25] Now a discussion arose between some of John\u2019s disciples and a Jew over purification. [26] And they came to John and said to him, \u201cRabbi, he who was with you across the Jordan, to whom you bore witness\u2014look, he is baptizing, and all are going to him.\u201d [27] John answered, \u201cA person cannot receive even one thing unless it is given him from heaven. [28] You yourselves bear me witness, that I said, \u2018I am not the Christ, but I have been sent before him.\u2019 [29] The one who has the bride is the bridegroom. The friend of the bridegroom, who stands and hears him, rejoices greatly at the bridegroom\u2019s voice. Therefore this joy of mine is now complete. [30] He must increase, but I must decrease.\u201d(10)\n\n  [31] He who comes from above is above all. He who is of the earth belongs to the earth and speaks in an earthly way. He who comes from heaven is above all. [32] He bears witness to what he has seen and heard, yet no one receives his testimony. [33] Whoever receives his testimony sets his seal to this, that God is true. [34] For he whom God has sent utters the words of God, for he gives the Spirit without measure. [35] The Father loves the Son and has given all things into his hand. [36] Whoever believes in the Son has eternal life; whoever does not obey the Son shall not see life, but the wrath of God remains on him.\n\nFootnotes\n\n(1) 3:2 Greek *him*\n\n(2) 3:3 Or *from above*; the Greek is purposely ambiguous and can mean both *again* and *from above*; also verse 7\n\n(3) 3:6 The same Greek word means both *wind* and *spirit*\n\n(4) 3:7 The Greek for *you* is plural here\n\n(5) 3:8 The same Greek word means both *wind* and *spirit*\n\n(6) 3:11 The Greek for *you* is plural here; also four times in verse 12\n\n(7) 3:13 Some manuscripts add *who is in heaven*\n\n(8) 3:15 Some interpreters hold that the quotation ends at verse 15\n\n(9) 3:16 Or *For this is how God loved the world*\n\n(10) 3:30 Some interpreters hold that the quotation continues through verse 36\n (ESV)"]}