{"query": "John 8", "canonical": "John 8", "parsed": [[43008001, 43008059]], "passage_meta": [{"canonical": "John 8", "chapter_start": [43008001, 43008059], "chapter_end": [43008001, 43008059], "prev_verse": 43007053, "next_verse": 43009001, "prev_chapter": [43007001, 43007053], "next_chapter": [43009001, 43009041]}], "passages": ["John 8\n\n  [1] but Jesus went to the Mount of Olives. [2] Early in the morning he came again to the temple. All the people came to him, and he sat down and taught them. [3] The scribes and the Pharisees brought a woman who had been caught in adultery, and placing her in the midst [4] they said to him, \u201cTeacher, this woman has been caught in the act of adultery. [5] Now in the Law, Moses commanded us to stone such women. So what do you say?\u201d [6] This they said to test him, that they might have some charge to bring against him. Jesus bent down and wrote with his finger on the ground. [7] And as they continued to ask him, he stood up and said to them, \u201cLet him who is without sin among you be the first to throw a stone at her.\u201d [8] And once more he bent down and wrote on the ground. [9] But when they heard it, they went away one by one, beginning with the older ones, and Jesus was left alone with the woman standing before him. [10] Jesus stood up and said to her, \u201cWoman, where are they? Has no one condemned you?\u201d [11] She said, \u201cNo one, Lord.\u201d And Jesus said, \u201cNeither do I condemn you; go, and from now on sin no more.\u201d]]\n\nI Am the Light of the World\n\n  [12] Again Jesus spoke to them, saying, \u201cI am the light of the world. Whoever follows me will not walk in darkness, but will have the light of life.\u201d [13] So the Pharisees said to him, \u201cYou are bearing witness about yourself; your testimony is not true.\u201d [14] Jesus answered, \u201cEven if I do bear witness about myself, my testimony is true, for I know where I came from and where I am going, but you do not know where I come from or where I am going. [15] You judge according to the flesh; I judge no one. [16] Yet even if I do judge, my judgment is true, for it is not I alone who judge, but I and the Father(1) who sent me. [17] In your Law it is written that the testimony of two people is true. [18] I am the one who bears witness about myself, and the Father who sent me bears witness about me.\u201d [19] They said to him therefore, \u201cWhere is your Father?\u201d Jesus answered, \u201cYou know neither me nor my Father. If you knew me, you would know my Father also.\u201d [20] These words he spoke in the treasury, as he taught in the temple; but no one arrested him, because his hour had not yet come.\n\n  [21] So he said to them again, \u201cI am going away, and you will seek me, and you will die in your sin. Where I am going, you cannot come.\u201d [22] So the Jews said, \u201cWill he kill himself, since he says, \u2018Where I am going, you cannot come\u2019?\u201d [23] He said to them, \u201cYou are from below; I am from above. You are of this world; I am not of this world. [24] I told you that you would die in your sins, for unless you believe that I am he you will die in your sins.\u201d [25] So they said to him, \u201cWho are you?\u201d Jesus said to them, \u201cJust what I have been telling you from the beginning. [26] I have much to say about you and much to judge, but he who sent me is true, and I declare to the world what I have heard from him.\u201d [27] They did not understand that he had been speaking to them about the Father. [28] So Jesus said to them, \u201cWhen you have lifted up the Son of Man, then you will know that I am he, and that I do nothing on my own authority, but speak just as the Father taught me. [29] And he who sent me is with me. He has not left me alone, for I always do the things that are pleasing to him.\u201d [30] As he was saying these things, many believed in him.\n\nThe Truth Will Set You Free\n\n  [31] So Jesus said to the Jews who had believed him, \u201cIf you abide in my word, you are truly my disciples, [32] and you will know the truth, and the truth will set you free.\u201d [33] They answered him, \u201cWe are offspring of Abraham and have never been enslaved to anyone. How is it that you say, \u2018You will become free\u2019?\u201d\n\n  [34] Jesus answered them, \u201cTruly, truly, I say to you, everyone who practices sin is a slave(2) to sin. [35] The slave does not remain in the house forever; the son remains forever. [36] So if the Son sets you free, you will be free indeed. [37] I know that you are offspring of Abraham; yet you seek to kill me because my word finds no place in you. [38] I speak of what I have seen with my Father, and you do what you have heard from your father.\u201d\n\nYou Are of Your Father the Devil\n\n  [39] They answered him, \u201cAbraham is our father.\u201d Jesus said to them, \u201cIf you were Abraham\u2019s children, you would be doing the works Abraham did, [40] but now you seek to kill me, a man who has told you the truth that I heard from God. This is not what Abraham did. [41] You are doing the works your father did.\u201d They said to him, \u201cWe were not born of sexual immorality. We have one Father\u2014even God.\u201d [42] Jesus said to them, \u201cIf God were your Father, you would love me, for I came from God and I am here. I came not of my own accord, but he sent me. [43] Why do you not understand what I say? It is because you cannot bear to hear my word. [44] You are of your father the devil, and your will is to do your father\u2019s desires. He was a murderer from the beginning, and does not stand in the truth, because there is no truth in him. When he lies, he speaks out of his own character, for he is a liar and the father of lies. [45] But because I tell the truth, you do not believe me. [46] Which one of you convicts me of sin? If I tell the truth, why do you not believe me? [47] Whoever is of God hears the words of God. The reason why you do not hear them is that you are not of God.\u201d\n\nBefore Abraham Was, I Am\n\n  [48] The Jews answered him, \u201cAre we not right in saying that you are a Samaritan and have a demon?\u201d [49] Jesus answered, \u201cI do not have a demon, but I honor my Father, and you dishonor me. [50] Yet I do not seek my own glory; there is One who seeks it, and he is the judge. [51] Truly, truly, I say to you, if anyone keeps my word, he will never see death.\u201d [52] The Jews said to him, \u201cNow we know that you have a demon! Abraham died, as did the prophets, yet you say, \u2018If anyone keeps my word, he will never taste death.\u2019 [53] Are you greater than our father Abraham, who died? And the prophets died! Who do you make yourself out to be?\u201d [54] Jesus answered, \u201cIf I glorify myself, my glory is nothing. It is my Father who glorifies me, of whom you say, \u2018He is our God.\u2019(3) [55] But you have not known him. I know him. If I were to say that I do not know him, I would be a liar like you, but I do know him and I keep his word. [56] Your father Abraham rejoiced that he would see my day. He saw it and was glad.\u201d [57] So the Jews said to him, \u201cYou are not yet fifty years old, and have you seen Abraham?\u201d(4) [58] Jesus said to them, \u201cTruly, truly, I say to you, before Abraham was, I am.\u201d [59] So they picked up stones to throw at him, but Jesus hid himself and went out of the temple.\n\nFootnotes\n\n(1) 8:16 Some manuscripts *he*\n\n(2) 8:34 For the contextual rendering of the Greek word *doulos*, see Preface; also verse 35\n\n(3) 8:54 Some manuscripts *your God*\n\n(4) 8:57 Some manuscripts *has Abraham seen you?*\n (ESV)"]}