{"query": "John 10", "canonical": "John 10", "parsed": [[43010001, 43010042]], "passage_meta": [{"canonical": "John 10", "chapter_start": [43010001, 43010042], "chapter_end": [43010001, 43010042], "prev_verse": 43009041, "next_verse": 43011001, "prev_chapter": [43009001, 43009041], "next_chapter": [43011001, 43011057]}], "passages": ["John 10\n\nI Am the Good Shepherd\n\n  [1] \u201cTruly, truly, I say to you, he who does not enter the sheepfold by the door but climbs in by another way, that man is a thief and a robber. [2] But he who enters by the door is the shepherd of the sheep. [3] To him the gatekeeper opens. The sheep hear his voice, and he calls his own sheep by name and leads them out. [4] When he has brought out all his own, he goes before them, and the sheep follow him, for they know his voice. [5] A stranger they will not follow, but they will flee from him, for they do not know the voice of strangers.\u201d [6] This figure of speech Jesus used with them, but they did not understand what he was saying to them.\n\n  [7] So Jesus again said to them, \u201cTruly, truly, I say to you, I am the door of the sheep. [8] All who came before me are thieves and robbers, but the sheep did not listen to them. [9] I am the door. If anyone enters by me, he will be saved and will go in and out and find pasture. [10] The thief comes only to steal and kill and destroy. I came that they may have life and have it abundantly. [11] I am the good shepherd. The good shepherd lays down his life for the sheep. [12] He who is a hired hand and not a shepherd, who does not own the sheep, sees the wolf coming and leaves the sheep and flees, and the wolf snatches them and scatters them. [13] He flees because he is a hired hand and cares nothing for the sheep. [14] I am the good shepherd. I know my own and my own know me, [15] just as the Father knows me and I know the Father; and I lay down my life for the sheep. [16] And I have other sheep that are not of this fold. I must bring them also, and they will listen to my voice. So there will be one flock, one shepherd. [17] For this reason the Father loves me, because I lay down my life that I may take it up again. [18] No one takes it from me, but I lay it down of my own accord. I have authority to lay it down, and I have authority to take it up again. This charge I have received from my Father.\u201d\n\n  [19] There was again a division among the Jews because of these words. [20] Many of them said, \u201cHe has a demon, and is insane; why listen to him?\u201d [21] Others said, \u201cThese are not the words of one who is oppressed by a demon. Can a demon open the eyes of the blind?\u201d\n\nI and the Father Are One\n\n  [22] At that time the Feast of Dedication took place at Jerusalem. It was winter, [23] and Jesus was walking in the temple, in the colonnade of Solomon. [24] So the Jews gathered around him and said to him, \u201cHow long will you keep us in suspense? If you are the Christ, tell us plainly.\u201d [25] Jesus answered them, \u201cI told you, and you do not believe. The works that I do in my Father\u2019s name bear witness about me, [26] but you do not believe because you are not among my sheep. [27] My sheep hear my voice, and I know them, and they follow me. [28] I give them eternal life, and they will never perish, and no one will snatch them out of my hand. [29] My Father, who has given them to me,(1) is greater than all, and no one is able to snatch them out of the Father\u2019s hand. [30] I and the Father are one.\u201d\n\n  [31] The Jews picked up stones again to stone him. [32] Jesus answered them, \u201cI have shown you many good works from the Father; for which of them are you going to stone me?\u201d [33] The Jews answered him, \u201cIt is not for a good work that we are going to stone you but for blasphemy, because you, being a man, make yourself God.\u201d [34] Jesus answered them, \u201cIs it not written in your Law, \u2018I said, you are gods\u2019? [35] If he called them gods to whom the word of God came\u2014and Scripture cannot be broken\u2014[36] do you say of him whom the Father consecrated and sent into the world, \u2018You are blaspheming,\u2019 because I said, \u2018I am the Son of God\u2019? [37] If I am not doing the works of my Father, then do not believe me; [38] but if I do them, even though you do not believe me, believe the works, that you may know and understand that the Father is in me and I am in the Father.\u201d [39] Again they sought to arrest him, but he escaped from their hands.\n\n  [40] He went away again across the Jordan to the place where John had been baptizing at first, and there he remained. [41] And many came to him. And they said, \u201cJohn did no sign, but everything that John said about this man was true.\u201d [42] And many believed in him there.\n\nFootnotes\n\n(1) 10:29 Some manuscripts *What my Father has given to me*\n (ESV)"]}