{"query": "John 11", "canonical": "John 11", "parsed": [[43011001, 43011057]], "passage_meta": [{"canonical": "John 11", "chapter_start": [43011001, 43011057], "chapter_end": [43011001, 43011057], "prev_verse": 43010042, "next_verse": 43012001, "prev_chapter": [43010001, 43010042], "next_chapter": [43012001, 43012050]}], "passages": ["John 11\n\nThe Death of Lazarus\n\n  [1] Now a certain man was ill, Lazarus of Bethany, the village of Mary and her sister Martha. [2] It was Mary who anointed the Lord with ointment and wiped his feet with her hair, whose brother Lazarus was ill. [3] So the sisters sent to him, saying, \u201cLord, he whom you love is ill.\u201d [4] But when Jesus heard it he said, \u201cThis illness does not lead to death. It is for the glory of God, so that the Son of God may be glorified through it.\u201d\n\n  [5] Now Jesus loved Martha and her sister and Lazarus. [6] So, when he heard that Lazarus(1) was ill, he stayed two days longer in the place where he was. [7] Then after this he said to the disciples, \u201cLet us go to Judea again.\u201d [8] The disciples said to him, \u201cRabbi, the Jews were just now seeking to stone you, and are you going there again?\u201d [9] Jesus answered, \u201cAre there not twelve hours in the day? If anyone walks in the day, he does not stumble, because he sees the light of this world. [10] But if anyone walks in the night, he stumbles, because the light is not in him.\u201d [11] After saying these things, he said to them, \u201cOur friend Lazarus has fallen asleep, but I go to awaken him.\u201d [12] The disciples said to him, \u201cLord, if he has fallen asleep, he will recover.\u201d [13] Now Jesus had spoken of his death, but they thought that he meant taking rest in sleep. [14] Then Jesus told them plainly, \u201cLazarus has died, [15] and for your sake I am glad that I was not there, so that you may believe. But let us go to him.\u201d [16] So Thomas, called the Twin,(2) said to his fellow disciples, \u201cLet us also go, that we may die with him.\u201d\n\nI Am the Resurrection and the Life\n\n  [17] Now when Jesus came, he found that Lazarus had already been in the tomb four days. [18] Bethany was near Jerusalem, about two miles(3) off, [19] and many of the Jews had come to Martha and Mary to console them concerning their brother. [20] So when Martha heard that Jesus was coming, she went and met him, but Mary remained seated in the house. [21] Martha said to Jesus, \u201cLord, if you had been here, my brother would not have died. [22] But even now I know that whatever you ask from God, God will give you.\u201d [23] Jesus said to her, \u201cYour brother will rise again.\u201d [24] Martha said to him, \u201cI know that he will rise again in the resurrection on the last day.\u201d [25] Jesus said to her, \u201cI am the resurrection and the life.(4) Whoever believes in me, though he die, yet shall he live, [26] and everyone who lives and believes in me shall never die. Do you believe this?\u201d [27] She said to him, \u201cYes, Lord; I believe that you are the Christ, the Son of God, who is coming into the world.\u201d\n\nJesus Weeps\n\n  [28] When she had said this, she went and called her sister Mary, saying in private, \u201cThe Teacher is here and is calling for you.\u201d [29] And when she heard it, she rose quickly and went to him. [30] Now Jesus had not yet come into the village, but was still in the place where Martha had met him. [31] When the Jews who were with her in the house, consoling her, saw Mary rise quickly and go out, they followed her, supposing that she was going to the tomb to weep there. [32] Now when Mary came to where Jesus was and saw him, she fell at his feet, saying to him, \u201cLord, if you had been here, my brother would not have died.\u201d [33] When Jesus saw her weeping, and the Jews who had come with her also weeping, he was deeply moved(5) in his spirit and greatly troubled. [34] And he said, \u201cWhere have you laid him?\u201d They said to him, \u201cLord, come and see.\u201d [35] Jesus wept. [36] So the Jews said, \u201cSee how he loved him!\u201d [37] But some of them said, \u201cCould not he who opened the eyes of the blind man also have kept this man from dying?\u201d\n\nJesus Raises Lazarus\n\n  [38] Then Jesus, deeply moved again, came to the tomb. It was a cave, and a stone lay against it. [39] Jesus said, \u201cTake away the stone.\u201d Martha, the sister of the dead man, said to him, \u201cLord, by this time there will be an odor, for he has been dead four days.\u201d [40] Jesus said to her, \u201cDid I not tell you that if you believed you would see the glory of God?\u201d [41] So they took away the stone. And Jesus lifted up his eyes and said, \u201cFather, I thank you that you have heard me. [42] I knew that you always hear me, but I said this on account of the people standing around, that they may believe that you sent me.\u201d [43] When he had said these things, he cried out with a loud voice, \u201cLazarus, come out.\u201d [44] The man who had died came out, his hands and feet bound with linen strips, and his face wrapped with a cloth. Jesus said to them, \u201cUnbind him, and let him go.\u201d\n\nThe Plot to Kill Jesus\n\n  [45] Many of the Jews therefore, who had come with Mary and had seen what he did, believed in him, [46] but some of them went to the Pharisees and told them what Jesus had done. [47] So the chief priests and the Pharisees gathered the council and said, \u201cWhat are we to do? For this man performs many signs. [48] If we let him go on like this, everyone will believe in him, and the Romans will come and take away both our place and our nation.\u201d [49] But one of them, Caiaphas, who was high priest that year, said to them, \u201cYou know nothing at all. [50] Nor do you understand that it is better for you that one man should die for the people, not that the whole nation should perish.\u201d [51] He did not say this of his own accord, but being high priest that year he prophesied that Jesus would die for the nation, [52] and not for the nation only, but also to gather into one the children of God who are scattered abroad. [53] So from that day on they made plans to put him to death.\n\n  [54] Jesus therefore no longer walked openly among the Jews, but went from there to the region near the wilderness, to a town called Ephraim, and there he stayed with the disciples.\n\n  [55] Now the Passover of the Jews was at hand, and many went up from the country to Jerusalem before the Passover to purify themselves. [56] They were looking for(6) Jesus and saying to one another as they stood in the temple, \u201cWhat do you think? That he will not come to the feast at all?\u201d [57] Now the chief priests and the Pharisees had given orders that if anyone knew where he was, he should let them know, so that they might arrest him.\n\nFootnotes\n\n(1) 11:6 Greek *he*; also verse 17\n\n(2) 11:16 Greek *Didymus*\n\n(3) 11:18 Greek *fifteen stadia*; a *stadion* was about 607 feet or 185 meters\n\n(4) 11:25 Some manuscripts omit *and the life*\n\n(5) 11:33 Or *was indignant*; also verse 38\n\n(6) 11:56 Greek *were seeking for*\n (ESV)"]}