{"query": "John 20", "canonical": "John 20", "parsed": [[43020001, 43020031]], "passage_meta": [{"canonical": "John 20", "chapter_start": [43020001, 43020031], "chapter_end": [43020001, 43020031], "prev_verse": 43019042, "next_verse": 43021001, "prev_chapter": [43019001, 43019042], "next_chapter": [43021001, 43021025]}], "passages": ["John 20\n\nThe Resurrection\n\n  [1] Now on the first day of the week Mary Magdalene came to the tomb early, while it was still dark, and saw that the stone had been taken away from the tomb. [2] So she ran and went to Simon Peter and the other disciple, the one whom Jesus loved, and said to them, \u201cThey have taken the Lord out of the tomb, and we do not know where they have laid him.\u201d [3] So Peter went out with the other disciple, and they were going toward the tomb. [4] Both of them were running together, but the other disciple outran Peter and reached the tomb first. [5] And stooping to look in, he saw the linen cloths lying there, but he did not go in. [6] Then Simon Peter came, following him, and went into the tomb. He saw the linen cloths lying there, [7] and the face cloth, which had been on Jesus\u2019(1) head, not lying with the linen cloths but folded up in a place by itself. [8] Then the other disciple, who had reached the tomb first, also went in, and he saw and believed; [9] for as yet they did not understand the Scripture, that he must rise from the dead. [10] Then the disciples went back to their homes.\n\nJesus Appears to Mary Magdalene\n\n  [11] But Mary stood weeping outside the tomb, and as she wept she stooped to look into the tomb. [12] And she saw two angels in white, sitting where the body of Jesus had lain, one at the head and one at the feet. [13] They said to her, \u201cWoman, why are you weeping?\u201d She said to them, \u201cThey have taken away my Lord, and I do not know where they have laid him.\u201d [14] Having said this, she turned around and saw Jesus standing, but she did not know that it was Jesus. [15] Jesus said to her, \u201cWoman, why are you weeping? Whom are you seeking?\u201d Supposing him to be the gardener, she said to him, \u201cSir, if you have carried him away, tell me where you have laid him, and I will take him away.\u201d [16] Jesus said to her, \u201cMary.\u201d She turned and said to him in Aramaic,(2) \u201cRabboni!\u201d (which means Teacher). [17] Jesus said to her, \u201cDo not cling to me, for I have not yet ascended to the Father; but go to my brothers and say to them, \u2018I am ascending to my Father and your Father, to my God and your God.\u2019\u201d [18] Mary Magdalene went and announced to the disciples, \u201cI have seen the Lord\u201d\u2014and that he had said these things to her.\n\nJesus Appears to the Disciples\n\n  [19] On the evening of that day, the first day of the week, the doors being locked where the disciples were for fear of the Jews,(3) Jesus came and stood among them and said to them, \u201cPeace be with you.\u201d [20] When he had said this, he showed them his hands and his side. Then the disciples were glad when they saw the Lord. [21] Jesus said to them again, \u201cPeace be with you. As the Father has sent me, even so I am sending you.\u201d [22] And when he had said this, he breathed on them and said to them, \u201cReceive the Holy Spirit. [23] If you forgive the sins of any, they are forgiven them; if you withhold forgiveness from any, it is withheld.\u201d\n\nJesus and Thomas\n\n  [24] Now Thomas, one of the twelve, called the Twin,(4) was not with them when Jesus came. [25] So the other disciples told him, \u201cWe have seen the Lord.\u201d But he said to them, \u201cUnless I see in his hands the mark of the nails, and place my finger into the mark of the nails, and place my hand into his side, I will never believe.\u201d\n\n  [26] Eight days later, his disciples were inside again, and Thomas was with them. Although the doors were locked, Jesus came and stood among them and said, \u201cPeace be with you.\u201d [27] Then he said to Thomas, \u201cPut your finger here, and see my hands; and put out your hand, and place it in my side. Do not disbelieve, but believe.\u201d [28] Thomas answered him, \u201cMy Lord and my God!\u201d [29] Jesus said to him, \u201cHave you believed because you have seen me? Blessed are those who have not seen and yet have believed.\u201d\n\nThe Purpose of This Book\n\n  [30] Now Jesus did many other signs in the presence of the disciples, which are not written in this book; [31] but these are written so that you may believe that Jesus is the Christ, the Son of God, and that by believing you may have life in his name.\n\nFootnotes\n\n(1) 20:7 Greek *his*\n\n(2) 20:16 Or *Hebrew*\n\n(3) 20:19 Greek *Ioudaioi* probably refers here to Jewish religious leaders, and others under their influence, in that time\n\n(4) 20:24 Greek *Didymus*\n (ESV)"]}