{"query": "Jude 1", "canonical": "Jude 1", "parsed": [[65001001, 65001001]], "passage_meta": [{"canonical": "Jude 1", "chapter_start": [65001001, 65001025], "chapter_end": [65001001, 65001025], "prev_verse": 64001015, "next_verse": 65001002, "prev_chapter": [64001001, 64001015], "next_chapter": [66001001, 66001020]}], "passages": ["Jude 1\n\nGreeting\n\n  [1] Jude, a servant(1) of Jesus Christ and brother of James,\n\n  To those who are called, beloved in God the Father and kept for(2) Jesus Christ:\n\nFootnotes\n\n(1) 1:1 For the contextual rendering of the Greek word *doulos*, see Preface\n\n(2) 1:1 Or *by*\n (ESV)"]}