{"query": "Luke 2", "canonical": "Luke 2", "parsed": [[42002001, 42002052]], "passage_meta": [{"canonical": "Luke 2", "chapter_start": [42002001, 42002052], "chapter_end": [42002001, 42002052], "prev_verse": 42001080, "next_verse": 42003001, "prev_chapter": [42001001, 42001080], "next_chapter": [42003001, 42003038]}], "passages": ["Luke 2\n\nThe Birth of Jesus Christ\n\n  [1] In those days a decree went out from Caesar Augustus that all the world should be registered. [2] This was the first registration when(1) Quirinius was governor of Syria. [3] And all went to be registered, each to his own town. [4] And Joseph also went up from Galilee, from the town of Nazareth, to Judea, to the city of David, which is called Bethlehem, because he was of the house and lineage of David, [5] to be registered with Mary, his betrothed,(2) who was with child. [6] And while they were there, the time came for her to give birth. [7] And she gave birth to her firstborn son and wrapped him in swaddling cloths and laid him in a manger, because there was no place for them in the inn.(3)\n\nThe Shepherds and the Angels\n\n  [8] And in the same region there were shepherds out in the field, keeping watch over their flock by night. [9] And an angel of the Lord appeared to them, and the glory of the Lord shone around them, and they were filled with great fear. [10] And the angel said to them, \u201cFear not, for behold, I bring you good news of great joy that will be for all the people. [11] For unto you is born this day in the city of David a Savior, who is Christ the Lord. [12] And this will be a sign for you: you will find a baby wrapped in swaddling cloths and lying in a manger.\u201d [13] And suddenly there was with the angel a multitude of the heavenly host praising God and saying,\n\n    [14] \u201cGlory to God in the highest,\n        and on earth peace among those with whom he is pleased!\u201d(4)\n    \n    \n      [15] When the angels went away from them into heaven, the shepherds said to one another, \u201cLet us go over to Bethlehem and see this thing that has happened, which the Lord has made known to us.\u201d [16] And they went with haste and found Mary and Joseph, and the baby lying in a manger. [17] And when they saw it, they made known the saying that had been told them concerning this child. [18] And all who heard it wondered at what the shepherds told them. [19] But Mary treasured up all these things, pondering them in her heart. [20] And the shepherds returned, glorifying and praising God for all they had heard and seen, as it had been told them.\n\n  [21] And at the end of eight days, when he was circumcised, he was called Jesus, the name given by the angel before he was conceived in the womb.\n\nJesus Presented at the Temple\n\n  [22] And when the time came for their purification according to the Law of Moses, they brought him up to Jerusalem to present him to the Lord [23] (as it is written in the Law of the Lord, \u201cEvery male who first opens the womb shall be called holy to the Lord\u201d) [24] and to offer a sacrifice according to what is said in the Law of the Lord, \u201ca pair of turtledoves, or two young pigeons.\u201d [25] Now there was a man in Jerusalem, whose name was Simeon, and this man was righteous and devout, waiting for the consolation of Israel, and the Holy Spirit was upon him. [26] And it had been revealed to him by the Holy Spirit that he would not see death before he had seen the Lord\u2019s Christ. [27] And he came in the Spirit into the temple, and when the parents brought in the child Jesus, to do for him according to the custom of the Law, [28] he took him up in his arms and blessed God and said,\n\n    [29] \u201cLord, now you are letting your servant(5) depart in peace,\n        according to your word;\n    [30] for my eyes have seen your salvation\n    [31]     that you have prepared in the presence of all peoples,\n    [32] a light for revelation to the Gentiles,\n        and for glory to your people Israel.\u201d\n    \n    \n      [33] And his father and his mother marveled at what was said about him. [34] And Simeon blessed them and said to Mary his mother, \u201cBehold, this child is appointed for the fall and rising of many in Israel, and for a sign that is opposed [35] (and a sword will pierce through your own soul also), so that thoughts from many hearts may be revealed.\u201d\n\n  [36] And there was a prophetess, Anna, the daughter of Phanuel, of the tribe of Asher. She was advanced in years, having lived with her husband seven years from when she was a virgin, [37] and then as a widow until she was eighty-four.(6) She did not depart from the temple, worshiping with fasting and prayer night and day. [38] And coming up at that very hour she began to give thanks to God and to speak of him to all who were waiting for the redemption of Jerusalem.\n\nThe Return to Nazareth\n\n  [39] And when they had performed everything according to the Law of the Lord, they returned into Galilee, to their own town of Nazareth. [40] And the child grew and became strong, filled with wisdom. And the favor of God was upon him.\n\nThe Boy Jesus in the Temple\n\n  [41] Now his parents went to Jerusalem every year at the Feast of the Passover. [42] And when he was twelve years old, they went up according to custom. [43] And when the feast was ended, as they were returning, the boy Jesus stayed behind in Jerusalem. His parents did not know it, [44] but supposing him to be in the group they went a day\u2019s journey, but then they began to search for him among their relatives and acquaintances, [45] and when they did not find him, they returned to Jerusalem, searching for him. [46] After three days they found him in the temple, sitting among the teachers, listening to them and asking them questions. [47] And all who heard him were amazed at his understanding and his answers. [48] And when his parents(7) saw him, they were astonished. And his mother said to him, \u201cSon, why have you treated us so? Behold, your father and I have been searching for you in great distress.\u201d [49] And he said to them, \u201cWhy were you looking for me? Did you not know that I must be in my Father\u2019s house?\u201d(8) [50] And they did not understand the saying that he spoke to them. [51] And he went down with them and came to Nazareth and was submissive to them. And his mother treasured up all these things in her heart.\n\n  [52] And Jesus increased in wisdom and in stature(9) and in favor with God and man.\n\nFootnotes\n\n(1) 2:2 Or *This was the registration before*\n\n(2) 2:5 That is, one legally pledged to be married\n\n(3) 2:7 Or *guest room*\n\n(4) 2:14 Some manuscripts *peace, good will among men*\n\n(5) 2:29 Or *bondservant*\n\n(6) 2:37 Or *as a widow for eighty-four years*\n\n(7) 2:48 Greek *they*\n\n(8) 2:49 Or *about my Father\u2019s business*\n\n(9) 2:52 Or *years*\n (ESV)"]}