{"query": "Luke 11", "canonical": "Luke 11", "parsed": [[42011001, 42011054]], "passage_meta": [{"canonical": "Luke 11", "chapter_start": [42011001, 42011054], "chapter_end": [42011001, 42011054], "prev_verse": 42010042, "next_verse": 42012001, "prev_chapter": [42010001, 42010042], "next_chapter": [42012001, 42012059]}], "passages": ["Luke 11\n\nThe Lord\u2019s Prayer\n\n  [1] Now Jesus(1) was praying in a certain place, and when he finished, one of his disciples said to him, \u201cLord, teach us to pray, as John taught his disciples.\u201d [2] And he said to them, \u201cWhen you pray, say:\n\n    \u201cFather, hallowed be your name.\n    Your kingdom come.\n    [3] Give us each day our daily bread,(2)\n    [4] and forgive us our sins,\n        for we ourselves forgive everyone who is indebted to us.\n    And lead us not into temptation.\u201d\n    \n    \n      [5] And he said to them, \u201cWhich of you who has a friend will go to him at midnight and say to him, \u2018Friend, lend me three loaves, [6] for a friend of mine has arrived on a journey, and I have nothing to set before him\u2019; [7] and he will answer from within, \u2018Do not bother me; the door is now shut, and my children are with me in bed. I cannot get up and give you anything\u2019? [8] I tell you, though he will not get up and give him anything because he is his friend, yet because of his impudence(3) he will rise and give him whatever he needs. [9] And I tell you, ask, and it will be given to you; seek, and you will find; knock, and it will be opened to you. [10] For everyone who asks receives, and the one who seeks finds, and to the one who knocks it will be opened. [11] What father among you, if his son asks for(4) a fish, will instead of a fish give him a serpent; [12] or if he asks for an egg, will give him a scorpion? [13] If you then, who are evil, know how to give good gifts to your children, how much more will the heavenly Father give the Holy Spirit to those who ask him!\u201d\n\nJesus and Beelzebul\n\n  [14] Now he was casting out a demon that was mute. When the demon had gone out, the mute man spoke, and the people marveled. [15] But some of them said, \u201cHe casts out demons by Beelzebul, the prince of demons,\u201d [16] while others, to test him, kept seeking from him a sign from heaven. [17] But he, knowing their thoughts, said to them, \u201cEvery kingdom divided against itself is laid waste, and a divided household falls. [18] And if Satan also is divided against himself, how will his kingdom stand? For you say that I cast out demons by Beelzebul. [19] And if I cast out demons by Beelzebul, by whom do your sons cast them out? Therefore they will be your judges. [20] But if it is by the finger of God that I cast out demons, then the kingdom of God has come upon you. [21] When a strong man, fully armed, guards his own palace, his goods are safe; [22] but when one stronger than he attacks him and overcomes him, he takes away his armor in which he trusted and divides his spoil. [23] Whoever is not with me is against me, and whoever does not gather with me scatters.\n\nReturn of an Unclean Spirit\n\n  [24] \u201cWhen the unclean spirit has gone out of a person, it passes through waterless places seeking rest, and finding none it says, \u2018I will return to my house from which I came.\u2019 [25] And when it comes, it finds the house swept and put in order. [26] Then it goes and brings seven other spirits more evil than itself, and they enter and dwell there. And the last state of that person is worse than the first.\u201d\n\nTrue Blessedness\n\n  [27] As he said these things, a woman in the crowd raised her voice and said to him, \u201cBlessed is the womb that bore you, and the breasts at which you nursed!\u201d [28] But he said, \u201cBlessed rather are those who hear the word of God and keep it!\u201d\n\nThe Sign of Jonah\n\n  [29] When the crowds were increasing, he began to say, \u201cThis generation is an evil generation. It seeks for a sign, but no sign will be given to it except the sign of Jonah. [30] For as Jonah became a sign to the people of Nineveh, so will the Son of Man be to this generation. [31] The queen of the South will rise up at the judgment with the men of this generation and condemn them, for she came from the ends of the earth to hear the wisdom of Solomon, and behold, something greater than Solomon is here. [32] The men of Nineveh will rise up at the judgment with this generation and condemn it, for they repented at the preaching of Jonah, and behold, something greater than Jonah is here.\n\nThe Light in You\n\n  [33] \u201cNo one after lighting a lamp puts it in a cellar or under a basket, but on a stand, so that those who enter may see the light. [34] Your eye is the lamp of your body. When your eye is healthy, your whole body is full of light, but when it is bad, your body is full of darkness. [35] Therefore be careful lest the light in you be darkness. [36] If then your whole body is full of light, having no part dark, it will be wholly bright, as when a lamp with its rays gives you light.\u201d\n\nWoes to the Pharisees and Lawyers\n\n  [37] While Jesus(5) was speaking, a Pharisee asked him to dine with him, so he went in and reclined at table. [38] The Pharisee was astonished to see that he did not first wash before dinner. [39] And the Lord said to him, \u201cNow you Pharisees cleanse the outside of the cup and of the dish, but inside you are full of greed and wickedness. [40] You fools! Did not he who made the outside make the inside also? [41] But give as alms those things that are within, and behold, everything is clean for you.\n\n  [42] \u201cBut woe to you Pharisees! For you tithe mint and rue and every herb, and neglect justice and the love of God. These you ought to have done, without neglecting the others. [43] Woe to you Pharisees! For you love the best seat in the synagogues and greetings in the marketplaces. [44] Woe to you! For you are like unmarked graves, and people walk over them without knowing it.\u201d\n\n  [45] One of the lawyers answered him, \u201cTeacher, in saying these things you insult us also.\u201d [46] And he said, \u201cWoe to you lawyers also! For you load people with burdens hard to bear, and you yourselves do not touch the burdens with one of your fingers. [47] Woe to you! For you build the tombs of the prophets whom your fathers killed. [48] So you are witnesses and you consent to the deeds of your fathers, for they killed them, and you build their tombs. [49] Therefore also the Wisdom of God said, \u2018I will send them prophets and apostles, some of whom they will kill and persecute,\u2019 [50] so that the blood of all the prophets, shed from the foundation of the world, may be charged against this generation, [51] from the blood of Abel to the blood of Zechariah, who perished between the altar and the sanctuary. Yes, I tell you, it will be required of this generation. [52] Woe to you lawyers! For you have taken away the key of knowledge. You did not enter yourselves, and you hindered those who were entering.\u201d\n\n  [53] As he went away from there, the scribes and the Pharisees began to press him hard and to provoke him to speak about many things, [54] lying in wait for him, to catch him in something he might say.\n\nFootnotes\n\n(1) 11:1 Greek *he*\n\n(2) 11:3 Or *our bread for tomorrow*\n\n(3) 11:8 Or *persistence*\n\n(4) 11:11 Some manuscripts insert *bread, will give him a stone; or if he asks for*\n\n(5) 11:37 Greek *he*\n (ESV)"]}