{"query": "Luke 15", "canonical": "Luke 15", "parsed": [[42015001, 42015032]], "passage_meta": [{"canonical": "Luke 15", "chapter_start": [42015001, 42015032], "chapter_end": [42015001, 42015032], "prev_verse": 42014035, "next_verse": 42016001, "prev_chapter": [42014001, 42014035], "next_chapter": [42016001, 42016031]}], "passages": ["Luke 15\n\nThe Parable of the Lost Sheep\n\n  [1] Now the tax collectors and sinners were all drawing near to hear him. [2] And the Pharisees and the scribes grumbled, saying, \u201cThis man receives sinners and eats with them.\u201d\n\n  [3] So he told them this parable: [4] \u201cWhat man of you, having a hundred sheep, if he has lost one of them, does not leave the ninety-nine in the open country, and go after the one that is lost, until he finds it? [5] And when he has found it, he lays it on his shoulders, rejoicing. [6] And when he comes home, he calls together his friends and his neighbors, saying to them, \u2018Rejoice with me, for I have found my sheep that was lost.\u2019 [7] Just so, I tell you, there will be more joy in heaven over one sinner who repents than over ninety-nine righteous persons who need no repentance.\n\nThe Parable of the Lost Coin\n\n  [8] \u201cOr what woman, having ten silver coins,(1) if she loses one coin, does not light a lamp and sweep the house and seek diligently until she finds it? [9] And when she has found it, she calls together her friends and neighbors, saying, \u2018Rejoice with me, for I have found the coin that I had lost.\u2019 [10] Just so, I tell you, there is joy before the angels of God over one sinner who repents.\u201d\n\nThe Parable of the Prodigal Son\n\n  [11] And he said, \u201cThere was a man who had two sons. [12] And the younger of them said to his father, \u2018Father, give me the share of property that is coming to me.\u2019 And he divided his property between them. [13] Not many days later, the younger son gathered all he had and took a journey into a far country, and there he squandered his property in reckless living. [14] And when he had spent everything, a severe famine arose in that country, and he began to be in need. [15] So he went and hired himself out to(2) one of the citizens of that country, who sent him into his fields to feed pigs. [16] And he was longing to be fed with the pods that the pigs ate, and no one gave him anything.\n\n  [17] \u201cBut when he came to himself, he said, \u2018How many of my father\u2019s hired servants have more than enough bread, but I perish here with hunger! [18] I will arise and go to my father, and I will say to him, \u201cFather, I have sinned against heaven and before you. [19] I am no longer worthy to be called your son. Treat me as one of your hired servants.\u201d\u2019 [20] And he arose and came to his father. But while he was still a long way off, his father saw him and felt compassion, and ran and embraced him and kissed him. [21] And the son said to him, \u2018Father, I have sinned against heaven and before you. I am no longer worthy to be called your son.\u2019(3) [22] But the father said to his servants,(4) \u2018Bring quickly the best robe, and put it on him, and put a ring on his hand, and shoes on his feet. [23] And bring the fattened calf and kill it, and let us eat and celebrate. [24] For this my son was dead, and is alive again; he was lost, and is found.\u2019 And they began to celebrate.\n\n  [25] \u201cNow his older son was in the field, and as he came and drew near to the house, he heard music and dancing. [26] And he called one of the servants and asked what these things meant. [27] And he said to him, \u2018Your brother has come, and your father has killed the fattened calf, because he has received him back safe and sound.\u2019 [28] But he was angry and refused to go in. His father came out and entreated him, [29] but he answered his father, \u2018Look, these many years I have served you, and I never disobeyed your command, yet you never gave me a young goat, that I might celebrate with my friends. [30] But when this son of yours came, who has devoured your property with prostitutes, you killed the fattened calf for him!\u2019 [31] And he said to him, \u2018Son, you are always with me, and all that is mine is yours. [32] It was fitting to celebrate and be glad, for this your brother was dead, and is alive; he was lost, and is found.\u2019\u201d\n\nFootnotes\n\n(1) 15:8 Greek *ten drachmas*; a *drachma* was a Greek coin approximately equal in value to a Roman *denarius*, worth about a day\u2019s wage for a laborer\n\n(2) 15:15 Greek *joined himself to*\n\n(3) 15:21 Some manuscripts add *treat me as one of your hired servants*\n\n(4) 15:22 Or *bondservants*\n (ESV)"]}