{"query": "Luke 12", "canonical": "Luke 12", "parsed": [[42012001, 42012059]], "passage_meta": [{"canonical": "Luke 12", "chapter_start": [42012001, 42012059], "chapter_end": [42012001, 42012059], "prev_verse": 42011054, "next_verse": 42013001, "prev_chapter": [42011001, 42011054], "next_chapter": [42013001, 42013035]}], "passages": ["Luke 12\n\nBeware of the Leaven of the Pharisees\n\n  [1] In the meantime, when so many thousands of the people had gathered together that they were trampling one another, he began to say to his disciples first, \u201cBeware of the leaven of the Pharisees, which is hypocrisy. [2] Nothing is covered up that will not be revealed, or hidden that will not be known. [3] Therefore whatever you have said in the dark shall be heard in the light, and what you have whispered in private rooms shall be proclaimed on the housetops.\n\nHave No Fear\n\n  [4] \u201cI tell you, my friends, do not fear those who kill the body, and after that have nothing more that they can do. [5] But I will warn you whom to fear: fear him who, after he has killed, has authority to cast into hell.(1) Yes, I tell you, fear him! [6] Are not five sparrows sold for two pennies?(2) And not one of them is forgotten before God. [7] Why, even the hairs of your head are all numbered. Fear not; you are of more value than many sparrows.\n\nAcknowledge Christ Before Men\n\n  [8] \u201cAnd I tell you, everyone who acknowledges me before men, the Son of Man also will acknowledge before the angels of God, [9] but the one who denies me before men will be denied before the angels of God. [10] And everyone who speaks a word against the Son of Man will be forgiven, but the one who blasphemes against the Holy Spirit will not be forgiven. [11] And when they bring you before the synagogues and the rulers and the authorities, do not be anxious about how you should defend yourself or what you should say, [12] for the Holy Spirit will teach you in that very hour what you ought to say.\u201d\n\nThe Parable of the Rich Fool\n\n  [13] Someone in the crowd said to him, \u201cTeacher, tell my brother to divide the inheritance with me.\u201d [14] But he said to him, \u201cMan, who made me a judge or arbitrator over you?\u201d [15] And he said to them, \u201cTake care, and be on your guard against all covetousness, for one\u2019s life does not consist in the abundance of his possessions.\u201d [16] And he told them a parable, saying, \u201cThe land of a rich man produced plentifully, [17] and he thought to himself, \u2018What shall I do, for I have nowhere to store my crops?\u2019 [18] And he said, \u2018I will do this: I will tear down my barns and build larger ones, and there I will store all my grain and my goods. [19] And I will say to my soul, \u201cSoul, you have ample goods laid up for many years; relax, eat, drink, be merry.\u201d\u2019 [20] But God said to him, \u2018Fool! This night your soul is required of you, and the things you have prepared, whose will they be?\u2019 [21] So is the one who lays up treasure for himself and is not rich toward God.\u201d\n\nDo Not Be Anxious\n\n  [22] And he said to his disciples, \u201cTherefore I tell you, do not be anxious about your life, what you will eat, nor about your body, what you will put on. [23] For life is more than food, and the body more than clothing. [24] Consider the ravens: they neither sow nor reap, they have neither storehouse nor barn, and yet God feeds them. Of how much more value are you than the birds! [25] And which of you by being anxious can add a single hour to his span of life?(3) [26] If then you are not able to do as small a thing as that, why are you anxious about the rest? [27] Consider the lilies, how they grow: they neither toil nor spin,(4) yet I tell you, even Solomon in all his glory was not arrayed like one of these. [28] But if God so clothes the grass, which is alive in the field today, and tomorrow is thrown into the oven, how much more will he clothe you, O you of little faith! [29] And do not seek what you are to eat and what you are to drink, nor be worried. [30] For all the nations of the world seek after these things, and your Father knows that you need them. [31] Instead, seek his(5) kingdom, and these things will be added to you.\n\n  [32] \u201cFear not, little flock, for it is your Father\u2019s good pleasure to give you the kingdom. [33] Sell your possessions, and give to the needy. Provide yourselves with moneybags that do not grow old, with a treasure in the heavens that does not fail, where no thief approaches and no moth destroys. [34] For where your treasure is, there will your heart be also.\n\nYou Must Be Ready\n\n  [35] \u201cStay dressed for action(6) and keep your lamps burning, [36] and be like men who are waiting for their master to come home from the wedding feast, so that they may open the door to him at once when he comes and knocks. [37] Blessed are those servants(7) whom the master finds awake when he comes. Truly, I say to you, he will dress himself for service and have them recline at table, and he will come and serve them. [38] If he comes in the second watch, or in the third, and finds them awake, blessed are those servants! [39] But know this, that if the master of the house had known at what hour the thief was coming, he(8) would not have left his house to be broken into. [40] You also must be ready, for the Son of Man is coming at an hour you do not expect.\u201d\n\n  [41] Peter said, \u201cLord, are you telling this parable for us or for all?\u201d [42] And the Lord said, \u201cWho then is the faithful and wise manager, whom his master will set over his household, to give them their portion of food at the proper time? [43] Blessed is that servant(9) whom his master will find so doing when he comes. [44] Truly, I say to you, he will set him over all his possessions. [45] But if that servant says to himself, \u2018My master is delayed in coming,\u2019 and begins to beat the male and female servants, and to eat and drink and get drunk, [46] the master of that servant will come on a day when he does not expect him and at an hour he does not know, and will cut him in pieces and put him with the unfaithful. [47] And that servant who knew his master\u2019s will but did not get ready or act according to his will, will receive a severe beating. [48] But the one who did not know, and did what deserved a beating, will receive a light beating. Everyone to whom much was given, of him much will be required, and from him to whom they entrusted much, they will demand the more.\n\nNot Peace, but Division\n\n  [49] \u201cI came to cast fire on the earth, and would that it were already kindled! [50] I have a baptism to be baptized with, and how great is my distress until it is accomplished! [51] Do you think that I have come to give peace on earth? No, I tell you, but rather division. [52] For from now on in one house there will be five divided, three against two and two against three. [53] They will be divided, father against son and son against father, mother against daughter and daughter against mother, mother-in-law against her daughter-in-law and daughter-in-law against mother-in-law.\u201d\n\nInterpreting the Time\n\n  [54] He also said to the crowds, \u201cWhen you see a cloud rising in the west, you say at once, \u2018A shower is coming.\u2019 And so it happens. [55] And when you see the south wind blowing, you say, \u2018There will be scorching heat,\u2019 and it happens. [56] You hypocrites! You know how to interpret the appearance of earth and sky, but why do you not know how to interpret the present time?\n\nSettle with Your Accuser\n\n  [57] \u201cAnd why do you not judge for yourselves what is right? [58] As you go with your accuser before the magistrate, make an effort to settle with him on the way, lest he drag you to the judge, and the judge hand you over to the officer, and the officer put you in prison. [59] I tell you, you will never get out until you have paid the very last penny.\u201d(10)\n\nFootnotes\n\n(1) 12:5 Greek *Gehenna*\n\n(2) 12:6 Greek *two assaria*; an *assarion* was a Roman copper coin worth about 1/16 of a *denarius* (which was a day\u2019s wage for a laborer)\n\n(3) 12:25 Or *a single cubit to his stature*; a *cubit* was about 18 inches or 45 centimeters\n\n(4) 12:27 Some manuscripts *Consider the lilies; they neither spin nor weave*\n\n(5) 12:31 Some manuscripts *God\u2019s*\n\n(6) 12:35 Greek *Let your loins stay girded*; compare Exodus 12:11\n\n(7) 12:37 Or *bondservants*\n\n(8) 12:39 Some manuscripts add *would have stayed awake and*\n\n(9) 12:43 Or *bondservant*; also verses 45, 46, 47\n\n(10) 12:59 Greek *lepton*, a Jewish bronze or copper coin worth about 1/128 of a *denarius* (which was a day\u2019s wage for a laborer)\n (ESV)"]}