{"query": "Luke 14", "canonical": "Luke 14", "parsed": [[42014001, 42014035]], "passage_meta": [{"canonical": "Luke 14", "chapter_start": [42014001, 42014035], "chapter_end": [42014001, 42014035], "prev_verse": 42013035, "next_verse": 42015001, "prev_chapter": [42013001, 42013035], "next_chapter": [42015001, 42015032]}], "passages": ["Luke 14\n\nHealing of a Man on the Sabbath\n\n  [1] One Sabbath, when he went to dine at the house of a ruler of the Pharisees, they were watching him carefully. [2] And behold, there was a man before him who had dropsy. [3] And Jesus responded to the lawyers and Pharisees, saying, \u201cIs it lawful to heal on the Sabbath, or not?\u201d [4] But they remained silent. Then he took him and healed him and sent him away. [5] And he said to them, \u201cWhich of you, having a son(1) or an ox that has fallen into a well on a Sabbath day, will not immediately pull him out?\u201d [6] And they could not reply to these things.\n\nThe Parable of the Wedding Feast\n\n  [7] Now he told a parable to those who were invited, when he noticed how they chose the places of honor, saying to them, [8] \u201cWhen you are invited by someone to a wedding feast, do not sit down in a place of honor, lest someone more distinguished than you be invited by him, [9] and he who invited you both will come and say to you, \u2018Give your place to this person,\u2019 and then you will begin with shame to take the lowest place. [10] But when you are invited, go and sit in the lowest place, so that when your host comes he may say to you, \u2018Friend, move up higher.\u2019 Then you will be honored in the presence of all who sit at table with you. [11] For everyone who exalts himself will be humbled, and he who humbles himself will be exalted.\u201d\n\nThe Parable of the Great Banquet\n\n  [12] He said also to the man who had invited him, \u201cWhen you give a dinner or a banquet, do not invite your friends or your brothers(2) or your relatives or rich neighbors, lest they also invite you in return and you be repaid. [13] But when you give a feast, invite the poor, the crippled, the lame, the blind, [14] and you will be blessed, because they cannot repay you. For you will be repaid at the resurrection of the just.\u201d\n\n  [15] When one of those who reclined at table with him heard these things, he said to him, \u201cBlessed is everyone who will eat bread in the kingdom of God!\u201d [16] But he said to him, \u201cA man once gave a great banquet and invited many. [17] And at the time for the banquet he sent his servant(3) to say to those who had been invited, \u2018Come, for everything is now ready.\u2019 [18] But they all alike began to make excuses. The first said to him, \u2018I have bought a field, and I must go out and see it. Please have me excused.\u2019 [19] And another said, \u2018I have bought five yoke of oxen, and I go to examine them. Please have me excused.\u2019 [20] And another said, \u2018I have married a wife, and therefore I cannot come.\u2019 [21] So the servant came and reported these things to his master. Then the master of the house became angry and said to his servant, \u2018Go out quickly to the streets and lanes of the city, and bring in the poor and crippled and blind and lame.\u2019 [22] And the servant said, \u2018Sir, what you commanded has been done, and still there is room.\u2019 [23] And the master said to the servant, \u2018Go out to the highways and hedges and compel people to come in, that my house may be filled. [24] For I tell you,(4) none of those men who were invited shall taste my banquet.\u2019\u201d\n\nThe Cost of Discipleship\n\n  [25] Now great crowds accompanied him, and he turned and said to them, [26] \u201cIf anyone comes to me and does not hate his own father and mother and wife and children and brothers and sisters, yes, and even his own life, he cannot be my disciple. [27] Whoever does not bear his own cross and come after me cannot be my disciple. [28] For which of you, desiring to build a tower, does not first sit down and count the cost, whether he has enough to complete it? [29] Otherwise, when he has laid a foundation and is not able to finish, all who see it begin to mock him, [30] saying, \u2018This man began to build and was not able to finish.\u2019 [31] Or what king, going out to encounter another king in war, will not sit down first and deliberate whether he is able with ten thousand to meet him who comes against him with twenty thousand? [32] And if not, while the other is yet a great way off, he sends a delegation and asks for terms of peace. [33] So therefore, any one of you who does not renounce all that he has cannot be my disciple.\n\nSalt Without Taste Is Worthless\n\n  [34] \u201cSalt is good, but if salt has lost its taste, how shall its saltiness be restored? [35] It is of no use either for the soil or for the manure pile. It is thrown away. He who has ears to hear, let him hear.\u201d\n\nFootnotes\n\n(1) 14:5 Some manuscripts *a donkey*\n\n(2) 14:12 Or *your brothers and sisters*\n\n(3) 14:17 Or *bondservant*; also verses 21 (twice), 22, 23\n\n(4) 14:24 The Greek word for *you* here is plural\n (ESV)"]}