{"query": "Luke 6", "canonical": "Luke 6", "parsed": [[42006001, 42006049]], "passage_meta": [{"canonical": "Luke 6", "chapter_start": [42006001, 42006049], "chapter_end": [42006001, 42006049], "prev_verse": 42005039, "next_verse": 42007001, "prev_chapter": [42005001, 42005039], "next_chapter": [42007001, 42007050]}], "passages": ["Luke 6\n\nJesus Is Lord of the Sabbath\n\n  [1] On a Sabbath,(1) while he was going through the grainfields, his disciples plucked and ate some heads of grain, rubbing them in their hands. [2] But some of the Pharisees said, \u201cWhy are you doing what is not lawful to do on the Sabbath?\u201d [3] And Jesus answered them, \u201cHave you not read what David did when he was hungry, he and those who were with him: [4] how he entered the house of God and took and ate the bread of the Presence, which is not lawful for any but the priests to eat, and also gave it to those with him?\u201d [5] And he said to them, \u201cThe Son of Man is lord of the Sabbath.\u201d\n\nA Man with a Withered Hand\n\n  [6] On another Sabbath, he entered the synagogue and was teaching, and a man was there whose right hand was withered. [7] And the scribes and the Pharisees watched him, to see whether he would heal on the Sabbath, so that they might find a reason to accuse him. [8] But he knew their thoughts, and he said to the man with the withered hand, \u201cCome and stand here.\u201d And he rose and stood there. [9] And Jesus said to them, \u201cI ask you, is it lawful on the Sabbath to do good or to do harm, to save life or to destroy it?\u201d [10] And after looking around at them all he said to him, \u201cStretch out your hand.\u201d And he did so, and his hand was restored. [11] But they were filled with fury and discussed with one another what they might do to Jesus.\n\nThe Twelve Apostles\n\n  [12] In these days he went out to the mountain to pray, and all night he continued in prayer to God. [13] And when day came, he called his disciples and chose from them twelve, whom he named apostles: [14] Simon, whom he named Peter, and Andrew his brother, and James and John, and Philip, and Bartholomew, [15] and Matthew, and Thomas, and James the son of Alphaeus, and Simon who was called the Zealot, [16] and Judas the son of James, and Judas Iscariot, who became a traitor.\n\nJesus Ministers to a Great Multitude\n\n  [17] And he came down with them and stood on a level place, with a great crowd of his disciples and a great multitude of people from all Judea and Jerusalem and the seacoast of Tyre and Sidon, [18] who came to hear him and to be healed of their diseases. And those who were troubled with unclean spirits were cured. [19] And all the crowd sought to touch him, for power came out from him and healed them all.\n\nThe Beatitudes\n\n  [20] And he lifted up his eyes on his disciples, and said:\n\n  \u201cBlessed are you who are poor, for yours is the kingdom of God.\n\n  [21] \u201cBlessed are you who are hungry now, for you shall be satisfied.\n\n  \u201cBlessed are you who weep now, for you shall laugh.\n\n  [22] \u201cBlessed are you when people hate you and when they exclude you and revile you and spurn your name as evil, on account of the Son of Man! [23] Rejoice in that day, and leap for joy, for behold, your reward is great in heaven; for so their fathers did to the prophets.\n\nJesus Pronounces Woes\n\n  [24] \u201cBut woe to you who are rich, for you have received your consolation.\n\n  [25] \u201cWoe to you who are full now, for you shall be hungry.\n\n  \u201cWoe to you who laugh now, for you shall mourn and weep.\n\n  [26] \u201cWoe to you, when all people speak well of you, for so their fathers did to the false prophets.\n\nLove Your Enemies\n\n  [27] \u201cBut I say to you who hear, Love your enemies, do good to those who hate you, [28] bless those who curse you, pray for those who abuse you. [29] To one who strikes you on the cheek, offer the other also, and from one who takes away your cloak do not withhold your tunic(2) either. [30] Give to everyone who begs from you, and from one who takes away your goods do not demand them back. [31] And as you wish that others would do to you, do so to them.\n\n  [32] \u201cIf you love those who love you, what benefit is that to you? For even sinners love those who love them. [33] And if you do good to those who do good to you, what benefit is that to you? For even sinners do the same. [34] And if you lend to those from whom you expect to receive, what credit is that to you? Even sinners lend to sinners, to get back the same amount. [35] But love your enemies, and do good, and lend, expecting nothing in return, and your reward will be great, and you will be sons of the Most High, for he is kind to the ungrateful and the evil. [36] Be merciful, even as your Father is merciful.\n\nJudging Others\n\n  [37] \u201cJudge not, and you will not be judged; condemn not, and you will not be condemned; forgive, and you will be forgiven; [38] give, and it will be given to you. Good measure, pressed down, shaken together, running over, will be put into your lap. For with the measure you use it will be measured back to you.\u201d\n\n  [39] He also told them a parable: \u201cCan a blind man lead a blind man? Will they not both fall into a pit? [40] A disciple is not above his teacher, but everyone when he is fully trained will be like his teacher. [41] Why do you see the speck that is in your brother\u2019s eye, but do not notice the log that is in your own eye? [42] How can you say to your brother, \u2018Brother, let me take out the speck that is in your eye,\u2019 when you yourself do not see the log that is in your own eye? You hypocrite, first take the log out of your own eye, and then you will see clearly to take out the speck that is in your brother\u2019s eye.\n\nA Tree and Its Fruit\n\n  [43] \u201cFor no good tree bears bad fruit, nor again does a bad tree bear good fruit, [44] for each tree is known by its own fruit. For figs are not gathered from thornbushes, nor are grapes picked from a bramble bush. [45] The good person out of the good treasure of his heart produces good, and the evil person out of his evil treasure produces evil, for out of the abundance of the heart his mouth speaks.\n\nBuild Your House on the Rock\n\n  [46] \u201cWhy do you call me \u2018Lord, Lord,\u2019 and not do what I tell you? [47] Everyone who comes to me and hears my words and does them, I will show you what he is like: [48] he is like a man building a house, who dug deep and laid the foundation on the rock. And when a flood arose, the stream broke against that house and could not shake it, because it had been well built.(3) [49] But the one who hears and does not do them is like a man who built a house on the ground without a foundation. When the stream broke against it, immediately it fell, and the ruin of that house was great.\u201d\n\nFootnotes\n\n(1) 6:1 Some manuscripts *On the second first Sabbath* (that is, on the second Sabbath after the first)\n\n(2) 6:29 Greek *chiton*, a long garment worn under the cloak next to the skin\n\n(3) 6:48 Some manuscripts *founded upon the rock*\n (ESV)"]}