{"query": "Luke 20", "canonical": "Luke 20", "parsed": [[42020001, 42020047]], "passage_meta": [{"canonical": "Luke 20", "chapter_start": [42020001, 42020047], "chapter_end": [42020001, 42020047], "prev_verse": 42019048, "next_verse": 42021001, "prev_chapter": [42019001, 42019048], "next_chapter": [42021001, 42021038]}], "passages": ["Luke 20\n\nThe Authority of Jesus Challenged\n\n  [1] One day, as Jesus(1) was teaching the people in the temple and preaching the gospel, the chief priests and the scribes with the elders came up [2] and said to him, \u201cTell us by what authority you do these things, or who it is that gave you this authority.\u201d [3] He answered them, \u201cI also will ask you a question. Now tell me, [4] was the baptism of John from heaven or from man?\u201d [5] And they discussed it with one another, saying, \u201cIf we say, \u2018From heaven,\u2019 he will say, \u2018Why did you not believe him?\u2019 [6] But if we say, \u2018From man,\u2019 all the people will stone us to death, for they are convinced that John was a prophet.\u201d [7] So they answered that they did not know where it came from. [8] And Jesus said to them, \u201cNeither will I tell you by what authority I do these things.\u201d\n\nThe Parable of the Wicked Tenants\n\n  [9] And he began to tell the people this parable: \u201cA man planted a vineyard and let it out to tenants and went into another country for a long while. [10] When the time came, he sent a servant(2) to the tenants, so that they would give him some of the fruit of the vineyard. But the tenants beat him and sent him away empty-handed. [11] And he sent another servant. But they also beat and treated him shamefully, and sent him away empty-handed. [12] And he sent yet a third. This one also they wounded and cast out. [13] Then the owner of the vineyard said, \u2018What shall I do? I will send my beloved son; perhaps they will respect him.\u2019 [14] But when the tenants saw him, they said to themselves, \u2018This is the heir. Let us kill him, so that the inheritance may be ours.\u2019 [15] And they threw him out of the vineyard and killed him. What then will the owner of the vineyard do to them? [16] He will come and destroy those tenants and give the vineyard to others.\u201d When they heard this, they said, \u201cSurely not!\u201d [17] But he looked directly at them and said, \u201cWhat then is this that is written:\n\n    \u201c\u2018The stone that the builders rejected\n        has become the cornerstone\u2019?(3)\n    \n    \n      [18] Everyone who falls on that stone will be broken to pieces, and when it falls on anyone, it will crush him.\u201d\n\nPaying Taxes to Caesar\n\n  [19] The scribes and the chief priests sought to lay hands on him at that very hour, for they perceived that he had told this parable against them, but they feared the people. [20] So they watched him and sent spies, who pretended to be sincere, that they might catch him in something he said, so as to deliver him up to the authority and jurisdiction of the governor. [21] So they asked him, \u201cTeacher, we know that you speak and teach rightly, and show no partiality,(4) but truly teach the way of God. [22] Is it lawful for us to give tribute to Caesar, or not?\u201d [23] But he perceived their craftiness, and said to them, [24] \u201cShow me a denarius.(5) Whose likeness and inscription does it have?\u201d They said, \u201cCaesar\u2019s.\u201d [25] He said to them, \u201cThen render to Caesar the things that are Caesar\u2019s, and to God the things that are God\u2019s.\u201d [26] And they were not able in the presence of the people to catch him in what he said, but marveling at his answer they became silent.\n\nSadducees Ask About the Resurrection\n\n  [27] There came to him some Sadducees, those who deny that there is a resurrection, [28] and they asked him a question, saying, \u201cTeacher, Moses wrote for us that if a man\u2019s brother dies, having a wife but no children, the man(6) must take the widow and raise up offspring for his brother. [29] Now there were seven brothers. The first took a wife, and died without children. [30] And the second [31] and the third took her, and likewise all seven left no children and died. [32] Afterward the woman also died. [33] In the resurrection, therefore, whose wife will the woman be? For the seven had her as wife.\u201d\n\n  [34] And Jesus said to them, \u201cThe sons of this age marry and are given in marriage, [35] but those who are considered worthy to attain to that age and to the resurrection from the dead neither marry nor are given in marriage, [36] for they cannot die anymore, because they are equal to angels and are sons of God, being sons(7) of the resurrection. [37] But that the dead are raised, even Moses showed, in the passage about the bush, where he calls the Lord the God of Abraham and the God of Isaac and the God of Jacob. [38] Now he is not God of the dead, but of the living, for all live to him.\u201d [39] Then some of the scribes answered, \u201cTeacher, you have spoken well.\u201d [40] For they no longer dared to ask him any question.\n\nWhose Son Is the Christ?\n\n  [41] But he said to them, \u201cHow can they say that the Christ is David\u2019s son? [42] For David himself says in the Book of Psalms,\n\n    \u201c\u2018The Lord said to my Lord,\n    \u201cSit at my right hand,\n    [43]     until I make your enemies your footstool.\u201d\u2019\n    \n    \n      [44] David thus calls him Lord, so how is he his son?\u201d\n\nBeware of the Scribes\n\n  [45] And in the hearing of all the people he said to his disciples, [46] \u201cBeware of the scribes, who like to walk around in long robes, and love greetings in the marketplaces and the best seats in the synagogues and the places of honor at feasts, [47] who devour widows\u2019 houses and for a pretense make long prayers. They will receive the greater condemnation.\u201d\n\nFootnotes\n\n(1) 20:1 Greek *he*\n\n(2) 20:10 Or *bondservant*; also verse 11\n\n(3) 20:17 Greek *the head of the corner*\n\n(4) 20:21 Greek *and do not receive a face*\n\n(5) 20:24 A *denarius* was a day\u2019s wage for a laborer\n\n(6) 20:28 Greek *his brother*\n\n(7) 20:36 Greek *huioi*; see Preface\n (ESV)"]}