{"query": "Luke 16", "canonical": "Luke 16", "parsed": [[42016001, 42016031]], "passage_meta": [{"canonical": "Luke 16", "chapter_start": [42016001, 42016031], "chapter_end": [42016001, 42016031], "prev_verse": 42015032, "next_verse": 42017001, "prev_chapter": [42015001, 42015032], "next_chapter": [42017001, 42017037]}], "passages": ["Luke 16\n\nThe Parable of the Dishonest Manager\n\n  [1] He also said to the disciples, \u201cThere was a rich man who had a manager, and charges were brought to him that this man was wasting his possessions. [2] And he called him and said to him, \u2018What is this that I hear about you? Turn in the account of your management, for you can no longer be manager.\u2019 [3] And the manager said to himself, \u2018What shall I do, since my master is taking the management away from me? I am not strong enough to dig, and I am ashamed to beg. [4] I have decided what to do, so that when I am removed from management, people may receive me into their houses.\u2019 [5] So, summoning his master\u2019s debtors one by one, he said to the first, \u2018How much do you owe my master?\u2019 [6] He said, \u2018A hundred measures(1) of oil.\u2019 He said to him, \u2018Take your bill, and sit down quickly and write fifty.\u2019 [7] Then he said to another, \u2018And how much do you owe?\u2019 He said, \u2018A hundred measures(2) of wheat.\u2019 He said to him, \u2018Take your bill, and write eighty.\u2019 [8] The master commended the dishonest manager for his shrewdness. For the sons of this world(3) are more shrewd in dealing with their own generation than the sons of light. [9] And I tell you, make friends for yourselves by means of unrighteous wealth,(4) so that when it fails they may receive you into the eternal dwellings.\n\n  [10] \u201cOne who is faithful in a very little is also faithful in much, and one who is dishonest in a very little is also dishonest in much. [11] If then you have not been faithful in the unrighteous wealth, who will entrust to you the true riches? [12] And if you have not been faithful in that which is another\u2019s, who will give you that which is your own? [13] No servant can serve two masters, for either he will hate the one and love the other, or he will be devoted to the one and despise the other. You cannot serve God and money.\u201d\n\nThe Law and the Kingdom of God\n\n  [14] The Pharisees, who were lovers of money, heard all these things, and they ridiculed him. [15] And he said to them, \u201cYou are those who justify yourselves before men, but God knows your hearts. For what is exalted among men is an abomination in the sight of God.\n\n  [16] \u201cThe Law and the Prophets were until John; since then the good news of the kingdom of God is preached, and everyone forces his way into it.(5) [17] But it is easier for heaven and earth to pass away than for one dot of the Law to become void.\n\nDivorce and Remarriage\n\n  [18] \u201cEveryone who divorces his wife and marries another commits adultery, and he who marries a woman divorced from her husband commits adultery.\n\nThe Rich Man and Lazarus\n\n  [19] \u201cThere was a rich man who was clothed in purple and fine linen and who feasted sumptuously every day. [20] And at his gate was laid a poor man named Lazarus, covered with sores, [21] who desired to be fed with what fell from the rich man\u2019s table. Moreover, even the dogs came and licked his sores. [22] The poor man died and was carried by the angels to Abraham\u2019s side.(6) The rich man also died and was buried, [23] and in Hades, being in torment, he lifted up his eyes and saw Abraham far off and Lazarus at his side. [24] And he called out, \u2018Father Abraham, have mercy on me, and send Lazarus to dip the end of his finger in water and cool my tongue, for I am in anguish in this flame.\u2019 [25] But Abraham said, \u2018Child, remember that you in your lifetime received your good things, and Lazarus in like manner bad things; but now he is comforted here, and you are in anguish. [26] And besides all this, between us and you a great chasm has been fixed, in order that those who would pass from here to you may not be able, and none may cross from there to us.\u2019 [27] And he said, \u2018Then I beg you, father, to send him to my father\u2019s house\u2014[28] for I have five brothers\u2014so that he may warn them, lest they also come into this place of torment.\u2019 [29] But Abraham said, \u2018They have Moses and the Prophets; let them hear them.\u2019 [30] And he said, \u2018No, father Abraham, but if someone goes to them from the dead, they will repent.\u2019 [31] He said to him, \u2018If they do not hear Moses and the Prophets, neither will they be convinced if someone should rise from the dead.\u2019\u201d\n\nFootnotes\n\n(1) 16:6 About 875 gallons or 3,200 liters\n\n(2) 16:7 Between 1,000 and 1,200 bushels or 37,000 to 45,000 liters\n\n(3) 16:8 Greek *age*\n\n(4) 16:9 Greek *mammon*, a Semitic word for money or possessions; also verse 11; rendered *money* in verse 13\n\n(5) 16:16 Or *everyone is forcefully urged into it*\n\n(6) 16:22 Greek *bosom*; also verse 23\n (ESV)"]}