{"query": "Luke 5", "canonical": "Luke 5", "parsed": [[42005001, 42005039]], "passage_meta": [{"canonical": "Luke 5", "chapter_start": [42005001, 42005039], "chapter_end": [42005001, 42005039], "prev_verse": 42004044, "next_verse": 42006001, "prev_chapter": [42004001, 42004044], "next_chapter": [42006001, 42006049]}], "passages": ["Luke 5\n\nJesus Calls the First Disciples\n\n  [1] On one occasion, while the crowd was pressing in on him to hear the word of God, he was standing by the lake of Gennesaret, [2] and he saw two boats by the lake, but the fishermen had gone out of them and were washing their nets. [3] Getting into one of the boats, which was Simon\u2019s, he asked him to put out a little from the land. And he sat down and taught the people from the boat. [4] And when he had finished speaking, he said to Simon, \u201cPut out into the deep and let down your nets for a catch.\u201d [5] And Simon answered, \u201cMaster, we toiled all night and took nothing! But at your word I will let down the nets.\u201d [6] And when they had done this, they enclosed a large number of fish, and their nets were breaking. [7] They signaled to their partners in the other boat to come and help them. And they came and filled both the boats, so that they began to sink. [8] But when Simon Peter saw it, he fell down at Jesus\u2019 knees, saying, \u201cDepart from me, for I am a sinful man, O Lord.\u201d [9] For he and all who were with him were astonished at the catch of fish that they had taken, [10] and so also were James and John, sons of Zebedee, who were partners with Simon. And Jesus said to Simon, \u201cDo not be afraid; from now on you will be catching men.\u201d(1) [11] And when they had brought their boats to land, they left everything and followed him.\n\nJesus Cleanses a Leper\n\n  [12] While he was in one of the cities, there came a man full of leprosy.(2) And when he saw Jesus, he fell on his face and begged him, \u201cLord, if you will, you can make me clean.\u201d [13] And Jesus(3) stretched out his hand and touched him, saying, \u201cI will; be clean.\u201d And immediately the leprosy left him. [14] And he charged him to tell no one, but \u201cgo and show yourself to the priest, and make an offering for your cleansing, as Moses commanded, for a proof to them.\u201d [15] But now even more the report about him went abroad, and great crowds gathered to hear him and to be healed of their infirmities. [16] But he would withdraw to desolate places and pray.\n\nJesus Heals a Paralytic\n\n  [17] On one of those days, as he was teaching, Pharisees and teachers of the law were sitting there, who had come from every village of Galilee and Judea and from Jerusalem. And the power of the Lord was with him to heal.(4) [18] And behold, some men were bringing on a bed a man who was paralyzed, and they were seeking to bring him in and lay him before Jesus, [19] but finding no way to bring him in, because of the crowd, they went up on the roof and let him down with his bed through the tiles into the midst before Jesus. [20] And when he saw their faith, he said, \u201cMan, your sins are forgiven you.\u201d [21] And the scribes and the Pharisees began to question, saying, \u201cWho is this who speaks blasphemies? Who can forgive sins but God alone?\u201d [22] When Jesus perceived their thoughts, he answered them, \u201cWhy do you question in your hearts? [23] Which is easier, to say, \u2018Your sins are forgiven you,\u2019 or to say, \u2018Rise and walk\u2019? [24] But that you may know that the Son of Man has authority on earth to forgive sins\u201d\u2014he said to the man who was paralyzed\u2014\u201cI say to you, rise, pick up your bed and go home.\u201d [25] And immediately he rose up before them and picked up what he had been lying on and went home, glorifying God. [26] And amazement seized them all, and they glorified God and were filled with awe, saying, \u201cWe have seen extraordinary things today.\u201d\n\nJesus Calls Levi\n\n  [27] After this he went out and saw a tax collector named Levi, sitting at the tax booth. And he said to him, \u201cFollow me.\u201d [28] And leaving everything, he rose and followed him.\n\n  [29] And Levi made him a great feast in his house, and there was a large company of tax collectors and others reclining at table with them. [30] And the Pharisees and their scribes grumbled at his disciples, saying, \u201cWhy do you eat and drink with tax collectors and sinners?\u201d [31] And Jesus answered them, \u201cThose who are well have no need of a physician, but those who are sick. [32] I have not come to call the righteous but sinners to repentance.\u201d\n\nA Question About Fasting\n\n  [33] And they said to him, \u201cThe disciples of John fast often and offer prayers, and so do the disciples of the Pharisees, but yours eat and drink.\u201d [34] And Jesus said to them, \u201cCan you make wedding guests fast while the bridegroom is with them? [35] The days will come when the bridegroom is taken away from them, and then they will fast in those days.\u201d [36] He also told them a parable: \u201cNo one tears a piece from a new garment and puts it on an old garment. If he does, he will tear the new, and the piece from the new will not match the old. [37] And no one puts new wine into old wineskins. If he does, the new wine will burst the skins and it will be spilled, and the skins will be destroyed. [38] But new wine must be put into fresh wineskins. [39] And no one after drinking old wine desires new, for he says, \u2018The old is good.\u2019\u201d(5)\n\nFootnotes\n\n(1) 5:10 The Greek word *anthropoi* refers here to both men and women\n\n(2) 5:12 *Leprosy* was a term for several skin diseases; see Leviticus 13\n\n(3) 5:13 Greek *he*\n\n(4) 5:17 Some manuscripts *was present to heal them*\n\n(5) 5:39 Some manuscripts *better*\n (ESV)"]}