{"query": "Luke 19", "canonical": "Luke 19", "parsed": [[42019001, 42019048]], "passage_meta": [{"canonical": "Luke 19", "chapter_start": [42019001, 42019048], "chapter_end": [42019001, 42019048], "prev_verse": 42018043, "next_verse": 42020001, "prev_chapter": [42018001, 42018043], "next_chapter": [42020001, 42020047]}], "passages": ["Luke 19\n\nJesus and Zacchaeus\n\n  [1] He entered Jericho and was passing through. [2] And behold, there was a man named Zacchaeus. He was a chief tax collector and was rich. [3] And he was seeking to see who Jesus was, but on account of the crowd he could not, because he was small in stature. [4] So he ran on ahead and climbed up into a sycamore tree to see him, for he was about to pass that way. [5] And when Jesus came to the place, he looked up and said to him, \u201cZacchaeus, hurry and come down, for I must stay at your house today.\u201d [6] So he hurried and came down and received him joyfully. [7] And when they saw it, they all grumbled, \u201cHe has gone in to be the guest of a man who is a sinner.\u201d [8] And Zacchaeus stood and said to the Lord, \u201cBehold, Lord, the half of my goods I give to the poor. And if I have defrauded anyone of anything, I restore it fourfold.\u201d [9] And Jesus said to him, \u201cToday salvation has come to this house, since he also is a son of Abraham. [10] For the Son of Man came to seek and to save the lost.\u201d\n\nThe Parable of the Ten Minas\n\n  [11] As they heard these things, he proceeded to tell a parable, because he was near to Jerusalem, and because they supposed that the kingdom of God was to appear immediately. [12] He said therefore, \u201cA nobleman went into a far country to receive for himself a kingdom and then return. [13] Calling ten of his servants,(1) he gave them ten minas,(2) and said to them, \u2018Engage in business until I come.\u2019 [14] But his citizens hated him and sent a delegation after him, saying, \u2018We do not want this man to reign over us.\u2019 [15] When he returned, having received the kingdom, he ordered these servants to whom he had given the money to be called to him, that he might know what they had gained by doing business. [16] The first came before him, saying, \u2018Lord, your mina has made ten minas more.\u2019 [17] And he said to him, \u2018Well done, good servant!(3) Because you have been faithful in a very little, you shall have authority over ten cities.\u2019 [18] And the second came, saying, \u2018Lord, your mina has made five minas.\u2019 [19] And he said to him, \u2018And you are to be over five cities.\u2019 [20] Then another came, saying, \u2018Lord, here is your mina, which I kept laid away in a handkerchief; [21] for I was afraid of you, because you are a severe man. You take what you did not deposit, and reap what you did not sow.\u2019 [22] He said to him, \u2018I will condemn you with your own words, you wicked servant! You knew that I was a severe man, taking what I did not deposit and reaping what I did not sow? [23] Why then did you not put my money in the bank, and at my coming I might have collected it with interest?\u2019 [24] And he said to those who stood by, \u2018Take the mina from him, and give it to the one who has the ten minas.\u2019 [25] And they said to him, \u2018Lord, he has ten minas!\u2019 [26] \u2018I tell you that to everyone who has, more will be given, but from the one who has not, even what he has will be taken away. [27] But as for these enemies of mine, who did not want me to reign over them, bring them here and slaughter them before me.\u2019\u201d\n\nThe Triumphal Entry\n\n  [28] And when he had said these things, he went on ahead, going up to Jerusalem. [29] When he drew near to Bethphage and Bethany, at the mount that is called Olivet, he sent two of the disciples, [30] saying, \u201cGo into the village in front of you, where on entering you will find a colt tied, on which no one has ever yet sat. Untie it and bring it here. [31] If anyone asks you, \u2018Why are you untying it?\u2019 you shall say this: \u2018The Lord has need of it.\u2019\u201d [32] So those who were sent went away and found it just as he had told them. [33] And as they were untying the colt, its owners said to them, \u201cWhy are you untying the colt?\u201d [34] And they said, \u201cThe Lord has need of it.\u201d [35] And they brought it to Jesus, and throwing their cloaks on the colt, they set Jesus on it. [36] And as he rode along, they spread their cloaks on the road. [37] As he was drawing near\u2014already on the way down the Mount of Olives\u2014the whole multitude of his disciples began to rejoice and praise God with a loud voice for all the mighty works that they had seen, [38] saying, \u201cBlessed is the King who comes in the name of the Lord! Peace in heaven and glory in the highest!\u201d [39] And some of the Pharisees in the crowd said to him, \u201cTeacher, rebuke your disciples.\u201d [40] He answered, \u201cI tell you, if these were silent, the very stones would cry out.\u201d\n\nJesus Weeps over Jerusalem\n\n  [41] And when he drew near and saw the city, he wept over it, [42] saying, \u201cWould that you, even you, had known on this day the things that make for peace! But now they are hidden from your eyes. [43] For the days will come upon you, when your enemies will set up a barricade around you and surround you and hem you in on every side [44] and tear you down to the ground, you and your children within you. And they will not leave one stone upon another in you, because you did not know the time of your visitation.\u201d\n\nJesus Cleanses the Temple\n\n  [45] And he entered the temple and began to drive out those who sold, [46] saying to them, \u201cIt is written, \u2018My house shall be a house of prayer,\u2019 but you have made it a den of robbers.\u201d\n\n  [47] And he was teaching daily in the temple. The chief priests and the scribes and the principal men of the people were seeking to destroy him, [48] but they did not find anything they could do, for all the people were hanging on his words.\n\nFootnotes\n\n(1) 19:13 Or *bondservants*; also verse 15\n\n(2) 19:13 A *mina* was about three months\u2019 wages for a laborer\n\n(3) 19:17 Or *bondservant*; also verse 22\n (ESV)"]}