{"query": "Luke 13", "canonical": "Luke 13", "parsed": [[42013001, 42013035]], "passage_meta": [{"canonical": "Luke 13", "chapter_start": [42013001, 42013035], "chapter_end": [42013001, 42013035], "prev_verse": 42012059, "next_verse": 42014001, "prev_chapter": [42012001, 42012059], "next_chapter": [42014001, 42014035]}], "passages": ["Luke 13\n\nRepent or Perish\n\n  [1] There were some present at that very time who told him about the Galileans whose blood Pilate had mingled with their sacrifices. [2] And he answered them, \u201cDo you think that these Galileans were worse sinners than all the other Galileans, because they suffered in this way? [3] No, I tell you; but unless you repent, you will all likewise perish. [4] Or those eighteen on whom the tower in Siloam fell and killed them: do you think that they were worse offenders than all the others who lived in Jerusalem? [5] No, I tell you; but unless you repent, you will all likewise perish.\u201d\n\nThe Parable of the Barren Fig Tree\n\n  [6] And he told this parable: \u201cA man had a fig tree planted in his vineyard, and he came seeking fruit on it and found none. [7] And he said to the vinedresser, \u2018Look, for three years now I have come seeking fruit on this fig tree, and I find none. Cut it down. Why should it use up the ground?\u2019 [8] And he answered him, \u2018Sir, let it alone this year also, until I dig around it and put on manure. [9] Then if it should bear fruit next year, well and good; but if not, you can cut it down.\u2019\u201d\n\nA Woman with a Disabling Spirit\n\n  [10] Now he was teaching in one of the synagogues on the Sabbath. [11] And behold, there was a woman who had had a disabling spirit for eighteen years. She was bent over and could not fully straighten herself. [12] When Jesus saw her, he called her over and said to her, \u201cWoman, you are freed from your disability.\u201d [13] And he laid his hands on her, and immediately she was made straight, and she glorified God. [14] But the ruler of the synagogue, indignant because Jesus had healed on the Sabbath, said to the people, \u201cThere are six days in which work ought to be done. Come on those days and be healed, and not on the Sabbath day.\u201d [15] Then the Lord answered him, \u201cYou hypocrites! Does not each of you on the Sabbath untie his ox or his donkey from the manger and lead it away to water it? [16] And ought not this woman, a daughter of Abraham whom Satan bound for eighteen years, be loosed from this bond on the Sabbath day?\u201d [17] As he said these things, all his adversaries were put to shame, and all the people rejoiced at all the glorious things that were done by him.\n\nThe Mustard Seed and the Leaven\n\n  [18] He said therefore, \u201cWhat is the kingdom of God like? And to what shall I compare it? [19] It is like a grain of mustard seed that a man took and sowed in his garden, and it grew and became a tree, and the birds of the air made nests in its branches.\u201d\n\n  [20] And again he said, \u201cTo what shall I compare the kingdom of God? [21] It is like leaven that a woman took and hid in three measures of flour, until it was all leavened.\u201d\n\nThe Narrow Door\n\n  [22] He went on his way through towns and villages, teaching and journeying toward Jerusalem. [23] And someone said to him, \u201cLord, will those who are saved be few?\u201d And he said to them, [24] \u201cStrive to enter through the narrow door. For many, I tell you, will seek to enter and will not be able. [25] When once the master of the house has risen and shut the door, and you begin to stand outside and to knock at the door, saying, \u2018Lord, open to us,\u2019 then he will answer you, \u2018I do not know where you come from.\u2019 [26] Then you will begin to say, \u2018We ate and drank in your presence, and you taught in our streets.\u2019 [27] But he will say, \u2018I tell you, I do not know where you come from. Depart from me, all you workers of evil!\u2019 [28] In that place there will be weeping and gnashing of teeth, when you see Abraham and Isaac and Jacob and all the prophets in the kingdom of God but you yourselves cast out. [29] And people will come from east and west, and from north and south, and recline at table in the kingdom of God. [30] And behold, some are last who will be first, and some are first who will be last.\u201d\n\nLament over Jerusalem\n\n  [31] At that very hour some Pharisees came and said to him, \u201cGet away from here, for Herod wants to kill you.\u201d [32] And he said to them, \u201cGo and tell that fox, \u2018Behold, I cast out demons and perform cures today and tomorrow, and the third day I finish my course. [33] Nevertheless, I must go on my way today and tomorrow and the day following, for it cannot be that a prophet should perish away from Jerusalem.\u2019 [34] O Jerusalem, Jerusalem, the city that kills the prophets and stones those who are sent to it! How often would I have gathered your children together as a hen gathers her brood under her wings, and you were not willing! [35] Behold, your house is forsaken. And I tell you, you will not see me until you say, \u2018Blessed is he who comes in the name of the Lord!\u2019\u201d (ESV)"]}