{"query": "Luke 18", "canonical": "Luke 18", "parsed": [[42018001, 42018043]], "passage_meta": [{"canonical": "Luke 18", "chapter_start": [42018001, 42018043], "chapter_end": [42018001, 42018043], "prev_verse": 42017037, "next_verse": 42019001, "prev_chapter": [42017001, 42017037], "next_chapter": [42019001, 42019048]}], "passages": ["Luke 18\n\nThe Parable of the Persistent Widow\n\n  [1] And he told them a parable to the effect that they ought always to pray and not lose heart. [2] He said, \u201cIn a certain city there was a judge who neither feared God nor respected man. [3] And there was a widow in that city who kept coming to him and saying, \u2018Give me justice against my adversary.\u2019 [4] For a while he refused, but afterward he said to himself, \u2018Though I neither fear God nor respect man, [5] yet because this widow keeps bothering me, I will give her justice, so that she will not beat me down by her continual coming.\u2019\u201d [6] And the Lord said, \u201cHear what the unrighteous judge says. [7] And will not God give justice to his elect, who cry to him day and night? Will he delay long over them? [8] I tell you, he will give justice to them speedily. Nevertheless, when the Son of Man comes, will he find faith on earth?\u201d\n\nThe Pharisee and the Tax Collector\n\n  [9] He also told this parable to some who trusted in themselves that they were righteous, and treated others with contempt: [10] \u201cTwo men went up into the temple to pray, one a Pharisee and the other a tax collector. [11] The Pharisee, standing by himself, prayed(1) thus: \u2018God, I thank you that I am not like other men, extortioners, unjust, adulterers, or even like this tax collector. [12] I fast twice a week; I give tithes of all that I get.\u2019 [13] But the tax collector, standing far off, would not even lift up his eyes to heaven, but beat his breast, saying, \u2018God, be merciful to me, a sinner!\u2019 [14] I tell you, this man went down to his house justified, rather than the other. For everyone who exalts himself will be humbled, but the one who humbles himself will be exalted.\u201d\n\nLet the Children Come to Me\n\n  [15] Now they were bringing even infants to him that he might touch them. And when the disciples saw it, they rebuked them. [16] But Jesus called them to him, saying, \u201cLet the children come to me, and do not hinder them, for to such belongs the kingdom of God. [17] Truly, I say to you, whoever does not receive the kingdom of God like a child shall not enter it.\u201d\n\nThe Rich Ruler\n\n  [18] And a ruler asked him, \u201cGood Teacher, what must I do to inherit eternal life?\u201d [19] And Jesus said to him, \u201cWhy do you call me good? No one is good except God alone. [20] You know the commandments: \u2018Do not commit adultery, Do not murder, Do not steal, Do not bear false witness, Honor your father and mother.\u2019\u201d [21] And he said, \u201cAll these I have kept from my youth.\u201d [22] When Jesus heard this, he said to him, \u201cOne thing you still lack. Sell all that you have and distribute to the poor, and you will have treasure in heaven; and come, follow me.\u201d [23] But when he heard these things, he became very sad, for he was extremely rich. [24] Jesus, seeing that he had become sad, said, \u201cHow difficult it is for those who have wealth to enter the kingdom of God! [25] For it is easier for a camel to go through the eye of a needle than for a rich person to enter the kingdom of God.\u201d [26] Those who heard it said, \u201cThen who can be saved?\u201d [27] But he said, \u201cWhat is impossible with man is possible with God.\u201d [28] And Peter said, \u201cSee, we have left our homes and followed you.\u201d [29] And he said to them, \u201cTruly, I say to you, there is no one who has left house or wife or brothers(2) or parents or children, for the sake of the kingdom of God, [30] who will not receive many times more in this time, and in the age to come eternal life.\u201d\n\nJesus Foretells His Death a Third Time\n\n  [31] And taking the twelve, he said to them, \u201cSee, we are going up to Jerusalem, and everything that is written about the Son of Man by the prophets will be accomplished. [32] For he will be delivered over to the Gentiles and will be mocked and shamefully treated and spit upon. [33] And after flogging him, they will kill him, and on the third day he will rise.\u201d [34] But they understood none of these things. This saying was hidden from them, and they did not grasp what was said.\n\nJesus Heals a Blind Beggar\n\n  [35] As he drew near to Jericho, a blind man was sitting by the roadside begging. [36] And hearing a crowd going by, he inquired what this meant. [37] They told him, \u201cJesus of Nazareth is passing by.\u201d [38] And he cried out, \u201cJesus, Son of David, have mercy on me!\u201d [39] And those who were in front rebuked him, telling him to be silent. But he cried out all the more, \u201cSon of David, have mercy on me!\u201d [40] And Jesus stopped and commanded him to be brought to him. And when he came near, he asked him, [41] \u201cWhat do you want me to do for you?\u201d He said, \u201cLord, let me recover my sight.\u201d [42] And Jesus said to him, \u201cRecover your sight; your faith has made you well.\u201d [43] And immediately he recovered his sight and followed him, glorifying God. And all the people, when they saw it, gave praise to God.\n\nFootnotes\n\n(1) 18:11 Or *standing, prayed to himself*\n\n(2) 18:29 Or *wife or brothers and sisters*\n (ESV)"]}