{"query": "Luke 23", "canonical": "Luke 23", "parsed": [[42023001, 42023056]], "passage_meta": [{"canonical": "Luke 23", "chapter_start": [42023001, 42023056], "chapter_end": [42023001, 42023056], "prev_verse": 42022071, "next_verse": 42024001, "prev_chapter": [42022001, 42022071], "next_chapter": [42024001, 42024053]}], "passages": ["Luke 23\n\nJesus Before Pilate\n\n  [1] Then the whole company of them arose and brought him before Pilate. [2] And they began to accuse him, saying, \u201cWe found this man misleading our nation and forbidding us to give tribute to Caesar, and saying that he himself is Christ, a king.\u201d [3] And Pilate asked him, \u201cAre you the King of the Jews?\u201d And he answered him, \u201cYou have said so.\u201d [4] Then Pilate said to the chief priests and the crowds, \u201cI find no guilt in this man.\u201d [5] But they were urgent, saying, \u201cHe stirs up the people, teaching throughout all Judea, from Galilee even to this place.\u201d\n\nJesus Before Herod\n\n  [6] When Pilate heard this, he asked whether the man was a Galilean. [7] And when he learned that he belonged to Herod\u2019s jurisdiction, he sent him over to Herod, who was himself in Jerusalem at that time. [8] When Herod saw Jesus, he was very glad, for he had long desired to see him, because he had heard about him, and he was hoping to see some sign done by him. [9] So he questioned him at some length, but he made no answer. [10] The chief priests and the scribes stood by, vehemently accusing him. [11] And Herod with his soldiers treated him with contempt and mocked him. Then, arraying him in splendid clothing, he sent him back to Pilate. [12] And Herod and Pilate became friends with each other that very day, for before this they had been at enmity with each other.\n\n  [13] Pilate then called together the chief priests and the rulers and the people, [14] and said to them, \u201cYou brought me this man as one who was misleading the people. And after examining him before you, behold, I did not find this man guilty of any of your charges against him. [15] Neither did Herod, for he sent him back to us. Look, nothing deserving death has been done by him. [16] I will therefore punish and release him.\u201d(1)\n\nPilate Delivers Jesus to Be Crucified\n\n  [18] But they all cried out together, \u201cAway with this man, and release to us Barabbas\u201d\u2014[19] a man who had been thrown into prison for an insurrection started in the city and for murder. [20] Pilate addressed them once more, desiring to release Jesus, [21] but they kept shouting, \u201cCrucify, crucify him!\u201d [22] A third time he said to them, \u201cWhy? What evil has he done? I have found in him no guilt deserving death. I will therefore punish and release him.\u201d [23] But they were urgent, demanding with loud cries that he should be crucified. And their voices prevailed. [24] So Pilate decided that their demand should be granted. [25] He released the man who had been thrown into prison for insurrection and murder, for whom they asked, but he delivered Jesus over to their will.\n\nThe Crucifixion\n\n  [26] And as they led him away, they seized one Simon of Cyrene, who was coming in from the country, and laid on him the cross, to carry it behind Jesus. [27] And there followed him a great multitude of the people and of women who were mourning and lamenting for him. [28] But turning to them Jesus said, \u201cDaughters of Jerusalem, do not weep for me, but weep for yourselves and for your children. [29] For behold, the days are coming when they will say, \u2018Blessed are the barren and the wombs that never bore and the breasts that never nursed!\u2019 [30] Then they will begin to say to the mountains, \u2018Fall on us,\u2019 and to the hills, \u2018Cover us.\u2019 [31] For if they do these things when the wood is green, what will happen when it is dry?\u201d\n\n  [32] Two others, who were criminals, were led away to be put to death with him. [33] And when they came to the place that is called The Skull, there they crucified him, and the criminals, one on his right and one on his left. [34] And Jesus said, \u201cFather, forgive them, for they know not what they do.\u201d(2) And they cast lots to divide his garments. [35] And the people stood by, watching, but the rulers scoffed at him, saying, \u201cHe saved others; let him save himself, if he is the Christ of God, his Chosen One!\u201d [36] The soldiers also mocked him, coming up and offering him sour wine [37] and saying, \u201cIf you are the King of the Jews, save yourself!\u201d [38] There was also an inscription over him,(3) \u201cThis is the King of the Jews.\u201d\n\n  [39] One of the criminals who were hanged railed at him,(4) saying, \u201cAre you not the Christ? Save yourself and us!\u201d [40] But the other rebuked him, saying, \u201cDo you not fear God, since you are under the same sentence of condemnation? [41] And we indeed justly, for we are receiving the due reward of our deeds; but this man has done nothing wrong.\u201d [42] And he said, \u201cJesus, remember me when you come into your kingdom.\u201d [43] And he said to him, \u201cTruly, I say to you, today you will be with me in paradise.\u201d\n\nThe Death of Jesus\n\n  [44] It was now about the sixth hour,(5) and there was darkness over the whole land until the ninth hour,(6) [45] while the sun\u2019s light failed. And the curtain of the temple was torn in two. [46] Then Jesus, calling out with a loud voice, said, \u201cFather, into your hands I commit my spirit!\u201d And having said this he breathed his last. [47] Now when the centurion saw what had taken place, he praised God, saying, \u201cCertainly this man was innocent!\u201d [48] And all the crowds that had assembled for this spectacle, when they saw what had taken place, returned home beating their breasts. [49] And all his acquaintances and the women who had followed him from Galilee stood at a distance watching these things.\n\nJesus Is Buried\n\n  [50] Now there was a man named Joseph, from the Jewish town of Arimathea. He was a member of the council, a good and righteous man, [51] who had not consented to their decision and action; and he was looking for the kingdom of God. [52] This man went to Pilate and asked for the body of Jesus. [53] Then he took it down and wrapped it in a linen shroud and laid him in a tomb cut in stone, where no one had ever yet been laid. [54] It was the day of Preparation, and the Sabbath was beginning.(7) [55] The women who had come with him from Galilee followed and saw the tomb and how his body was laid. [56] Then they returned and prepared spices and ointments.\n\n  On the Sabbath they rested according to the commandment.\n\nFootnotes\n\n(1) 23:16 Here, or after verse 19, some manuscripts add verse 17: *Now he was obliged to release one man to them at the festival*\n\n(2) 23:34 Some manuscripts omit the sentence *And Jesus\u00a0.\u00a0.\u00a0. what they do*\n\n(3) 23:38 Some manuscripts add *in letters of Greek and Latin and Hebrew*\n\n(4) 23:39 Or *blasphemed him*\n\n(5) 23:44 That is, noon\n\n(6) 23:44 That is, 3 p.m.\n\n(7) 23:54 Greek *was dawning*\n (ESV)"]}