{"query": "Luke 17", "canonical": "Luke 17", "parsed": [[42017001, 42017037]], "passage_meta": [{"canonical": "Luke 17", "chapter_start": [42017001, 42017037], "chapter_end": [42017001, 42017037], "prev_verse": 42016031, "next_verse": 42018001, "prev_chapter": [42016001, 42016031], "next_chapter": [42018001, 42018043]}], "passages": ["Luke 17\n\nTemptations to Sin\n\n  [1] And he said to his disciples, \u201cTemptations to sin(1) are sure to come, but woe to the one through whom they come! [2] It would be better for him if a millstone were hung around his neck and he were cast into the sea than that he should cause one of these little ones to sin.(2) [3] Pay attention to yourselves! If your brother sins, rebuke him, and if he repents, forgive him, [4] and if he sins against you seven times in the day, and turns to you seven times, saying, \u2018I repent,\u2019 you must forgive him.\u201d\n\nIncrease Our Faith\n\n  [5] The apostles said to the Lord, \u201cIncrease our faith!\u201d [6] And the Lord said, \u201cIf you had faith like a grain of mustard seed, you could say to this mulberry tree, \u2018Be uprooted and planted in the sea,\u2019 and it would obey you.\n\nUnworthy Servants\n\n  [7] \u201cWill any one of you who has a servant(3) plowing or keeping sheep say to him when he has come in from the field, \u2018Come at once and recline at table\u2019? [8] Will he not rather say to him, \u2018Prepare supper for me, and dress properly,(4) and serve me while I eat and drink, and afterward you will eat and drink\u2019? [9] Does he thank the servant because he did what was commanded? [10] So you also, when you have done all that you were commanded, say, \u2018We are unworthy servants;(5) we have only done what was our duty.\u2019\u201d\n\nJesus Cleanses Ten Lepers\n\n  [11] On the way to Jerusalem he was passing along between Samaria and Galilee. [12] And as he entered a village, he was met by ten lepers,(6) who stood at a distance [13] and lifted up their voices, saying, \u201cJesus, Master, have mercy on us.\u201d [14] When he saw them he said to them, \u201cGo and show yourselves to the priests.\u201d And as they went they were cleansed. [15] Then one of them, when he saw that he was healed, turned back, praising God with a loud voice; [16] and he fell on his face at Jesus\u2019 feet, giving him thanks. Now he was a Samaritan. [17] Then Jesus answered, \u201cWere not ten cleansed? Where are the nine? [18] Was no one found to return and give praise to God except this foreigner?\u201d [19] And he said to him, \u201cRise and go your way; your faith has made you well.\u201d(7)\n\nThe Coming of the Kingdom\n\n  [20] Being asked by the Pharisees when the kingdom of God would come, he answered them, \u201cThe kingdom of God is not coming in ways that can be observed, [21] nor will they say, \u2018Look, here it is!\u2019 or \u2018There!\u2019 for behold, the kingdom of God is in the midst of you.\u201d(8)\n\n  [22] And he said to the disciples, \u201cThe days are coming when you will desire to see one of the days of the Son of Man, and you will not see it. [23] And they will say to you, \u2018Look, there!\u2019 or \u2018Look, here!\u2019 Do not go out or follow them. [24] For as the lightning flashes and lights up the sky from one side to the other, so will the Son of Man be in his day.(9) [25] But first he must suffer many things and be rejected by this generation. [26] Just as it was in the days of Noah, so will it be in the days of the Son of Man. [27] They were eating and drinking and marrying and being given in marriage, until the day when Noah entered the ark, and the flood came and destroyed them all. [28] Likewise, just as it was in the days of Lot\u2014they were eating and drinking, buying and selling, planting and building, [29] but on the day when Lot went out from Sodom, fire and sulfur rained from heaven and destroyed them all\u2014[30] so will it be on the day when the Son of Man is revealed. [31] On that day, let the one who is on the housetop, with his goods in the house, not come down to take them away, and likewise let the one who is in the field not turn back. [32] Remember Lot\u2019s wife. [33] Whoever seeks to preserve his life will lose it, but whoever loses his life will keep it. [34] I tell you, in that night there will be two in one bed. One will be taken and the other left. [35] There will be two women grinding together. One will be taken and the other left.\u201d(10) [37] And they said to him, \u201cWhere, Lord?\u201d He said to them, \u201cWhere the corpse(11) is, there the vultures(12) will gather.\u201d\n\nFootnotes\n\n(1) 17:1 Greek *Stumbling blocks*\n\n(2) 17:2 Greek *stumble*\n\n(3) 17:7 Or *bondservant*; also verse 9\n\n(4) 17:8 Greek *gird yourself*\n\n(5) 17:10 Or *bondservants*\n\n(6) 17:12 *Leprosy* was a term for several skin diseases; see Leviticus 13\n\n(7) 17:19 Or *has saved you*\n\n(8) 17:21 Or *within you*, or *within your grasp*\n\n(9) 17:24 Some manuscripts omit *in his day*\n\n(10) 17:35 Some manuscripts add verse 36: *Two men will be in the field; one will be taken and the other left*\n\n(11) 17:37 Greek *body*\n\n(12) 17:37 Or *eagles*\n (ESV)"]}