{"query": "Luke 10", "canonical": "Luke 10", "parsed": [[42010001, 42010042]], "passage_meta": [{"canonical": "Luke 10", "chapter_start": [42010001, 42010042], "chapter_end": [42010001, 42010042], "prev_verse": 42009062, "next_verse": 42011001, "prev_chapter": [42009001, 42009062], "next_chapter": [42011001, 42011054]}], "passages": ["Luke 10\n\nJesus Sends Out the Seventy-Two\n\n  [1] After this the Lord appointed seventy-two(1) others and sent them on ahead of him, two by two, into every town and place where he himself was about to go. [2] And he said to them, \u201cThe harvest is plentiful, but the laborers are few. Therefore pray earnestly to the Lord of the harvest to send out laborers into his harvest. [3] Go your way; behold, I am sending you out as lambs in the midst of wolves. [4] Carry no moneybag, no knapsack, no sandals, and greet no one on the road. [5] Whatever house you enter, first say, \u2018Peace be to this house!\u2019 [6] And if a son of peace is there, your peace will rest upon him. But if not, it will return to you. [7] And remain in the same house, eating and drinking what they provide, for the laborer deserves his wages. Do not go from house to house. [8] Whenever you enter a town and they receive you, eat what is set before you. [9] Heal the sick in it and say to them, \u2018The kingdom of God has come near to you.\u2019 [10] But whenever you enter a town and they do not receive you, go into its streets and say, [11] \u2018Even the dust of your town that clings to our feet we wipe off against you. Nevertheless know this, that the kingdom of God has come near.\u2019 [12] I tell you, it will be more bearable on that day for Sodom than for that town.\n\nWoe to Unrepentant Cities\n\n  [13] \u201cWoe to you, Chorazin! Woe to you, Bethsaida! For if the mighty works done in you had been done in Tyre and Sidon, they would have repented long ago, sitting in sackcloth and ashes. [14] But it will be more bearable in the judgment for Tyre and Sidon than for you. [15] And you, Capernaum, will you be exalted to heaven? You shall be brought down to Hades.\n\n  [16] \u201cThe one who hears you hears me, and the one who rejects you rejects me, and the one who rejects me rejects him who sent me.\u201d\n\nThe Return of the Seventy-Two\n\n  [17] The seventy-two returned with joy, saying, \u201cLord, even the demons are subject to us in your name!\u201d [18] And he said to them, \u201cI saw Satan fall like lightning from heaven. [19] Behold, I have given you authority to tread on serpents and scorpions, and over all the power of the enemy, and nothing shall hurt you. [20] Nevertheless, do not rejoice in this, that the spirits are subject to you, but rejoice that your names are written in heaven.\u201d\n\nJesus Rejoices in the Father\u2019s Will\n\n  [21] In that same hour he rejoiced in the Holy Spirit and said, \u201cI thank you, Father, Lord of heaven and earth, that you have hidden these things from the wise and understanding and revealed them to little children; yes, Father, for such was your gracious will.(2) [22] All things have been handed over to me by my Father, and no one knows who the Son is except the Father, or who the Father is except the Son and anyone to whom the Son chooses to reveal him.\u201d\n\n  [23] Then turning to the disciples he said privately, \u201cBlessed are the eyes that see what you see! [24] For I tell you that many prophets and kings desired to see what you see, and did not see it, and to hear what you hear, and did not hear it.\u201d\n\nThe Parable of the Good Samaritan\n\n  [25] And behold, a lawyer stood up to put him to the test, saying, \u201cTeacher, what shall I do to inherit eternal life?\u201d [26] He said to him, \u201cWhat is written in the Law? How do you read it?\u201d [27] And he answered, \u201cYou shall love the Lord your God with all your heart and with all your soul and with all your strength and with all your mind, and your neighbor as yourself.\u201d [28] And he said to him, \u201cYou have answered correctly; do this, and you will live.\u201d\n\n  [29] But he, desiring to justify himself, said to Jesus, \u201cAnd who is my neighbor?\u201d [30] Jesus replied, \u201cA man was going down from Jerusalem to Jericho, and he fell among robbers, who stripped him and beat him and departed, leaving him half dead. [31] Now by chance a priest was going down that road, and when he saw him he passed by on the other side. [32] So likewise a Levite, when he came to the place and saw him, passed by on the other side. [33] But a Samaritan, as he journeyed, came to where he was, and when he saw him, he had compassion. [34] He went to him and bound up his wounds, pouring on oil and wine. Then he set him on his own animal and brought him to an inn and took care of him. [35] And the next day he took out two denarii(3) and gave them to the innkeeper, saying, \u2018Take care of him, and whatever more you spend, I will repay you when I come back.\u2019 [36] Which of these three, do you think, proved to be a neighbor to the man who fell among the robbers?\u201d [37] He said, \u201cThe one who showed him mercy.\u201d And Jesus said to him, \u201cYou go, and do likewise.\u201d\n\nMartha and Mary\n\n  [38] Now as they went on their way, Jesus(4) entered a village. And a woman named Martha welcomed him into her house. [39] And she had a sister called Mary, who sat at the Lord\u2019s feet and listened to his teaching. [40] But Martha was distracted with much serving. And she went up to him and said, \u201cLord, do you not care that my sister has left me to serve alone? Tell her then to help me.\u201d [41] But the Lord answered her, \u201cMartha, Martha, you are anxious and troubled about many things, [42] but one thing is necessary.(5) Mary has chosen the good portion, which will not be taken away from her.\u201d\n\nFootnotes\n\n(1) 10:1 Some manuscripts *seventy*; also verse 17\n\n(2) 10:21 Or *for so it pleased you well*\n\n(3) 10:35 A *denarius* was a day\u2019s wage for a laborer\n\n(4) 10:38 Greek *he*\n\n(5) 10:42 Some manuscripts *few things are necessary, or only one*\n (ESV)"]}