{"query": "Luke 7", "canonical": "Luke 7", "parsed": [[42007001, 42007050]], "passage_meta": [{"canonical": "Luke 7", "chapter_start": [42007001, 42007050], "chapter_end": [42007001, 42007050], "prev_verse": 42006049, "next_verse": 42008001, "prev_chapter": [42006001, 42006049], "next_chapter": [42008001, 42008056]}], "passages": ["Luke 7\n\nJesus Heals a Centurion\u2019s Servant\n\n  [1] After he had finished all his sayings in the hearing of the people, he entered Capernaum. [2] Now a centurion had a servant(1) who was sick and at the point of death, who was highly valued by him. [3] When the centurion(2) heard about Jesus, he sent to him elders of the Jews, asking him to come and heal his servant. [4] And when they came to Jesus, they pleaded with him earnestly, saying, \u201cHe is worthy to have you do this for him, [5] for he loves our nation, and he is the one who built us our synagogue.\u201d [6] And Jesus went with them. When he was not far from the house, the centurion sent friends, saying to him, \u201cLord, do not trouble yourself, for I am not worthy to have you come under my roof. [7] Therefore I did not presume to come to you. But say the word, and let my servant be healed. [8] For I too am a man set under authority, with soldiers under me: and I say to one, \u2018Go,\u2019 and he goes; and to another, \u2018Come,\u2019 and he comes; and to my servant, \u2018Do this,\u2019 and he does it.\u201d [9] When Jesus heard these things, he marveled at him, and turning to the crowd that followed him, said, \u201cI tell you, not even in Israel have I found such faith.\u201d [10] And when those who had been sent returned to the house, they found the servant well.\n\nJesus Raises a Widow\u2019s Son\n\n  [11] Soon afterward(3) he went to a town called Nain, and his disciples and a great crowd went with him. [12] As he drew near to the gate of the town, behold, a man who had died was being carried out, the only son of his mother, and she was a widow, and a considerable crowd from the town was with her. [13] And when the Lord saw her, he had compassion on her and said to her, \u201cDo not weep.\u201d [14] Then he came up and touched the bier, and the bearers stood still. And he said, \u201cYoung man, I say to you, arise.\u201d [15] And the dead man sat up and began to speak, and Jesus(4) gave him to his mother. [16] Fear seized them all, and they glorified God, saying, \u201cA great prophet has arisen among us!\u201d and \u201cGod has visited his people!\u201d [17] And this report about him spread through the whole of Judea and all the surrounding country.\n\nMessengers from John the Baptist\n\n  [18] The disciples of John reported all these things to him. And John, [19] calling two of his disciples to him, sent them to the Lord, saying, \u201cAre you the one who is to come, or shall we look for another?\u201d [20] And when the men had come to him, they said, \u201cJohn the Baptist has sent us to you, saying, \u2018Are you the one who is to come, or shall we look for another?\u2019\u201d [21] In that hour he healed many people of diseases and plagues and evil spirits, and on many who were blind he bestowed sight. [22] And he answered them, \u201cGo and tell John what you have seen and heard: the blind receive their sight, the lame walk, lepers(5) are cleansed, and the deaf hear, the dead are raised up, the poor have good news preached to them. [23] And blessed is the one who is not offended by me.\u201d\n\n  [24] When John\u2019s messengers had gone, Jesus(6) began to speak to the crowds concerning John: \u201cWhat did you go out into the wilderness to see? A reed shaken by the wind? [25] What then did you go out to see? A man dressed in soft clothing? Behold, those who are dressed in splendid clothing and live in luxury are in kings\u2019 courts. [26] What then did you go out to see? A prophet? Yes, I tell you, and more than a prophet. [27] This is he of whom it is written,\n\n    \u201c\u2018Behold, I send my messenger before your face,\n        who will prepare your way before you.\u2019\n    \n    \n      [28] I tell you, among those born of women none is greater than John. Yet the one who is least in the kingdom of God is greater than he.\u201d [29] (When all the people heard this, and the tax collectors too, they declared God just,(7) having been baptized with the baptism of John, [30] but the Pharisees and the lawyers rejected the purpose of God for themselves, not having been baptized by him.)\n\n  [31] \u201cTo what then shall I compare the people of this generation, and what are they like? [32] They are like children sitting in the marketplace and calling to one another,\n\n    \u201c\u2018We played the flute for you, and you did not dance;\n        we sang a dirge, and you did not weep.\u2019\n    \n    \n      [33] For John the Baptist has come eating no bread and drinking no wine, and you say, \u2018He has a demon.\u2019 [34] The Son of Man has come eating and drinking, and you say, \u2018Look at him! A glutton and a drunkard, a friend of tax collectors and sinners!\u2019 [35] Yet wisdom is justified by all her children.\u201d\n\nA Sinful Woman Forgiven\n\n  [36] One of the Pharisees asked him to eat with him, and he went into the Pharisee\u2019s house and reclined at table. [37] And behold, a woman of the city, who was a sinner, when she learned that he was reclining at table in the Pharisee\u2019s house, brought an alabaster flask of ointment, [38] and standing behind him at his feet, weeping, she began to wet his feet with her tears and wiped them with the hair of her head and kissed his feet and anointed them with the ointment. [39] Now when the Pharisee who had invited him saw this, he said to himself, \u201cIf this man were a prophet, he would have known who and what sort of woman this is who is touching him, for she is a sinner.\u201d [40] And Jesus answering said to him, \u201cSimon, I have something to say to you.\u201d And he answered, \u201cSay it, Teacher.\u201d\n\n  [41] \u201cA certain moneylender had two debtors. One owed five hundred denarii, and the other fifty. [42] When they could not pay, he cancelled the debt of both. Now which of them will love him more?\u201d [43] Simon answered, \u201cThe one, I suppose, for whom he cancelled the larger debt.\u201d And he said to him, \u201cYou have judged rightly.\u201d [44] Then turning toward the woman he said to Simon, \u201cDo you see this woman? I entered your house; you gave me no water for my feet, but she has wet my feet with her tears and wiped them with her hair. [45] You gave me no kiss, but from the time I came in she has not ceased to kiss my feet. [46] You did not anoint my head with oil, but she has anointed my feet with ointment. [47] Therefore I tell you, her sins, which are many, are forgiven\u2014for she loved much. But he who is forgiven little, loves little.\u201d [48] And he said to her, \u201cYour sins are forgiven.\u201d [49] Then those who were at table with him began to say among(8) themselves, \u201cWho is this, who even forgives sins?\u201d [50] And he said to the woman, \u201cYour faith has saved you; go in peace.\u201d\n\nFootnotes\n\n(1) 7:2 Or *bondservant*; also verses 3, 8, 10\n\n(2) 7:3 Greek *he*\n\n(3) 7:11 Some manuscripts *The next day*\n\n(4) 7:15 Greek *he*\n\n(5) 7:22 *Leprosy* was a term for several skin diseases; see Leviticus 13\n\n(6) 7:24 Greek *he*\n\n(7) 7:29 Greek *they justified God*\n\n(8) 7:49 Or *to*\n (ESV)"]}