{"query": "Luke 9", "canonical": "Luke 9", "parsed": [[42009001, 42009062]], "passage_meta": [{"canonical": "Luke 9", "chapter_start": [42009001, 42009062], "chapter_end": [42009001, 42009062], "prev_verse": 42008056, "next_verse": 42010001, "prev_chapter": [42008001, 42008056], "next_chapter": [42010001, 42010042]}], "passages": ["Luke 9\n\nJesus Sends Out the Twelve Apostles\n\n  [1] And he called the twelve together and gave them power and authority over all demons and to cure diseases, [2] and he sent them out to proclaim the kingdom of God and to heal. [3] And he said to them, \u201cTake nothing for your journey, no staff, nor bag, nor bread, nor money; and do not have two tunics.(1) [4] And whatever house you enter, stay there, and from there depart. [5] And wherever they do not receive you, when you leave that town shake off the dust from your feet as a testimony against them.\u201d [6] And they departed and went through the villages, preaching the gospel and healing everywhere.\n\nHerod Is Perplexed by Jesus\n\n  [7] Now Herod the tetrarch heard about all that was happening, and he was perplexed, because it was said by some that John had been raised from the dead, [8] by some that Elijah had appeared, and by others that one of the prophets of old had risen. [9] Herod said, \u201cJohn I beheaded, but who is this about whom I hear such things?\u201d And he sought to see him.\n\nJesus Feeds the Five Thousand\n\n  [10] On their return the apostles told him all that they had done. And he took them and withdrew apart to a town called Bethsaida. [11] When the crowds learned it, they followed him, and he welcomed them and spoke to them of the kingdom of God and cured those who had need of healing. [12] Now the day began to wear away, and the twelve came and said to him, \u201cSend the crowd away to go into the surrounding villages and countryside to find lodging and get provisions, for we are here in a desolate place.\u201d [13] But he said to them, \u201cYou give them something to eat.\u201d They said, \u201cWe have no more than five loaves and two fish\u2014unless we are to go and buy food for all these people.\u201d [14] For there were about five thousand men. And he said to his disciples, \u201cHave them sit down in groups of about fifty each.\u201d [15] And they did so, and had them all sit down. [16] And taking the five loaves and the two fish, he looked up to heaven and said a blessing over them. Then he broke the loaves and gave them to the disciples to set before the crowd. [17] And they all ate and were satisfied. And what was left over was picked up, twelve baskets of broken pieces.\n\nPeter Confesses Jesus as the Christ\n\n  [18] Now it happened that as he was praying alone, the disciples were with him. And he asked them, \u201cWho do the crowds say that I am?\u201d [19] And they answered, \u201cJohn the Baptist. But others say, Elijah, and others, that one of the prophets of old has risen.\u201d [20] Then he said to them, \u201cBut who do you say that I am?\u201d And Peter answered, \u201cThe Christ of God.\u201d\n\nJesus Foretells His Death\n\n  [21] And he strictly charged and commanded them to tell this to no one, [22] saying, \u201cThe Son of Man must suffer many things and be rejected by the elders and chief priests and scribes, and be killed, and on the third day be raised.\u201d\n\nTake Up Your Cross and Follow Jesus\n\n  [23] And he said to all, \u201cIf anyone would come after me, let him deny himself and take up his cross daily and follow me. [24] For whoever would save his life will lose it, but whoever loses his life for my sake will save it. [25] For what does it profit a man if he gains the whole world and loses or forfeits himself? [26] For whoever is ashamed of me and of my words, of him will the Son of Man be ashamed when he comes in his glory and the glory of the Father and of the holy angels. [27] But I tell you truly, there are some standing here who will not taste death until they see the kingdom of God.\u201d\n\nThe Transfiguration\n\n  [28] Now about eight days after these sayings he took with him Peter and John and James and went up on the mountain to pray. [29] And as he was praying, the appearance of his face was altered, and his clothing became dazzling white. [30] And behold, two men were talking with him, Moses and Elijah, [31] who appeared in glory and spoke of his departure,(2) which he was about to accomplish at Jerusalem. [32] Now Peter and those who were with him were heavy with sleep, but when they became fully awake they saw his glory and the two men who stood with him. [33] And as the men were parting from him, Peter said to Jesus, \u201cMaster, it is good that we are here. Let us make three tents, one for you and one for Moses and one for Elijah\u201d\u2014not knowing what he said. [34] As he was saying these things, a cloud came and overshadowed them, and they were afraid as they entered the cloud. [35] And a voice came out of the cloud, saying, \u201cThis is my Son, my Chosen One;(3) listen to him!\u201d [36] And when the voice had spoken, Jesus was found alone. And they kept silent and told no one in those days anything of what they had seen.\n\nJesus Heals a Boy with an Unclean Spirit\n\n  [37] On the next day, when they had come down from the mountain, a great crowd met him. [38] And behold, a man from the crowd cried out, \u201cTeacher, I beg you to look at my son, for he is my only child. [39] And behold, a spirit seizes him, and he suddenly cries out. It convulses him so that he foams at the mouth, and shatters him, and will hardly leave him. [40] And I begged your disciples to cast it out, but they could not.\u201d [41] Jesus answered, \u201cO faithless and twisted generation, how long am I to be with you and bear with you? Bring your son here.\u201d [42] While he was coming, the demon threw him to the ground and convulsed him. But Jesus rebuked the unclean spirit and healed the boy, and gave him back to his father. [43] And all were astonished at the majesty of God.\n\nJesus Again Foretells His Death\n\n  But while they were all marveling at everything he was doing, Jesus(4) said to his disciples, [44] \u201cLet these words sink into your ears: The Son of Man is about to be delivered into the hands of men.\u201d [45] But they did not understand this saying, and it was concealed from them, so that they might not perceive it. And they were afraid to ask him about this saying.\n\nWho Is the Greatest?\n\n  [46] An argument arose among them as to which of them was the greatest. [47] But Jesus, knowing the reasoning of their hearts, took a child and put him by his side [48] and said to them, \u201cWhoever receives this child in my name receives me, and whoever receives me receives him who sent me. For he who is least among you all is the one who is great.\u201d\n\nAnyone Not Against Us Is For Us\n\n  [49] John answered, \u201cMaster, we saw someone casting out demons in your name, and we tried to stop him, because he does not follow with us.\u201d [50] But Jesus said to him, \u201cDo not stop him, for the one who is not against you is for you.\u201d\n\nA Samaritan Village Rejects Jesus\n\n  [51] When the days drew near for him to be taken up, he set his face to go to Jerusalem. [52] And he sent messengers ahead of him, who went and entered a village of the Samaritans, to make preparations for him. [53] But the people did not receive him, because his face was set toward Jerusalem. [54] And when his disciples James and John saw it, they said, \u201cLord, do you want us to tell fire to come down from heaven and consume them?\u201d(5) [55] But he turned and rebuked them.(6) [56] And they went on to another village.\n\nThe Cost of Following Jesus\n\n  [57] As they were going along the road, someone said to him, \u201cI will follow you wherever you go.\u201d [58] And Jesus said to him, \u201cFoxes have holes, and birds of the air have nests, but the Son of Man has nowhere to lay his head.\u201d [59] To another he said, \u201cFollow me.\u201d But he said, \u201cLord, let me first go and bury my father.\u201d [60] And Jesus(7) said to him, \u201cLeave the dead to bury their own dead. But as for you, go and proclaim the kingdom of God.\u201d [61] Yet another said, \u201cI will follow you, Lord, but let me first say farewell to those at my home.\u201d [62] Jesus said to him, \u201cNo one who puts his hand to the plow and looks back is fit for the kingdom of God.\u201d\n\nFootnotes\n\n(1) 9:3 Greek *chiton*, a long garment worn under the cloak next to the skin\n\n(2) 9:31 Greek *exodus*\n\n(3) 9:35 Some manuscripts *my Beloved*\n\n(4) 9:43 Greek *he*\n\n(5) 9:54 Some manuscripts add *as Elijah did*\n\n(6) 9:55 Some manuscripts add *And he said, \u201cYou do not know what manner of spirit you are of; [56] for the Son of Man came not to destroy people\u2019s lives but to save them\u201d*\n\n(7) 9:60 Greek *he*\n (ESV)"]}