{"query": "Luke 3", "canonical": "Luke 3", "parsed": [[42003001, 42003038]], "passage_meta": [{"canonical": "Luke 3", "chapter_start": [42003001, 42003038], "chapter_end": [42003001, 42003038], "prev_verse": 42002052, "next_verse": 42004001, "prev_chapter": [42002001, 42002052], "next_chapter": [42004001, 42004044]}], "passages": ["Luke 3\n\nJohn the Baptist Prepares the Way\n\n  [1] In the fifteenth year of the reign of Tiberius Caesar, Pontius Pilate being governor of Judea, and Herod being tetrarch of Galilee, and his brother Philip tetrarch of the region of Ituraea and Trachonitis, and Lysanias tetrarch of Abilene, [2] during the high priesthood of Annas and Caiaphas, the word of God came to John the son of Zechariah in the wilderness. [3] And he went into all the region around the Jordan, proclaiming a baptism of repentance for the forgiveness of sins. [4] As it is written in the book of the words of Isaiah the prophet,\n\n    \u201cThe voice of one crying in the wilderness:\n    \u2018Prepare the way of the Lord,(1)\n        make his paths straight.\n    [5] Every valley shall be filled,\n        and every mountain and hill shall be made low,\n    and the crooked shall become straight,\n        and the rough places shall become level ways,\n    [6] and all flesh shall see the salvation of God.\u2019\u201d\n    \n    \n      [7] He said therefore to the crowds that came out to be baptized by him, \u201cYou brood of vipers! Who warned you to flee from the wrath to come? [8] Bear fruits in keeping with repentance. And do not begin to say to yourselves, \u2018We have Abraham as our father.\u2019 For I tell you, God is able from these stones to raise up children for Abraham. [9] Even now the axe is laid to the root of the trees. Every tree therefore that does not bear good fruit is cut down and thrown into the fire.\u201d\n\n  [10] And the crowds asked him, \u201cWhat then shall we do?\u201d [11] And he answered them, \u201cWhoever has two tunics(2) is to share with him who has none, and whoever has food is to do likewise.\u201d [12] Tax collectors also came to be baptized and said to him, \u201cTeacher, what shall we do?\u201d [13] And he said to them, \u201cCollect no more than you are authorized to do.\u201d [14] Soldiers also asked him, \u201cAnd we, what shall we do?\u201d And he said to them, \u201cDo not extort money from anyone by threats or by false accusation, and be content with your wages.\u201d\n\n  [15] As the people were in expectation, and all were questioning in their hearts concerning John, whether he might be the Christ, [16] John answered them all, saying, \u201cI baptize you with water, but he who is mightier than I is coming, the strap of whose sandals I am not worthy to untie. He will baptize you with the Holy Spirit and fire. [17] His winnowing fork is in his hand, to clear his threshing floor and to gather the wheat into his barn, but the chaff he will burn with unquenchable fire.\u201d\n\n  [18] So with many other exhortations he preached good news to the people. [19] But Herod the tetrarch, who had been reproved by him for Herodias, his brother\u2019s wife, and for all the evil things that Herod had done, [20] added this to them all, that he locked up John in prison.\n\n  [21] Now when all the people were baptized, and when Jesus also had been baptized and was praying, the heavens were opened, [22] and the Holy Spirit descended on him in bodily form, like a dove; and a voice came from heaven, \u201cYou are my beloved Son;(3) with you I am well pleased.\u201d(4)\n\nThe Genealogy of Jesus Christ\n\n  [23] Jesus, when he began his ministry, was about thirty years of age, being the son (as was supposed) of Joseph, the son of Heli, [24] the son of Matthat, the son of Levi, the son of Melchi, the son of Jannai, the son of Joseph, [25] the son of Mattathias, the son of Amos, the son of Nahum, the son of Esli, the son of Naggai, [26] the son of Maath, the son of Mattathias, the son of Semein, the son of Josech, the son of Joda, [27] the son of Joanan, the son of Rhesa, the son of Zerubbabel, the son of Shealtiel,(5) the son of Neri, [28] the son of Melchi, the son of Addi, the son of Cosam, the son of Elmadam, the son of Er, [29] the son of Joshua, the son of Eliezer, the son of Jorim, the son of Matthat, the son of Levi, [30] the son of Simeon, the son of Judah, the son of Joseph, the son of Jonam, the son of Eliakim, [31] the son of Melea, the son of Menna, the son of Mattatha, the son of Nathan, the son of David, [32] the son of Jesse, the son of Obed, the son of Boaz, the son of Sala, the son of Nahshon, [33] the son of Amminadab, the son of Admin, the son of Arni, the son of Hezron, the son of Perez, the son of Judah, [34] the son of Jacob, the son of Isaac, the son of Abraham, the son of Terah, the son of Nahor, [35] the son of Serug, the son of Reu, the son of Peleg, the son of Eber, the son of Shelah, [36] the son of Cainan, the son of Arphaxad, the son of Shem, the son of Noah, the son of Lamech, [37] the son of Methuselah, the son of Enoch, the son of Jared, the son of Mahalaleel, the son of Cainan, [38] the son of Enos, the son of Seth, the son of Adam, the son of God.\n\nFootnotes\n\n(1) 3:4 Or *crying, Prepare in the wilderness the way of the Lord*\n\n(2) 3:11 Greek *chiton*, a long garment worn under the cloak next to the skin\n\n(3) 3:22 Or *my Son, my* (or *the*) *Beloved*\n\n(4) 3:22 Some manuscripts *beloved Son; today I have begotten you*\n\n(5) 3:27 Greek *Salathiel*\n (ESV)"]}