{"query": "Luke 21", "canonical": "Luke 21", "parsed": [[42021001, 42021038]], "passage_meta": [{"canonical": "Luke 21", "chapter_start": [42021001, 42021038], "chapter_end": [42021001, 42021038], "prev_verse": 42020047, "next_verse": 42022001, "prev_chapter": [42020001, 42020047], "next_chapter": [42022001, 42022071]}], "passages": ["Luke 21\n\nThe Widow\u2019s Offering\n\n  [1] Jesus(1) looked up and saw the rich putting their gifts into the offering box, [2] and he saw a poor widow put in two small copper coins.(2) [3] And he said, \u201cTruly, I tell you, this poor widow has put in more than all of them. [4] For they all contributed out of their abundance, but she out of her poverty put in all she had to live on.\u201d\n\nJesus Foretells Destruction of the Temple\n\n  [5] And while some were speaking of the temple, how it was adorned with noble stones and offerings, he said, [6] \u201cAs for these things that you see, the days will come when there will not be left here one stone upon another that will not be thrown down.\u201d [7] And they asked him, \u201cTeacher, when will these things be, and what will be the sign when these things are about to take place?\u201d [8] And he said, \u201cSee that you are not led astray. For many will come in my name, saying, \u2018I am he!\u2019 and, \u2018The time is at hand!\u2019 Do not go after them. [9] And when you hear of wars and tumults, do not be terrified, for these things must first take place, but the end will not be at once.\u201d\n\nJesus Foretells Wars and Persecution\n\n  [10] Then he said to them, \u201cNation will rise against nation, and kingdom against kingdom. [11] There will be great earthquakes, and in various places famines and pestilences. And there will be terrors and great signs from heaven. [12] But before all this they will lay their hands on you and persecute you, delivering you up to the synagogues and prisons, and you will be brought before kings and governors for my name\u2019s sake. [13] This will be your opportunity to bear witness. [14] Settle it therefore in your minds not to meditate beforehand how to answer, [15] for I will give you a mouth and wisdom, which none of your adversaries will be able to withstand or contradict. [16] You will be delivered up even by parents and brothers(3) and relatives and friends, and some of you they will put to death. [17] You will be hated by all for my name\u2019s sake. [18] But not a hair of your head will perish. [19] By your endurance you will gain your lives.\n\nJesus Foretells Destruction of Jerusalem\n\n  [20] \u201cBut when you see Jerusalem surrounded by armies, then know that its desolation has come near. [21] Then let those who are in Judea flee to the mountains, and let those who are inside the city depart, and let not those who are out in the country enter it, [22] for these are days of vengeance, to fulfill all that is written. [23] Alas for women who are pregnant and for those who are nursing infants in those days! For there will be great distress upon the earth and wrath against this people. [24] They will fall by the edge of the sword and be led captive among all nations, and Jerusalem will be trampled underfoot by the Gentiles, until the times of the Gentiles are fulfilled.\n\nThe Coming of the Son of Man\n\n  [25] \u201cAnd there will be signs in sun and moon and stars, and on the earth distress of nations in perplexity because of the roaring of the sea and the waves, [26] people fainting with fear and with foreboding of what is coming on the world. For the powers of the heavens will be shaken. [27] And then they will see the Son of Man coming in a cloud with power and great glory. [28] Now when these things begin to take place, straighten up and raise your heads, because your redemption is drawing near.\u201d\n\nThe Lesson of the Fig Tree\n\n  [29] And he told them a parable: \u201cLook at the fig tree, and all the trees. [30] As soon as they come out in leaf, you see for yourselves and know that the summer is already near. [31] So also, when you see these things taking place, you know that the kingdom of God is near. [32] Truly, I say to you, this generation will not pass away until all has taken place. [33] Heaven and earth will pass away, but my words will not pass away.\n\nWatch Yourselves\n\n  [34] \u201cBut watch yourselves lest your hearts be weighed down with dissipation and drunkenness and cares of this life, and that day come upon you suddenly like a trap. [35] For it will come upon all who dwell on the face of the whole earth. [36] But stay awake at all times, praying that you may have strength to escape all these things that are going to take place, and to stand before the Son of Man.\u201d\n\n  [37] And every day he was teaching in the temple, but at night he went out and lodged on the mount called Olivet. [38] And early in the morning all the people came to him in the temple to hear him.\n\nFootnotes\n\n(1) 21:1 Greek *He*\n\n(2) 21:2 Greek *two lepta*; a *lepton* was a Jewish bronze or copper coin worth about 1/128 of a *denarius* (which was a day\u2019s wage for a laborer)\n\n(3) 21:16 Or *parents and brothers and sisters*\n (ESV)"]}