{"query": "Luke 4", "canonical": "Luke 4", "parsed": [[42004001, 42004044]], "passage_meta": [{"canonical": "Luke 4", "chapter_start": [42004001, 42004044], "chapter_end": [42004001, 42004044], "prev_verse": 42003038, "next_verse": 42005001, "prev_chapter": [42003001, 42003038], "next_chapter": [42005001, 42005039]}], "passages": ["Luke 4\n\nThe Temptation of Jesus\n\n  [1] And Jesus, full of the Holy Spirit, returned from the Jordan and was led by the Spirit in the wilderness [2] for forty days, being tempted by the devil. And he ate nothing during those days. And when they were ended, he was hungry. [3] The devil said to him, \u201cIf you are the Son of God, command this stone to become bread.\u201d [4] And Jesus answered him, \u201cIt is written, \u2018Man shall not live by bread alone.\u2019\u201d [5] And the devil took him up and showed him all the kingdoms of the world in a moment of time, [6] and said to him, \u201cTo you I will give all this authority and their glory, for it has been delivered to me, and I give it to whom I will. [7] If you, then, will worship me, it will all be yours.\u201d [8] And Jesus answered him, \u201cIt is written,\n\n    \u201c\u2018You shall worship the Lord your God,\n        and him only shall you serve.\u2019\u201d\n    \n    \n      [9] And he took him to Jerusalem and set him on the pinnacle of the temple and said to him, \u201cIf you are the Son of God, throw yourself down from here, [10] for it is written,\n\n    \u201c\u2018He will command his angels concerning you,\n        to guard you,\u2019\n    \n    \n      [11] and\n\n    \u201c\u2018On their hands they will bear you up,\n        lest you strike your foot against a stone.\u2019\u201d\n    \n    \n      [12] And Jesus answered him, \u201cIt is said, \u2018You shall not put the Lord your God to the test.\u2019\u201d [13] And when the devil had ended every temptation, he departed from him until an opportune time.\n\nJesus Begins His Ministry\n\n  [14] And Jesus returned in the power of the Spirit to Galilee, and a report about him went out through all the surrounding country. [15] And he taught in their synagogues, being glorified by all.\n\nJesus Rejected at Nazareth\n\n  [16] And he came to Nazareth, where he had been brought up. And as was his custom, he went to the synagogue on the Sabbath day, and he stood up to read. [17] And the scroll of the prophet Isaiah was given to him. He unrolled the scroll and found the place where it was written,\n\n    [18] \u201cThe Spirit of the Lord is upon me,\n        because he has anointed me\n        to proclaim good news to the poor.\n    He has sent me to proclaim liberty to the captives\n        and recovering of sight to the blind,\n        to set at liberty those who are oppressed,\n    [19] to proclaim the year of the Lord\u2019s favor.\u201d\n    \n    \n      [20] And he rolled up the scroll and gave it back to the attendant and sat down. And the eyes of all in the synagogue were fixed on him. [21] And he began to say to them, \u201cToday this Scripture has been fulfilled in your hearing.\u201d [22] And all spoke well of him and marveled at the gracious words that were coming from his mouth. And they said, \u201cIs not this Joseph\u2019s son?\u201d [23] And he said to them, \u201cDoubtless you will quote to me this proverb, \u2018\u201cPhysician, heal yourself.\u201d What we have heard you did at Capernaum, do here in your hometown as well.\u2019\u201d [24] And he said, \u201cTruly, I say to you, no prophet is acceptable in his hometown. [25] But in truth, I tell you, there were many widows in Israel in the days of Elijah, when the heavens were shut up three years and six months, and a great famine came over all the land, [26] and Elijah was sent to none of them but only to Zarephath, in the land of Sidon, to a woman who was a widow. [27] And there were many lepers(1) in Israel in the time of the prophet Elisha, and none of them was cleansed, but only Naaman the Syrian.\u201d [28] When they heard these things, all in the synagogue were filled with wrath. [29] And they rose up and drove him out of the town and brought him to the brow of the hill on which their town was built, so that they could throw him down the cliff. [30] But passing through their midst, he went away.\n\nJesus Heals a Man with an Unclean Demon\n\n  [31] And he went down to Capernaum, a city of Galilee. And he was teaching them on the Sabbath, [32] and they were astonished at his teaching, for his word possessed authority. [33] And in the synagogue there was a man who had the spirit of an unclean demon, and he cried out with a loud voice, [34] \u201cHa!(2) What have you to do with us, Jesus of Nazareth? Have you come to destroy us? I know who you are\u2014the Holy One of God.\u201d [35] But Jesus rebuked him, saying, \u201cBe silent and come out of him!\u201d And when the demon had thrown him down in their midst, he came out of him, having done him no harm. [36] And they were all amazed and said to one another, \u201cWhat is this word? For with authority and power he commands the unclean spirits, and they come out!\u201d [37] And reports about him went out into every place in the surrounding region.\n\nJesus Heals Many\n\n  [38] And he arose and left the synagogue and entered Simon\u2019s house. Now Simon\u2019s mother-in-law was ill with a high fever, and they appealed to him on her behalf. [39] And he stood over her and rebuked the fever, and it left her, and immediately she rose and began to serve them.\n\n  [40] Now when the sun was setting, all those who had any who were sick with various diseases brought them to him, and he laid his hands on every one of them and healed them. [41] And demons also came out of many, crying, \u201cYou are the Son of God!\u201d But he rebuked them and would not allow them to speak, because they knew that he was the Christ.\n\nJesus Preaches in Synagogues\n\n  [42] And when it was day, he departed and went into a desolate place. And the people sought him and came to him, and would have kept him from leaving them, [43] but he said to them, \u201cI must preach the good news of the kingdom of God to the other towns as well; for I was sent for this purpose.\u201d [44] And he was preaching in the synagogues of Judea.(3)\n\nFootnotes\n\n(1) 4:27 *Leprosy* was a term for several skin diseases; see Leviticus 13\n\n(2) 4:34 Or *Leave us alone*\n\n(3) 4:44 Some manuscripts *Galilee*\n (ESV)"]}