{"query": "Luke 22", "canonical": "Luke 22", "parsed": [[42022001, 42022071]], "passage_meta": [{"canonical": "Luke 22", "chapter_start": [42022001, 42022071], "chapter_end": [42022001, 42022071], "prev_verse": 42021038, "next_verse": 42023001, "prev_chapter": [42021001, 42021038], "next_chapter": [42023001, 42023056]}], "passages": ["Luke 22\n\nThe Plot to Kill Jesus\n\n  [1] Now the Feast of Unleavened Bread drew near, which is called the Passover. [2] And the chief priests and the scribes were seeking how to put him to death, for they feared the people.\n\nJudas to Betray Jesus\n\n  [3] Then Satan entered into Judas called Iscariot, who was of the number of the twelve. [4] He went away and conferred with the chief priests and officers how he might betray him to them. [5] And they were glad, and agreed to give him money. [6] So he consented and sought an opportunity to betray him to them in the absence of a crowd.\n\nThe Passover with the Disciples\n\n  [7] Then came the day of Unleavened Bread, on which the Passover lamb had to be sacrificed. [8] So Jesus(1) sent Peter and John, saying, \u201cGo and prepare the Passover for us, that we may eat it.\u201d [9] They said to him, \u201cWhere will you have us prepare it?\u201d [10] He said to them, \u201cBehold, when you have entered the city, a man carrying a jar of water will meet you. Follow him into the house that he enters [11] and tell the master of the house, \u2018The Teacher says to you, Where is the guest room, where I may eat the Passover with my disciples?\u2019 [12] And he will show you a large upper room furnished; prepare it there.\u201d [13] And they went and found it just as he had told them, and they prepared the Passover.\n\nInstitution of the Lord\u2019s Supper\n\n  [14] And when the hour came, he reclined at table, and the apostles with him. [15] And he said to them, \u201cI have earnestly desired to eat this Passover with you before I suffer. [16] For I tell you I will not eat it(2) until it is fulfilled in the kingdom of God.\u201d [17] And he took a cup, and when he had given thanks he said, \u201cTake this, and divide it among yourselves. [18] For I tell you that from now on I will not drink of the fruit of the vine until the kingdom of God comes.\u201d [19] And he took bread, and when he had given thanks, he broke it and gave it to them, saying, \u201cThis is my body, which is given for you. Do this in remembrance of me.\u201d [20] And likewise the cup after they had eaten, saying, \u201cThis cup that is poured out for you is the new covenant in my blood.(3) [21] But behold, the hand of him who betrays me is with me on the table. [22] For the Son of Man goes as it has been determined, but woe to that man by whom he is betrayed!\u201d [23] And they began to question one another, which of them it could be who was going to do this.\n\nWho Is the Greatest?\n\n  [24] A dispute also arose among them, as to which of them was to be regarded as the greatest. [25] And he said to them, \u201cThe kings of the Gentiles exercise lordship over them, and those in authority over them are called benefactors. [26] But not so with you. Rather, let the greatest among you become as the youngest, and the leader as one who serves. [27] For who is the greater, one who reclines at table or one who serves? Is it not the one who reclines at table? But I am among you as the one who serves.\n\n  [28] \u201cYou are those who have stayed with me in my trials, [29] and I assign to you, as my Father assigned to me, a kingdom, [30] that you may eat and drink at my table in my kingdom and sit on thrones judging the twelve tribes of Israel.\n\nJesus Foretells Peter\u2019s Denial\n\n  [31] \u201cSimon, Simon, behold, Satan demanded to have you,(4) that he might sift you like wheat, [32] but I have prayed for you that your faith may not fail. And when you have turned again, strengthen your brothers.\u201d [33] Peter(5) said to him, \u201cLord, I am ready to go with you both to prison and to death.\u201d [34] Jesus(6) said, \u201cI tell you, Peter, the rooster will not crow this day, until you deny three times that you know me.\u201d\n\nScripture Must Be Fulfilled in Jesus\n\n  [35] And he said to them, \u201cWhen I sent you out with no moneybag or knapsack or sandals, did you lack anything?\u201d They said, \u201cNothing.\u201d [36] He said to them, \u201cBut now let the one who has a moneybag take it, and likewise a knapsack. And let the one who has no sword sell his cloak and buy one. [37] For I tell you that this Scripture must be fulfilled in me: \u2018And he was numbered with the transgressors.\u2019 For what is written about me has its fulfillment.\u201d [38] And they said, \u201cLook, Lord, here are two swords.\u201d And he said to them, \u201cIt is enough.\u201d\n\nJesus Prays on the Mount of Olives\n\n  [39] And he came out and went, as was his custom, to the Mount of Olives, and the disciples followed him. [40] And when he came to the place, he said to them, \u201cPray that you may not enter into temptation.\u201d [41] And he withdrew from them about a stone\u2019s throw, and knelt down and prayed, [42] saying, \u201cFather, if you are willing, remove this cup from me. Nevertheless, not my will, but yours, be done.\u201d [43] And there appeared to him an angel from heaven, strengthening him. [44] And being in agony he prayed more earnestly; and his sweat became like great drops of blood falling down to the ground.(7) [45] And when he rose from prayer, he came to the disciples and found them sleeping for sorrow, [46] and he said to them, \u201cWhy are you sleeping? Rise and pray that you may not enter into temptation.\u201d\n\nBetrayal and Arrest of Jesus\n\n  [47] While he was still speaking, there came a crowd, and the man called Judas, one of the twelve, was leading them. He drew near to Jesus to kiss him, [48] but Jesus said to him, \u201cJudas, would you betray the Son of Man with a kiss?\u201d [49] And when those who were around him saw what would follow, they said, \u201cLord, shall we strike with the sword?\u201d [50] And one of them struck the servant(8) of the high priest and cut off his right ear. [51] But Jesus said, \u201cNo more of this!\u201d And he touched his ear and healed him. [52] Then Jesus said to the chief priests and officers of the temple and elders, who had come out against him, \u201cHave you come out as against a robber, with swords and clubs? [53] When I was with you day after day in the temple, you did not lay hands on me. But this is your hour, and the power of darkness.\u201d\n\nPeter Denies Jesus\n\n  [54] Then they seized him and led him away, bringing him into the high priest\u2019s house, and Peter was following at a distance. [55] And when they had kindled a fire in the middle of the courtyard and sat down together, Peter sat down among them. [56] Then a servant girl, seeing him as he sat in the light and looking closely at him, said, \u201cThis man also was with him.\u201d [57] But he denied it, saying, \u201cWoman, I do not know him.\u201d [58] And a little later someone else saw him and said, \u201cYou also are one of them.\u201d But Peter said, \u201cMan, I am not.\u201d [59] And after an interval of about an hour still another insisted, saying, \u201cCertainly this man also was with him, for he too is a Galilean.\u201d [60] But Peter said, \u201cMan, I do not know what you are talking about.\u201d And immediately, while he was still speaking, the rooster crowed. [61] And the Lord turned and looked at Peter. And Peter remembered the saying of the Lord, how he had said to him, \u201cBefore the rooster crows today, you will deny me three times.\u201d [62] And he went out and wept bitterly.\n\nJesus Is Mocked\n\n  [63] Now the men who were holding Jesus in custody were mocking him as they beat him. [64] They also blindfolded him and kept asking him, \u201cProphesy! Who is it that struck you?\u201d [65] And they said many other things against him, blaspheming him.\n\nJesus Before the Council\n\n  [66] When day came, the assembly of the elders of the people gathered together, both chief priests and scribes. And they led him away to their council, and they said, [67] \u201cIf you are the Christ, tell us.\u201d But he said to them, \u201cIf I tell you, you will not believe, [68] and if I ask you, you will not answer. [69] But from now on the Son of Man shall be seated at the right hand of the power of God.\u201d [70] So they all said, \u201cAre you the Son of God, then?\u201d And he said to them, \u201cYou say that I am.\u201d [71] Then they said, \u201cWhat further testimony do we need? We have heard it ourselves from his own lips.\u201d\n\nFootnotes\n\n(1) 22:8 Greek *he*\n\n(2) 22:16 Some manuscripts *never eat it again*\n\n(3) 22:20 Some manuscripts omit, in whole or in part, verses 19b-20 (*which is given\u00a0.\u00a0.\u00a0. in my blood*)\n\n(4) 22:31 The Greek word for *you* (twice in this verse) is plural; in verse 32, all four instances are singular\n\n(5) 22:33 Greek *He*\n\n(6) 22:34 Greek *He*\n\n(7) 22:44 Some manuscripts omit verses 43 and 44\n\n(8) 22:50 Or *bondservant*\n (ESV)"]}