{"query": "Luke 8", "canonical": "Luke 8", "parsed": [[42008001, 42008056]], "passage_meta": [{"canonical": "Luke 8", "chapter_start": [42008001, 42008056], "chapter_end": [42008001, 42008056], "prev_verse": 42007050, "next_verse": 42009001, "prev_chapter": [42007001, 42007050], "next_chapter": [42009001, 42009062]}], "passages": ["Luke 8\n\nWomen Accompanying Jesus\n\n  [1] Soon afterward he went on through cities and villages, proclaiming and bringing the good news of the kingdom of God. And the twelve were with him, [2] and also some women who had been healed of evil spirits and infirmities: Mary, called Magdalene, from whom seven demons had gone out, [3] and Joanna, the wife of Chuza, Herod\u2019s household manager, and Susanna, and many others, who provided for them(1) out of their means.\n\nThe Parable of the Sower\n\n  [4] And when a great crowd was gathering and people from town after town came to him, he said in a parable, [5] \u201cA sower went out to sow his seed. And as he sowed, some fell along the path and was trampled underfoot, and the birds of the air devoured it. [6] And some fell on the rock, and as it grew up, it withered away, because it had no moisture. [7] And some fell among thorns, and the thorns grew up with it and choked it. [8] And some fell into good soil and grew and yielded a hundredfold.\u201d As he said these things, he called out, \u201cHe who has ears to hear, let him hear.\u201d\n\nThe Purpose of the Parables\n\n  [9] And when his disciples asked him what this parable meant, [10] he said, \u201cTo you it has been given to know the secrets of the kingdom of God, but for others they are in parables, so that \u2018seeing they may not see, and hearing they may not understand.\u2019 [11] Now the parable is this: The seed is the word of God. [12] The ones along the path are those who have heard; then the devil comes and takes away the word from their hearts, so that they may not believe and be saved. [13] And the ones on the rock are those who, when they hear the word, receive it with joy. But these have no root; they believe for a while, and in time of testing fall away. [14] And as for what fell among the thorns, they are those who hear, but as they go on their way they are choked by the cares and riches and pleasures of life, and their fruit does not mature. [15] As for that in the good soil, they are those who, hearing the word, hold it fast in an honest and good heart, and bear fruit with patience.\n\nA Lamp Under a Jar\n\n  [16] \u201cNo one after lighting a lamp covers it with a jar or puts it under a bed, but puts it on a stand, so that those who enter may see the light. [17] For nothing is hidden that will not be made manifest, nor is anything secret that will not be known and come to light. [18] Take care then how you hear, for to the one who has, more will be given, and from the one who has not, even what he thinks that he has will be taken away.\u201d\n\nJesus\u2019 Mother and Brothers\n\n  [19] Then his mother and his brothers(2) came to him, but they could not reach him because of the crowd. [20] And he was told, \u201cYour mother and your brothers are standing outside, desiring to see you.\u201d [21] But he answered them, \u201cMy mother and my brothers are those who hear the word of God and do it.\u201d\n\nJesus Calms a Storm\n\n  [22] One day he got into a boat with his disciples, and he said to them, \u201cLet us go across to the other side of the lake.\u201d So they set out, [23] and as they sailed he fell asleep. And a windstorm came down on the lake, and they were filling with water and were in danger. [24] And they went and woke him, saying, \u201cMaster, Master, we are perishing!\u201d And he awoke and rebuked the wind and the raging waves, and they ceased, and there was a calm. [25] He said to them, \u201cWhere is your faith?\u201d And they were afraid, and they marveled, saying to one another, \u201cWho then is this, that he commands even winds and water, and they obey him?\u201d\n\nJesus Heals a Man with a Demon\n\n  [26] Then they sailed to the country of the Gerasenes,(3) which is opposite Galilee. [27] When Jesus(4) had stepped out on land, there met him a man from the city who had demons. For a long time he had worn no clothes, and he had not lived in a house but among the tombs. [28] When he saw Jesus, he cried out and fell down before him and said with a loud voice, \u201cWhat have you to do with me, Jesus, Son of the Most High God? I beg you, do not torment me.\u201d [29] For he had commanded the unclean spirit to come out of the man. (For many a time it had seized him. He was kept under guard and bound with chains and shackles, but he would break the bonds and be driven by the demon into the desert.) [30] Jesus then asked him, \u201cWhat is your name?\u201d And he said, \u201cLegion,\u201d for many demons had entered him. [31] And they begged him not to command them to depart into the abyss. [32] Now a large herd of pigs was feeding there on the hillside, and they begged him to let them enter these. So he gave them permission. [33] Then the demons came out of the man and entered the pigs, and the herd rushed down the steep bank into the lake and drowned.\n\n  [34] When the herdsmen saw what had happened, they fled and told it in the city and in the country. [35] Then people went out to see what had happened, and they came to Jesus and found the man from whom the demons had gone, sitting at the feet of Jesus, clothed and in his right mind, and they were afraid. [36] And those who had seen it told them how the demon-possessed(5) man had been healed. [37] Then all the people of the surrounding country of the Gerasenes asked him to depart from them, for they were seized with great fear. So he got into the boat and returned. [38] The man from whom the demons had gone begged that he might be with him, but Jesus sent him away, saying, [39] \u201cReturn to your home, and declare how much God has done for you.\u201d And he went away, proclaiming throughout the whole city how much Jesus had done for him.\n\nJesus Heals a Woman and Jairus\u2019s Daughter\n\n  [40] Now when Jesus returned, the crowd welcomed him, for they were all waiting for him. [41] And there came a man named Jairus, who was a ruler of the synagogue. And falling at Jesus\u2019 feet, he implored him to come to his house, [42] for he had an only daughter, about twelve years of age, and she was dying.\n\n  As Jesus went, the people pressed around him. [43] And there was a woman who had had a discharge of blood for twelve years, and though she had spent all her living on physicians,(6) she could not be healed by anyone. [44] She came up behind him and touched the fringe of his garment, and immediately her discharge of blood ceased. [45] And Jesus said, \u201cWho was it that touched me?\u201d When all denied it, Peter(7) said, \u201cMaster, the crowds surround you and are pressing in on you!\u201d [46] But Jesus said, \u201cSomeone touched me, for I perceive that power has gone out from me.\u201d [47] And when the woman saw that she was not hidden, she came trembling, and falling down before him declared in the presence of all the people why she had touched him, and how she had been immediately healed. [48] And he said to her, \u201cDaughter, your faith has made you well; go in peace.\u201d\n\n  [49] While he was still speaking, someone from the ruler\u2019s house came and said, \u201cYour daughter is dead; do not trouble the Teacher any more.\u201d [50] But Jesus on hearing this answered him, \u201cDo not fear; only believe, and she will be well.\u201d [51] And when he came to the house, he allowed no one to enter with him, except Peter and John and James, and the father and mother of the child. [52] And all were weeping and mourning for her, but he said, \u201cDo not weep, for she is not dead but sleeping.\u201d [53] And they laughed at him, knowing that she was dead. [54] But taking her by the hand he called, saying, \u201cChild, arise.\u201d [55] And her spirit returned, and she got up at once. And he directed that something should be given her to eat. [56] And her parents were amazed, but he charged them to tell no one what had happened.\n\nFootnotes\n\n(1) 8:3 Some manuscripts *him*\n\n(2) 8:19 Or *brothers and sisters*. In New Testament usage, depending on the context, the plural Greek word *adelphoi* (translated \u201cbrothers\u201d) may refer either to *brothers* or to *brothers and sisters*; also verses 20, 21\n\n(3) 8:26 Some manuscripts *Gadarenes*; others *Gergesenes*; also verse 37\n\n(4) 8:27 Greek *he*; also verses 38, 42\n\n(5) 8:36 Greek *daimonizomai* (demonized); elsewhere rendered *oppressed by demons*\n\n(6) 8:43 Some manuscripts omit *and though she had spent all her living on physicians*\n\n(7) 8:45 Some manuscripts add *and those who were with him*\n (ESV)"]}