{"query": "Mark 6", "canonical": "Mark 6", "parsed": [[41006001, 41006056]], "passage_meta": [{"canonical": "Mark 6", "chapter_start": [41006001, 41006056], "chapter_end": [41006001, 41006056], "prev_verse": 41005043, "next_verse": 41007001, "prev_chapter": [41005001, 41005043], "next_chapter": [41007001, 41007037]}], "passages": ["Mark 6\n\nJesus Rejected at Nazareth\n\n  [1] He went away from there and came to his hometown, and his disciples followed him. [2] And on the Sabbath he began to teach in the synagogue, and many who heard him were astonished, saying, \u201cWhere did this man get these things? What is the wisdom given to him? How are such mighty works done by his hands? [3] Is not this the carpenter, the son of Mary and brother of James and Joses and Judas and Simon? And are not his sisters here with us?\u201d And they took offense at him. [4] And Jesus said to them, \u201cA prophet is not without honor, except in his hometown and among his relatives and in his own household.\u201d [5] And he could do no mighty work there, except that he laid his hands on a few sick people and healed them. [6] And he marveled because of their unbelief.\n\n  And he went about among the villages teaching.\n\nJesus Sends Out the Twelve Apostles\n\n  [7] And he called the twelve and began to send them out two by two, and gave them authority over the unclean spirits. [8] He charged them to take nothing for their journey except a staff\u2014no bread, no bag, no money in their belts\u2014[9] but to wear sandals and not put on two tunics.(1) [10] And he said to them, \u201cWhenever you enter a house, stay there until you depart from there. [11] And if any place will not receive you and they will not listen to you, when you leave, shake off the dust that is on your feet as a testimony against them.\u201d [12] So they went out and proclaimed that people should repent. [13] And they cast out many demons and anointed with oil many who were sick and healed them.\n\nThe Death of John the Baptist\n\n  [14] King Herod heard of it, for Jesus\u2019(2) name had become known. Some(3) said, \u201cJohn the Baptist(4) has been raised from the dead. That is why these miraculous powers are at work in him.\u201d [15] But others said, \u201cHe is Elijah.\u201d And others said, \u201cHe is a prophet, like one of the prophets of old.\u201d [16] But when Herod heard of it, he said, \u201cJohn, whom I beheaded, has been raised.\u201d [17] For it was Herod who had sent and seized John and bound him in prison for the sake of Herodias, his brother Philip\u2019s wife, because he had married her. [18] For John had been saying to Herod, \u201cIt is not lawful for you to have your brother\u2019s wife.\u201d [19] And Herodias had a grudge against him and wanted to put him to death. But she could not, [20] for Herod feared John, knowing that he was a righteous and holy man, and he kept him safe. When he heard him, he was greatly perplexed, and yet he heard him gladly.\n\n  [21] But an opportunity came when Herod on his birthday gave a banquet for his nobles and military commanders and the leading men of Galilee. [22] For when Herodias\u2019s daughter came in and danced, she pleased Herod and his guests. And the king said to the girl, \u201cAsk me for whatever you wish, and I will give it to you.\u201d [23] And he vowed to her, \u201cWhatever you ask me, I will give you, up to half of my kingdom.\u201d [24] And she went out and said to her mother, \u201cFor what should I ask?\u201d And she said, \u201cThe head of John the Baptist.\u201d [25] And she came in immediately with haste to the king and asked, saying, \u201cI want you to give me at once the head of John the Baptist on a platter.\u201d [26] And the king was exceedingly sorry, but because of his oaths and his guests he did not want to break his word to her. [27] And immediately the king sent an executioner with orders to bring John\u2019s(5) head. He went and beheaded him in the prison [28] and brought his head on a platter and gave it to the girl, and the girl gave it to her mother. [29] When his disciples heard of it, they came and took his body and laid it in a tomb.\n\nJesus Feeds the Five Thousand\n\n  [30] The apostles returned to Jesus and told him all that they had done and taught. [31] And he said to them, \u201cCome away by yourselves to a desolate place and rest a while.\u201d For many were coming and going, and they had no leisure even to eat. [32] And they went away in the boat to a desolate place by themselves. [33] Now many saw them going and recognized them, and they ran there on foot from all the towns and got there ahead of them. [34] When he went ashore he saw a great crowd, and he had compassion on them, because they were like sheep without a shepherd. And he began to teach them many things. [35] And when it grew late, his disciples came to him and said, \u201cThis is a desolate place, and the hour is now late. [36] Send them away to go into the surrounding countryside and villages and buy themselves something to eat.\u201d [37] But he answered them, \u201cYou give them something to eat.\u201d And they said to him, \u201cShall we go and buy two hundred denarii(6) worth of bread and give it to them to eat?\u201d [38] And he said to them, \u201cHow many loaves do you have? Go and see.\u201d And when they had found out, they said, \u201cFive, and two fish.\u201d [39] Then he commanded them all to sit down in groups on the green grass. [40] So they sat down in groups, by hundreds and by fifties. [41] And taking the five loaves and the two fish, he looked up to heaven and said a blessing and broke the loaves and gave them to the disciples to set before the people. And he divided the two fish among them all. [42] And they all ate and were satisfied. [43] And they took up twelve baskets full of broken pieces and of the fish. [44] And those who ate the loaves were five thousand men.\n\nJesus Walks on the Water\n\n  [45] Immediately he made his disciples get into the boat and go before him to the other side, to Bethsaida, while he dismissed the crowd. [46] And after he had taken leave of them, he went up on the mountain to pray. [47] And when evening came, the boat was out on the sea, and he was alone on the land. [48] And he saw that they were making headway painfully, for the wind was against them. And about the fourth watch of the night(7) he came to them, walking on the sea. He meant to pass by them, [49] but when they saw him walking on the sea they thought it was a ghost, and cried out, [50] for they all saw him and were terrified. But immediately he spoke to them and said, \u201cTake heart; it is I. Do not be afraid.\u201d [51] And he got into the boat with them, and the wind ceased. And they were utterly astounded, [52] for they did not understand about the loaves, but their hearts were hardened.\n\nJesus Heals the Sick in Gennesaret\n\n  [53] When they had crossed over, they came to land at Gennesaret and moored to the shore. [54] And when they got out of the boat, the people immediately recognized him [55] and ran about the whole region and began to bring the sick people on their beds to wherever they heard he was. [56] And wherever he came, in villages, cities, or countryside, they laid the sick in the marketplaces and implored him that they might touch even the fringe of his garment. And as many as touched it were made well.\n\nFootnotes\n\n(1) 6:9 Greek *chiton*, a long garment worn under the cloak next to the skin\n\n(2) 6:14 Greek *his*\n\n(3) 6:14 Some manuscripts *He*\n\n(4) 6:14 Greek *baptizer*; also verse 24\n\n(5) 6:27 Greek *his*\n\n(6) 6:37 A *denarius* was a day\u2019s wage for a laborer\n\n(7) 6:48 That is, between 3 a.m. and 6 a.m.\n (ESV)"]}