{"query": "Mark 9", "canonical": "Mark 9", "parsed": [[41009001, 41009050]], "passage_meta": [{"canonical": "Mark 9", "chapter_start": [41009001, 41009050], "chapter_end": [41009001, 41009050], "prev_verse": 41008038, "next_verse": 41010001, "prev_chapter": [41008001, 41008038], "next_chapter": [41010001, 41010052]}], "passages": ["Mark 9\n\n  [1] And he said to them, \u201cTruly, I say to you, there are some standing here who will not taste death until they see the kingdom of God after it has come with power.\u201d\n\nThe Transfiguration\n\n  [2] And after six days Jesus took with him Peter and James and John, and led them up a high mountain by themselves. And he was transfigured before them, [3] and his clothes became radiant, intensely white, as no one(1) on earth could bleach them. [4] And there appeared to them Elijah with Moses, and they were talking with Jesus. [5] And Peter said to Jesus, \u201cRabbi,(2) it is good that we are here. Let us make three tents, one for you and one for Moses and one for Elijah.\u201d [6] For he did not know what to say, for they were terrified. [7] And a cloud overshadowed them, and a voice came out of the cloud, \u201cThis is my beloved Son;(3) listen to him.\u201d [8] And suddenly, looking around, they no longer saw anyone with them but Jesus only.\n\n  [9] And as they were coming down the mountain, he charged them to tell no one what they had seen, until the Son of Man had risen from the dead. [10] So they kept the matter to themselves, questioning what this rising from the dead might mean. [11] And they asked him, \u201cWhy do the scribes say that first Elijah must come?\u201d [12] And he said to them, \u201cElijah does come first to restore all things. And how is it written of the Son of Man that he should suffer many things and be treated with contempt? [13] But I tell you that Elijah has come, and they did to him whatever they pleased, as it is written of him.\u201d\n\nJesus Heals a Boy with an Unclean Spirit\n\n  [14] And when they came to the disciples, they saw a great crowd around them, and scribes arguing with them. [15] And immediately all the crowd, when they saw him, were greatly amazed and ran up to him and greeted him. [16] And he asked them, \u201cWhat are you arguing about with them?\u201d [17] And someone from the crowd answered him, \u201cTeacher, I brought my son to you, for he has a spirit that makes him mute. [18] And whenever it seizes him, it throws him down, and he foams and grinds his teeth and becomes rigid. So I asked your disciples to cast it out, and they were not able.\u201d [19] And he answered them, \u201cO faithless generation, how long am I to be with you? How long am I to bear with you? Bring him to me.\u201d [20] And they brought the boy to him. And when the spirit saw him, immediately it convulsed the boy, and he fell on the ground and rolled about, foaming at the mouth. [21] And Jesus asked his father, \u201cHow long has this been happening to him?\u201d And he said, \u201cFrom childhood. [22] And it has often cast him into fire and into water, to destroy him. But if you can do anything, have compassion on us and help us.\u201d [23] And Jesus said to him, \u201c\u2018If you can\u2019! All things are possible for one who believes.\u201d [24] Immediately the father of the child cried out(4) and said, \u201cI believe; help my unbelief!\u201d [25] And when Jesus saw that a crowd came running together, he rebuked the unclean spirit, saying to it, \u201cYou mute and deaf spirit, I command you, come out of him and never enter him again.\u201d [26] And after crying out and convulsing him terribly, it came out, and the boy was like a corpse, so that most of them said, \u201cHe is dead.\u201d [27] But Jesus took him by the hand and lifted him up, and he arose. [28] And when he had entered the house, his disciples asked him privately, \u201cWhy could we not cast it out?\u201d [29] And he said to them, \u201cThis kind cannot be driven out by anything but prayer.\u201d(5)\n\nJesus Again Foretells Death, Resurrection\n\n  [30] They went on from there and passed through Galilee. And he did not want anyone to know, [31] for he was teaching his disciples, saying to them, \u201cThe Son of Man is going to be delivered into the hands of men, and they will kill him. And when he is killed, after three days he will rise.\u201d [32] But they did not understand the saying, and were afraid to ask him.\n\nWho Is the Greatest?\n\n  [33] And they came to Capernaum. And when he was in the house he asked them, \u201cWhat were you discussing on the way?\u201d [34] But they kept silent, for on the way they had argued with one another about who was the greatest. [35] And he sat down and called the twelve. And he said to them, \u201cIf anyone would be first, he must be last of all and servant of all.\u201d [36] And he took a child and put him in the midst of them, and taking him in his arms, he said to them, [37] \u201cWhoever receives one such child in my name receives me, and whoever receives me, receives not me but him who sent me.\u201d\n\nAnyone Not Against Us Is for Us\n\n  [38] John said to him, \u201cTeacher, we saw someone casting out demons in your name,(6) and we tried to stop him, because he was not following us.\u201d [39] But Jesus said, \u201cDo not stop him, for no one who does a mighty work in my name will be able soon afterward to speak evil of me. [40] For the one who is not against us is for us. [41] For truly, I say to you, whoever gives you a cup of water to drink because you belong to Christ will by no means lose his reward.\n\nTemptations to Sin\n\n  [42] \u201cWhoever causes one of these little ones who believe in me to sin,(7) it would be better for him if a great millstone were hung around his neck and he were thrown into the sea. [43] And if your hand causes you to sin, cut it off. It is better for you to enter life crippled than with two hands to go to hell,(8) to the unquenchable fire.(9) [45] And if your foot causes you to sin, cut it off. It is better for you to enter life lame than with two feet to be thrown into hell. [47] And if your eye causes you to sin, tear it out. It is better for you to enter the kingdom of God with one eye than with two eyes to be thrown into hell, [48] \u2018where their worm does not die and the fire is not quenched.\u2019 [49] For everyone will be salted with fire.(10) [50] Salt is good, but if the salt has lost its saltiness, how will you make it salty again? Have salt in yourselves, and be at peace with one another.\u201d\n\nFootnotes\n\n(1) 9:3 Greek *launderer* (*gnapheus*)\n\n(2) 9:5 *Rabbi* means *my teacher*, or *my master*\n\n(3) 9:7 Or *my Son, my* (or *the*) *Beloved*\n\n(4) 9:24 Some manuscripts add *with tears*\n\n(5) 9:29 Some manuscripts add *and fasting*\n\n(6) 9:38 Some manuscripts add *who does not follow us*\n\n(7) 9:42 Greek *to stumble*; also verses 43, 45, 47\n\n(8) 9:43 Greek *Gehenna*; also verse 47\n\n(9) 9:43 Some manuscripts add verses 44 and 46 (which are identical with verse 48)\n\n(10) 9:49 Some manuscripts add *and every sacrifice will be salted with salt*\n (ESV)"]}