{"query": "Mark 8", "canonical": "Mark 8", "parsed": [[41008001, 41008038]], "passage_meta": [{"canonical": "Mark 8", "chapter_start": [41008001, 41008038], "chapter_end": [41008001, 41008038], "prev_verse": 41007037, "next_verse": 41009001, "prev_chapter": [41007001, 41007037], "next_chapter": [41009001, 41009050]}], "passages": ["Mark 8\n\nJesus Feeds the Four Thousand\n\n  [1] In those days, when again a great crowd had gathered, and they had nothing to eat, he called his disciples to him and said to them, [2] \u201cI have compassion on the crowd, because they have been with me now three days and have nothing to eat. [3] And if I send them away hungry to their homes, they will faint on the way. And some of them have come from far away.\u201d [4] And his disciples answered him, \u201cHow can one feed these people with bread here in this desolate place?\u201d [5] And he asked them, \u201cHow many loaves do you have?\u201d They said, \u201cSeven.\u201d [6] And he directed the crowd to sit down on the ground. And he took the seven loaves, and having given thanks, he broke them and gave them to his disciples to set before the people; and they set them before the crowd. [7] And they had a few small fish. And having blessed them, he said that these also should be set before them. [8] And they ate and were satisfied. And they took up the broken pieces left over, seven baskets full. [9] And there were about four thousand people. And he sent them away. [10] And immediately he got into the boat with his disciples and went to the district of Dalmanutha.(1)\n\nThe Pharisees Demand a Sign\n\n  [11] The Pharisees came and began to argue with him, seeking from him a sign from heaven to test him. [12] And he sighed deeply in his spirit and said, \u201cWhy does this generation seek a sign? Truly, I say to you, no sign will be given to this generation.\u201d [13] And he left them, got into the boat again, and went to the other side.\n\nThe Leaven of the Pharisees and Herod\n\n  [14] Now they had forgotten to bring bread, and they had only one loaf with them in the boat. [15] And he cautioned them, saying, \u201cWatch out; beware of the leaven of the Pharisees and the leaven of Herod.\u201d(2) [16] And they began discussing with one another the fact that they had no bread. [17] And Jesus, aware of this, said to them, \u201cWhy are you discussing the fact that you have no bread? Do you not yet perceive or understand? Are your hearts hardened? [18] Having eyes do you not see, and having ears do you not hear? And do you not remember? [19] When I broke the five loaves for the five thousand, how many baskets full of broken pieces did you take up?\u201d They said to him, \u201cTwelve.\u201d [20] \u201cAnd the seven for the four thousand, how many baskets full of broken pieces did you take up?\u201d And they said to him, \u201cSeven.\u201d [21] And he said to them, \u201cDo you not yet understand?\u201d\n\nJesus Heals a Blind Man at Bethsaida\n\n  [22] And they came to Bethsaida. And some people brought to him a blind man and begged him to touch him. [23] And he took the blind man by the hand and led him out of the village, and when he had spit on his eyes and laid his hands on him, he asked him, \u201cDo you see anything?\u201d [24] And he looked up and said, \u201cI see people, but they look like trees, walking.\u201d [25] Then Jesus(3) laid his hands on his eyes again; and he opened his eyes, his sight was restored, and he saw everything clearly. [26] And he sent him to his home, saying, \u201cDo not even enter the village.\u201d\n\nPeter Confesses Jesus as the Christ\n\n  [27] And Jesus went on with his disciples to the villages of Caesarea Philippi. And on the way he asked his disciples, \u201cWho do people say that I am?\u201d [28] And they told him, \u201cJohn the Baptist; and others say, Elijah; and others, one of the prophets.\u201d [29] And he asked them, \u201cBut who do you say that I am?\u201d Peter answered him, \u201cYou are the Christ.\u201d [30] And he strictly charged them to tell no one about him.\n\nJesus Foretells His Death and Resurrection\n\n  [31] And he began to teach them that the Son of Man must suffer many things and be rejected by the elders and the chief priests and the scribes and be killed, and after three days rise again. [32] And he said this plainly. And Peter took him aside and began to rebuke him. [33] But turning and seeing his disciples, he rebuked Peter and said, \u201cGet behind me, Satan! For you are not setting your mind on the things of God, but on the things of man.\u201d\n\n  [34] And calling the crowd to him with his disciples, he said to them, \u201cIf anyone would come after me, let him deny himself and take up his cross and follow me. [35] For whoever would save his life(4) will lose it, but whoever loses his life for my sake and the gospel\u2019s will save it. [36] For what does it profit a man to gain the whole world and forfeit his soul? [37] For what can a man give in return for his soul? [38] For whoever is ashamed of me and of my words in this adulterous and sinful generation, of him will the Son of Man also be ashamed when he comes in the glory of his Father with the holy angels.\u201d\n\nFootnotes\n\n(1) 8:10 Some manuscripts *Magadan*, or *Magdala*\n\n(2) 8:15 Some manuscripts *the Herodians*\n\n(3) 8:25 Greek *he*\n\n(4) 8:35 The same Greek word can mean either *soul* or *life*, depending on the context; twice in this verse and once in verse 36 and once in verse 37\n (ESV)"]}