{"query": "Mark 13", "canonical": "Mark 13", "parsed": [[41013001, 41013037]], "passage_meta": [{"canonical": "Mark 13", "chapter_start": [41013001, 41013037], "chapter_end": [41013001, 41013037], "prev_verse": 41012044, "next_verse": 41014001, "prev_chapter": [41012001, 41012044], "next_chapter": [41014001, 41014072]}], "passages": ["Mark 13\n\nJesus Foretells Destruction of the Temple\n\n  [1] And as he came out of the temple, one of his disciples said to him, \u201cLook, Teacher, what wonderful stones and what wonderful buildings!\u201d [2] And Jesus said to him, \u201cDo you see these great buildings? There will not be left here one stone upon another that will not be thrown down.\u201d\n\nSigns of the End of the Age\n\n  [3] And as he sat on the Mount of Olives opposite the temple, Peter and James and John and Andrew asked him privately, [4] \u201cTell us, when will these things be, and what will be the sign when all these things are about to be accomplished?\u201d [5] And Jesus began to say to them, \u201cSee that no one leads you astray. [6] Many will come in my name, saying, \u2018I am he!\u2019 and they will lead many astray. [7] And when you hear of wars and rumors of wars, do not be alarmed. This must take place, but the end is not yet. [8] For nation will rise against nation, and kingdom against kingdom. There will be earthquakes in various places; there will be famines. These are but the beginning of the birth pains.\n\n  [9] \u201cBut be on your guard. For they will deliver you over to councils, and you will be beaten in synagogues, and you will stand before governors and kings for my sake, to bear witness before them. [10] And the gospel must first be proclaimed to all nations. [11] And when they bring you to trial and deliver you over, do not be anxious beforehand what you are to say, but say whatever is given you in that hour, for it is not you who speak, but the Holy Spirit. [12] And brother will deliver brother over to death, and the father his child, and children will rise against parents and have them put to death. [13] And you will be hated by all for my name\u2019s sake. But the one who endures to the end will be saved.\n\nThe Abomination of Desolation\n\n  [14] \u201cBut when you see the abomination of desolation standing where he ought not to be (let the reader understand), then let those who are in Judea flee to the mountains. [15] Let the one who is on the housetop not go down, nor enter his house, to take anything out, [16] and let the one who is in the field not turn back to take his cloak. [17] And alas for women who are pregnant and for those who are nursing infants in those days! [18] Pray that it may not happen in winter. [19] For in those days there will be such tribulation as has not been from the beginning of the creation that God created until now, and never will be. [20] And if the Lord had not cut short the days, no human being would be saved. But for the sake of the elect, whom he chose, he shortened the days. [21] And then if anyone says to you, \u2018Look, here is the Christ!\u2019 or \u2018Look, there he is!\u2019 do not believe it. [22] For false christs and false prophets will arise and perform signs and wonders, to lead astray, if possible, the elect. [23] But be on guard; I have told you all things beforehand.\n\nThe Coming of the Son of Man\n\n  [24] \u201cBut in those days, after that tribulation, the sun will be darkened, and the moon will not give its light, [25] and the stars will be falling from heaven, and the powers in the heavens will be shaken. [26] And then they will see the Son of Man coming in clouds with great power and glory. [27] And then he will send out the angels and gather his elect from the four winds, from the ends of the earth to the ends of heaven.\n\nThe Lesson of the Fig Tree\n\n  [28] \u201cFrom the fig tree learn its lesson: as soon as its branch becomes tender and puts out its leaves, you know that summer is near. [29] So also, when you see these things taking place, you know that he is near, at the very gates. [30] Truly, I say to you, this generation will not pass away until all these things take place. [31] Heaven and earth will pass away, but my words will not pass away.\n\nNo One Knows That Day or Hour\n\n  [32] \u201cBut concerning that day or that hour, no one knows, not even the angels in heaven, nor the Son, but only the Father. [33] Be on guard, keep awake.(1) For you do not know when the time will come. [34] It is like a man going on a journey, when he leaves home and puts his servants(2) in charge, each with his work, and commands the doorkeeper to stay awake. [35] Therefore stay awake\u2014for you do not know when the master of the house will come, in the evening, or at midnight, or when the rooster crows,(3) or in the morning\u2014[36] lest he come suddenly and find you asleep. [37] And what I say to you I say to all: Stay awake.\u201d\n\nFootnotes\n\n(1) 13:33 Some manuscripts add *and pray*\n\n(2) 13:34 Or *bondservants*\n\n(3) 13:35 That is, the third watch of the night, between midnight and 3 a.m.\n (ESV)"]}