{"query": "Mark 14", "canonical": "Mark 14", "parsed": [[41014001, 41014072]], "passage_meta": [{"canonical": "Mark 14", "chapter_start": [41014001, 41014072], "chapter_end": [41014001, 41014072], "prev_verse": 41013037, "next_verse": 41015001, "prev_chapter": [41013001, 41013037], "next_chapter": [41015001, 41015047]}], "passages": ["Mark 14\n\nThe Plot to Kill Jesus\n\n  [1] It was now two days before the Passover and the Feast of Unleavened Bread. And the chief priests and the scribes were seeking how to arrest him by stealth and kill him, [2] for they said, \u201cNot during the feast, lest there be an uproar from the people.\u201d\n\nJesus Anointed at Bethany\n\n  [3] And while he was at Bethany in the house of Simon the leper,(1) as he was reclining at table, a woman came with an alabaster flask of ointment of pure nard, very costly, and she broke the flask and poured it over his head. [4] There were some who said to themselves indignantly, \u201cWhy was the ointment wasted like that? [5] For this ointment could have been sold for more than three hundred denarii(2) and given to the poor.\u201d And they scolded her. [6] But Jesus said, \u201cLeave her alone. Why do you trouble her? She has done a beautiful thing to me. [7] For you always have the poor with you, and whenever you want, you can do good for them. But you will not always have me. [8] She has done what she could; she has anointed my body beforehand for burial. [9] And truly, I say to you, wherever the gospel is proclaimed in the whole world, what she has done will be told in memory of her.\u201d\n\nJudas to Betray Jesus\n\n  [10] Then Judas Iscariot, who was one of the twelve, went to the chief priests in order to betray him to them. [11] And when they heard it, they were glad and promised to give him money. And he sought an opportunity to betray him.\n\nThe Passover with the Disciples\n\n  [12] And on the first day of Unleavened Bread, when they sacrificed the Passover lamb, his disciples said to him, \u201cWhere will you have us go and prepare for you to eat the Passover?\u201d [13] And he sent two of his disciples and said to them, \u201cGo into the city, and a man carrying a jar of water will meet you. Follow him, [14] and wherever he enters, say to the master of the house, \u2018The Teacher says, Where is my guest room, where I may eat the Passover with my disciples?\u2019 [15] And he will show you a large upper room furnished and ready; there prepare for us.\u201d [16] And the disciples set out and went to the city and found it just as he had told them, and they prepared the Passover.\n\n  [17] And when it was evening, he came with the twelve. [18] And as they were reclining at table and eating, Jesus said, \u201cTruly, I say to you, one of you will betray me, one who is eating with me.\u201d [19] They began to be sorrowful and to say to him one after another, \u201cIs it I?\u201d [20] He said to them, \u201cIt is one of the twelve, one who is dipping bread into the dish with me. [21] For the Son of Man goes as it is written of him, but woe to that man by whom the Son of Man is betrayed! It would have been better for that man if he had not been born.\u201d\n\nInstitution of the Lord\u2019s Supper\n\n  [22] And as they were eating, he took bread, and after blessing it broke it and gave it to them, and said, \u201cTake; this is my body.\u201d [23] And he took a cup, and when he had given thanks he gave it to them, and they all drank of it. [24] And he said to them, \u201cThis is my blood of the(3) covenant, which is poured out for many. [25] Truly, I say to you, I will not drink again of the fruit of the vine until that day when I drink it new in the kingdom of God.\u201d\n\nJesus Foretells Peter\u2019s Denial\n\n  [26] And when they had sung a hymn, they went out to the Mount of Olives. [27] And Jesus said to them, \u201cYou will all fall away, for it is written, \u2018I will strike the shepherd, and the sheep will be scattered.\u2019 [28] But after I am raised up, I will go before you to Galilee.\u201d [29] Peter said to him, \u201cEven though they all fall away, I will not.\u201d [30] And Jesus said to him, \u201cTruly, I tell you, this very night, before the rooster crows twice, you will deny me three times.\u201d [31] But he said emphatically, \u201cIf I must die with you, I will not deny you.\u201d And they all said the same.\n\nJesus Prays in Gethsemane\n\n  [32] And they went to a place called Gethsemane. And he said to his disciples, \u201cSit here while I pray.\u201d [33] And he took with him Peter and James and John, and began to be greatly distressed and troubled. [34] And he said to them, \u201cMy soul is very sorrowful, even to death. Remain here and watch.\u201d(4) [35] And going a little farther, he fell on the ground and prayed that, if it were possible, the hour might pass from him. [36] And he said, \u201cAbba, Father, all things are possible for you. Remove this cup from me. Yet not what I will, but what you will.\u201d [37] And he came and found them sleeping, and he said to Peter, \u201cSimon, are you asleep? Could you not watch one hour? [38] Watch and pray that you may not enter into temptation. The spirit indeed is willing, but the flesh is weak.\u201d [39] And again he went away and prayed, saying the same words. [40] And again he came and found them sleeping, for their eyes were very heavy, and they did not know what to answer him. [41] And he came the third time and said to them, \u201cAre you still sleeping and taking your rest? It is enough; the hour has come. The Son of Man is betrayed into the hands of sinners. [42] Rise, let us be going; see, my betrayer is at hand.\u201d\n\nBetrayal and Arrest of Jesus\n\n  [43] And immediately, while he was still speaking, Judas came, one of the twelve, and with him a crowd with swords and clubs, from the chief priests and the scribes and the elders. [44] Now the betrayer had given them a sign, saying, \u201cThe one I will kiss is the man. Seize him and lead him away under guard.\u201d [45] And when he came, he went up to him at once and said, \u201cRabbi!\u201d And he kissed him. [46] And they laid hands on him and seized him. [47] But one of those who stood by drew his sword and struck the servant(5) of the high priest and cut off his ear. [48] And Jesus said to them, \u201cHave you come out as against a robber, with swords and clubs to capture me? [49] Day after day I was with you in the temple teaching, and you did not seize me. But let the Scriptures be fulfilled.\u201d [50] And they all left him and fled.\n\nA Young Man Flees\n\n  [51] And a young man followed him, with nothing but a linen cloth about his body. And they seized him, [52] but he left the linen cloth and ran away naked.\n\nJesus Before the Council\n\n  [53] And they led Jesus to the high priest. And all the chief priests and the elders and the scribes came together. [54] And Peter had followed him at a distance, right into the courtyard of the high priest. And he was sitting with the guards and warming himself at the fire. [55] Now the chief priests and the whole council(6) were seeking testimony against Jesus to put him to death, but they found none. [56] For many bore false witness against him, but their testimony did not agree. [57] And some stood up and bore false witness against him, saying, [58] \u201cWe heard him say, \u2018I will destroy this temple that is made with hands, and in three days I will build another, not made with hands.\u2019\u201d [59] Yet even about this their testimony did not agree. [60] And the high priest stood up in the midst and asked Jesus, \u201cHave you no answer to make? What is it that these men testify against you?\u201d(7) [61] But he remained silent and made no answer. Again the high priest asked him, \u201cAre you the Christ, the Son of the Blessed?\u201d [62] And Jesus said, \u201cI am, and you will see the Son of Man seated at the right hand of Power, and coming with the clouds of heaven.\u201d [63] And the high priest tore his garments and said, \u201cWhat further witnesses do we need? [64] You have heard his blasphemy. What is your decision?\u201d And they all condemned him as deserving death. [65] And some began to spit on him and to cover his face and to strike him, saying to him, \u201cProphesy!\u201d And the guards received him with blows.\n\nPeter Denies Jesus\n\n  [66] And as Peter was below in the courtyard, one of the servant girls of the high priest came, [67] and seeing Peter warming himself, she looked at him and said, \u201cYou also were with the Nazarene, Jesus.\u201d [68] But he denied it, saying, \u201cI neither know nor understand what you mean.\u201d And he went out into the gateway(8) and the rooster crowed.(9) [69] And the servant girl saw him and began again to say to the bystanders, \u201cThis man is one of them.\u201d [70] But again he denied it. And after a little while the bystanders again said to Peter, \u201cCertainly you are one of them, for you are a Galilean.\u201d [71] But he began to invoke a curse on himself and to swear, \u201cI do not know this man of whom you speak.\u201d [72] And immediately the rooster crowed a second time. And Peter remembered how Jesus had said to him, \u201cBefore the rooster crows twice, you will deny me three times.\u201d And he broke down and wept.(10)\n\nFootnotes\n\n(1) 14:3 *Leprosy* was a term for several skin diseases; see Leviticus 13\n\n(2) 14:5 A *denarius* was a day\u2019s wage for a laborer\n\n(3) 14:24 Some manuscripts insert *new*\n\n(4) 14:34 Or *keep awake*; also verses 37, 38\n\n(5) 14:47 Or *bondservant*\n\n(6) 14:55 Greek *Sanhedrin*\n\n(7) 14:60 Or *Have you no answer to what these men testify against you?*\n\n(8) 14:68 Or *forecourt*\n\n(9) 14:68 Some manuscripts omit *and the rooster crowed*\n\n(10) 14:72 Or *And when he had thought about it, he wept*\n (ESV)"]}