{"query": "Mark 10", "canonical": "Mark 10", "parsed": [[41010001, 41010052]], "passage_meta": [{"canonical": "Mark 10", "chapter_start": [41010001, 41010052], "chapter_end": [41010001, 41010052], "prev_verse": 41009050, "next_verse": 41011001, "prev_chapter": [41009001, 41009050], "next_chapter": [41011001, 41011033]}], "passages": ["Mark 10\n\nTeaching About Divorce\n\n  [1] And he left there and went to the region of Judea and beyond the Jordan, and crowds gathered to him again. And again, as was his custom, he taught them.\n\n  [2] And Pharisees came up and in order to test him asked, \u201cIs it lawful for a man to divorce his wife?\u201d [3] He answered them, \u201cWhat did Moses command you?\u201d [4] They said, \u201cMoses allowed a man to write a certificate of divorce and to send her away.\u201d [5] And Jesus said to them, \u201cBecause of your hardness of heart he wrote you this commandment. [6] But from the beginning of creation, \u2018God made them male and female.\u2019 [7] \u2018Therefore a man shall leave his father and mother and hold fast to his wife,(1) [8] and the two shall become one flesh.\u2019 So they are no longer two but one flesh. [9] What therefore God has joined together, let not man separate.\u201d\n\n  [10] And in the house the disciples asked him again about this matter. [11] And he said to them, \u201cWhoever divorces his wife and marries another commits adultery against her, [12] and if she divorces her husband and marries another, she commits adultery.\u201d\n\nLet the Children Come to Me\n\n  [13] And they were bringing children to him that he might touch them, and the disciples rebuked them. [14] But when Jesus saw it, he was indignant and said to them, \u201cLet the children come to me; do not hinder them, for to such belongs the kingdom of God. [15] Truly, I say to you, whoever does not receive the kingdom of God like a child shall not enter it.\u201d [16] And he took them in his arms and blessed them, laying his hands on them.\n\nThe Rich Young Man\n\n  [17] And as he was setting out on his journey, a man ran up and knelt before him and asked him, \u201cGood Teacher, what must I do to inherit eternal life?\u201d [18] And Jesus said to him, \u201cWhy do you call me good? No one is good except God alone. [19] You know the commandments: \u2018Do not murder, Do not commit adultery, Do not steal, Do not bear false witness, Do not defraud, Honor your father and mother.\u2019\u201d [20] And he said to him, \u201cTeacher, all these I have kept from my youth.\u201d [21] And Jesus, looking at him, loved him, and said to him, \u201cYou lack one thing: go, sell all that you have and give to the poor, and you will have treasure in heaven; and come, follow me.\u201d [22] Disheartened by the saying, he went away sorrowful, for he had great possessions.\n\n  [23] And Jesus looked around and said to his disciples, \u201cHow difficult it will be for those who have wealth to enter the kingdom of God!\u201d [24] And the disciples were amazed at his words. But Jesus said to them again, \u201cChildren, how difficult it is(2) to enter the kingdom of God! [25] It is easier for a camel to go through the eye of a needle than for a rich person to enter the kingdom of God.\u201d [26] And they were exceedingly astonished, and said to him,(3) \u201cThen who can be saved?\u201d [27] Jesus looked at them and said, \u201cWith man it is impossible, but not with God. For all things are possible with God.\u201d [28] Peter began to say to him, \u201cSee, we have left everything and followed you.\u201d [29] Jesus said, \u201cTruly, I say to you, there is no one who has left house or brothers or sisters or mother or father or children or lands, for my sake and for the gospel, [30] who will not receive a hundredfold now in this time, houses and brothers and sisters and mothers and children and lands, with persecutions, and in the age to come eternal life. [31] But many who are first will be last, and the last first.\u201d\n\nJesus Foretells His Death a Third Time\n\n  [32] And they were on the road, going up to Jerusalem, and Jesus was walking ahead of them. And they were amazed, and those who followed were afraid. And taking the twelve again, he began to tell them what was to happen to him, [33] saying, \u201cSee, we are going up to Jerusalem, and the Son of Man will be delivered over to the chief priests and the scribes, and they will condemn him to death and deliver him over to the Gentiles. [34] And they will mock him and spit on him, and flog him and kill him. And after three days he will rise.\u201d\n\nThe Request of James and John\n\n  [35] And James and John, the sons of Zebedee, came up to him and said to him, \u201cTeacher, we want you to do for us whatever we ask of you.\u201d [36] And he said to them, \u201cWhat do you want me to do for you?\u201d [37] And they said to him, \u201cGrant us to sit, one at your right hand and one at your left, in your glory.\u201d [38] Jesus said to them, \u201cYou do not know what you are asking. Are you able to drink the cup that I drink, or to be baptized with the baptism with which I am baptized?\u201d [39] And they said to him, \u201cWe are able.\u201d And Jesus said to them, \u201cThe cup that I drink you will drink, and with the baptism with which I am baptized, you will be baptized, [40] but to sit at my right hand or at my left is not mine to grant, but it is for those for whom it has been prepared.\u201d [41] And when the ten heard it, they began to be indignant at James and John. [42] And Jesus called them to him and said to them, \u201cYou know that those who are considered rulers of the Gentiles lord it over them, and their great ones exercise authority over them. [43] But it shall not be so among you. But whoever would be great among you must be your servant,(4) [44] and whoever would be first among you must be slave(5) of all. [45] For even the Son of Man came not to be served but to serve, and to give his life as a ransom for many.\u201d\n\nJesus Heals Blind Bartimaeus\n\n  [46] And they came to Jericho. And as he was leaving Jericho with his disciples and a great crowd, Bartimaeus, a blind beggar, the son of Timaeus, was sitting by the roadside. [47] And when he heard that it was Jesus of Nazareth, he began to cry out and say, \u201cJesus, Son of David, have mercy on me!\u201d [48] And many rebuked him, telling him to be silent. But he cried out all the more, \u201cSon of David, have mercy on me!\u201d [49] And Jesus stopped and said, \u201cCall him.\u201d And they called the blind man, saying to him, \u201cTake heart. Get up; he is calling you.\u201d [50] And throwing off his cloak, he sprang up and came to Jesus. [51] And Jesus said to him, \u201cWhat do you want me to do for you?\u201d And the blind man said to him, \u201cRabbi, let me recover my sight.\u201d [52] And Jesus said to him, \u201cGo your way; your faith has made you well.\u201d And immediately he recovered his sight and followed him on the way.\n\nFootnotes\n\n(1) 10:7 Some manuscripts omit *and hold fast to his wife*\n\n(2) 10:24 Some manuscripts add *for those who trust in riches*\n\n(3) 10:26 Some manuscripts *to one another*\n\n(4) 10:43 Greek *diakonos*\n\n(5) 10:44 Or *bondservant*, or *servant* (for the contextual rendering of the Greek word *doulos*, see Preface)\n (ESV)"]}