{"query": "Mark 12", "canonical": "Mark 12", "parsed": [[41012001, 41012044]], "passage_meta": [{"canonical": "Mark 12", "chapter_start": [41012001, 41012044], "chapter_end": [41012001, 41012044], "prev_verse": 41011033, "next_verse": 41013001, "prev_chapter": [41011001, 41011033], "next_chapter": [41013001, 41013037]}], "passages": ["Mark 12\n\nThe Parable of the Tenants\n\n  [1] And he began to speak to them in parables. \u201cA man planted a vineyard and put a fence around it and dug a pit for the winepress and built a tower, and leased it to tenants and went into another country. [2] When the season came, he sent a servant(1) to the tenants to get from them some of the fruit of the vineyard. [3] And they took him and beat him and sent him away empty-handed. [4] Again he sent to them another servant, and they struck him on the head and treated him shamefully. [5] And he sent another, and him they killed. And so with many others: some they beat, and some they killed. [6] He had still one other, a beloved son. Finally he sent him to them, saying, \u2018They will respect my son.\u2019 [7] But those tenants said to one another, \u2018This is the heir. Come, let us kill him, and the inheritance will be ours.\u2019 [8] And they took him and killed him and threw him out of the vineyard. [9] What will the owner of the vineyard do? He will come and destroy the tenants and give the vineyard to others. [10] Have you not read this Scripture:\n\n    \u201c\u2018The stone that the builders rejected\n        has become the cornerstone;(2)\n    [11] this was the Lord\u2019s doing,\n        and it is marvelous in our eyes\u2019?\u201d\n    \n    \n      [12] And they were seeking to arrest him but feared the people, for they perceived that he had told the parable against them. So they left him and went away.\n\nPaying Taxes to Caesar\n\n  [13] And they sent to him some of the Pharisees and some of the Herodians, to trap him in his talk. [14] And they came and said to him, \u201cTeacher, we know that you are true and do not care about anyone\u2019s opinion. For you are not swayed by appearances,(3) but truly teach the way of God. Is it lawful to pay taxes to Caesar, or not? Should we pay them, or should we not?\u201d [15] But, knowing their hypocrisy, he said to them, \u201cWhy put me to the test? Bring me a denarius(4) and let me look at it.\u201d [16] And they brought one. And he said to them, \u201cWhose likeness and inscription is this?\u201d They said to him, \u201cCaesar\u2019s.\u201d [17] Jesus said to them, \u201cRender to Caesar the things that are Caesar\u2019s, and to God the things that are God\u2019s.\u201d And they marveled at him.\n\nThe Sadducees Ask About the Resurrection\n\n  [18] And Sadducees came to him, who say that there is no resurrection. And they asked him a question, saying, [19] \u201cTeacher, Moses wrote for us that if a man\u2019s brother dies and leaves a wife, but leaves no child, the man(5) must take the widow and raise up offspring for his brother. [20] There were seven brothers; the first took a wife, and when he died left no offspring. [21] And the second took her, and died, leaving no offspring. And the third likewise. [22] And the seven left no offspring. Last of all the woman also died. [23] In the resurrection, when they rise again, whose wife will she be? For the seven had her as wife.\u201d\n\n  [24] Jesus said to them, \u201cIs this not the reason you are wrong, because you know neither the Scriptures nor the power of God? [25] For when they rise from the dead, they neither marry nor are given in marriage, but are like angels in heaven. [26] And as for the dead being raised, have you not read in the book of Moses, in the passage about the bush, how God spoke to him, saying, \u2018I am the God of Abraham, and the God of Isaac, and the God of Jacob\u2019? [27] He is not God of the dead, but of the living. You are quite wrong.\u201d\n\nThe Great Commandment\n\n  [28] And one of the scribes came up and heard them disputing with one another, and seeing that he answered them well, asked him, \u201cWhich commandment is the most important of all?\u201d [29] Jesus answered, \u201cThe most important is, \u2018Hear, O Israel: The Lord our God, the Lord is one. [30] And you shall love the Lord your God with all your heart and with all your soul and with all your mind and with all your strength.\u2019 [31] The second is this: \u2018You shall love your neighbor as yourself.\u2019 There is no other commandment greater than these.\u201d [32] And the scribe said to him, \u201cYou are right, Teacher. You have truly said that he is one, and there is no other besides him. [33] And to love him with all the heart and with all the understanding and with all the strength, and to love one\u2019s neighbor as oneself, is much more than all whole burnt offerings and sacrifices.\u201d [34] And when Jesus saw that he answered wisely, he said to him, \u201cYou are not far from the kingdom of God.\u201d And after that no one dared to ask him any more questions.\n\nWhose Son Is the Christ?\n\n  [35] And as Jesus taught in the temple, he said, \u201cHow can the scribes say that the Christ is the son of David? [36] David himself, in the Holy Spirit, declared,\n\n    \u201c\u2018The Lord said to my Lord,\n    \u201cSit at my right hand,\n        until I put your enemies under your feet.\u201d\u2019\n    \n    \n      [37] David himself calls him Lord. So how is he his son?\u201d And the great throng heard him gladly.\n\nBeware of the Scribes\n\n  [38] And in his teaching he said, \u201cBeware of the scribes, who like to walk around in long robes and like greetings in the marketplaces [39] and have the best seats in the synagogues and the places of honor at feasts, [40] who devour widows\u2019 houses and for a pretense make long prayers. They will receive the greater condemnation.\u201d\n\nThe Widow\u2019s Offering\n\n  [41] And he sat down opposite the treasury and watched the people putting money into the offering box. Many rich people put in large sums. [42] And a poor widow came and put in two small copper coins, which make a penny.(6) [43] And he called his disciples to him and said to them, \u201cTruly, I say to you, this poor widow has put in more than all those who are contributing to the offering box. [44] For they all contributed out of their abundance, but she out of her poverty has put in everything she had, all she had to live on.\u201d\n\nFootnotes\n\n(1) 12:2 Or *bondservant*; also verse 4\n\n(2) 12:10 Greek *the head of the corner*\n\n(3) 12:14 Greek *you do not look at people\u2019s faces*\n\n(4) 12:15 A *denarius* was a day\u2019s wage for a laborer\n\n(5) 12:19 Greek *his brother*\n\n(6) 12:42 Greek *two lepta*, which make a *kodrantes*; a *kodrantes* (Latin *quadrans*) was a Roman copper coin worth about 1/64 of a *denarius* (which was a day\u2019s wage for a laborer)\n (ESV)"]}