{"query": "Mark 5", "canonical": "Mark 5", "parsed": [[41005001, 41005043]], "passage_meta": [{"canonical": "Mark 5", "chapter_start": [41005001, 41005043], "chapter_end": [41005001, 41005043], "prev_verse": 41004041, "next_verse": 41006001, "prev_chapter": [41004001, 41004041], "next_chapter": [41006001, 41006056]}], "passages": ["Mark 5\n\nJesus Heals a Man with a Demon\n\n  [1] They came to the other side of the sea, to the country of the Gerasenes.(1) [2] And when Jesus(2) had stepped out of the boat, immediately there met him out of the tombs a man with an unclean spirit. [3] He lived among the tombs. And no one could bind him anymore, not even with a chain, [4] for he had often been bound with shackles and chains, but he wrenched the chains apart, and he broke the shackles in pieces. No one had the strength to subdue him. [5] Night and day among the tombs and on the mountains he was always crying out and cutting himself with stones. [6] And when he saw Jesus from afar, he ran and fell down before him. [7] And crying out with a loud voice, he said, \u201cWhat have you to do with me, Jesus, Son of the Most High God? I adjure you by God, do not torment me.\u201d [8] For he was saying to him, \u201cCome out of the man, you unclean spirit!\u201d [9] And Jesus asked him, \u201cWhat is your name?\u201d He replied, \u201cMy name is Legion, for we are many.\u201d [10] And he begged him earnestly not to send them out of the country. [11] Now a great herd of pigs was feeding there on the hillside, [12] and they begged him, saying, \u201cSend us to the pigs; let us enter them.\u201d [13] So he gave them permission. And the unclean spirits came out and entered the pigs; and the herd, numbering about two thousand, rushed down the steep bank into the sea and drowned in the sea.\n\n  [14] The herdsmen fled and told it in the city and in the country. And people came to see what it was that had happened. [15] And they came to Jesus and saw the demon-possessed(3) man, the one who had had the legion, sitting there, clothed and in his right mind, and they were afraid. [16] And those who had seen it described to them what had happened to the demon-possessed man and to the pigs. [17] And they began to beg Jesus(4) to depart from their region. [18] As he was getting into the boat, the man who had been possessed with demons begged him that he might be with him. [19] And he did not permit him but said to him, \u201cGo home to your friends and tell them how much the Lord has done for you, and how he has had mercy on you.\u201d [20] And he went away and began to proclaim in the Decapolis how much Jesus had done for him, and everyone marveled.\n\nJesus Heals a Woman and Jairus\u2019s Daughter\n\n  [21] And when Jesus had crossed again in the boat to the other side, a great crowd gathered about him, and he was beside the sea. [22] Then came one of the rulers of the synagogue, Jairus by name, and seeing him, he fell at his feet [23] and implored him earnestly, saying, \u201cMy little daughter is at the point of death. Come and lay your hands on her, so that she may be made well and live.\u201d [24] And he went with him.\n\n  And a great crowd followed him and thronged about him. [25] And there was a woman who had had a discharge of blood for twelve years, [26] and who had suffered much under many physicians, and had spent all that she had, and was no better but rather grew worse. [27] She had heard the reports about Jesus and came up behind him in the crowd and touched his garment. [28] For she said, \u201cIf I touch even his garments, I will be made well.\u201d [29] And immediately the flow of blood dried up, and she felt in her body that she was healed of her disease. [30] And Jesus, perceiving in himself that power had gone out from him, immediately turned about in the crowd and said, \u201cWho touched my garments?\u201d [31] And his disciples said to him, \u201cYou see the crowd pressing around you, and yet you say, \u2018Who touched me?\u2019\u201d [32] And he looked around to see who had done it. [33] But the woman, knowing what had happened to her, came in fear and trembling and fell down before him and told him the whole truth. [34] And he said to her, \u201cDaughter, your faith has made you well; go in peace, and be healed of your disease.\u201d\n\n  [35] While he was still speaking, there came from the ruler\u2019s house some who said, \u201cYour daughter is dead. Why trouble the Teacher any further?\u201d [36] But overhearing(5) what they said, Jesus said to the ruler of the synagogue, \u201cDo not fear, only believe.\u201d [37] And he allowed no one to follow him except Peter and James and John the brother of James. [38] They came to the house of the ruler of the synagogue, and Jesus(6) saw a commotion, people weeping and wailing loudly. [39] And when he had entered, he said to them, \u201cWhy are you making a commotion and weeping? The child is not dead but sleeping.\u201d [40] And they laughed at him. But he put them all outside and took the child\u2019s father and mother and those who were with him and went in where the child was. [41] Taking her by the hand he said to her, \u201cTalitha cumi,\u201d which means, \u201cLittle girl, I say to you, arise.\u201d [42] And immediately the girl got up and began walking (for she was twelve years of age), and they were immediately overcome with amazement. [43] And he strictly charged them that no one should know this, and told them to give her something to eat.\n\nFootnotes\n\n(1) 5:1 Some manuscripts *Gergesenes*; some *Gadarenes*\n\n(2) 5:2 Greek *he*; also verse 9\n\n(3) 5:15 Greek *daimonizomai* (demonized); also verses 16, 18; elsewhere rendered *oppressed by demons*\n\n(4) 5:17 Greek *him*\n\n(5) 5:36 Or *ignoring*; some manuscripts *hearing*\n\n(6) 5:38 Greek *he*\n (ESV)"]}