{"query": "Mark 1", "canonical": "Mark 1", "parsed": [[41001001, 41001045]], "passage_meta": [{"canonical": "Mark 1", "chapter_start": [41001001, 41001045], "chapter_end": [41001001, 41001045], "prev_verse": 40028020, "next_verse": 41002001, "prev_chapter": [40028001, 40028020], "next_chapter": [41002001, 41002028]}], "passages": ["Mark 1\n\nJohn the Baptist Prepares the Way\n\n  [1] The beginning of the gospel of Jesus Christ, the Son of God.(1)\n\n  [2] As it is written in Isaiah the prophet,(2)\n\n    \u201cBehold, I send my messenger before your face,\n        who will prepare your way,\n    [3] the voice of one crying in the wilderness:\n        \u2018Prepare(3) the way of the Lord,\n        make his paths straight,\u2019\u201d\n    \n    \n      [4] John appeared, baptizing in the wilderness and proclaiming a baptism of repentance for the forgiveness of sins. [5] And all the country of Judea and all Jerusalem were going out to him and were being baptized by him in the river Jordan, confessing their sins. [6] Now John was clothed with camel\u2019s hair and wore a leather belt around his waist and ate locusts and wild honey. [7] And he preached, saying, \u201cAfter me comes he who is mightier than I, the strap of whose sandals I am not worthy to stoop down and untie. [8] I have baptized you with water, but he will baptize you with the Holy Spirit.\u201d\n\nThe Baptism of Jesus\n\n  [9] In those days Jesus came from Nazareth of Galilee and was baptized by John in the Jordan. [10] And when he came up out of the water, immediately he saw the heavens being torn open and the Spirit descending on him like a dove. [11] And a voice came from heaven, \u201cYou are my beloved Son;(4) with you I am well pleased.\u201d\n\nThe Temptation of Jesus\n\n  [12] The Spirit immediately drove him out into the wilderness. [13] And he was in the wilderness forty days, being tempted by Satan. And he was with the wild animals, and the angels were ministering to him.\n\nJesus Begins His Ministry\n\n  [14] Now after John was arrested, Jesus came into Galilee, proclaiming the gospel of God, [15] and saying, \u201cThe time is fulfilled, and the kingdom of God is at hand;(5) repent and believe in the gospel.\u201d\n\nJesus Calls the First Disciples\n\n  [16] Passing alongside the Sea of Galilee, he saw Simon and Andrew the brother of Simon casting a net into the sea, for they were fishermen. [17] And Jesus said to them, \u201cFollow me, and I will make you become fishers of men.\u201d(6) [18] And immediately they left their nets and followed him. [19] And going on a little farther, he saw James the son of Zebedee and John his brother, who were in their boat mending the nets. [20] And immediately he called them, and they left their father Zebedee in the boat with the hired servants and followed him.\n\nJesus Heals a Man with an Unclean Spirit\n\n  [21] And they went into Capernaum, and immediately on the Sabbath he entered the synagogue and was teaching. [22] And they were astonished at his teaching, for he taught them as one who had authority, and not as the scribes. [23] And immediately there was in their synagogue a man with an unclean spirit. And he cried out, [24] \u201cWhat have you to do with us, Jesus of Nazareth? Have you come to destroy us? I know who you are\u2014the Holy One of God.\u201d [25] But Jesus rebuked him, saying, \u201cBe silent, and come out of him!\u201d [26] And the unclean spirit, convulsing him and crying out with a loud voice, came out of him. [27] And they were all amazed, so that they questioned among themselves, saying, \u201cWhat is this? A new teaching with authority! He commands even the unclean spirits, and they obey him.\u201d [28] And at once his fame spread everywhere throughout all the surrounding region of Galilee.\n\nJesus Heals Many\n\n  [29] And immediately he(7) left the synagogue and entered the house of Simon and Andrew, with James and John. [30] Now Simon\u2019s mother-in-law lay ill with a fever, and immediately they told him about her. [31] And he came and took her by the hand and lifted her up, and the fever left her, and she began to serve them.\n\n  [32] That evening at sundown they brought to him all who were sick or oppressed by demons. [33] And the whole city was gathered together at the door. [34] And he healed many who were sick with various diseases, and cast out many demons. And he would not permit the demons to speak, because they knew him.\n\nJesus Preaches in Galilee\n\n  [35] And rising very early in the morning, while it was still dark, he departed and went out to a desolate place, and there he prayed. [36] And Simon and those who were with him searched for him, [37] and they found him and said to him, \u201cEveryone is looking for you.\u201d [38] And he said to them, \u201cLet us go on to the next towns, that I may preach there also, for that is why I came out.\u201d [39] And he went throughout all Galilee, preaching in their synagogues and casting out demons.\n\nJesus Cleanses a Leper\n\n  [40] And a leper(8) came to him, imploring him, and kneeling said to him, \u201cIf you will, you can make me clean.\u201d [41] Moved with pity, he stretched out his hand and touched him and said to him, \u201cI will; be clean.\u201d [42] And immediately the leprosy left him, and he was made clean. [43] And Jesus(9) sternly charged him and sent him away at once, [44] and said to him, \u201cSee that you say nothing to anyone, but go, show yourself to the priest and offer for your cleansing what Moses commanded, for a proof to them.\u201d [45] But he went out and began to talk freely about it, and to spread the news, so that Jesus could no longer openly enter a town, but was out in desolate places, and people were coming to him from every quarter.\n\nFootnotes\n\n(1) 1:1 Some manuscripts omit *the Son of God*\n\n(2) 1:2 Some manuscripts *in the prophets*\n\n(3) 1:3 Or *crying: Prepare in the wilderness*\n\n(4) 1:11 Or *my Son, my* (or *the*) *Beloved*\n\n(5) 1:15 Or *the kingdom of God has come near*\n\n(6) 1:17 The Greek word *anthropoi* refers here to both men and women\n\n(7) 1:29 Some manuscripts *they*\n\n(8) 1:40 *Leprosy* was a term for several skin diseases; see Leviticus 13\n\n(9) 1:43 Greek *he*; also verse 45\n (ESV)"]}