{"query": "Mark 11", "canonical": "Mark 11", "parsed": [[41011001, 41011033]], "passage_meta": [{"canonical": "Mark 11", "chapter_start": [41011001, 41011033], "chapter_end": [41011001, 41011033], "prev_verse": 41010052, "next_verse": 41012001, "prev_chapter": [41010001, 41010052], "next_chapter": [41012001, 41012044]}], "passages": ["Mark 11\n\nThe Triumphal Entry\n\n  [1] Now when they drew near to Jerusalem, to Bethphage and Bethany, at the Mount of Olives, Jesus(1) sent two of his disciples [2] and said to them, \u201cGo into the village in front of you, and immediately as you enter it you will find a colt tied, on which no one has ever sat. Untie it and bring it. [3] If anyone says to you, \u2018Why are you doing this?\u2019 say, \u2018The Lord has need of it and will send it back here immediately.\u2019\u201d [4] And they went away and found a colt tied at a door outside in the street, and they untied it. [5] And some of those standing there said to them, \u201cWhat are you doing, untying the colt?\u201d [6] And they told them what Jesus had said, and they let them go. [7] And they brought the colt to Jesus and threw their cloaks on it, and he sat on it. [8] And many spread their cloaks on the road, and others spread leafy branches that they had cut from the fields. [9] And those who went before and those who followed were shouting, \u201cHosanna! Blessed is he who comes in the name of the Lord! [10] Blessed is the coming kingdom of our father David! Hosanna in the highest!\u201d\n\n  [11] And he entered Jerusalem and went into the temple. And when he had looked around at everything, as it was already late, he went out to Bethany with the twelve.\n\nJesus Curses the Fig Tree\n\n  [12] On the following day, when they came from Bethany, he was hungry. [13] And seeing in the distance a fig tree in leaf, he went to see if he could find anything on it. When he came to it, he found nothing but leaves, for it was not the season for figs. [14] And he said to it, \u201cMay no one ever eat fruit from you again.\u201d And his disciples heard it.\n\nJesus Cleanses the Temple\n\n  [15] And they came to Jerusalem. And he entered the temple and began to drive out those who sold and those who bought in the temple, and he overturned the tables of the money-changers and the seats of those who sold pigeons. [16] And he would not allow anyone to carry anything through the temple. [17] And he was teaching them and saying to them, \u201cIs it not written, \u2018My house shall be called a house of prayer for all the nations\u2019? But you have made it a den of robbers.\u201d [18] And the chief priests and the scribes heard it and were seeking a way to destroy him, for they feared him, because all the crowd was astonished at his teaching. [19] And when evening came they(2) went out of the city.\n\nThe Lesson from the Withered Fig Tree\n\n  [20] As they passed by in the morning, they saw the fig tree withered away to its roots. [21] And Peter remembered and said to him, \u201cRabbi, look! The fig tree that you cursed has withered.\u201d [22] And Jesus answered them, \u201cHave faith in God. [23] Truly, I say to you, whoever says to this mountain, \u2018Be taken up and thrown into the sea,\u2019 and does not doubt in his heart, but believes that what he says will come to pass, it will be done for him. [24] Therefore I tell you, whatever you ask in prayer, believe that you have received(3) it, and it will be yours. [25] And whenever you stand praying, forgive, if you have anything against anyone, so that your Father also who is in heaven may forgive you your trespasses.\u201d(4)\n\nThe Authority of Jesus Challenged\n\n  [27] And they came again to Jerusalem. And as he was walking in the temple, the chief priests and the scribes and the elders came to him, [28] and they said to him, \u201cBy what authority are you doing these things, or who gave you this authority to do them?\u201d [29] Jesus said to them, \u201cI will ask you one question; answer me, and I will tell you by what authority I do these things. [30] Was the baptism of John from heaven or from man? Answer me.\u201d [31] And they discussed it with one another, saying, \u201cIf we say, \u2018From heaven,\u2019 he will say, \u2018Why then did you not believe him?\u2019 [32] But shall we say, \u2018From man\u2019?\u201d\u2014they were afraid of the people, for they all held that John really was a prophet. [33] So they answered Jesus, \u201cWe do not know.\u201d And Jesus said to them, \u201cNeither will I tell you by what authority I do these things.\u201d\n\nFootnotes\n\n(1) 11:1 Greek *he*\n\n(2) 11:19 Some manuscripts *he*\n\n(3) 11:24 Some manuscripts *are receiving*\n\n(4) 11:25 Some manuscripts add verse 26: *But if you do not forgive, neither will your Father who is in heaven forgive your trespasses*\n (ESV)"]}