{"query": "Mark 15", "canonical": "Mark 15", "parsed": [[41015001, 41015047]], "passage_meta": [{"canonical": "Mark 15", "chapter_start": [41015001, 41015047], "chapter_end": [41015001, 41015047], "prev_verse": 41014072, "next_verse": 41016001, "prev_chapter": [41014001, 41014072], "next_chapter": [41016001, 41016020]}], "passages": ["Mark 15\n\nJesus Delivered to Pilate\n\n  [1] And as soon as it was morning, the chief priests held a consultation with the elders and scribes and the whole council. And they bound Jesus and led him away and delivered him over to Pilate. [2] And Pilate asked him, \u201cAre you the King of the Jews?\u201d And he answered him, \u201cYou have said so.\u201d [3] And the chief priests accused him of many things. [4] And Pilate again asked him, \u201cHave you no answer to make? See how many charges they bring against you.\u201d [5] But Jesus made no further answer, so that Pilate was amazed.\n\nPilate Delivers Jesus to Be Crucified\n\n  [6] Now at the feast he used to release for them one prisoner for whom they asked. [7] And among the rebels in prison, who had committed murder in the insurrection, there was a man called Barabbas. [8] And the crowd came up and began to ask Pilate to do as he usually did for them. [9] And he answered them, saying, \u201cDo you want me to release for you the King of the Jews?\u201d [10] For he perceived that it was out of envy that the chief priests had delivered him up. [11] But the chief priests stirred up the crowd to have him release for them Barabbas instead. [12] And Pilate again said to them, \u201cThen what shall I do with the man you call the King of the Jews?\u201d [13] And they cried out again, \u201cCrucify him.\u201d [14] And Pilate said to them, \u201cWhy? What evil has he done?\u201d But they shouted all the more, \u201cCrucify him.\u201d [15] So Pilate, wishing to satisfy the crowd, released for them Barabbas, and having scourged(1) Jesus, he delivered him to be crucified.\n\nJesus Is Mocked\n\n  [16] And the soldiers led him away inside the palace (that is, the governor\u2019s headquarters),(2) and they called together the whole battalion.(3) [17] And they clothed him in a purple cloak, and twisting together a crown of thorns, they put it on him. [18] And they began to salute him, \u201cHail, King of the Jews!\u201d [19] And they were striking his head with a reed and spitting on him and kneeling down in homage to him. [20] And when they had mocked him, they stripped him of the purple cloak and put his own clothes on him. And they led him out to crucify him.\n\nThe Crucifixion\n\n  [21] And they compelled a passerby, Simon of Cyrene, who was coming in from the country, the father of Alexander and Rufus, to carry his cross. [22] And they brought him to the place called Golgotha (which means Place of a Skull). [23] And they offered him wine mixed with myrrh, but he did not take it. [24] And they crucified him and divided his garments among them, casting lots for them, to decide what each should take. [25] And it was the third hour(4) when they crucified him. [26] And the inscription of the charge against him read, \u201cThe King of the Jews.\u201d [27] And with him they crucified two robbers, one on his right and one on his left.(5) [29] And those who passed by derided him, wagging their heads and saying, \u201cAha! You who would destroy the temple and rebuild it in three days, [30] save yourself, and come down from the cross!\u201d [31] So also the chief priests with the scribes mocked him to one another, saying, \u201cHe saved others; he cannot save himself. [32] Let the Christ, the King of Israel, come down now from the cross that we may see and believe.\u201d Those who were crucified with him also reviled him.\n\nThe Death of Jesus\n\n  [33] And when the sixth hour(6) had come, there was darkness over the whole land until the ninth hour.(7) [34] And at the ninth hour Jesus cried with a loud voice, \u201cEloi, Eloi, lema sabachthani?\u201d which means, \u201cMy God, my God, why have you forsaken me?\u201d [35] And some of the bystanders hearing it said, \u201cBehold, he is calling Elijah.\u201d [36] And someone ran and filled a sponge with sour wine, put it on a reed and gave it to him to drink, saying, \u201cWait, let us see whether Elijah will come to take him down.\u201d [37] And Jesus uttered a loud cry and breathed his last. [38] And the curtain of the temple was torn in two, from top to bottom. [39] And when the centurion, who stood facing him, saw that in this way he(8) breathed his last, he said, \u201cTruly this man was the Son(9) of God!\u201d\n\n  [40] There were also women looking on from a distance, among whom were Mary Magdalene, and Mary the mother of James the younger and of Joses, and Salome. [41] When he was in Galilee, they followed him and ministered to him, and there were also many other women who came up with him to Jerusalem.\n\nJesus Is Buried\n\n  [42] And when evening had come, since it was the day of Preparation, that is, the day before the Sabbath, [43] Joseph of Arimathea, a respected member of the council, who was also himself looking for the kingdom of God, took courage and went to Pilate and asked for the body of Jesus. [44] Pilate was surprised to hear that he should have already died.(10) And summoning the centurion, he asked him whether he was already dead. [45] And when he learned from the centurion that he was dead, he granted the corpse to Joseph. [46] And Joseph(11) bought a linen shroud, and taking him down, wrapped him in the linen shroud and laid him in a tomb that had been cut out of the rock. And he rolled a stone against the entrance of the tomb. [47] Mary Magdalene and Mary the mother of Joses saw where he was laid.\n\nFootnotes\n\n(1) 15:15 A Roman judicial penalty, consisting of a severe beating with a multi-lashed whip containing embedded pieces of bone and metal\n\n(2) 15:16 Greek *the praetorium*\n\n(3) 15:16 Greek *cohort*; a tenth of a Roman legion, usually about 600 men\n\n(4) 15:25 That is, 9 a.m.\n\n(5) 15:27 Some manuscripts insert verse 28: *And the Scripture was fulfilled that says, \u201cHe was numbered with the transgressors\u201d*\n\n(6) 15:33 That is, noon\n\n(7) 15:33 That is, 3 p.m.\n\n(8) 15:39 Some manuscripts insert *cried out and*\n\n(9) 15:39 Or *a son*\n\n(10) 15:44 Or *Pilate wondered whether he had already died*\n\n(11) 15:46 Greek *he*\n (ESV)"]}