{"query": "Mark 7", "canonical": "Mark 7", "parsed": [[41007001, 41007037]], "passage_meta": [{"canonical": "Mark 7", "chapter_start": [41007001, 41007037], "chapter_end": [41007001, 41007037], "prev_verse": 41006056, "next_verse": 41008001, "prev_chapter": [41006001, 41006056], "next_chapter": [41008001, 41008038]}], "passages": ["Mark 7\n\nTraditions and Commandments\n\n  [1] Now when the Pharisees gathered to him, with some of the scribes who had come from Jerusalem, [2] they saw that some of his disciples ate with hands that were defiled, that is, unwashed. [3] (For the Pharisees and all the Jews do not eat unless they wash their hands properly,(1) holding to the tradition of the elders, [4] and when they come from the marketplace, they do not eat unless they wash.(2) And there are many other traditions that they observe, such as the washing of cups and pots and copper vessels and dining couches.(3)) [5] And the Pharisees and the scribes asked him, \u201cWhy do your disciples not walk according to the tradition of the elders, but eat with defiled hands?\u201d [6] And he said to them, \u201cWell did Isaiah prophesy of you hypocrites, as it is written,\n\n    \u201c\u2018This people honors me with their lips,\n        but their heart is far from me;\n    [7] in vain do they worship me,\n        teaching as doctrines the commandments of men.\u2019\n    \n    \n      [8] You leave the commandment of God and hold to the tradition of men.\u201d\n\n  [9] And he said to them, \u201cYou have a fine way of rejecting the commandment of God in order to establish your tradition! [10] For Moses said, \u2018Honor your father and your mother\u2019; and, \u2018Whoever reviles father or mother must surely die.\u2019 [11] But you say, \u2018If a man tells his father or his mother, \u201cWhatever you would have gained from me is Corban\u201d\u2019 (that is, given to God)(4)\u2014[12] then you no longer permit him to do anything for his father or mother, [13] thus making void the word of God by your tradition that you have handed down. And many such things you do.\u201d\n\nWhat Defiles a Person\n\n  [14] And he called the people to him again and said to them, \u201cHear me, all of you, and understand: [15] There is nothing outside a person that by going into him can defile him, but the things that come out of a person are what defile him.\u201d(5) [17] And when he had entered the house and left the people, his disciples asked him about the parable. [18] And he said to them, \u201cThen are you also without understanding? Do you not see that whatever goes into a person from outside cannot defile him, [19] since it enters not his heart but his stomach, and is expelled?\u201d(6) (Thus he declared all foods clean.) [20] And he said, \u201cWhat comes out of a person is what defiles him. [21] For from within, out of the heart of man, come evil thoughts, sexual immorality, theft, murder, adultery, [22] coveting, wickedness, deceit, sensuality, envy, slander, pride, foolishness. [23] All these evil things come from within, and they defile a person.\u201d\n\nThe Syrophoenician Woman\u2019s Faith\n\n  [24] And from there he arose and went away to the region of Tyre and Sidon.(7) And he entered a house and did not want anyone to know, yet he could not be hidden. [25] But immediately a woman whose little daughter had an unclean spirit heard of him and came and fell down at his feet. [26] Now the woman was a Gentile, a Syrophoenician by birth. And she begged him to cast the demon out of her daughter. [27] And he said to her, \u201cLet the children be fed first, for it is not right to take the children\u2019s bread and throw it to the dogs.\u201d [28] But she answered him, \u201cYes, Lord; yet even the dogs under the table eat the children\u2019s crumbs.\u201d [29] And he said to her, \u201cFor this statement you may go your way; the demon has left your daughter.\u201d [30] And she went home and found the child lying in bed and the demon gone.\n\nJesus Heals a Deaf Man\n\n  [31] Then he returned from the region of Tyre and went through Sidon to the Sea of Galilee, in the region of the Decapolis. [32] And they brought to him a man who was deaf and had a speech impediment, and they begged him to lay his hand on him. [33] And taking him aside from the crowd privately, he put his fingers into his ears, and after spitting touched his tongue. [34] And looking up to heaven, he sighed and said to him, \u201cEphphatha,\u201d that is, \u201cBe opened.\u201d [35] And his ears were opened, his tongue was released, and he spoke plainly. [36] And Jesus(8) charged them to tell no one. But the more he charged them, the more zealously they proclaimed it. [37] And they were astonished beyond measure, saying, \u201cHe has done all things well. He even makes the deaf hear and the mute speak.\u201d\n\nFootnotes\n\n(1) 7:3 Greek *unless they wash the hands with a fist*, probably indicating a kind of ceremonial washing\n\n(2) 7:4 Greek *unless they baptize*; some manuscripts *unless they purify themselves*\n\n(3) 7:4 Some manuscripts omit *and dining couches*\n\n(4) 7:11 Or *an offering*\n\n(5) 7:15 Some manuscripts add verse 16: *If anyone has ears to hear, let him hear*\n\n(6) 7:19 Greek *goes out into the latrine*\n\n(7) 7:24 Some manuscripts omit *and Sidon*\n\n(8) 7:36 Greek *he*\n (ESV)"]}