{"query": "Mark 2", "canonical": "Mark 2", "parsed": [[41002001, 41002028]], "passage_meta": [{"canonical": "Mark 2", "chapter_start": [41002001, 41002028], "chapter_end": [41002001, 41002028], "prev_verse": 41001045, "next_verse": 41003001, "prev_chapter": [41001001, 41001045], "next_chapter": [41003001, 41003035]}], "passages": ["Mark 2\n\nJesus Heals a Paralytic\n\n  [1] And when he returned to Capernaum after some days, it was reported that he was at home. [2] And many were gathered together, so that there was no more room, not even at the door. And he was preaching the word to them. [3] And they came, bringing to him a paralytic carried by four men. [4] And when they could not get near him because of the crowd, they removed the roof above him, and when they had made an opening, they let down the bed on which the paralytic lay. [5] And when Jesus saw their faith, he said to the paralytic, \u201cSon, your sins are forgiven.\u201d [6] Now some of the scribes were sitting there, questioning in their hearts, [7] \u201cWhy does this man speak like that? He is blaspheming! Who can forgive sins but God alone?\u201d [8] And immediately Jesus, perceiving in his spirit that they thus questioned within themselves, said to them, \u201cWhy do you question these things in your hearts? [9] Which is easier, to say to the paralytic, \u2018Your sins are forgiven,\u2019 or to say, \u2018Rise, take up your bed and walk\u2019? [10] But that you may know that the Son of Man has authority on earth to forgive sins\u201d\u2014he said to the paralytic\u2014[11] \u201cI say to you, rise, pick up your bed, and go home.\u201d [12] And he rose and immediately picked up his bed and went out before them all, so that they were all amazed and glorified God, saying, \u201cWe never saw anything like this!\u201d\n\nJesus Calls Levi\n\n  [13] He went out again beside the sea, and all the crowd was coming to him, and he was teaching them. [14] And as he passed by, he saw Levi the son of Alphaeus sitting at the tax booth, and he said to him, \u201cFollow me.\u201d And he rose and followed him.\n\n  [15] And as he reclined at table in his house, many tax collectors and sinners were reclining with Jesus and his disciples, for there were many who followed him. [16] And the scribes of(1) the Pharisees, when they saw that he was eating with sinners and tax collectors, said to his disciples, \u201cWhy does he eat(2) with tax collectors and sinners?\u201d [17] And when Jesus heard it, he said to them, \u201cThose who are well have no need of a physician, but those who are sick. I came not to call the righteous, but sinners.\u201d\n\nA Question About Fasting\n\n  [18] Now John\u2019s disciples and the Pharisees were fasting. And people came and said to him, \u201cWhy do John\u2019s disciples and the disciples of the Pharisees fast, but your disciples do not fast?\u201d [19] And Jesus said to them, \u201cCan the wedding guests fast while the bridegroom is with them? As long as they have the bridegroom with them, they cannot fast. [20] The days will come when the bridegroom is taken away from them, and then they will fast in that day. [21] No one sews a piece of unshrunk cloth on an old garment. If he does, the patch tears away from it, the new from the old, and a worse tear is made. [22] And no one puts new wine into old wineskins. If he does, the wine will burst the skins\u2014and the wine is destroyed, and so are the skins. But new wine is for fresh wineskins.\u201d(3)\n\nJesus Is Lord of the Sabbath\n\n  [23] One Sabbath he was going through the grainfields, and as they made their way, his disciples began to pluck heads of grain. [24] And the Pharisees were saying to him, \u201cLook, why are they doing what is not lawful on the Sabbath?\u201d [25] And he said to them, \u201cHave you never read what David did, when he was in need and was hungry, he and those who were with him: [26] how he entered the house of God, in the time of(4) Abiathar the high priest, and ate the bread of the Presence, which it is not lawful for any but the priests to eat, and also gave it to those who were with him?\u201d [27] And he said to them, \u201cThe Sabbath was made for man, not man for the Sabbath. [28] So the Son of Man is lord even of the Sabbath.\u201d\n\nFootnotes\n\n(1) 2:16 Some manuscripts *and*\n\n(2) 2:16 Some manuscripts add *and drink*\n\n(3) 2:22 Some manuscripts omit *But new wine is for fresh wineskins*\n\n(4) 2:26 Or *in the passage about*\n (ESV)"]}