{"query": "Philippians 1", "canonical": "Philippians 1", "parsed": [[50001001, 50001030]], "passage_meta": [{"canonical": "Philippians 1", "chapter_start": [50001001, 50001030], "chapter_end": [50001001, 50001030], "prev_verse": 49006024, "next_verse": 50002001, "prev_chapter": [49006001, 49006024], "next_chapter": [50002001, 50002030]}], "passages": ["Philippians 1\n\nGreeting\n\n  [1] Paul and Timothy, servants(1) of Christ Jesus,\n\n  To all the saints in Christ Jesus who are at Philippi, with the overseers(2) and deacons:(3)\n\n  [2] Grace to you and peace from God our Father and the Lord Jesus Christ.\n\nThanksgiving and Prayer\n\n  [3] I thank my God in all my remembrance of you, [4] always in every prayer of mine for you all making my prayer with joy, [5] because of your partnership in the gospel from the first day until now. [6] And I am sure of this, that he who began a good work in you will bring it to completion at the day of Jesus Christ. [7] It is right for me to feel this way about you all, because I hold you in my heart, for you are all partakers with me of grace,(4) both in my imprisonment and in the defense and confirmation of the gospel. [8] For God is my witness, how I yearn for you all with the affection of Christ Jesus. [9] And it is my prayer that your love may abound more and more, with knowledge and all discernment, [10] so that you may approve what is excellent, and so be pure and blameless for the day of Christ, [11] filled with the fruit of righteousness that comes through Jesus Christ, to the glory and praise of God.\n\nThe Advance of the Gospel\n\n  [12] I want you to know, brothers,(5) that what has happened to me has really served to advance the gospel, [13] so that it has become known throughout the whole imperial guard(6) and to all the rest that my imprisonment is for Christ. [14] And most of the brothers, having become confident in the Lord by my imprisonment, are much more bold to speak the word(7) without fear.\n\n  [15] Some indeed preach Christ from envy and rivalry, but others from good will. [16] The latter do it out of love, knowing that I am put here for the defense of the gospel. [17] The former proclaim Christ out of selfish ambition, not sincerely but thinking to afflict me in my imprisonment. [18] What then? Only that in every way, whether in pretense or in truth, Christ is proclaimed, and in that I rejoice.\n\nTo Live Is Christ\n\n  Yes, and I will rejoice, [19] for I know that through your prayers and the help of the Spirit of Jesus Christ this will turn out for my deliverance, [20] as it is my eager expectation and hope that I will not be at all ashamed, but that with full courage now as always Christ will be honored in my body, whether by life or by death. [21] For to me to live is Christ, and to die is gain. [22] If I am to live in the flesh, that means fruitful labor for me. Yet which I shall choose I cannot tell. [23] I am hard pressed between the two. My desire is to depart and be with Christ, for that is far better. [24] But to remain in the flesh is more necessary on your account. [25] Convinced of this, I know that I will remain and continue with you all, for your progress and joy in the faith, [26] so that in me you may have ample cause to glory in Christ Jesus, because of my coming to you again.\n\n  [27] Only let your manner of life be worthy(8) of the gospel of Christ, so that whether I come and see you or am absent, I may hear of you that you are standing firm in one spirit, with one mind striving side by side for the faith of the gospel, [28] and not frightened in anything by your opponents. This is a clear sign to them of their destruction, but of your salvation, and that from God. [29] For it has been granted to you that for the sake of Christ you should not only believe in him but also suffer for his sake, [30] engaged in the same conflict that you saw I had and now hear that I still have.\n\nFootnotes\n\n(1) 1:1 For the contextual rendering of the Greek word *doulos*, see Preface\n\n(2) 1:1 Or *bishops*; Greek *episkopoi*\n\n(3) 1:1 Or *servants*, or *ministers*; Greek *diakonoi*\n\n(4) 1:7 Or *you all have fellowship with me in grace*\n\n(5) 1:12 Or *brothers and sisters*. In New Testament usage, depending on the context, the plural Greek word *adelphoi* (translated \u201cbrothers\u201d) may refer either to *brothers* or to *brothers and sisters*; also verse 14\n\n(6) 1:13 Greek *in the whole praetorium*\n\n(7) 1:14 Some manuscripts add *of God*\n\n(8) 1:27 Greek *Only behave as citizens worthy*\n (ESV)"]}