{"query": "Philippians 4", "canonical": "Philippians 4", "parsed": [[50004001, 50004023]], "passage_meta": [{"canonical": "Philippians 4", "chapter_start": [50004001, 50004023], "chapter_end": [50004001, 50004023], "prev_verse": 50003021, "next_verse": 51001001, "prev_chapter": [50003001, 50003021], "next_chapter": [51001001, 51001029]}], "passages": ["Philippians 4\n\n  [1] Therefore, my brothers,(1) whom I love and long for, my joy and crown, stand firm thus in the Lord, my beloved.\n\nExhortation, Encouragement, and Prayer\n\n  [2] I entreat Euodia and I entreat Syntyche to agree in the Lord. [3] Yes, I ask you also, true companion,(2) help these women, who have labored(3) side by side with me in the gospel together with Clement and the rest of my fellow workers, whose names are in the book of life.\n\n  [4] Rejoice in the Lord always; again I will say, rejoice. [5] Let your reasonableness(4) be known to everyone. The Lord is at hand; [6] do not be anxious about anything, but in everything by prayer and supplication with thanksgiving let your requests be made known to God. [7] And the peace of God, which surpasses all understanding, will guard your hearts and your minds in Christ Jesus.\n\n  [8] Finally, brothers, whatever is true, whatever is honorable, whatever is just, whatever is pure, whatever is lovely, whatever is commendable, if there is any excellence, if there is anything worthy of praise, think about these things. [9] What you have learned(5) and received and heard and seen in me\u2014practice these things, and the God of peace will be with you.\n\nGod\u2019s Provision\n\n  [10] I rejoiced in the Lord greatly that now at length you have revived your concern for me. You were indeed concerned for me, but you had no opportunity. [11] Not that I am speaking of being in need, for I have learned in whatever situation I am to be content. [12] I know how to be brought low, and I know how to abound. In any and every circumstance, I have learned the secret of facing plenty and hunger, abundance and need. [13] I can do all things through him who strengthens me.\n\n  [14] Yet it was kind of you to share(6) my trouble. [15] And you Philippians yourselves know that in the beginning of the gospel, when I left Macedonia, no church entered into partnership with me in giving and receiving, except you only. [16] Even in Thessalonica you sent me help for my needs once and again. [17] Not that I seek the gift, but I seek the fruit that increases to your credit.(7) [18] I have received full payment, and more. I am well supplied, having received from Epaphroditus the gifts you sent, a fragrant offering, a sacrifice acceptable and pleasing to God. [19] And my God will supply every need of yours according to his riches in glory in Christ Jesus. [20] To our God and Father be glory forever and ever. Amen.\n\nFinal Greetings\n\n  [21] Greet every saint in Christ Jesus. The brothers who are with me greet you. [22] All the saints greet you, especially those of Caesar\u2019s household.\n\n  [23] The grace of the Lord Jesus Christ be with your spirit.\n\nFootnotes\n\n(1) 4:1 Or *brothers and sisters*; also verses 8, 21\n\n(2) 4:3 Or *loyal Syzygus*; Greek *true yokefellow*\n\n(3) 4:3 Or *strived* (see 1:27)\n\n(4) 4:5 Or *gentleness*\n\n(5) 4:9 Or *these things\u2014 [9] which things you have also learned*\n\n(6) 4:14 Or *have fellowship in*\n\n(7) 4:17 Or *I seek the profit that accrues to your account*\n (ESV)"]}