{"query": "Revelation 14", "canonical": "Revelation 14", "parsed": [[66014001, 66014020]], "passage_meta": [{"canonical": "Revelation 14", "chapter_start": [66014001, 66014020], "chapter_end": [66014001, 66014020], "prev_verse": 66013018, "next_verse": 66015001, "prev_chapter": [66013001, 66013018], "next_chapter": [66015001, 66015008]}], "passages": ["Revelation 14\n\nThe Lamb and the 144,000\n\n  [1] Then I looked, and behold, on Mount Zion stood the Lamb, and with him 144,000 who had his name and his Father\u2019s name written on their foreheads. [2] And I heard a voice from heaven like the roar of many waters and like the sound of loud thunder. The voice I heard was like the sound of harpists playing on their harps, [3] and they were singing a new song before the throne and before the four living creatures and before the elders. No one could learn that song except the 144,000 who had been redeemed from the earth. [4] It is these who have not defiled themselves with women, for they are virgins. It is these who follow the Lamb wherever he goes. These have been redeemed from mankind as firstfruits for God and the Lamb, [5] and in their mouth no lie was found, for they are blameless.\n\nThe Messages of the Three Angels\n\n  [6] Then I saw another angel flying directly overhead, with an eternal gospel to proclaim to those who dwell on earth, to every nation and tribe and language and people. [7] And he said with a loud voice, \u201cFear God and give him glory, because the hour of his judgment has come, and worship him who made heaven and earth, the sea and the springs of water.\u201d\n\n  [8] Another angel, a second, followed, saying, \u201cFallen, fallen is Babylon the great, she who made all nations drink the wine of the passion(1) of her sexual immorality.\u201d\n\n  [9] And another angel, a third, followed them, saying with a loud voice, \u201cIf anyone worships the beast and its image and receives a mark on his forehead or on his hand, [10] he also will drink the wine of God\u2019s wrath, poured full strength into the cup of his anger, and he will be tormented with fire and sulfur in the presence of the holy angels and in the presence of the Lamb. [11] And the smoke of their torment goes up forever and ever, and they have no rest, day or night, these worshipers of the beast and its image, and whoever receives the mark of its name.\u201d\n\n  [12] Here is a call for the endurance of the saints, those who keep the commandments of God and their faith in Jesus.(2)\n\n  [13] And I heard a voice from heaven saying, \u201cWrite this: Blessed are the dead who die in the Lord from now on.\u201d \u201cBlessed indeed,\u201d says the Spirit, \u201cthat they may rest from their labors, for their deeds follow them!\u201d\n\nThe Harvest of the Earth\n\n  [14] Then I looked, and behold, a white cloud, and seated on the cloud one like a son of man, with a golden crown on his head, and a sharp sickle in his hand. [15] And another angel came out of the temple, calling with a loud voice to him who sat on the cloud, \u201cPut in your sickle, and reap, for the hour to reap has come, for the harvest of the earth is fully ripe.\u201d [16] So he who sat on the cloud swung his sickle across the earth, and the earth was reaped.\n\n  [17] Then another angel came out of the temple in heaven, and he too had a sharp sickle. [18] And another angel came out from the altar, the angel who has authority over the fire, and he called with a loud voice to the one who had the sharp sickle, \u201cPut in your sickle and gather the clusters from the vine of the earth, for its grapes are ripe.\u201d [19] So the angel swung his sickle across the earth and gathered the grape harvest of the earth and threw it into the great winepress of the wrath of God. [20] And the winepress was trodden outside the city, and blood flowed from the winepress, as high as a horse\u2019s bridle, for 1,600 stadia.(3)\n\nFootnotes\n\n(1) 14:8 Or *wrath*\n\n(2) 14:12 Greek *and the faith of Jesus*\n\n(3) 14:20 About 184 miles; a *stadion* was about 607 feet or 185 meters\n (ESV)"]}