{"query": "Revelation 17", "canonical": "Revelation 17", "parsed": [[66017001, 66017018]], "passage_meta": [{"canonical": "Revelation 17", "chapter_start": [66017001, 66017018], "chapter_end": [66017001, 66017018], "prev_verse": 66016021, "next_verse": 66018001, "prev_chapter": [66016001, 66016021], "next_chapter": [66018001, 66018024]}], "passages": ["Revelation 17\n\nThe Great Prostitute and the Beast\n\n  [1] Then one of the seven angels who had the seven bowls came and said to me, \u201cCome, I will show you the judgment of the great prostitute who is seated on many waters, [2] with whom the kings of the earth have committed sexual immorality, and with the wine of whose sexual immorality the dwellers on earth have become drunk.\u201d [3] And he carried me away in the Spirit into a wilderness, and I saw a woman sitting on a scarlet beast that was full of blasphemous names, and it had seven heads and ten horns. [4] The woman was arrayed in purple and scarlet, and adorned with gold and jewels and pearls, holding in her hand a golden cup full of abominations and the impurities of her sexual immorality. [5] And on her forehead was written a name of mystery: \u201cBabylon the great, mother of prostitutes and of earth\u2019s abominations.\u201d [6] And I saw the woman, drunk with the blood of the saints, the blood of the martyrs of Jesus.(1)\n\n  When I saw her, I marveled greatly. [7] But the angel said to me, \u201cWhy do you marvel? I will tell you the mystery of the woman, and of the beast with seven heads and ten horns that carries her. [8] The beast that you saw was, and is not, and is about to rise from the bottomless pit(2) and go to destruction. And the dwellers on earth whose names have not been written in the book of life from the foundation of the world will marvel to see the beast, because it was and is not and is to come. [9] This calls for a mind with wisdom: the seven heads are seven mountains on which the woman is seated; [10] they are also seven kings, five of whom have fallen, one is, the other has not yet come, and when he does come he must remain only a little while. [11] As for the beast that was and is not, it is an eighth but it belongs to the seven, and it goes to destruction. [12] And the ten horns that you saw are ten kings who have not yet received royal power, but they are to receive authority as kings for one hour, together with the beast. [13] These are of one mind, and they hand over their power and authority to the beast. [14] They will make war on the Lamb, and the Lamb will conquer them, for he is Lord of lords and King of kings, and those with him are called and chosen and faithful.\u201d\n\n  [15] And the angel(3) said to me, \u201cThe waters that you saw, where the prostitute is seated, are peoples and multitudes and nations and languages. [16] And the ten horns that you saw, they and the beast will hate the prostitute. They will make her desolate and naked, and devour her flesh and burn her up with fire, [17] for God has put it into their hearts to carry out his purpose by being of one mind and handing over their royal power to the beast, until the words of God are fulfilled. [18] And the woman that you saw is the great city that has dominion over the kings of the earth.\u201d\n\nFootnotes\n\n(1) 17:6 Greek *the witnesses to Jesus*\n\n(2) 17:8 Greek *the abyss*\n\n(3) 17:15 Greek *he*\n (ESV)"]}