{"query": "Revelation 13", "canonical": "Revelation 13", "parsed": [[66013001, 66013018]], "passage_meta": [{"canonical": "Revelation 13", "chapter_start": [66013001, 66013018], "chapter_end": [66013001, 66013018], "prev_verse": 66012017, "next_verse": 66014001, "prev_chapter": [66012001, 66012017], "next_chapter": [66014001, 66014020]}], "passages": ["Revelation 13\n\nThe First Beast\n\n  [1] And I saw a beast rising out of the sea, with ten horns and seven heads, with ten diadems on its horns and blasphemous names on its heads. [2] And the beast that I saw was like a leopard; its feet were like a bear\u2019s, and its mouth was like a lion\u2019s mouth. And to it the dragon gave his power and his throne and great authority. [3] One of its heads seemed to have a mortal wound, but its mortal wound was healed, and the whole earth marveled as they followed the beast. [4] And they worshiped the dragon, for he had given his authority to the beast, and they worshiped the beast, saying, \u201cWho is like the beast, and who can fight against it?\u201d\n\n  [5] And the beast was given a mouth uttering haughty and blasphemous words, and it was allowed to exercise authority for forty-two months. [6] It opened its mouth to utter blasphemies against God, blaspheming his name and his dwelling,(1) that is, those who dwell in heaven. [7] Also it was allowed to make war on the saints and to conquer them.(2) And authority was given it over every tribe and people and language and nation, [8] and all who dwell on earth will worship it, everyone whose name has not been written before the foundation of the world in the book of life of the Lamb who was slain. [9] If anyone has an ear, let him hear:\n\n    [10] If anyone is to be taken captive,\n        to captivity he goes;\n    if anyone is to be slain with the sword,\n        with the sword must he be slain.\n    \n    \n      Here is a call for the endurance and faith of the saints.\n\nThe Second Beast\n\n  [11] Then I saw another beast rising out of the earth. It had two horns like a lamb and it spoke like a dragon. [12] It exercises all the authority of the first beast in its presence,(3) and makes the earth and its inhabitants worship the first beast, whose mortal wound was healed. [13] It performs great signs, even making fire come down from heaven to earth in front of people, [14] and by the signs that it is allowed to work in the presence of(4) the beast it deceives those who dwell on earth, telling them to make an image for the beast that was wounded by the sword and yet lived. [15] And it was allowed to give breath to the image of the beast, so that the image of the beast might even speak and might cause those who would not worship the image of the beast to be slain. [16] Also it causes all, both small and great, both rich and poor, both free and slave,(5) to be marked on the right hand or the forehead, [17] so that no one can buy or sell unless he has the mark, that is, the name of the beast or the number of its name. [18] This calls for wisdom: let the one who has understanding calculate the number of the beast, for it is the number of a man, and his number is 666.(6)\n\nFootnotes\n\n(1) 13:6 Or *tabernacle*\n\n(2) 13:7 Some manuscripts omit this sentence\n\n(3) 13:12 Or *on its behalf*\n\n(4) 13:14 Or *on behalf of*\n\n(5) 13:16 For the contextual rendering of the Greek word *doulos*, see Preface\n\n(6) 13:18 Some manuscripts *616*\n (ESV)"]}