{"query": "Revelation 8", "canonical": "Revelation 8", "parsed": [[66008001, 66008013]], "passage_meta": [{"canonical": "Revelation 8", "chapter_start": [66008001, 66008013], "chapter_end": [66008001, 66008013], "prev_verse": 66007017, "next_verse": 66009001, "prev_chapter": [66007001, 66007017], "next_chapter": [66009001, 66009021]}], "passages": ["Revelation 8\n\nThe Seventh Seal and the Golden Censer\n\n  [1] When the Lamb opened the seventh seal, there was silence in heaven for about half an hour. [2] Then I saw the seven angels who stand before God, and seven trumpets were given to them. [3] And another angel came and stood at the altar with a golden censer, and he was given much incense to offer with the prayers of all the saints on the golden altar before the throne, [4] and the smoke of the incense, with the prayers of the saints, rose before God from the hand of the angel. [5] Then the angel took the censer and filled it with fire from the altar and threw it on the earth, and there were peals of thunder, rumblings,(1) flashes of lightning, and an earthquake.\n\nThe Seven Trumpets\n\n  [6] Now the seven angels who had the seven trumpets prepared to blow them.\n\n  [7] The first angel blew his trumpet, and there followed hail and fire, mixed with blood, and these were thrown upon the earth. And a third of the earth was burned up, and a third of the trees were burned up, and all green grass was burned up.\n\n  [8] The second angel blew his trumpet, and something like a great mountain, burning with fire, was thrown into the sea, and a third of the sea became blood. [9] A third of the living creatures in the sea died, and a third of the ships were destroyed.\n\n  [10] The third angel blew his trumpet, and a great star fell from heaven, blazing like a torch, and it fell on a third of the rivers and on the springs of water. [11] The name of the star is Wormwood.(2) A third of the waters became wormwood, and many people died from the water, because it had been made bitter.\n\n  [12] The fourth angel blew his trumpet, and a third of the sun was struck, and a third of the moon, and a third of the stars, so that a third of their light might be darkened, and a third of the day might be kept from shining, and likewise a third of the night.\n\n  [13] Then I looked, and I heard an eagle crying with a loud voice as it flew directly overhead, \u201cWoe, woe, woe to those who dwell on the earth, at the blasts of the other trumpets that the three angels are about to blow!\u201d\n\nFootnotes\n\n(1) 8:5 Or *voices*, or *sounds*\n\n(2) 8:11 *Wormwood* is the name of a plant and of the bitter-tasting extract derived from it\n (ESV)"]}