{"query": "Revelation 16", "canonical": "Revelation 16", "parsed": [[66016001, 66016021]], "passage_meta": [{"canonical": "Revelation 16", "chapter_start": [66016001, 66016021], "chapter_end": [66016001, 66016021], "prev_verse": 66015008, "next_verse": 66017001, "prev_chapter": [66015001, 66015008], "next_chapter": [66017001, 66017018]}], "passages": ["Revelation 16\n\nThe Seven Bowls of God\u2019s Wrath\n\n  [1] Then I heard a loud voice from the temple telling the seven angels, \u201cGo and pour out on the earth the seven bowls of the wrath of God.\u201d\n\n  [2] So the first angel went and poured out his bowl on the earth, and harmful and painful sores came upon the people who bore the mark of the beast and worshiped its image.\n\n  [3] The second angel poured out his bowl into the sea, and it became like the blood of a corpse, and every living thing died that was in the sea.\n\n  [4] The third angel poured out his bowl into the rivers and the springs of water, and they became blood. [5] And I heard the angel in charge of the waters(1) say,\n\n    \u201cJust are you, O Holy One, who is and who was,\n        for you brought these judgments.\n    [6] For they have shed the blood of saints and prophets,\n        and you have given them blood to drink.\n    It is what they deserve!\u201d\n    \n    \n      [7] And I heard the altar saying,\n\n    \u201cYes, Lord God the Almighty,\n        true and just are your judgments!\u201d\n    \n    \n      [8] The fourth angel poured out his bowl on the sun, and it was allowed to scorch people with fire. [9] They were scorched by the fierce heat, and they cursed(2) the name of God who had power over these plagues. They did not repent and give him glory.\n\n  [10] The fifth angel poured out his bowl on the throne of the beast, and its kingdom was plunged into darkness. People gnawed their tongues in anguish [11] and cursed the God of heaven for their pain and sores. They did not repent of their deeds.\n\n  [12] The sixth angel poured out his bowl on the great river Euphrates, and its water was dried up, to prepare the way for the kings from the east. [13] And I saw, coming out of the mouth of the dragon and out of the mouth of the beast and out of the mouth of the false prophet, three unclean spirits like frogs. [14] For they are demonic spirits, performing signs, who go abroad to the kings of the whole world, to assemble them for battle on the great day of God the Almighty. [15] (\u201cBehold, I am coming like a thief! Blessed is the one who stays awake, keeping his garments on, that he may not go about naked and be seen exposed!\u201d) [16] And they assembled them at the place that in Hebrew is called Armageddon.\n\nThe Seventh Bowl\n\n  [17] The seventh angel poured out his bowl into the air, and a loud voice came out of the temple, from the throne, saying, \u201cIt is done!\u201d [18] And there were flashes of lightning, rumblings,(3) peals of thunder, and a great earthquake such as there had never been since man was on the earth, so great was that earthquake. [19] The great city was split into three parts, and the cities of the nations fell, and God remembered Babylon the great, to make her drain the cup of the wine of the fury of his wrath. [20] And every island fled away, and no mountains were to be found. [21] And great hailstones, about one hundred pounds(4) each, fell from heaven on people; and they cursed God for the plague of the hail, because the plague was so severe.\n\nFootnotes\n\n(1) 16:5 Greek *angel of the waters*\n\n(2) 16:9 Greek *blasphemed*; also verses 11, 21\n\n(3) 16:18 Or *voices*, or *sounds*\n\n(4) 16:21 Greek *a talent in weight*\n (ESV)"]}