{"query": "Romans 13", "canonical": "Romans 13", "parsed": [[45013001, 45013014]], "passage_meta": [{"canonical": "Romans 13", "chapter_start": [45013001, 45013014], "chapter_end": [45013001, 45013014], "prev_verse": 45012021, "next_verse": 45014001, "prev_chapter": [45012001, 45012021], "next_chapter": [45014001, 45014023]}], "passages": ["Romans 13\n\nSubmission to the Authorities\n\n  [1] Let every person be subject to the governing authorities. For there is no authority except from God, and those that exist have been instituted by God. [2] Therefore whoever resists the authorities resists what God has appointed, and those who resist will incur judgment. [3] For rulers are not a terror to good conduct, but to bad. Would you have no fear of the one who is in authority? Then do what is good, and you will receive his approval, [4] for he is God\u2019s servant for your good. But if you do wrong, be afraid, for he does not bear the sword in vain. For he is the servant of God, an avenger who carries out God\u2019s wrath on the wrongdoer. [5] Therefore one must be in subjection, not only to avoid God\u2019s wrath but also for the sake of conscience. [6] For because of this you also pay taxes, for the authorities are ministers of God, attending to this very thing. [7] Pay to all what is owed to them: taxes to whom taxes are owed, revenue to whom revenue is owed, respect to whom respect is owed, honor to whom honor is owed.\n\nFulfilling the Law Through Love\n\n  [8] Owe no one anything, except to love each other, for the one who loves another has fulfilled the law. [9] For the commandments, \u201cYou shall not commit adultery, You shall not murder, You shall not steal, You shall not covet,\u201d and any other commandment, are summed up in this word: \u201cYou shall love your neighbor as yourself.\u201d [10] Love does no wrong to a neighbor; therefore love is the fulfilling of the law.\n\n  [11] Besides this you know the time, that the hour has come for you to wake from sleep. For salvation is nearer to us now than when we first believed. [12] The night is far gone; the day is at hand. So then let us cast off the works of darkness and put on the armor of light. [13] Let us walk properly as in the daytime, not in orgies and drunkenness, not in sexual immorality and sensuality, not in quarreling and jealousy. [14] But put on the Lord Jesus Christ, and make no provision for the flesh, to gratify its desires. (ESV)"]}