{"query": "Romans 10", "canonical": "Romans 10", "parsed": [[45010001, 45010021]], "passage_meta": [{"canonical": "Romans 10", "chapter_start": [45010001, 45010021], "chapter_end": [45010001, 45010021], "prev_verse": 45009033, "next_verse": 45011001, "prev_chapter": [45009001, 45009033], "next_chapter": [45011001, 45011036]}], "passages": ["Romans 10\n\n  [1] Brothers,(1) my heart\u2019s desire and prayer to God for them is that they may be saved. [2] For I bear them witness that they have a zeal for God, but not according to knowledge. [3] For, being ignorant of the righteousness of God, and seeking to establish their own, they did not submit to God\u2019s righteousness. [4] For Christ is the end of the law for righteousness to everyone who believes.(2)\n\nThe Message of Salvation to All\n\n  [5] For Moses writes about the righteousness that is based on the law, that the person who does the commandments shall live by them. [6] But the righteousness based on faith says, \u201cDo not say in your heart, \u2018Who will ascend into heaven?\u2019\u201d (that is, to bring Christ down) [7] \u201cor \u2018Who will descend into the abyss?\u2019\u201d (that is, to bring Christ up from the dead). [8] But what does it say? \u201cThe word is near you, in your mouth and in your heart\u201d (that is, the word of faith that we proclaim); [9] because, if you confess with your mouth that Jesus is Lord and believe in your heart that God raised him from the dead, you will be saved. [10] For with the heart one believes and is justified, and with the mouth one confesses and is saved. [11] For the Scripture says, \u201cEveryone who believes in him will not be put to shame.\u201d [12] For there is no distinction between Jew and Greek; for the same Lord is Lord of all, bestowing his riches on all who call on him. [13] For \u201ceveryone who calls on the name of the Lord will be saved.\u201d\n\n  [14] How then will they call on him in whom they have not believed? And how are they to believe in him of whom they have never heard?(3) And how are they to hear without someone preaching? [15] And how are they to preach unless they are sent? As it is written, \u201cHow beautiful are the feet of those who preach the good news!\u201d [16] But they have not all obeyed the gospel. For Isaiah says, \u201cLord, who has believed what he has heard from us?\u201d [17] So faith comes from hearing, and hearing through the word of Christ.\n\n  [18] But I ask, have they not heard? Indeed they have, for\n\n    \u201cTheir voice has gone out to all the earth,\n        and their words to the ends of the world.\u201d\n    \n    \n      [19] But I ask, did Israel not understand? First Moses says,\n\n    \u201cI will make you jealous of those who are not a nation;\n        with a foolish nation I will make you angry.\u201d\n    \n    \n      [20] Then Isaiah is so bold as to say,\n\n    \u201cI have been found by those who did not seek me;\n        I have shown myself to those who did not ask for me.\u201d\n    \n    \n      [21] But of Israel he says, \u201cAll day long I have held out my hands to a disobedient and contrary people.\u201d\n\nFootnotes\n\n(1) 10:1 Or *Brothers and sisters*\n\n(2) 10:4 Or *end of the law, that everyone who believes may be justified*\n\n(3) 10:14 Or *him whom they have never heard*\n (ESV)"]}