{"query": "Romans 1", "canonical": "Romans 1", "parsed": [[45001001, 45001032]], "passage_meta": [{"canonical": "Romans 1", "chapter_start": [45001001, 45001032], "chapter_end": [45001001, 45001032], "prev_verse": 44028031, "next_verse": 45002001, "prev_chapter": [44028001, 44028031], "next_chapter": [45002001, 45002029]}], "passages": ["Romans 1\n\nGreeting\n\n  [1] Paul, a servant(1) of Christ Jesus, called to be an apostle, set apart for the gospel of God, [2] which he promised beforehand through his prophets in the holy Scriptures, [3] concerning his Son, who was descended from David(2) according to the flesh [4] and was declared to be the Son of God in power according to the Spirit of holiness by his resurrection from the dead, Jesus Christ our Lord, [5] through whom we have received grace and apostleship to bring about the obedience of faith for the sake of his name among all the nations, [6] including you who are called to belong to Jesus Christ,\n\n  [7] To all those in Rome who are loved by God and called to be saints:\n\n  Grace to you and peace from God our Father and the Lord Jesus Christ.\n\nLonging to Go to Rome\n\n  [8] First, I thank my God through Jesus Christ for all of you, because your faith is proclaimed in all the world. [9] For God is my witness, whom I serve with my spirit in the gospel of his Son, that without ceasing I mention you [10] always in my prayers, asking that somehow by God\u2019s will I may now at last succeed in coming to you. [11] For I long to see you, that I may impart to you some spiritual gift to strengthen you\u2014[12] that is, that we may be mutually encouraged by each other\u2019s faith, both yours and mine. [13] I do not want you to be unaware, brothers,(3) that I have often intended to come to you (but thus far have been prevented), in order that I may reap some harvest among you as well as among the rest of the Gentiles. [14] I am under obligation both to Greeks and to barbarians,(4) both to the wise and to the foolish. [15] So I am eager to preach the gospel to you also who are in Rome.\n\nThe Righteous Shall Live by Faith\n\n  [16] For I am not ashamed of the gospel, for it is the power of God for salvation to everyone who believes, to the Jew first and also to the Greek. [17] For in it the righteousness of God is revealed from faith for faith,(5) as it is written, \u201cThe righteous shall live by faith.\u201d(6)\n\nGod\u2019s Wrath on Unrighteousness\n\n  [18] For the wrath of God is revealed from heaven against all ungodliness and unrighteousness of men, who by their unrighteousness suppress the truth. [19] For what can be known about God is plain to them, because God has shown it to them. [20] For his invisible attributes, namely, his eternal power and divine nature, have been clearly perceived, ever since the creation of the world,(7) in the things that have been made. So they are without excuse. [21] For although they knew God, they did not honor him as God or give thanks to him, but they became futile in their thinking, and their foolish hearts were darkened. [22] Claiming to be wise, they became fools, [23] and exchanged the glory of the immortal God for images resembling mortal man and birds and animals and creeping things.\n\n  [24] Therefore God gave them up in the lusts of their hearts to impurity, to the dishonoring of their bodies among themselves, [25] because they exchanged the truth about God for a lie and worshiped and served the creature rather than the Creator, who is blessed forever! Amen.\n\n  [26] For this reason God gave them up to dishonorable passions. For their women exchanged natural relations for those that are contrary to nature; [27] and the men likewise gave up natural relations with women and were consumed with passion for one another, men committing shameless acts with men and receiving in themselves the due penalty for their error.\n\n  [28] And since they did not see fit to acknowledge God, God gave them up to a debased mind to do what ought not to be done. [29] They were filled with all manner of unrighteousness, evil, covetousness, malice. They are full of envy, murder, strife, deceit, maliciousness. They are gossips, [30] slanderers, haters of God, insolent, haughty, boastful, inventors of evil, disobedient to parents, [31] foolish, faithless, heartless, ruthless. [32] Though they know God\u2019s righteous decree that those who practice such things deserve to die, they not only do them but give approval to those who practice them.\n\nFootnotes\n\n(1) 1:1 For the contextual rendering of the Greek word *doulos*, see Preface\n\n(2) 1:3 Or *who came from the offspring of David*\n\n(3) 1:13 Or *brothers and sisters*. In New Testament usage, depending on the context, the plural Greek word *adelphoi* (translated \u201cbrothers\u201d) may refer either to *brothers* or to *brothers and sisters*\n\n(4) 1:14 That is, non-Greeks\n\n(5) 1:17 Or *beginning and ending in faith*\n\n(6) 1:17 Or *The one who by faith is righteous shall live*\n\n(7) 1:20 Or *clearly perceived from the creation of the world*\n (ESV)"]}