{"query": "Romans 15", "canonical": "Romans 15", "parsed": [[45015001, 45015033]], "passage_meta": [{"canonical": "Romans 15", "chapter_start": [45015001, 45015033], "chapter_end": [45015001, 45015033], "prev_verse": 45014023, "next_verse": 45016001, "prev_chapter": [45014001, 45014023], "next_chapter": [45016001, 45016027]}], "passages": ["Romans 15\n\nThe Example of Christ\n\n  [1] We who are strong have an obligation to bear with the failings of the weak, and not to please ourselves. [2] Let each of us please his neighbor for his good, to build him up. [3] For Christ did not please himself, but as it is written, \u201cThe reproaches of those who reproached you fell on me.\u201d [4] For whatever was written in former days was written for our instruction, that through endurance and through the encouragement of the Scriptures we might have hope. [5] May the God of endurance and encouragement grant you to live in such harmony with one another, in accord with Christ Jesus, [6] that together you may with one voice glorify the God and Father of our Lord Jesus Christ. [7] Therefore welcome one another as Christ has welcomed you, for the glory of God.\n\nChrist the Hope of Jews and Gentiles\n\n  [8] For I tell you that Christ became a servant to the circumcised to show God\u2019s truthfulness, in order to confirm the promises given to the patriarchs, [9] and in order that the Gentiles might glorify God for his mercy. As it is written,\n\n    \u201cTherefore I will praise you among the Gentiles,\n        and sing to your name.\u201d\n    \n    \n      [10] And again it is said,\n\n    \u201cRejoice, O Gentiles, with his people.\u201d\n    \n    \n      [11] And again,\n\n    \u201cPraise the Lord, all you Gentiles,\n        and let all the peoples extol him.\u201d\n    \n    \n      [12] And again Isaiah says,\n\n    \u201cThe root of Jesse will come,\n        even he who arises to rule the Gentiles;\n    in him will the Gentiles hope.\u201d\n    \n    \n      [13] May the God of hope fill you with all joy and peace in believing, so that by the power of the Holy Spirit you may abound in hope.\n\nPaul the Minister to the Gentiles\n\n  [14] I myself am satisfied about you, my brothers,(1) that you yourselves are full of goodness, filled with all knowledge and able to instruct one another. [15] But on some points I have written to you very boldly by way of reminder, because of the grace given me by God [16] to be a minister of Christ Jesus to the Gentiles in the priestly service of the gospel of God, so that the offering of the Gentiles may be acceptable, sanctified by the Holy Spirit. [17] In Christ Jesus, then, I have reason to be proud of my work for God. [18] For I will not venture to speak of anything except what Christ has accomplished through me to bring the Gentiles to obedience\u2014by word and deed, [19] by the power of signs and wonders, by the power of the Spirit of God\u2014so that from Jerusalem and all the way around to Illyricum I have fulfilled the ministry of the gospel of Christ; [20] and thus I make it my ambition to preach the gospel, not where Christ has already been named, lest I build on someone else\u2019s foundation, [21] but as it is written,\n\n    \u201cThose who have never been told of him will see,\n        and those who have never heard will understand.\u201d\n    \n    \n    Paul\u2019s Plan to Visit Rome\n\n  [22] This is the reason why I have so often been hindered from coming to you. [23] But now, since I no longer have any room for work in these regions, and since I have longed for many years to come to you, [24] I hope to see you in passing as I go to Spain, and to be helped on my journey there by you, once I have enjoyed your company for a while. [25] At present, however, I am going to Jerusalem bringing aid to the saints. [26] For Macedonia and Achaia have been pleased to make some contribution for the poor among the saints at Jerusalem. [27] For they were pleased to do it, and indeed they owe it to them. For if the Gentiles have come to share in their spiritual blessings, they ought also to be of service to them in material blessings. [28] When therefore I have completed this and have delivered to them what has been collected,(2) I will leave for Spain by way of you. [29] I know that when I come to you I will come in the fullness of the blessing(3) of Christ.\n\n  [30] I appeal to you, brothers, by our Lord Jesus Christ and by the love of the Spirit, to strive together with me in your prayers to God on my behalf, [31] that I may be delivered from the unbelievers in Judea, and that my service for Jerusalem may be acceptable to the saints, [32] so that by God\u2019s will I may come to you with joy and be refreshed in your company. [33] May the God of peace be with you all. Amen.\n\nFootnotes\n\n(1) 15:14 Or *brothers and sisters*; also verse 30\n\n(2) 15:28 Greek *sealed to them this fruit*\n\n(3) 15:29 Some manuscripts insert *of the gospel*\n (ESV)"]}