{"query": "Romans 8", "canonical": "Romans 8", "parsed": [[45008001, 45008039]], "passage_meta": [{"canonical": "Romans 8", "chapter_start": [45008001, 45008039], "chapter_end": [45008001, 45008039], "prev_verse": 45007025, "next_verse": 45009001, "prev_chapter": [45007001, 45007025], "next_chapter": [45009001, 45009033]}], "passages": ["Romans 8\n\nLife in the Spirit\n\n  [1] There is therefore now no condemnation for those who are in Christ Jesus.(1) [2] For the law of the Spirit of life has set you(2) free in Christ Jesus from the law of sin and death. [3] For God has done what the law, weakened by the flesh, could not do. By sending his own Son in the likeness of sinful flesh and for sin,(3) he condemned sin in the flesh, [4] in order that the righteous requirement of the law might be fulfilled in us, who walk not according to the flesh but according to the Spirit. [5] For those who live according to the flesh set their minds on the things of the flesh, but those who live according to the Spirit set their minds on the things of the Spirit. [6] For to set the mind on the flesh is death, but to set the mind on the Spirit is life and peace. [7] For the mind that is set on the flesh is hostile to God, for it does not submit to God\u2019s law; indeed, it cannot. [8] Those who are in the flesh cannot please God.\n\n  [9] You, however, are not in the flesh but in the Spirit, if in fact the Spirit of God dwells in you. Anyone who does not have the Spirit of Christ does not belong to him. [10] But if Christ is in you, although the body is dead because of sin, the Spirit is life because of righteousness. [11] If the Spirit of him who raised Jesus from the dead dwells in you, he who raised Christ Jesus(4) from the dead will also give life to your mortal bodies through his Spirit who dwells in you.\n\nHeirs with Christ\n\n  [12] So then, brothers,(5) we are debtors, not to the flesh, to live according to the flesh. [13] For if you live according to the flesh you will die, but if by the Spirit you put to death the deeds of the body, you will live. [14] For all who are led by the Spirit of God are sons(6) of God. [15] For you did not receive the spirit of slavery to fall back into fear, but you have received the Spirit of adoption as sons, by whom we cry, \u201cAbba! Father!\u201d [16] The Spirit himself bears witness with our spirit that we are children of God, [17] and if children, then heirs\u2014heirs of God and fellow heirs with Christ, provided we suffer with him in order that we may also be glorified with him.\n\nFuture Glory\n\n  [18] For I consider that the sufferings of this present time are not worth comparing with the glory that is to be revealed to us. [19] For the creation waits with eager longing for the revealing of the sons of God. [20] For the creation was subjected to futility, not willingly, but because of him who subjected it, in hope [21] that the creation itself will be set free from its bondage to corruption and obtain the freedom of the glory of the children of God. [22] For we know that the whole creation has been groaning together in the pains of childbirth until now. [23] And not only the creation, but we ourselves, who have the firstfruits of the Spirit, groan inwardly as we wait eagerly for adoption as sons, the redemption of our bodies. [24] For in this hope we were saved. Now hope that is seen is not hope. For who hopes for what he sees? [25] But if we hope for what we do not see, we wait for it with patience.\n\n  [26] Likewise the Spirit helps us in our weakness. For we do not know what to pray for as we ought, but the Spirit himself intercedes for us with groanings too deep for words. [27] And he who searches hearts knows what is the mind of the Spirit, because(7) the Spirit intercedes for the saints according to the will of God. [28] And we know that for those who love God all things work together for good,(8) for those who are called according to his purpose. [29] For those whom he foreknew he also predestined to be conformed to the image of his Son, in order that he might be the firstborn among many brothers. [30] And those whom he predestined he also called, and those whom he called he also justified, and those whom he justified he also glorified.\n\nGod\u2019s Everlasting Love\n\n  [31] What then shall we say to these things? If God is for us, who can be(9) against us? [32] He who did not spare his own Son but gave him up for us all, how will he not also with him graciously give us all things? [33] Who shall bring any charge against God\u2019s elect? It is God who justifies. [34] Who is to condemn? Christ Jesus is the one who died\u2014more than that, who was raised\u2014who is at the right hand of God, who indeed is interceding for us.(10) [35] Who shall separate us from the love of Christ? Shall tribulation, or distress, or persecution, or famine, or nakedness, or danger, or sword? [36] As it is written,\n\n    \u201cFor your sake we are being killed all the day long;\n        we are regarded as sheep to be slaughtered.\u201d\n    \n    \n      [37] No, in all these things we are more than conquerors through him who loved us. [38] For I am sure that neither death nor life, nor angels nor rulers, nor things present nor things to come, nor powers, [39] nor height nor depth, nor anything else in all creation, will be able to separate us from the love of God in Christ Jesus our Lord.\n\nFootnotes\n\n(1) 8:1 Some manuscripts add *who walk not according to the flesh (but according to the Spirit)*\n\n(2) 8:2 Some manuscripts *me*\n\n(3) 8:3 Or *and as a sin offering*\n\n(4) 8:11 Some manuscripts lack *Jesus*\n\n(5) 8:12 Or *brothers and sisters*; also verse 29\n\n(6) 8:14 See discussion on \u201csons\u201d in the Preface\n\n(7) 8:27 Or *that*\n\n(8) 8:28 Some manuscripts *God works all things together for good*, or *God works in all things for the good*\n\n(9) 8:31 Or *who is*\n\n(10) 8:34 Or *Is it Christ Jesus who died\u00a0.\u00a0.\u00a0. for us?*\n (ESV)"]}