{"query": "Romans 7", "canonical": "Romans 7", "parsed": [[45007001, 45007025]], "passage_meta": [{"canonical": "Romans 7", "chapter_start": [45007001, 45007025], "chapter_end": [45007001, 45007025], "prev_verse": 45006023, "next_verse": 45008001, "prev_chapter": [45006001, 45006023], "next_chapter": [45008001, 45008039]}], "passages": ["Romans 7\n\nReleased from the Law\n\n  [1] Or do you not know, brothers(1)\u2014for I am speaking to those who know the law\u2014that the law is binding on a person only as long as he lives? [2] For a married woman is bound by law to her husband while he lives, but if her husband dies she is released from the law of marriage.(2) [3] Accordingly, she will be called an adulteress if she lives with another man while her husband is alive. But if her husband dies, she is free from that law, and if she marries another man she is not an adulteress.\n\n  [4] Likewise, my brothers, you also have died to the law through the body of Christ, so that you may belong to another, to him who has been raised from the dead, in order that we may bear fruit for God. [5] For while we were living in the flesh, our sinful passions, aroused by the law, were at work in our members to bear fruit for death. [6] But now we are released from the law, having died to that which held us captive, so that we serve in the new way of the Spirit and not in the old way of the written code.(3)\n\nThe Law and Sin\n\n  [7] What then shall we say? That the law is sin? By no means! Yet if it had not been for the law, I would not have known sin. For I would not have known what it is to covet if the law had not said, \u201cYou shall not covet.\u201d [8] But sin, seizing an opportunity through the commandment, produced in me all kinds of covetousness. For apart from the law, sin lies dead. [9] I was once alive apart from the law, but when the commandment came, sin came alive and I died. [10] The very commandment that promised life proved to be death to me. [11] For sin, seizing an opportunity through the commandment, deceived me and through it killed me. [12] So the law is holy, and the commandment is holy and righteous and good.\n\n  [13] Did that which is good, then, bring death to me? By no means! It was sin, producing death in me through what is good, in order that sin might be shown to be sin, and through the commandment might become sinful beyond measure. [14] For we know that the law is spiritual, but I am of the flesh, sold under sin. [15] For I do not understand my own actions. For I do not do what I want, but I do the very thing I hate. [16] Now if I do what I do not want, I agree with the law, that it is good. [17] So now it is no longer I who do it, but sin that dwells within me. [18] For I know that nothing good dwells in me, that is, in my flesh. For I have the desire to do what is right, but not the ability to carry it out. [19] For I do not do the good I want, but the evil I do not want is what I keep on doing. [20] Now if I do what I do not want, it is no longer I who do it, but sin that dwells within me.\n\n  [21] So I find it to be a law that when I want to do right, evil lies close at hand. [22] For I delight in the law of God, in my inner being, [23] but I see in my members another law waging war against the law of my mind and making me captive to the law of sin that dwells in my members. [24] Wretched man that I am! Who will deliver me from this body of death? [25] Thanks be to God through Jesus Christ our Lord! So then, I myself serve the law of God with my mind, but with my flesh I serve the law of sin.\n\nFootnotes\n\n(1) 7:1 Or *brothers and sisters*; also verse 4\n\n(2) 7:2 Greek *law concerning the husband*\n\n(3) 7:6 Greek *of the letter*\n (ESV)"]}