{"query": "Romans 4", "canonical": "Romans 4", "parsed": [[45004001, 45004025]], "passage_meta": [{"canonical": "Romans 4", "chapter_start": [45004001, 45004025], "chapter_end": [45004001, 45004025], "prev_verse": 45003031, "next_verse": 45005001, "prev_chapter": [45003001, 45003031], "next_chapter": [45005001, 45005021]}], "passages": ["Romans 4\n\nAbraham Justified by Faith\n\n  [1] What then shall we say was gained by Abraham, our forefather according to the flesh? [2] For if Abraham was justified by works, he has something to boast about, but not before God. [3] For what does the Scripture say? \u201cAbraham believed God, and it was counted to him as righteousness.\u201d [4] Now to the one who works, his wages are not counted as a gift but as his due. [5] And to the one who does not work but believes in(1) him who justifies the ungodly, his faith is counted as righteousness, [6] just as David also speaks of the blessing of the one to whom God counts righteousness apart from works:\n\n    [7] \u201cBlessed are those whose lawless deeds are forgiven,\n        and whose sins are covered;\n    [8] blessed is the man against whom the Lord will not count his sin.\u201d\n    \n    \n      [9] Is this blessing then only for the circumcised, or also for the uncircumcised? For we say that faith was counted to Abraham as righteousness. [10] How then was it counted to him? Was it before or after he had been circumcised? It was not after, but before he was circumcised. [11] He received the sign of circumcision as a seal of the righteousness that he had by faith while he was still uncircumcised. The purpose was to make him the father of all who believe without being circumcised, so that righteousness would be counted to them as well, [12] and to make him the father of the circumcised who are not merely circumcised but who also walk in the footsteps of the faith that our father Abraham had before he was circumcised.\n\nThe Promise Realized Through Faith\n\n  [13] For the promise to Abraham and his offspring that he would be heir of the world did not come through the law but through the righteousness of faith. [14] For if it is the adherents of the law who are to be the heirs, faith is null and the promise is void. [15] For the law brings wrath, but where there is no law there is no transgression.\n\n  [16] That is why it depends on faith, in order that the promise may rest on grace and be guaranteed to all his offspring\u2014not only to the adherent of the law but also to the one who shares the faith of Abraham, who is the father of us all, [17] as it is written, \u201cI have made you the father of many nations\u201d\u2014in the presence of the God in whom he believed, who gives life to the dead and calls into existence the things that do not exist. [18] In hope he believed against hope, that he should become the father of many nations, as he had been told, \u201cSo shall your offspring be.\u201d [19] He did not weaken in faith when he considered his own body, which was as good as dead (since he was about a hundred years old), or when he considered the barrenness(2) of Sarah\u2019s womb. [20] No unbelief made him waver concerning the promise of God, but he grew strong in his faith as he gave glory to God, [21] fully convinced that God was able to do what he had promised. [22] That is why his faith was \u201ccounted to him as righteousness.\u201d [23] But the words \u201cit was counted to him\u201d were not written for his sake alone, [24] but for ours also. It will be counted to us who believe in him who raised from the dead Jesus our Lord, [25] who was delivered up for our trespasses and raised for our justification.\n\nFootnotes\n\n(1) 4:5 Or *but trusts*; compare verse 24\n\n(2) 4:19 Greek *deadness*\n (ESV)"]}