{"query": "Romans 16", "canonical": "Romans 16", "parsed": [[45016001, 45016027]], "passage_meta": [{"canonical": "Romans 16", "chapter_start": [45016001, 45016027], "chapter_end": [45016001, 45016027], "prev_verse": 45015033, "next_verse": 46001001, "prev_chapter": [45015001, 45015033], "next_chapter": [46001001, 46001031]}], "passages": ["Romans 16\n\nPersonal Greetings\n\n  [1] I commend to you our sister Phoebe, a servant(1) of the church at Cenchreae, [2] that you may welcome her in the Lord in a way worthy of the saints, and help her in whatever she may need from you, for she has been a patron of many and of myself as well.\n\n  [3] Greet Prisca and Aquila, my fellow workers in Christ Jesus, [4] who risked their necks for my life, to whom not only I give thanks but all the churches of the Gentiles give thanks as well. [5] Greet also the church in their house. Greet my beloved Epaenetus, who was the first convert(2) to Christ in Asia. [6] Greet Mary, who has worked hard for you. [7] Greet Andronicus and Junia,(3) my kinsmen and my fellow prisoners. They are well known to the apostles,(4) and they were in Christ before me. [8] Greet Ampliatus, my beloved in the Lord. [9] Greet Urbanus, our fellow worker in Christ, and my beloved Stachys. [10] Greet Apelles, who is approved in Christ. Greet those who belong to the family of Aristobulus. [11] Greet my kinsman Herodion. Greet those in the Lord who belong to the family of Narcissus. [12] Greet those workers in the Lord, Tryphaena and Tryphosa. Greet the beloved Persis, who has worked hard in the Lord. [13] Greet Rufus, chosen in the Lord; also his mother, who has been a mother to me as well. [14] Greet Asyncritus, Phlegon, Hermes, Patrobas, Hermas, and the brothers(5) who are with them. [15] Greet Philologus, Julia, Nereus and his sister, and Olympas, and all the saints who are with them. [16] Greet one another with a holy kiss. All the churches of Christ greet you.\n\nFinal Instructions and Greetings\n\n  [17] I appeal to you, brothers, to watch out for those who cause divisions and create obstacles contrary to the doctrine that you have been taught; avoid them. [18] For such persons do not serve our Lord Christ, but their own appetites,(6) and by smooth talk and flattery they deceive the hearts of the naive. [19] For your obedience is known to all, so that I rejoice over you, but I want you to be wise as to what is good and innocent as to what is evil. [20] The God of peace will soon crush Satan under your feet. The grace of our Lord Jesus Christ be with you.\n\n  [21] Timothy, my fellow worker, greets you; so do Lucius and Jason and Sosipater, my kinsmen.\n\n  [22] I Tertius, who wrote this letter, greet you in the Lord.\n\n  [23] Gaius, who is host to me and to the whole church, greets you. Erastus, the city treasurer, and our brother Quartus, greet you.(7)\n\nDoxology\n\n  [25] Now to him who is able to strengthen you according to my gospel and the preaching of Jesus Christ, according to the revelation of the mystery that was kept secret for long ages [26] but has now been disclosed and through the prophetic writings has been made known to all nations, according to the command of the eternal God, to bring about the obedience of faith\u2014[27] to the only wise God be glory forevermore through Jesus Christ! Amen.\n\nFootnotes\n\n(1) 16:1 Or *deaconess*\n\n(2) 16:5 Greek *firstfruit*\n\n(3) 16:7 Or *Junias*\n\n(4) 16:7 Or *messengers*\n\n(5) 16:14 Or *brothers and sisters*; also verse 17\n\n(6) 16:18 Greek *their own belly*\n\n(7) 16:23 Some manuscripts insert verse 24: *The grace of our Lord Jesus Christ be with you all. Amen*\n (ESV)"]}