{"query": "Romans 3", "canonical": "Romans 3", "parsed": [[45003001, 45003031]], "passage_meta": [{"canonical": "Romans 3", "chapter_start": [45003001, 45003031], "chapter_end": [45003001, 45003031], "prev_verse": 45002029, "next_verse": 45004001, "prev_chapter": [45002001, 45002029], "next_chapter": [45004001, 45004025]}], "passages": ["Romans 3\n\nGod\u2019s Righteousness Upheld\n\n  [1] Then what advantage has the Jew? Or what is the value of circumcision? [2] Much in every way. To begin with, the Jews were entrusted with the oracles of God. [3] What if some were unfaithful? Does their faithlessness nullify the faithfulness of God? [4] By no means! Let God be true though every one were a liar, as it is written,\n\n    \u201cThat you may be justified in your words,\n        and prevail when you are judged.\u201d\n    \n    \n      [5] But if our unrighteousness serves to show the righteousness of God, what shall we say? That God is unrighteous to inflict wrath on us? (I speak in a human way.) [6] By no means! For then how could God judge the world? [7] But if through my lie God\u2019s truth abounds to his glory, why am I still being condemned as a sinner? [8] And why not do evil that good may come?\u2014as some people slanderously charge us with saying. Their condemnation is just.\n\nNo One Is Righteous\n\n  [9] What then? Are we Jews(1) any better off?(2) No, not at all. For we have already charged that all, both Jews and Greeks, are under sin, [10] as it is written:\n\n    \u201cNone is righteous, no, not one;\n    [11]     no one understands;\n        no one seeks for God.\n    [12] All have turned aside; together they have become worthless;\n        no one does good,\n        not even one.\u201d\n    [13] \u201cTheir throat is an open grave;\n        they use their tongues to deceive.\u201d\n    \u201cThe venom of asps is under their lips.\u201d\n    [14]     \u201cTheir mouth is full of curses and bitterness.\u201d\n    [15] \u201cTheir feet are swift to shed blood;\n    [16]     in their paths are ruin and misery,\n    [17] and the way of peace they have not known.\u201d\n    [18]     \u201cThere is no fear of God before their eyes.\u201d\n    \n    \n      [19] Now we know that whatever the law says it speaks to those who are under the law, so that every mouth may be stopped, and the whole world may be held accountable to God. [20] For by works of the law no human being(3) will be justified in his sight, since through the law comes knowledge of sin.\n\nThe Righteousness of God Through Faith\n\n  [21] But now the righteousness of God has been manifested apart from the law, although the Law and the Prophets bear witness to it\u2014[22] the righteousness of God through faith in Jesus Christ for all who believe. For there is no distinction: [23] for all have sinned and fall short of the glory of God, [24] and are justified by his grace as a gift, through the redemption that is in Christ Jesus, [25] whom God put forward as a propitiation by his blood, to be received by faith. This was to show God\u2019s righteousness, because in his divine forbearance he had passed over former sins. [26] It was to show his righteousness at the present time, so that he might be just and the justifier of the one who has faith in Jesus.\n\n  [27] Then what becomes of our boasting? It is excluded. By what kind of law? By a law of works? No, but by the law of faith. [28] For we hold that one is justified by faith apart from works of the law. [29] Or is God the God of Jews only? Is he not the God of Gentiles also? Yes, of Gentiles also, [30] since God is one\u2014who will justify the circumcised by faith and the uncircumcised through faith. [31] Do we then overthrow the law by this faith? By no means! On the contrary, we uphold the law.\n\nFootnotes\n\n(1) 3:9 Greek *Are we*\n\n(2) 3:9 Or *at any disadvantage?*\n\n(3) 3:20 Greek *flesh*\n (ESV)"]}