{"query": "Romans 9", "canonical": "Romans 9", "parsed": [[45009001, 45009033]], "passage_meta": [{"canonical": "Romans 9", "chapter_start": [45009001, 45009033], "chapter_end": [45009001, 45009033], "prev_verse": 45008039, "next_verse": 45010001, "prev_chapter": [45008001, 45008039], "next_chapter": [45010001, 45010021]}], "passages": ["Romans 9\n\nGod\u2019s Sovereign Choice\n\n  [1] I am speaking the truth in Christ\u2014I am not lying; my conscience bears me witness in the Holy Spirit\u2014[2] that I have great sorrow and unceasing anguish in my heart. [3] For I could wish that I myself were accursed and cut off from Christ for the sake of my brothers,(1) my kinsmen according to the flesh. [4] They are Israelites, and to them belong the adoption, the glory, the covenants, the giving of the law, the worship, and the promises. [5] To them belong the patriarchs, and from their race, according to the flesh, is the Christ, who is God over all, blessed forever. Amen.\n\n  [6] But it is not as though the word of God has failed. For not all who are descended from Israel belong to Israel, [7] and not all are children of Abraham because they are his offspring, but \u201cThrough Isaac shall your offspring be named.\u201d [8] This means that it is not the children of the flesh who are the children of God, but the children of the promise are counted as offspring. [9] For this is what the promise said: \u201cAbout this time next year I will return, and Sarah shall have a son.\u201d [10] And not only so, but also when Rebekah had conceived children by one man, our forefather Isaac, [11] though they were not yet born and had done nothing either good or bad\u2014in order that God\u2019s purpose of election might continue, not because of works but because of him who calls\u2014[12] she was told, \u201cThe older will serve the younger.\u201d [13] As it is written, \u201cJacob I loved, but Esau I hated.\u201d\n\n  [14] What shall we say then? Is there injustice on God\u2019s part? By no means! [15] For he says to Moses, \u201cI will have mercy on whom I have mercy, and I will have compassion on whom I have compassion.\u201d [16] So then it depends not on human will or exertion,(2) but on God, who has mercy. [17] For the Scripture says to Pharaoh, \u201cFor this very purpose I have raised you up, that I might show my power in you, and that my name might be proclaimed in all the earth.\u201d [18] So then he has mercy on whomever he wills, and he hardens whomever he wills.\n\n  [19] You will say to me then, \u201cWhy does he still find fault? For who can resist his will?\u201d [20] But who are you, O man, to answer back to God? Will what is molded say to its molder, \u201cWhy have you made me like this?\u201d [21] Has the potter no right over the clay, to make out of the same lump one vessel for honorable use and another for dishonorable use? [22] What if God, desiring to show his wrath and to make known his power, has endured with much patience vessels of wrath prepared for destruction, [23] in order to make known the riches of his glory for vessels of mercy, which he has prepared beforehand for glory\u2014[24] even us whom he has called, not from the Jews only but also from the Gentiles? [25] As indeed he says in Hosea,\n\n    \u201cThose who were not my people I will call \u2018my people,\u2019\n        and her who was not beloved I will call \u2018beloved.\u2019\u201d\n    [26] \u201cAnd in the very place where it was said to them, \u2018You are not my people,\u2019\n        there they will be called \u2018sons of the living God.\u2019\u201d\n    \n    \n      [27] And Isaiah cries out concerning Israel: \u201cThough the number of the sons of Israel(3) be as the sand of the sea, only a remnant of them will be saved, [28] for the Lord will carry out his sentence upon the earth fully and without delay.\u201d [29] And as Isaiah predicted,\n\n    \u201cIf the Lord of hosts had not left us offspring,\n        we would have been like Sodom\n        and become like Gomorrah.\u201d\n    \n    \n    Israel\u2019s Unbelief\n\n  [30] What shall we say, then? That Gentiles who did not pursue righteousness have attained it, that is, a righteousness that is by faith; [31] but that Israel who pursued a law that would lead to righteousness(4) did not succeed in reaching that law. [32] Why? Because they did not pursue it by faith, but as if it were based on works. They have stumbled over the stumbling stone, [33] as it is written,\n\n    \u201cBehold, I am laying in Zion a stone of stumbling, and a rock of offense;\n        and whoever believes in him will not be put to shame.\u201d\n    \n\nFootnotes\n\n(1) 9:3 Or *brothers and sisters*\n\n(2) 9:16 Greek *not of him who wills or runs*\n\n(3) 9:27 Or *children of Israel*\n\n(4) 9:31 Greek *a law of righteousness*\n (ESV)"]}