{"query": "Romans 12", "canonical": "Romans 12", "parsed": [[45012001, 45012021]], "passage_meta": [{"canonical": "Romans 12", "chapter_start": [45012001, 45012021], "chapter_end": [45012001, 45012021], "prev_verse": 45011036, "next_verse": 45013001, "prev_chapter": [45011001, 45011036], "next_chapter": [45013001, 45013014]}], "passages": ["Romans 12\n\nA Living Sacrifice\n\n  [1] I appeal to you therefore, brothers,(1) by the mercies of God, to present your bodies as a living sacrifice, holy and acceptable to God, which is your spiritual worship.(2) [2] Do not be conformed to this world,(3) but be transformed by the renewal of your mind, that by testing you may discern what is the will of God, what is good and acceptable and perfect.(4)\n\nGifts of Grace\n\n  [3] For by the grace given to me I say to everyone among you not to think of himself more highly than he ought to think, but to think with sober judgment, each according to the measure of faith that God has assigned. [4] For as in one body we have many members,(5) and the members do not all have the same function, [5] so we, though many, are one body in Christ, and individually members one of another. [6] Having gifts that differ according to the grace given to us, let us use them: if prophecy, in proportion to our faith; [7] if service, in our serving; the one who teaches, in his teaching; [8] the one who exhorts, in his exhortation; the one who contributes, in generosity; the one who leads,(6) with zeal; the one who does acts of mercy, with cheerfulness.\n\nMarks of the True Christian\n\n  [9] Let love be genuine. Abhor what is evil; hold fast to what is good. [10] Love one another with brotherly affection. Outdo one another in showing honor. [11] Do not be slothful in zeal, be fervent in spirit,(7) serve the Lord. [12] Rejoice in hope, be patient in tribulation, be constant in prayer. [13] Contribute to the needs of the saints and seek to show hospitality.\n\n  [14] Bless those who persecute you; bless and do not curse them. [15] Rejoice with those who rejoice, weep with those who weep. [16] Live in harmony with one another. Do not be haughty, but associate with the lowly.(8) Never be wise in your own sight. [17] Repay no one evil for evil, but give thought to do what is honorable in the sight of all. [18] If possible, so far as it depends on you, live peaceably with all. [19] Beloved, never avenge yourselves, but leave it(9) to the wrath of God, for it is written, \u201cVengeance is mine, I will repay, says the Lord.\u201d [20] To the contrary, \u201cif your enemy is hungry, feed him; if he is thirsty, give him something to drink; for by so doing you will heap burning coals on his head.\u201d [21] Do not be overcome by evil, but overcome evil with good.\n\nFootnotes\n\n(1) 12:1 Or *brothers and sisters*\n\n(2) 12:1 Or *your rational service*\n\n(3) 12:2 Greek *age*\n\n(4) 12:2 Or *what is the good and acceptable and perfect will of God*\n\n(5) 12:4 Greek *parts*; also verse 5\n\n(6) 12:8 Or *gives aid*\n\n(7) 12:11 Or *fervent in the Spirit*\n\n(8) 12:16 Or *give yourselves to humble tasks*\n\n(9) 12:19 Greek *give place*\n (ESV)"]}