{"query": "Romans 5", "canonical": "Romans 5", "parsed": [[45005001, 45005021]], "passage_meta": [{"canonical": "Romans 5", "chapter_start": [45005001, 45005021], "chapter_end": [45005001, 45005021], "prev_verse": 45004025, "next_verse": 45006001, "prev_chapter": [45004001, 45004025], "next_chapter": [45006001, 45006023]}], "passages": ["Romans 5\n\nPeace with God Through Faith\n\n  [1] Therefore, since we have been justified by faith, we(1) have peace with God through our Lord Jesus Christ. [2] Through him we have also obtained access by faith(2) into this grace in which we stand, and we(3) rejoice(4) in hope of the glory of God. [3] Not only that, but we rejoice in our sufferings, knowing that suffering produces endurance, [4] and endurance produces character, and character produces hope, [5] and hope does not put us to shame, because God\u2019s love has been poured into our hearts through the Holy Spirit who has been given to us.\n\n  [6] For while we were still weak, at the right time Christ died for the ungodly. [7] For one will scarcely die for a righteous person\u2014though perhaps for a good person one would dare even to die\u2014[8] but God shows his love for us in that while we were still sinners, Christ died for us. [9] Since, therefore, we have now been justified by his blood, much more shall we be saved by him from the wrath of God. [10] For if while we were enemies we were reconciled to God by the death of his Son, much more, now that we are reconciled, shall we be saved by his life. [11] More than that, we also rejoice in God through our Lord Jesus Christ, through whom we have now received reconciliation.\n\nDeath in Adam, Life in Christ\n\n  [12] Therefore, just as sin came into the world through one man, and death through sin, and so death spread to all men(5) because all sinned\u2014[13] for sin indeed was in the world before the law was given, but sin is not counted where there is no law. [14] Yet death reigned from Adam to Moses, even over those whose sinning was not like the transgression of Adam, who was a type of the one who was to come.\n\n  [15] But the free gift is not like the trespass. For if many died through one man\u2019s trespass, much more have the grace of God and the free gift by the grace of that one man Jesus Christ abounded for many. [16] And the free gift is not like the result of that one man\u2019s sin. For the judgment following one trespass brought condemnation, but the free gift following many trespasses brought justification. [17] For if, because of one man\u2019s trespass, death reigned through that one man, much more will those who receive the abundance of grace and the free gift of righteousness reign in life through the one man Jesus Christ.\n\n  [18] Therefore, as one trespass(6) led to condemnation for all men, so one act of righteousness(7) leads to justification and life for all men. [19] For as by the one man\u2019s disobedience the many were made sinners, so by the one man\u2019s obedience the many will be made righteous. [20] Now the law came in to increase the trespass, but where sin increased, grace abounded all the more, [21] so that, as sin reigned in death, grace also might reign through righteousness leading to eternal life through Jesus Christ our Lord.\n\nFootnotes\n\n(1) 5:1 Some manuscripts *let us*\n\n(2) 5:2 Some manuscripts omit *by faith*\n\n(3) 5:2 Or *let us*; also verse 3\n\n(4) 5:2 Or *boast*; also verses 3, 11\n\n(5) 5:12 The Greek word *anthropoi* refers here to both men and women; also twice in verse 18\n\n(6) 5:18 Or *the trespass of one*\n\n(7) 5:18 Or *the act of righteousness of one*\n (ESV)"]}