{"query": "Titus 1", "canonical": "Titus 1", "parsed": [[56001001, 56001016]], "passage_meta": [{"canonical": "Titus 1", "chapter_start": [56001001, 56001016], "chapter_end": [56001001, 56001016], "prev_verse": 55004022, "next_verse": 56002001, "prev_chapter": [55004001, 55004022], "next_chapter": [56002001, 56002015]}], "passages": ["Titus 1\n\nGreeting\n\n  [1] Paul, a servant(1) of God and an apostle of Jesus Christ, for the sake of the faith of God\u2019s elect and their knowledge of the truth, which accords with godliness, [2] in hope of eternal life, which God, who never lies, promised before the ages began(2) [3] and at the proper time manifested in his word(3) through the preaching with which I have been entrusted by the command of God our Savior;\n\n  [4] To Titus, my true child in a common faith:\n\n  Grace and peace from God the Father and Christ Jesus our Savior.\n\nQualifications for Elders\n\n  [5] This is why I left you in Crete, so that you might put what remained into order, and appoint elders in every town as I directed you\u2014[6] if anyone is above reproach, the husband of one wife,(4) and his children are believers(5) and not open to the charge of debauchery or insubordination. [7] For an overseer,(6) as God\u2019s steward, must be above reproach. He must not be arrogant or quick-tempered or a drunkard or violent or greedy for gain, [8] but hospitable, a lover of good, self-controlled, upright, holy, and disciplined. [9] He must hold firm to the trustworthy word as taught, so that he may be able to give instruction in sound(7) doctrine and also to rebuke those who contradict it.\n\n  [10] For there are many who are insubordinate, empty talkers and deceivers, especially those of the circumcision party.(8) [11] They must be silenced, since they are upsetting whole families by teaching for shameful gain what they ought not to teach. [12] One of the Cretans,(9) a prophet of their own, said, \u201cCretans are always liars, evil beasts, lazy gluttons.\u201d(10) [13] This testimony is true. Therefore rebuke them sharply, that they may be sound in the faith, [14] not devoting themselves to Jewish myths and the commands of people who turn away from the truth. [15] To the pure, all things are pure, but to the defiled and unbelieving, nothing is pure; but both their minds and their consciences are defiled. [16] They profess to know God, but they deny him by their works. They are detestable, disobedient, unfit for any good work.\n\nFootnotes\n\n(1) 1:1 For the contextual rendering of the Greek word *doulos*, see Preface\n\n(2) 1:2 Greek *before times eternal*\n\n(3) 1:3 Or *manifested his word*\n\n(4) 1:6 Or *a man of one woman*\n\n(5) 1:6 Or *are faithful*\n\n(6) 1:7 Or *bishop*; Greek *episkopos*\n\n(7) 1:9 Or *healthy*; also verse 13\n\n(8) 1:10 Or *especially those of the circumcision*\n\n(9) 1:12 Greek *One of them*\n\n(10) 1:12 Probably from Epimenides of Crete\n (ESV)"]}