{"query": "Ecclesiastes 4", "canonical": "Ecclesiastes 4", "parsed": [[21004001, 21004016]], "passage_meta": [{"canonical": "Ecclesiastes 4", "chapter_start": [21004001, 21004016], "chapter_end": [21004001, 21004016], "prev_verse": 21003022, "next_verse": 21005001, "prev_chapter": [21003001, 21003022], "next_chapter": [21005001, 21005020]}], "passages": ["Ecclesiastes 4\n\nEvil Under the Sun\n\n  [1] Again I saw all the oppressions that are done under the sun. And behold, the tears of the oppressed, and they had no one to comfort them! On the side of their oppressors there was power, and there was no one to comfort them. [2] And I thought the dead who are already dead more fortunate than the living who are still alive. [3] But better than both is he who has not yet been and has not seen the evil deeds that are done under the sun.\n\n  [4] Then I saw that all toil and all skill in work come from a man\u2019s envy of his neighbor. This also is vanity(1) and a striving after wind.\n\n  [5] The fool folds his hands and eats his own flesh.\n\n  [6] Better is a handful of quietness than two hands full of toil and a striving after wind.\n\n  [7] Again, I saw vanity under the sun: [8] one person who has no other, either son or brother, yet there is no end to all his toil, and his eyes are never satisfied with riches, so that he never asks, \u201cFor whom am I toiling and depriving myself of pleasure?\u201d This also is vanity and an unhappy business.\n\n  [9] Two are better than one, because they have a good reward for their toil. [10] For if they fall, one will lift up his fellow. But woe to him who is alone when he falls and has not another to lift him up! [11] Again, if two lie together, they keep warm, but how can one keep warm alone? [12] And though a man might prevail against one who is alone, two will withstand him\u2014a threefold cord is not quickly broken.\n\n  [13] Better was a poor and wise youth than an old and foolish king who no longer knew how to take advice. [14] For he went from prison to the throne, though in his own kingdom he had been born poor. [15] I saw all the living who move about under the sun, along with that(2) youth who was to stand in the king\u2019s(3) place. [16] There was no end of all the people, all of whom he led. Yet those who come later will not rejoice in him. Surely this also is vanity and a striving after wind.\n\nFootnotes\n\n(1) 4:4 The Hebrew term *hebel* can refer to a \u201cvapor\u201d or \u201cmere breath\u201d; also verses 7, 8, 16 (see note on 1:2)\n\n(2) 4:15 Hebrew *the second*\n\n(3) 4:15 Hebrew *his*\n (ESV)"]}