{"query": "Ecclesiastes 10", "canonical": "Ecclesiastes 10", "parsed": [[21010001, 21010020]], "passage_meta": [{"canonical": "Ecclesiastes 10", "chapter_start": [21010001, 21010020], "chapter_end": [21010001, 21010020], "prev_verse": 21009018, "next_verse": 21011001, "prev_chapter": [21009001, 21009018], "next_chapter": [21011001, 21011010]}], "passages": ["Ecclesiastes 10\n\n    [1] Dead flies make the perfumer\u2019s ointment give off a stench;\n        so a little folly outweighs wisdom and honor.\n    [2] A wise man\u2019s heart inclines him to the right,\n        but a fool\u2019s heart to the left.\n    [3] Even when the fool walks on the road, he lacks sense,\n        and he says to everyone that he is a fool.\n    [4] If the anger of the ruler rises against you, do not leave your place,\n        for calmness(1) will lay great offenses to rest.\n    \n    \n      [5] There is an evil that I have seen under the sun, as it were an error proceeding from the ruler: [6] folly is set in many high places, and the rich sit in a low place. [7] I have seen slaves on horses, and princes walking on the ground like slaves.\n\n    [8] He who digs a pit will fall into it,\n        and a serpent will bite him who breaks through a wall.\n    [9] He who quarries stones is hurt by them,\n        and he who splits logs is endangered by them.\n    [10] If the iron is blunt, and one does not sharpen the edge,\n        he must use more strength,\n        but wisdom helps one to succeed.(2)\n    [11] If the serpent bites before it is charmed,\n        there is no advantage to the charmer.\n    \n    \n    [12] The words of a wise man\u2019s mouth win him favor,(3)\n        but the lips of a fool consume him.\n    [13] The beginning of the words of his mouth is foolishness,\n        and the end of his talk is evil madness.\n    [14] A fool multiplies words,\n        though no man knows what is to be,\n        and who can tell him what will be after him?\n    [15] The toil of a fool wearies him,\n        for he does not know the way to the city.\n    \n    \n    [16] Woe to you, O land, when your king is a child,\n        and your princes feast in the morning!\n    [17] Happy are you, O land, when your king is the son of the nobility,\n        and your princes feast at the proper time,\n        for strength, and not for drunkenness!\n    [18] Through sloth the roof sinks in,\n        and through indolence the house leaks.\n    [19] Bread is made for laughter,\n        and wine gladdens life,\n        and money answers everything.\n    [20] Even in your thoughts, do not curse the king,\n        nor in your bedroom curse the rich,\n    for a bird of the air will carry your voice,\n        or some winged creature tell the matter.\n    \n\nFootnotes\n\n(1) 10:4 Hebrew *healing*\n\n(2) 10:10 Or *wisdom is an advantage for success*\n\n(3) 10:12 Or *are gracious*\n (ESV)"]}