{"query": "Ecclesiastes 3", "canonical": "Ecclesiastes 3", "parsed": [[21003001, 21003022]], "passage_meta": [{"canonical": "Ecclesiastes 3", "chapter_start": [21003001, 21003022], "chapter_end": [21003001, 21003022], "prev_verse": 21002026, "next_verse": 21004001, "prev_chapter": [21002001, 21002026], "next_chapter": [21004001, 21004016]}], "passages": ["Ecclesiastes 3\n\nA Time for Everything\n\n  [1] For everything there is a season, and a time for every matter under heaven:\n\n    [2] a time to be born, and a time to die;\n    a time to plant, and a time to pluck up what is planted;\n    [3] a time to kill, and a time to heal;\n    a time to break down, and a time to build up;\n    [4] a time to weep, and a time to laugh;\n    a time to mourn, and a time to dance;\n    [5] a time to cast away stones, and a time to gather stones together;\n    a time to embrace, and a time to refrain from embracing;\n    [6] a time to seek, and a time to lose;\n    a time to keep, and a time to cast away;\n    [7] a time to tear, and a time to sew;\n    a time to keep silence, and a time to speak;\n    [8] a time to love, and a time to hate;\n    a time for war, and a time for peace.\n    \n    \n    The God-Given Task\n\n  [9] What gain has the worker from his toil? [10] I have seen the business that God has given to the children of man to be busy with. [11] He has made everything beautiful in its time. Also, he has put eternity into man\u2019s heart, yet so that he cannot find out what God has done from the beginning to the end. [12] I perceived that there is nothing better for them than to be joyful and to do good as long as they live; [13] also that everyone should eat and drink and take pleasure in all his toil\u2014this is God\u2019s gift to man.\n\n  [14] I perceived that whatever God does endures forever; nothing can be added to it, nor anything taken from it. God has done it, so that people fear before him. [15] That which is, already has been; that which is to be, already has been; and God seeks what has been driven away.(1)\n\nFrom Dust to Dust\n\n  [16] Moreover, I saw under the sun that in the place of justice, even there was wickedness, and in the place of righteousness, even there was wickedness. [17] I said in my heart, God will judge the righteous and the wicked, for there is a time for every matter and for every work. [18] I said in my heart with regard to the children of man that God is testing them that they may see that they themselves are but beasts. [19] For what happens to the children of man and what happens to the beasts is the same; as one dies, so dies the other. They all have the same breath, and man has no advantage over the beasts, for all is vanity.(2) [20] All go to one place. All are from the dust, and to dust all return. [21] Who knows whether the spirit of man goes upward and the spirit of the beast goes down into the earth? [22] So I saw that there is nothing better than that a man should rejoice in his work, for that is his lot. Who can bring him to see what will be after him?\n\nFootnotes\n\n(1) 3:15 Hebrew *what has been pursued*\n\n(2) 3:19 The Hebrew term *hebel* can refer to a \u201cvapor\u201d or \u201cmere breath\u201d (see note on 1:2)\n (ESV)"]}