{"query": "Ecclesiastes 7", "canonical": "Ecclesiastes 7", "parsed": [[21007001, 21007029]], "passage_meta": [{"canonical": "Ecclesiastes 7", "chapter_start": [21007001, 21007029], "chapter_end": [21007001, 21007029], "prev_verse": 21006012, "next_verse": 21008001, "prev_chapter": [21006001, 21006012], "next_chapter": [21008001, 21008017]}], "passages": ["Ecclesiastes 7\n\nThe Contrast of Wisdom and Folly\n\n    [1] A good name is better than precious ointment,\n        and the day of death than the day of birth.\n    [2] It is better to go to the house of mourning\n        than to go to the house of feasting,\n    for this is the end of all mankind,\n        and the living will lay it to heart.\n    [3] Sorrow is better than laughter,\n        for by sadness of face the heart is made glad.\n    [4] The heart of the wise is in the house of mourning,\n        but the heart of fools is in the house of mirth.\n    [5] It is better for a man to hear the rebuke of the wise\n        than to hear the song of fools.\n    [6] For as the crackling of thorns under a pot,\n        so is the laughter of the fools;\n        this also is vanity.(1)\n    [7] Surely oppression drives the wise into madness,\n        and a bribe corrupts the heart.\n    [8] Better is the end of a thing than its beginning,\n        and the patient in spirit is better than the proud in spirit.\n    [9] Be not quick in your spirit to become angry,\n        for anger lodges in the heart(2) of fools.\n    [10] Say not, \u201cWhy were the former days better than these?\u201d\n        For it is not from wisdom that you ask this.\n    [11] Wisdom is good with an inheritance,\n        an advantage to those who see the sun.\n    [12] For the protection of wisdom is like the protection of money,\n        and the advantage of knowledge is that wisdom preserves the life of him who has it.\n    [13] Consider the work of God:\n        who can make straight what he has made crooked?\n    \n    \n      [14] In the day of prosperity be joyful, and in the day of adversity consider: God has made the one as well as the other, so that man may not find out anything that will be after him.\n\n  [15] In my vain(3) life I have seen everything. There is a righteous man who perishes in his righteousness, and there is a wicked man who prolongs his life in his evildoing. [16] Be not overly righteous, and do not make yourself too wise. Why should you destroy yourself? [17] Be not overly wicked, neither be a fool. Why should you die before your time? [18] It is good that you should take hold of this, and from that withhold not your hand, for the one who fears God shall come out from both of them.\n\n  [19] Wisdom gives strength to the wise man more than ten rulers who are in a city.\n\n  [20] Surely there is not a righteous man on earth who does good and never sins.\n\n  [21] Do not take to heart all the things that people say, lest you hear your servant cursing you. [22] Your heart knows that many times you yourself have cursed others.\n\n  [23] All this I have tested by wisdom. I said, \u201cI will be wise,\u201d but it was far from me. [24] That which has been is far off, and deep, very deep; who can find it out?\n\n  [25] I turned my heart to know and to search out and to seek wisdom and the scheme of things, and to know the wickedness of folly and the foolishness that is madness. [26] And I find something more bitter than death: the woman whose heart is snares and nets, and whose hands are fetters. He who pleases God escapes her, but the sinner is taken by her. [27] Behold, this is what I found, says the Preacher, while adding one thing to another to find the scheme of things\u2014[28] which my soul has sought repeatedly, but I have not found. One man among a thousand I found, but a woman among all these I have not found. [29] See, this alone I found, that God made man upright, but they have sought out many schemes.\n\nFootnotes\n\n(1) 7:6 The Hebrew term *hebel* can refer to a \u201cvapor\u201d or \u201cmere breath\u201d (see note on 1:2)\n\n(2) 7:9 Hebrew *in the bosom*\n\n(3) 7:15 The Hebrew term *hebel* can refer to a \u201cvapor\u201d or \u201cmere breath\u201d (see note on 1:2)\n (ESV)"]}