{"query": "Ecclesiastes 1", "canonical": "Ecclesiastes 1", "parsed": [[21001001, 21001018]], "passage_meta": [{"canonical": "Ecclesiastes 1", "chapter_start": [21001001, 21001018], "chapter_end": [21001001, 21001018], "prev_verse": 20031031, "next_verse": 21002001, "prev_chapter": [20031001, 20031031], "next_chapter": [21002001, 21002026]}], "passages": ["Ecclesiastes 1\n\nAll Is Vanity\n\n  [1] The words of the Preacher,(1) the son of David, king in Jerusalem.\n\n    [2] Vanity(2) of vanities, says the Preacher,\n        vanity of vanities! All is vanity.\n    [3] What does man gain by all the toil\n        at which he toils under the sun?\n    [4] A generation goes, and a generation comes,\n        but the earth remains forever.\n    [5] The sun rises, and the sun goes down,\n        and hastens(3) to the place where it rises.\n    [6] The wind blows to the south\n        and goes around to the north;\n    around and around goes the wind,\n        and on its circuits the wind returns.\n    [7] All streams run to the sea,\n        but the sea is not full;\n    to the place where the streams flow,\n        there they flow again.\n    [8] All things are full of weariness;\n        a man cannot utter it;\n    the eye is not satisfied with seeing,\n        nor the ear filled with hearing.\n    [9] What has been is what will be,\n        and what has been done is what will be done,\n        and there is nothing new under the sun.\n    [10] Is there a thing of which it is said,\n        \u201cSee, this is new\u201d?\n    It has been already\n        in the ages before us.\n    [11] There is no remembrance of former things,(4)\n        nor will there be any remembrance\n    of later things(5) yet to be\n        among those who come after.\n    \n    \n    The Vanity of Wisdom\n\n  [12] I the Preacher have been king over Israel in Jerusalem. [13] And I applied my heart(6) to seek and to search out by wisdom all that is done under heaven. It is an unhappy business that God has given to the children of man to be busy with. [14] I have seen everything that is done under the sun, and behold, all is vanity(7) and a striving after wind.(8)\n\n    [15] What is crooked cannot be made straight,\n        and what is lacking cannot be counted.\n    \n    \n      [16] I said in my heart, \u201cI have acquired great wisdom, surpassing all who were over Jerusalem before me, and my heart has had great experience of wisdom and knowledge.\u201d [17] And I applied my heart to know wisdom and to know madness and folly. I perceived that this also is but a striving after wind.\n\n    [18] For in much wisdom is much vexation,\n        and he who increases knowledge increases sorrow.\n    \n\nFootnotes\n\n(1) 1:1 Or *Convener*, or *Collector*; Hebrew *Qoheleth* (so throughout Ecclesiastes)\n\n(2) 1:2 The Hebrew term *hebel*, translated *vanity* or *vain*, refers concretely to a \u201cmist,\u201d \u201cvapor,\u201d or \u201cmere breath,\u201d and metaphorically to something that is fleeting or elusive (with different nuances depending on the context). It appears five times in this verse and in 29 other verses in Ecclesiastes\n\n(3) 1:5 Or *and returns panting*\n\n(4) 1:11 Or *former people*\n\n(5) 1:11 Or *later people*\n\n(6) 1:13 The Hebrew term denotes the center of one\u2019s inner life, including mind, will, and emotions\n\n(7) 1:14 The Hebrew term *hebel* can refer to a \u201cvapor\u201d or \u201cmere breath\u201d (see note on 1:2)\n\n(8) 1:14 Or *a feeding on wind*; compare Hosea 12:1 (also in Ecclesiastes 1:17; 2:11, 17, 26; 4:4, 6, 16; 6:9)\n (ESV)"]}