{"query": "Ecclesiastes 6", "canonical": "Ecclesiastes 6", "parsed": [[21006001, 21006012]], "passage_meta": [{"canonical": "Ecclesiastes 6", "chapter_start": [21006001, 21006012], "chapter_end": [21006001, 21006012], "prev_verse": 21005020, "next_verse": 21007001, "prev_chapter": [21005001, 21005020], "next_chapter": [21007001, 21007029]}], "passages": ["Ecclesiastes 6\n\n  [1] There is an evil that I have seen under the sun, and it lies heavy on mankind: [2] a man to whom God gives wealth, possessions, and honor, so that he lacks nothing of all that he desires, yet God does not give him power to enjoy them, but a stranger enjoys them. This is vanity;(1) it is a grievous evil. [3] If a man fathers a hundred children and lives many years, so that the days of his years are many, but his soul is not satisfied with life\u2019s good things, and he also has no burial, I say that a stillborn child is better off than he. [4] For it comes in vanity and goes in darkness, and in darkness its name is covered. [5] Moreover, it has not seen the sun or known anything, yet it finds rest rather than he. [6] Even though he should live a thousand years twice over, yet enjoy(2) no good\u2014do not all go to the one place?\n\n  [7] All the toil of man is for his mouth, yet his appetite is not satisfied.(3) [8] For what advantage has the wise man over the fool? And what does the poor man have who knows how to conduct himself before the living? [9] Better is the sight of the eyes than the wandering of the appetite: this also is vanity and a striving after wind.\n\n  [10] Whatever has come to be has already been named, and it is known what man is, and that he is not able to dispute with one stronger than he. [11] The more words, the more vanity, and what is the advantage to man? [12] For who knows what is good for man while he lives the few days of his vain(4) life, which he passes like a shadow? For who can tell man what will be after him under the sun?\n\nFootnotes\n\n(1) 6:2 The Hebrew term *hebel* can refer to a \u201cvapor\u201d or \u201cmere breath\u201d; also verses 4, 9, 11 (see note on 1:2)\n\n(2) 6:6 Or *see*\n\n(3) 6:7 Hebrew *filled*\n\n(4) 6:12 The Hebrew term *hebel* can refer to a \u201cvapor\u201d or \u201cmere breath\u201d (see note on 1:2)\n (ESV)"]}