{"query": "Ecclesiastes 11", "canonical": "Ecclesiastes 11", "parsed": [[21011001, 21011010]], "passage_meta": [{"canonical": "Ecclesiastes 11", "chapter_start": [21011001, 21011010], "chapter_end": [21011001, 21011010], "prev_verse": 21010020, "next_verse": 21012001, "prev_chapter": [21010001, 21010020], "next_chapter": [21012001, 21012014]}], "passages": ["Ecclesiastes 11\n\nCast Your Bread upon the Waters\n\n    [1] Cast your bread upon the waters,\n        for you will find it after many days.\n    [2] Give a portion to seven, or even to eight,\n        for you know not what disaster may happen on earth.\n    [3] If the clouds are full of rain,\n        they empty themselves on the earth,\n    and if a tree falls to the south or to the north,\n        in the place where the tree falls, there it will lie.\n    [4] He who observes the wind will not sow,\n        and he who regards the clouds will not reap.\n    \n    \n      [5] As you do not know the way the spirit comes to the bones in the womb(1) of a woman with child, so you do not know the work of God who makes everything.\n\n  [6] In the morning sow your seed, and at evening withhold not your hand, for you do not know which will prosper, this or that, or whether both alike will be good.\n\n  [7] Light is sweet, and it is pleasant for the eyes to see the sun.\n\n  [8] So if a person lives many years, let him rejoice in them all; but let him remember that the days of darkness will be many. All that comes is vanity.(2)\n\n  [9] Rejoice, O young man, in your youth, and let your heart cheer you in the days of your youth. Walk in the ways of your heart and the sight of your eyes. But know that for all these things God will bring you into judgment.\n\n  [10] Remove vexation from your heart, and put away pain(3) from your body, for youth and the dawn of life are vanity.\n\nFootnotes\n\n(1) 11:5 Some Hebrew manuscripts, Targum; most Hebrew manuscripts *As you do not know the way of the wind, or how the bones grow in the womb*\n\n(2) 11:8 The Hebrew term *hebel* can refer to a \u201cvapor\u201d or \u201cmere breath\u201d; also verse 10 (see note on 1:2)\n\n(3) 11:10 Or *evil*\n (ESV)"]}