{"query": "Ecclesiastes 12", "canonical": "Ecclesiastes 12", "parsed": [[21012001, 21012014]], "passage_meta": [{"canonical": "Ecclesiastes 12", "chapter_start": [21012001, 21012014], "chapter_end": [21012001, 21012014], "prev_verse": 21011010, "next_verse": 22001001, "prev_chapter": [21011001, 21011010], "next_chapter": [22001001, 22001017]}], "passages": ["Ecclesiastes 12\n\nRemember Your Creator in Your Youth\n\n  [1] Remember also your Creator in the days of your youth, before the evil days come and the years draw near of which you will say, \u201cI have no pleasure in them\u201d; [2] before the sun and the light and the moon and the stars are darkened and the clouds return after the rain, [3] in the day when the keepers of the house tremble, and the strong men are bent, and the grinders cease because they are few, and those who look through the windows are dimmed, [4] and the doors on the street are shut\u2014when the sound of the grinding is low, and one rises up at the sound of a bird, and all the daughters of song are brought low\u2014[5] they are afraid also of what is high, and terrors are in the way; the almond tree blossoms, the grasshopper drags itself along,(1) and desire fails, because man is going to his eternal home, and the mourners go about the streets\u2014[6] before the silver cord is snapped, or the golden bowl is broken, or the pitcher is shattered at the fountain, or the wheel broken at the cistern, [7] and the dust returns to the earth as it was, and the spirit returns to God who gave it. [8] Vanity(2) of vanities, says the Preacher; all is vanity.\n\nFear God and Keep His Commandments\n\n  [9] Besides being wise, the Preacher also taught the people knowledge, weighing and studying and arranging many proverbs with great care. [10] The Preacher sought to find words of delight, and uprightly he wrote words of truth.\n\n  [11] The words of the wise are like goads, and like nails firmly fixed are the collected sayings; they are given by one Shepherd. [12] My son, beware of anything beyond these. Of making many books there is no end, and much study is a weariness of the flesh.\n\n  [13] The end of the matter; all has been heard. Fear God and keep his commandments, for this is the whole duty of man.(3) [14] For God will bring every deed into judgment, with(4) every secret thing, whether good or evil.\n\nFootnotes\n\n(1) 12:5 Or *is a burden*\n\n(2) 12:8 The Hebrew term *hebel* can refer to a \u201cvapor\u201d or \u201cmere breath\u201d (three times in this verse); see note on 1:2\n\n(3) 12:13 Or *the duty of all mankind*\n\n(4) 12:14 Or *into the judgment on*\n (ESV)"]}