{"query": "Proverbs 19", "canonical": "Proverbs 19", "parsed": [[20019001, 20019029]], "passage_meta": [{"canonical": "Proverbs 19", "chapter_start": [20019001, 20019029], "chapter_end": [20019001, 20019029], "prev_verse": 20018024, "next_verse": 20020001, "prev_chapter": [20018001, 20018024], "next_chapter": [20020001, 20020030]}], "passages": ["Proverbs 19\n\n    [1] Better is a poor person who walks in his integrity\n        than one who is crooked in speech and is a fool.\n    [2] Desire(1) without knowledge is not good,\n        and whoever makes haste with his feet misses his way.\n    [3] When a man\u2019s folly brings his way to ruin,\n        his heart rages against the LORD.\n    [4] Wealth brings many new friends,\n        but a poor man is deserted by his friend.\n    [5] A false witness will not go unpunished,\n        and he who breathes out lies will not escape.\n    [6] Many seek the favor of a generous man,(2)\n        and everyone is a friend to a man who gives gifts.\n    [7] All a poor man\u2019s brothers hate him;\n        how much more do his friends go far from him!\n    He pursues them with words, but does not have them.(3)\n    [8] Whoever gets sense loves his own soul;\n        he who keeps understanding will discover good.\n    [9] A false witness will not go unpunished,\n        and he who breathes out lies will perish.\n    [10] It is not fitting for a fool to live in luxury,\n        much less for a slave to rule over princes.\n    [11] Good sense makes one slow to anger,\n        and it is his glory to overlook an offense.\n    [12] A king\u2019s wrath is like the growling of a lion,\n        but his favor is like dew on the grass.\n    [13] A foolish son is ruin to his father,\n        and a wife\u2019s quarreling is a continual dripping of rain.\n    [14] House and wealth are inherited from fathers,\n        but a prudent wife is from the LORD.\n    [15] Slothfulness casts into a deep sleep,\n        and an idle person will suffer hunger.\n    [16] Whoever keeps the commandment keeps his life;\n        he who despises his ways will die.\n    [17] Whoever is generous to the poor lends to the LORD,\n        and he will repay him for his deed.\n    [18] Discipline your son, for there is hope;\n        do not set your heart on putting him to death.\n    [19] A man of great wrath will pay the penalty,\n        for if you deliver him, you will only have to do it again.\n    [20] Listen to advice and accept instruction,\n        that you may gain wisdom in the future.\n    [21] Many are the plans in the mind of a man,\n        but it is the purpose of the LORD that will stand.\n    [22] What is desired in a man is steadfast love,\n        and a poor man is better than a liar.\n    [23] The fear of the LORD leads to life,\n        and whoever has it rests satisfied;\n        he will not be visited by harm.\n    [24] The sluggard buries his hand in the dish\n        and will not even bring it back to his mouth.\n    [25] Strike a scoffer, and the simple will learn prudence;\n        reprove a man of understanding, and he will gain knowledge.\n    [26] He who does violence to his father and chases away his mother\n        is a son who brings shame and reproach.\n    [27] Cease to hear instruction, my son,\n        and you will stray from the words of knowledge.\n    [28] A worthless witness mocks at justice,\n        and the mouth of the wicked devours iniquity.\n    [29] Condemnation is ready for scoffers,\n        and beating for the backs of fools.\n    \n\nFootnotes\n\n(1) 19:2 Or *A soul*\n\n(2) 19:6 Or *of a noble*\n\n(3) 19:7 The meaning of the Hebrew sentence is uncertain\n (ESV)"]}