{"query": "Proverbs 1", "canonical": "Proverbs 1", "parsed": [[20001001, 20001033]], "passage_meta": [{"canonical": "Proverbs 1", "chapter_start": [20001001, 20001033], "chapter_end": [20001001, 20001033], "prev_verse": 19150006, "next_verse": 20002001, "prev_chapter": [19150001, 19150006], "next_chapter": [20002001, 20002022]}], "passages": ["Proverbs 1\n\nThe Beginning of Knowledge\n\n  [1] The proverbs of Solomon, son of David, king of Israel:\n\n    [2] To know wisdom and instruction,\n        to understand words of insight,\n    [3] to receive instruction in wise dealing,\n        in righteousness, justice, and equity;\n    [4] to give prudence to the simple,\n        knowledge and discretion to the youth\u2014\n    [5] Let the wise hear and increase in learning,\n        and the one who understands obtain guidance,\n    [6] to understand a proverb and a saying,\n        the words of the wise and their riddles.\n    \n    \n    [7] The fear of the LORD is the beginning of knowledge;\n        fools despise wisdom and instruction.\n    \n    \n    The Enticement of Sinners\n\n    [8] Hear, my son, your father\u2019s instruction,\n        and forsake not your mother\u2019s teaching,\n    [9] for they are a graceful garland for your head\n        and pendants for your neck.\n    [10] My son, if sinners entice you,\n        do not consent.\n    [11] If they say, \u201cCome with us, let us lie in wait for blood;\n        let us ambush the innocent without reason;\n    [12] like Sheol let us swallow them alive,\n        and whole, like those who go down to the pit;\n    [13] we shall find all precious goods,\n        we shall fill our houses with plunder;\n    [14] throw in your lot among us;\n        we will all have one purse\u201d\u2014\n    [15] my son, do not walk in the way with them;\n        hold back your foot from their paths,\n    [16] for their feet run to evil,\n        and they make haste to shed blood.\n    [17] For in vain is a net spread\n        in the sight of any bird,\n    [18] but these men lie in wait for their own blood;\n        they set an ambush for their own lives.\n    [19] Such are the ways of everyone who is greedy for unjust gain;\n        it takes away the life of its possessors.\n    \n    \n    The Call of Wisdom\n\n    [20] Wisdom cries aloud in the street,\n        in the markets she raises her voice;\n    [21] at the head of the noisy streets she cries out;\n        at the entrance of the city gates she speaks:\n    [22] \u201cHow long, O simple ones, will you love being simple?\n    How long will scoffers delight in their scoffing\n        and fools hate knowledge?\n    [23] If you turn at my reproof,(1)\n    behold, I will pour out my spirit to you;\n        I will make my words known to you.\n    [24] Because I have called and you refused to listen,\n        have stretched out my hand and no one has heeded,\n    [25] because you have ignored all my counsel\n        and would have none of my reproof,\n    [26] I also will laugh at your calamity;\n        I will mock when terror strikes you,\n    [27] when terror strikes you like a storm\n        and your calamity comes like a whirlwind,\n        when distress and anguish come upon you.\n    [28] Then they will call upon me, but I will not answer;\n        they will seek me diligently but will not find me.\n    [29] Because they hated knowledge\n        and did not choose the fear of the LORD,\n    [30] would have none of my counsel\n        and despised all my reproof,\n    [31] therefore they shall eat the fruit of their way,\n        and have their fill of their own devices.\n    [32] For the simple are killed by their turning away,\n        and the complacency of fools destroys them;\n    [33] but whoever listens to me will dwell secure\n        and will be at ease, without dread of disaster.\u201d\n    \n\nFootnotes\n\n(1) 1:23 Or *Will you turn away at my reproof?*\n (ESV)"]}