{"query": "Proverbs 12", "canonical": "Proverbs 12", "parsed": [[20012001, 20012028]], "passage_meta": [{"canonical": "Proverbs 12", "chapter_start": [20012001, 20012028], "chapter_end": [20012001, 20012028], "prev_verse": 20011031, "next_verse": 20013001, "prev_chapter": [20011001, 20011031], "next_chapter": [20013001, 20013025]}], "passages": ["Proverbs 12\n\n    [1] Whoever loves discipline loves knowledge,\n        but he who hates reproof is stupid.\n    [2] A good man obtains favor from the LORD,\n        but a man of evil devices he condemns.\n    [3] No one is established by wickedness,\n        but the root of the righteous will never be moved.\n    [4] An excellent wife is the crown of her husband,\n        but she who brings shame is like rottenness in his bones.\n    [5] The thoughts of the righteous are just;\n        the counsels of the wicked are deceitful.\n    [6] The words of the wicked lie in wait for blood,\n        but the mouth of the upright delivers them.\n    [7] The wicked are overthrown and are no more,\n        but the house of the righteous will stand.\n    [8] A man is commended according to his good sense,\n        but one of twisted mind is despised.\n    [9] Better to be lowly and have a servant\n        than to play the great man and lack bread.\n    [10] Whoever is righteous has regard for the life of his beast,\n        but the mercy of the wicked is cruel.\n    [11] Whoever works his land will have plenty of bread,\n        but he who follows worthless pursuits lacks sense.\n    [12] Whoever is wicked covets the spoil of evildoers,\n        but the root of the righteous bears fruit.\n    [13] An evil man is ensnared by the transgression of his lips,(1)\n        but the righteous escapes from trouble.\n    [14] From the fruit of his mouth a man is satisfied with good,\n        and the work of a man\u2019s hand comes back to him.\n    [15] The way of a fool is right in his own eyes,\n        but a wise man listens to advice.\n    [16] The vexation of a fool is known at once,\n        but the prudent ignores an insult.\n    [17] Whoever speaks(2) the truth gives honest evidence,\n        but a false witness utters deceit.\n    [18] There is one whose rash words are like sword thrusts,\n        but the tongue of the wise brings healing.\n    [19] Truthful lips endure forever,\n        but a lying tongue is but for a moment.\n    [20] Deceit is in the heart of those who devise evil,\n        but those who plan peace have joy.\n    [21] No ill befalls the righteous,\n        but the wicked are filled with trouble.\n    [22] Lying lips are an abomination to the LORD,\n        but those who act faithfully are his delight.\n    [23] A prudent man conceals knowledge,\n        but the heart of fools proclaims folly.\n    [24] The hand of the diligent will rule,\n        while the slothful will be put to forced labor.\n    [25] Anxiety in a man\u2019s heart weighs him down,\n        but a good word makes him glad.\n    [26] One who is righteous is a guide to his neighbor,(3)\n        but the way of the wicked leads them astray.\n    [27] Whoever is slothful will not roast his game,\n        but the diligent man will get precious wealth.(4)\n    [28] In the path of righteousness is life,\n        and in its pathway there is no death.\n    \n\nFootnotes\n\n(1) 12:13 Or *In the transgression of the lips, there is an evil snare*\n\n(2) 12:17 Hebrew *breathes out*\n\n(3) 12:26 Or *The righteous chooses his friends carefully*\n\n(4) 12:27 Or *but diligence is precious wealth*\n (ESV)"]}