{"query": "Proverbs 6", "canonical": "Proverbs 6", "parsed": [[20006001, 20006035]], "passage_meta": [{"canonical": "Proverbs 6", "chapter_start": [20006001, 20006035], "chapter_end": [20006001, 20006035], "prev_verse": 20005023, "next_verse": 20007001, "prev_chapter": [20005001, 20005023], "next_chapter": [20007001, 20007027]}], "passages": ["Proverbs 6\n\nPractical Warnings\n\n    [1] My son, if you have put up security for your neighbor,\n        have given your pledge for a stranger,\n    [2] if you are snared in the words of your mouth,\n        caught in the words of your mouth,\n    [3] then do this, my son, and save yourself,\n        for you have come into the hand of your neighbor:\n        go, hasten,(1) and plead urgently with your neighbor.\n    [4] Give your eyes no sleep\n        and your eyelids no slumber;\n    [5] save yourself like a gazelle from the hand of the hunter,(2)\n        like a bird from the hand of the fowler.\n    \n    \n    [6] Go to the ant, O sluggard;\n        consider her ways, and be wise.\n    [7] Without having any chief,\n        officer, or ruler,\n    [8] she prepares her bread in summer\n        and gathers her food in harvest.\n    [9] How long will you lie there, O sluggard?\n        When will you arise from your sleep?\n    [10] A little sleep, a little slumber,\n        a little folding of the hands to rest,\n    [11] and poverty will come upon you like a robber,\n        and want like an armed man.\n    \n    \n    [12] A worthless person, a wicked man,\n        goes about with crooked speech,\n    [13] winks with his eyes, signals(3) with his feet,\n        points with his finger,\n    [14] with perverted heart devises evil,\n        continually sowing discord;\n    [15] therefore calamity will come upon him suddenly;\n        in a moment he will be broken beyond healing.\n    \n    \n    [16] There are six things that the LORD hates,\n        seven that are an abomination to him:\n    [17] haughty eyes, a lying tongue,\n        and hands that shed innocent blood,\n    [18] a heart that devises wicked plans,\n        feet that make haste to run to evil,\n    [19] a false witness who breathes out lies,\n        and one who sows discord among brothers.\n    \n    \n    Warnings Against Adultery\n\n    [20] My son, keep your father\u2019s commandment,\n        and forsake not your mother\u2019s teaching.\n    [21] Bind them on your heart always;\n        tie them around your neck.\n    [22] When you walk, they(4) will lead you;\n        when you lie down, they will watch over you;\n        and when you awake, they will talk with you.\n    [23] For the commandment is a lamp and the teaching a light,\n        and the reproofs of discipline are the way of life,\n    [24] to preserve you from the evil woman,(5)\n        from the smooth tongue of the adulteress.(6)\n    [25] Do not desire her beauty in your heart,\n        and do not let her capture you with her eyelashes;\n    [26] for the price of a prostitute is only a loaf of bread,(7)\n        but a married woman(8) hunts down a precious life.\n    [27] Can a man carry fire next to his chest\n        and his clothes not be burned?\n    [28] Or can one walk on hot coals\n        and his feet not be scorched?\n    [29] So is he who goes in to his neighbor\u2019s wife;\n        none who touches her will go unpunished.\n    [30] People do not despise a thief if he steals\n        to satisfy his appetite when he is hungry,\n    [31] but if he is caught, he will pay sevenfold;\n        he will give all the goods of his house.\n    [32] He who commits adultery lacks sense;\n        he who does it destroys himself.\n    [33] He will get wounds and dishonor,\n        and his disgrace will not be wiped away.\n    [34] For jealousy makes a man furious,\n        and he will not spare when he takes revenge.\n    [35] He will accept no compensation;\n        he will refuse though you multiply gifts.\n    \n\nFootnotes\n\n(1) 6:3 Or *humble yourself*\n\n(2) 6:5 Hebrew lacks *of the hunter*\n\n(3) 6:13 Hebrew *scrapes*\n\n(4) 6:22 Hebrew *it*; three times in this verse\n\n(5) 6:24 Revocalization (compare Septuagint) yields *from the wife of a neighbor*\n\n(6) 6:24 Hebrew *the foreign woman*\n\n(7) 6:26 Or (compare Septuagint, Syriac, Vulgate) *for a prostitute leaves a man with nothing but a loaf of bread*\n\n(8) 6:26 Hebrew *a man\u2019s wife*\n (ESV)"]}