{"query": "Proverbs 14", "canonical": "Proverbs 14", "parsed": [[20014001, 20014035]], "passage_meta": [{"canonical": "Proverbs 14", "chapter_start": [20014001, 20014035], "chapter_end": [20014001, 20014035], "prev_verse": 20013025, "next_verse": 20015001, "prev_chapter": [20013001, 20013025], "next_chapter": [20015001, 20015033]}], "passages": ["Proverbs 14\n\n    [1] The wisest of women builds her house,\n        but folly with her own hands tears it down.\n    [2] Whoever walks in uprightness fears the LORD,\n        but he who is devious in his ways despises him.\n    [3] By the mouth of a fool comes a rod for his back,(1)\n        but the lips of the wise will preserve them.\n    [4] Where there are no oxen, the manger is clean,\n        but abundant crops come by the strength of the ox.\n    [5] A faithful witness does not lie,\n        but a false witness breathes out lies.\n    [6] A scoffer seeks wisdom in vain,\n        but knowledge is easy for a man of understanding.\n    [7] Leave the presence of a fool,\n        for there you do not meet words of knowledge.\n    [8] The wisdom of the prudent is to discern his way,\n        but the folly of fools is deceiving.\n    [9] Fools mock at the guilt offering,\n        but the upright enjoy acceptance.(2)\n    [10] The heart knows its own bitterness,\n        and no stranger shares its joy.\n    [11] The house of the wicked will be destroyed,\n        but the tent of the upright will flourish.\n    [12] There is a way that seems right to a man,\n        but its end is the way to death.(3)\n    [13] Even in laughter the heart may ache,\n        and the end of joy may be grief.\n    [14] The backslider in heart will be filled with the fruit of his ways,\n        and a good man will be filled with the fruit of his ways.\n    [15] The simple believes everything,\n        but the prudent gives thought to his steps.\n    [16] One who is wise is cautious(4) and turns away from evil,\n        but a fool is reckless and careless.\n    [17] A man of quick temper acts foolishly,\n        and a man of evil devices is hated.\n    [18] The simple inherit folly,\n        but the prudent are crowned with knowledge.\n    [19] The evil bow down before the good,\n        the wicked at the gates of the righteous.\n    [20] The poor is disliked even by his neighbor,\n        but the rich has many friends.\n    [21] Whoever despises his neighbor is a sinner,\n        but blessed is he who is generous to the poor.\n    [22] Do they not go astray who devise evil?\n        Those who devise good meet(5) steadfast love and faithfulness.\n    [23] In all toil there is profit,\n        but mere talk tends only to poverty.\n    [24] The crown of the wise is their wealth,\n        but the folly of fools brings folly.\n    [25] A truthful witness saves lives,\n        but one who breathes out lies is deceitful.\n    [26] In the fear of the LORD one has strong confidence,\n        and his children will have a refuge.\n    [27] The fear of the LORD is a fountain of life,\n        that one may turn away from the snares of death.\n    [28] In a multitude of people is the glory of a king,\n        but without people a prince is ruined.\n    [29] Whoever is slow to anger has great understanding,\n        but he who has a hasty temper exalts folly.\n    [30] A tranquil(6) heart gives life to the flesh,\n        but envy(7) makes the bones rot.\n    [31] Whoever oppresses a poor man insults his Maker,\n        but he who is generous to the needy honors him.\n    [32] The wicked is overthrown through his evildoing,\n        but the righteous finds refuge in his death.\n    [33] Wisdom rests in the heart of a man of understanding,\n        but it makes itself known even in the midst of fools.(8)\n    [34] Righteousness exalts a nation,\n        but sin is a reproach to any people.\n    [35] A servant who deals wisely has the king\u2019s favor,\n        but his wrath falls on one who acts shamefully.\n    \n\nFootnotes\n\n(1) 14:3 Or *In the mouth of a fool is a rod of pride*\n\n(2) 14:9 Hebrew *but among the upright is acceptance*\n\n(3) 14:12 Hebrew *ways of death*\n\n(4) 14:16 Or *fears* [the Lord]\n\n(5) 14:22 Or *show*\n\n(6) 14:30 Or *healing*\n\n(7) 14:30 Or *jealousy*\n\n(8) 14:33 Or *Wisdom rests quietly in the heart of a man of understanding, but makes itself known in the midst of fools*\n (ESV)"]}