{"query": "Proverbs 29", "canonical": "Proverbs 29", "parsed": [[20029001, 20029027]], "passage_meta": [{"canonical": "Proverbs 29", "chapter_start": [20029001, 20029027], "chapter_end": [20029001, 20029027], "prev_verse": 20028028, "next_verse": 20030001, "prev_chapter": [20028001, 20028028], "next_chapter": [20030001, 20030033]}], "passages": ["Proverbs 29\n\n    [1] He who is often reproved, yet stiffens his neck,\n        will suddenly be broken beyond healing.\n    [2] When the righteous increase, the people rejoice,\n        but when the wicked rule, the people groan.\n    [3] He who loves wisdom makes his father glad,\n        but a companion of prostitutes squanders his wealth.\n    [4] By justice a king builds up the land,\n        but he who exacts gifts(1) tears it down.\n    [5] A man who flatters his neighbor\n        spreads a net for his feet.\n    [6] An evil man is ensnared in his transgression,\n        but a righteous man sings and rejoices.\n    [7] A righteous man knows the rights of the poor;\n        a wicked man does not understand such knowledge.\n    [8] Scoffers set a city aflame,\n        but the wise turn away wrath.\n    [9] If a wise man has an argument with a fool,\n        the fool only rages and laughs, and there is no quiet.\n    [10] Bloodthirsty men hate one who is blameless\n        and seek the life of the upright.(2)\n    [11] A fool gives full vent to his spirit,\n        but a wise man quietly holds it back.\n    [12] If a ruler listens to falsehood,\n        all his officials will be wicked.\n    [13] The poor man and the oppressor meet together;\n        the LORD gives light to the eyes of both.\n    [14] If a king faithfully judges the poor,\n        his throne will be established forever.\n    [15] The rod and reproof give wisdom,\n        but a child left to himself brings shame to his mother.\n    [16] When the wicked increase, transgression increases,\n        but the righteous will look upon their downfall.\n    [17] Discipline your son, and he will give you rest;\n        he will give delight to your heart.\n    [18] Where there is no prophetic vision the people cast off restraint,(3)\n        but blessed is he who keeps the law.\n    [19] By mere words a servant is not disciplined,\n        for though he understands, he will not respond.\n    [20] Do you see a man who is hasty in his words?\n        There is more hope for a fool than for him.\n    [21] Whoever pampers his servant from childhood\n        will in the end find him his heir.(4)\n    [22] A man of wrath stirs up strife,\n        and one given to anger causes much transgression.\n    [23] One\u2019s pride will bring him low,\n        but he who is lowly in spirit will obtain honor.\n    [24] The partner of a thief hates his own life;\n        he hears the curse, but discloses nothing.\n    [25] The fear of man lays a snare,\n        but whoever trusts in the LORD is safe.\n    [26] Many seek the face of a ruler,\n        but it is from the LORD that a man gets justice.\n    [27] An unjust man is an abomination to the righteous,\n        but one whose way is straight is an abomination to the wicked.\n    \n\nFootnotes\n\n(1) 29:4 Or *who taxes heavily*\n\n(2) 29:10 Or *but the upright seek his soul*\n\n(3) 29:18 Or *the people are discouraged*\n\n(4) 29:21 The meaning of the Hebrew word rendered *his heir* is uncertain\n (ESV)"]}