{"query": "Proverbs 5", "canonical": "Proverbs 5", "parsed": [[20005001, 20005023]], "passage_meta": [{"canonical": "Proverbs 5", "chapter_start": [20005001, 20005023], "chapter_end": [20005001, 20005023], "prev_verse": 20004027, "next_verse": 20006001, "prev_chapter": [20004001, 20004027], "next_chapter": [20006001, 20006035]}], "passages": ["Proverbs 5\n\nWarning Against Adultery\n\n    [1] My son, be attentive to my wisdom;\n        incline your ear to my understanding,\n    [2] that you may keep discretion,\n        and your lips may guard knowledge.\n    [3] For the lips of a forbidden(1) woman drip honey,\n        and her speech(2) is smoother than oil,\n    [4] but in the end she is bitter as wormwood,\n        sharp as a two-edged sword.\n    [5] Her feet go down to death;\n        her steps follow the path to(3) Sheol;\n    [6] she does not ponder the path of life;\n        her ways wander, and she does not know it.\n    \n    \n    [7] And now, O sons, listen to me,\n        and do not depart from the words of my mouth.\n    [8] Keep your way far from her,\n        and do not go near the door of her house,\n    [9] lest you give your honor to others\n        and your years to the merciless,\n    [10] lest strangers take their fill of your strength,\n        and your labors go to the house of a foreigner,\n    [11] and at the end of your life you groan,\n        when your flesh and body are consumed,\n    [12] and you say, \u201cHow I hated discipline,\n        and my heart despised reproof!\n    [13] I did not listen to the voice of my teachers\n        or incline my ear to my instructors.\n    [14] I am at the brink of utter ruin\n        in the assembled congregation.\u201d\n    \n    \n    [15] Drink water from your own cistern,\n        flowing water from your own well.\n    [16] Should your springs be scattered abroad,\n        streams of water in the streets?\n    [17] Let them be for yourself alone,\n        and not for strangers with you.\n    [18] Let your fountain be blessed,\n        and rejoice in the wife of your youth,\n    [19]     a lovely deer, a graceful doe.\n    Let her breasts fill you at all times with delight;\n        be intoxicated(4) always in her love.\n    [20] Why should you be intoxicated, my son, with a forbidden woman\n        and embrace the bosom of an adulteress?(5)\n    [21] For a man\u2019s ways are before the eyes of the LORD,\n        and he ponders(6) all his paths.\n    [22] The iniquities of the wicked ensnare him,\n        and he is held fast in the cords of his sin.\n    [23] He dies for lack of discipline,\n        and because of his great folly he is led astray.\n    \n\nFootnotes\n\n(1) 5:3 Hebrew *strange*; also verse 20\n\n(2) 5:3 Hebrew *palate*\n\n(3) 5:5 Hebrew *lay hold of*\n\n(4) 5:19 Hebrew *be led astray*; also verse 20\n\n(5) 5:20 Hebrew *a foreign woman*\n\n(6) 5:21 Or *makes level*\n (ESV)"]}