{"query": "Proverbs 24", "canonical": "Proverbs 24", "parsed": [[20024001, 20024034]], "passage_meta": [{"canonical": "Proverbs 24", "chapter_start": [20024001, 20024034], "chapter_end": [20024001, 20024034], "prev_verse": 20023035, "next_verse": 20025001, "prev_chapter": [20023001, 20023035], "next_chapter": [20025001, 20025028]}], "passages": ["Proverbs 24\n\n    [1] Be not envious of evil men,\n        nor desire to be with them,\n    [2] for their hearts devise violence,\n        and their lips talk of trouble.\n    \n    \n    [3] By wisdom a house is built,\n        and by understanding it is established;\n    [4] by knowledge the rooms are filled\n        with all precious and pleasant riches.\n    [5] A wise man is full of strength,\n        and a man of knowledge enhances his might,\n    [6] for by wise guidance you can wage your war,\n        and in abundance of counselors there is victory.\n    [7] Wisdom is too high for a fool;\n        in the gate he does not open his mouth.\n    \n    \n    [8] Whoever plans to do evil\n        will be called a schemer.\n    [9] The devising(1) of folly is sin,\n        and the scoffer is an abomination to mankind.\n    \n    \n    [10] If you faint in the day of adversity,\n        your strength is small.\n    [11] Rescue those who are being taken away to death;\n        hold back those who are stumbling to the slaughter.\n    [12] If you say, \u201cBehold, we did not know this,\u201d\n        does not he who weighs the heart perceive it?\n    Does not he who keeps watch over your soul know it,\n        and will he not repay man according to his work?\n    \n    \n    [13] My son, eat honey, for it is good,\n        and the drippings of the honeycomb are sweet to your taste.\n    [14] Know that wisdom is such to your soul;\n        if you find it, there will be a future,\n        and your hope will not be cut off.\n    \n    \n    [15] Lie not in wait as a wicked man against the dwelling of the righteous;\n        do no violence to his home;\n    [16] for the righteous falls seven times and rises again,\n        but the wicked stumble in times of calamity.\n    \n    \n    [17] Do not rejoice when your enemy falls,\n        and let not your heart be glad when he stumbles,\n    [18] lest the LORD see it and be displeased,\n        and turn away his anger from him.\n    \n    \n    [19] Fret not yourself because of evildoers,\n        and be not envious of the wicked,\n    [20] for the evil man has no future;\n        the lamp of the wicked will be put out.\n    \n    \n    [21] My son, fear the LORD and the king,\n        and do not join with those who do otherwise,\n    [22] for disaster will arise suddenly from them,\n        and who knows the ruin that will come from them both?\n    \n    \n    More Sayings of the Wise\n\n  [23] These also are sayings of the wise.\n\n    Partiality in judging is not good.\n    [24] Whoever says to the wicked, \u201cYou are in the right,\u201d\n        will be cursed by peoples, abhorred by nations,\n    [25] but those who rebuke the wicked will have delight,\n        and a good blessing will come upon them.\n    [26] Whoever gives an honest answer\n        kisses the lips.\n    \n    \n    [27] Prepare your work outside;\n        get everything ready for yourself in the field,\n        and after that build your house.\n    \n    \n    [28] Be not a witness against your neighbor without cause,\n        and do not deceive with your lips.\n    [29] Do not say, \u201cI will do to him as he has done to me;\n        I will pay the man back for what he has done.\u201d\n    \n    \n    [30] I passed by the field of a sluggard,\n        by the vineyard of a man lacking sense,\n    [31] and behold, it was all overgrown with thorns;\n        the ground was covered with nettles,\n        and its stone wall was broken down.\n    [32] Then I saw and considered it;\n        I looked and received instruction.\n    [33] A little sleep, a little slumber,\n        a little folding of the hands to rest,\n    [34] and poverty will come upon you like a robber,\n        and want like an armed man.\n    \n\nFootnotes\n\n(1) 24:9 Or *scheming*\n (ESV)"]}