{"query": "Proverbs 17", "canonical": "Proverbs 17", "parsed": [[20017001, 20017028]], "passage_meta": [{"canonical": "Proverbs 17", "chapter_start": [20017001, 20017028], "chapter_end": [20017001, 20017028], "prev_verse": 20016033, "next_verse": 20018001, "prev_chapter": [20016001, 20016033], "next_chapter": [20018001, 20018024]}], "passages": ["Proverbs 17\n\n    [1] Better is a dry morsel with quiet\n        than a house full of feasting(1) with strife.\n    [2] A servant who deals wisely will rule over a son who acts shamefully\n        and will share the inheritance as one of the brothers.\n    [3] The crucible is for silver, and the furnace is for gold,\n        and the LORD tests hearts.\n    [4] An evildoer listens to wicked lips,\n        and a liar gives ear to a mischievous tongue.\n    [5] Whoever mocks the poor insults his Maker;\n        he who is glad at calamity will not go unpunished.\n    [6] Grandchildren are the crown of the aged,\n        and the glory of children is their fathers.\n    [7] Fine speech is not becoming to a fool;\n        still less is false speech to a prince.\n    [8] A bribe is like a magic(2) stone in the eyes of the one who gives it;\n        wherever he turns he prospers.\n    [9] Whoever covers an offense seeks love,\n        but he who repeats a matter separates close friends.\n    [10] A rebuke goes deeper into a man of understanding\n        than a hundred blows into a fool.\n    [11] An evil man seeks only rebellion,\n        and a cruel messenger will be sent against him.\n    [12] Let a man meet a she-bear robbed of her cubs\n        rather than a fool in his folly.\n    [13] If anyone returns evil for good,\n        evil will not depart from his house.\n    [14] The beginning of strife is like letting out water,\n        so quit before the quarrel breaks out.\n    [15] He who justifies the wicked and he who condemns the righteous\n        are both alike an abomination to the LORD.\n    [16] Why should a fool have money in his hand to buy wisdom\n        when he has no sense?\n    [17] A friend loves at all times,\n        and a brother is born for adversity.\n    [18] One who lacks sense gives a pledge\n        and puts up security in the presence of his neighbor.\n    [19] Whoever loves transgression loves strife;\n        he who makes his door high seeks destruction.\n    [20] A man of crooked heart does not discover good,\n        and one with a dishonest tongue falls into calamity.\n    [21] He who sires a fool gets himself sorrow,\n        and the father of a fool has no joy.\n    [22] A joyful heart is good medicine,\n        but a crushed spirit dries up the bones.\n    [23] The wicked accepts a bribe in secret(3)\n        to pervert the ways of justice.\n    [24] The discerning sets his face toward wisdom,\n        but the eyes of a fool are on the ends of the earth.\n    [25] A foolish son is a grief to his father\n        and bitterness to her who bore him.\n    [26] To impose a fine on a righteous man is not good,\n        nor to strike the noble for their uprightness.\n    [27] Whoever restrains his words has knowledge,\n        and he who has a cool spirit is a man of understanding.\n    [28] Even a fool who keeps silent is considered wise;\n        when he closes his lips, he is deemed intelligent.\n    \n\nFootnotes\n\n(1) 17:1 Hebrew *sacrifices*\n\n(2) 17:8 Or *precious*\n\n(3) 17:23 Hebrew *a bribe from the bosom*\n (ESV)"]}