{"query": "Proverbs 21", "canonical": "Proverbs 21", "parsed": [[20021001, 20021031]], "passage_meta": [{"canonical": "Proverbs 21", "chapter_start": [20021001, 20021031], "chapter_end": [20021001, 20021031], "prev_verse": 20020030, "next_verse": 20022001, "prev_chapter": [20020001, 20020030], "next_chapter": [20022001, 20022029]}], "passages": ["Proverbs 21\n\n    [1] The king\u2019s heart is a stream of water in the hand of the LORD;\n        he turns it wherever he will.\n    [2] Every way of a man is right in his own eyes,\n        but the LORD weighs the heart.\n    [3] To do righteousness and justice\n        is more acceptable to the LORD than sacrifice.\n    [4] Haughty eyes and a proud heart,\n        the lamp(1) of the wicked, are sin.\n    [5] The plans of the diligent lead surely to abundance,\n        but everyone who is hasty comes only to poverty.\n    [6] The getting of treasures by a lying tongue\n        is a fleeting vapor and a snare of death.(2)\n    [7] The violence of the wicked will sweep them away,\n        because they refuse to do what is just.\n    [8] The way of the guilty is crooked,\n        but the conduct of the pure is upright.\n    [9] It is better to live in a corner of the housetop\n        than in a house shared with a quarrelsome wife.\n    [10] The soul of the wicked desires evil;\n        his neighbor finds no mercy in his eyes.\n    [11] When a scoffer is punished, the simple becomes wise;\n        when a wise man is instructed, he gains knowledge.\n    [12] The Righteous One observes the house of the wicked;\n        he throws the wicked down to ruin.\n    [13] Whoever closes his ear to the cry of the poor\n        will himself call out and not be answered.\n    [14] A gift in secret averts anger,\n        and a concealed bribe,(3) strong wrath.\n    [15] When justice is done, it is a joy to the righteous\n        but terror to evildoers.\n    [16] One who wanders from the way of good sense\n        will rest in the assembly of the dead.\n    [17] Whoever loves pleasure will be a poor man;\n        he who loves wine and oil will not be rich.\n    [18] The wicked is a ransom for the righteous,\n        and the traitor for the upright.\n    [19] It is better to live in a desert land\n        than with a quarrelsome and fretful woman.\n    [20] Precious treasure and oil are in a wise man\u2019s dwelling,\n        but a foolish man devours it.\n    [21] Whoever pursues righteousness and kindness\n        will find life, righteousness, and honor.\n    [22] A wise man scales the city of the mighty\n        and brings down the stronghold in which they trust.\n    [23] Whoever keeps his mouth and his tongue\n        keeps himself out of trouble.\n    [24] \u201cScoffer\u201d is the name of the arrogant, haughty man\n        who acts with arrogant pride.\n    [25] The desire of the sluggard kills him,\n        for his hands refuse to labor.\n    [26] All day long he craves and craves,\n        but the righteous gives and does not hold back.\n    [27] The sacrifice of the wicked is an abomination;\n        how much more when he brings it with evil intent.\n    [28] A false witness will perish,\n        but the word of a man who hears will endure.\n    [29] A wicked man puts on a bold face,\n        but the upright gives thought to(4) his ways.\n    [30] No wisdom, no understanding, no counsel\n        can avail against the LORD.\n    [31] The horse is made ready for the day of battle,\n        but the victory belongs to the LORD.\n    \n\nFootnotes\n\n(1) 21:4 Or *the plowing*\n\n(2) 21:6 Some Hebrew manuscripts, Septuagint, Latin; most Hebrew manuscripts *vapor for those who seek death*\n\n(3) 21:14 Hebrew *a bribe in the bosom*\n\n(4) 21:29 Or *establishes*\n (ESV)"]}