{"query": "Proverbs 2", "canonical": "Proverbs 2", "parsed": [[20002001, 20002022]], "passage_meta": [{"canonical": "Proverbs 2", "chapter_start": [20002001, 20002022], "chapter_end": [20002001, 20002022], "prev_verse": 20001033, "next_verse": 20003001, "prev_chapter": [20001001, 20001033], "next_chapter": [20003001, 20003035]}], "passages": ["Proverbs 2\n\nThe Value of Wisdom\n\n    [1] My son, if you receive my words\n        and treasure up my commandments with you,\n    [2] making your ear attentive to wisdom\n        and inclining your heart to understanding;\n    [3] yes, if you call out for insight\n        and raise your voice for understanding,\n    [4] if you seek it like silver\n        and search for it as for hidden treasures,\n    [5] then you will understand the fear of the LORD\n        and find the knowledge of God.\n    [6] For the LORD gives wisdom;\n        from his mouth come knowledge and understanding;\n    [7] he stores up sound wisdom for the upright;\n        he is a shield to those who walk in integrity,\n    [8] guarding the paths of justice\n        and watching over the way of his saints.\n    [9] Then you will understand righteousness and justice\n        and equity, every good path;\n    [10] for wisdom will come into your heart,\n        and knowledge will be pleasant to your soul;\n    [11] discretion will watch over you,\n        understanding will guard you,\n    [12] delivering you from the way of evil,\n        from men of perverted speech,\n    [13] who forsake the paths of uprightness\n        to walk in the ways of darkness,\n    [14] who rejoice in doing evil\n        and delight in the perverseness of evil,\n    [15] men whose paths are crooked,\n        and who are devious in their ways.\n    \n    \n    [16] So you will be delivered from the forbidden(1) woman,\n        from the adulteress(2) with her smooth words,\n    [17] who forsakes the companion of her youth\n        and forgets the covenant of her God;\n    [18] for her house sinks down to death,\n        and her paths to the departed;(3)\n    [19] none who go to her come back,\n        nor do they regain the paths of life.\n    \n    \n    [20] So you will walk in the way of the good\n        and keep to the paths of the righteous.\n    [21] For the upright will inhabit the land,\n        and those with integrity will remain in it,\n    [22] but the wicked will be cut off from the land,\n        and the treacherous will be rooted out of it.\n    \n\nFootnotes\n\n(1) 2:16 Hebrew *strange*\n\n(2) 2:16 Hebrew *foreign woman*\n\n(3) 2:18 Hebrew *to the Rephaim*\n (ESV)"]}