{"query": "Proverbs 3", "canonical": "Proverbs 3", "parsed": [[20003001, 20003035]], "passage_meta": [{"canonical": "Proverbs 3", "chapter_start": [20003001, 20003035], "chapter_end": [20003001, 20003035], "prev_verse": 20002022, "next_verse": 20004001, "prev_chapter": [20002001, 20002022], "next_chapter": [20004001, 20004027]}], "passages": ["Proverbs 3\n\nTrust in the LORD with All Your Heart\n\n    [1] My son, do not forget my teaching,\n        but let your heart keep my commandments,\n    [2] for length of days and years of life\n        and peace they will add to you.\n    \n    \n    [3] Let not steadfast love and faithfulness forsake you;\n        bind them around your neck;\n        write them on the tablet of your heart.\n    [4] So you will find favor and good success(1)\n        in the sight of God and man.\n    \n    \n    [5] Trust in the LORD with all your heart,\n        and do not lean on your own understanding.\n    [6] In all your ways acknowledge him,\n        and he will make straight your paths.\n    [7] Be not wise in your own eyes;\n        fear the LORD, and turn away from evil.\n    [8] It will be healing to your flesh(2)\n        and refreshment(3) to your bones.\n    \n    \n    [9] Honor the LORD with your wealth\n        and with the firstfruits of all your produce;\n    [10] then your barns will be filled with plenty,\n        and your vats will be bursting with wine.\n    \n    \n    [11] My son, do not despise the LORD\u2019s discipline\n        or be weary of his reproof,\n    [12] for the LORD reproves him whom he loves,\n        as a father the son in whom he delights.\n    \n    \n    Blessed Is the One Who Finds Wisdom\n\n    [13] Blessed is the one who finds wisdom,\n        and the one who gets understanding,\n    [14] for the gain from her is better than gain from silver\n        and her profit better than gold.\n    [15] She is more precious than jewels,\n        and nothing you desire can compare with her.\n    [16] Long life is in her right hand;\n        in her left hand are riches and honor.\n    [17] Her ways are ways of pleasantness,\n        and all her paths are peace.\n    [18] She is a tree of life to those who lay hold of her;\n        those who hold her fast are called blessed.\n    \n    \n    [19] The LORD by wisdom founded the earth;\n        by understanding he established the heavens;\n    [20] by his knowledge the deeps broke open,\n        and the clouds drop down the dew.\n    \n    \n    [21] My son, do not lose sight of these\u2014\n        keep sound wisdom and discretion,\n    [22] and they will be life for your soul\n        and adornment for your neck.\n    [23] Then you will walk on your way securely,\n        and your foot will not stumble.\n    [24] If you lie down, you will not be afraid;\n        when you lie down, your sleep will be sweet.\n    [25] Do not be afraid of sudden terror\n        or of the ruin(4) of the wicked, when it comes,\n    [26] for the LORD will be your confidence\n        and will keep your foot from being caught.\n    [27] Do not withhold good from those to whom it is due,(5)\n        when it is in your power to do it.\n    \n    \n    [28] Do not say to your neighbor, \u201cGo, and come again,\n        tomorrow I will give it\u201d\u2014when you have it with you.\n    [29] Do not plan evil against your neighbor,\n        who dwells trustingly beside you.\n    [30] Do not contend with a man for no reason,\n        when he has done you no harm.\n    [31] Do not envy a man of violence\n        and do not choose any of his ways,\n    [32] for the devious person is an abomination to the LORD,\n        but the upright are in his confidence.\n    [33] The LORD\u2019s curse is on the house of the wicked,\n        but he blesses the dwelling of the righteous.\n    [34] Toward the scorners he is scornful,\n        but to the humble he gives favor.(6)\n    [35] The wise will inherit honor,\n        but fools get(7) disgrace.\n    \n\nFootnotes\n\n(1) 3:4 Or *repute*\n\n(2) 3:8 Hebrew *navel*\n\n(3) 3:8 Or *medicine*\n\n(4) 3:25 Hebrew *storm*\n\n(5) 3:27 Hebrew *Do not withhold good from its owners*\n\n(6) 3:34 Or *grace*\n\n(7) 3:35 The meaning of the Hebrew word is uncertain\n (ESV)"]}