{"query": "Proverbs 8", "canonical": "Proverbs 8", "parsed": [[20008001, 20008036]], "passage_meta": [{"canonical": "Proverbs 8", "chapter_start": [20008001, 20008036], "chapter_end": [20008001, 20008036], "prev_verse": 20007027, "next_verse": 20009001, "prev_chapter": [20007001, 20007027], "next_chapter": [20009001, 20009018]}], "passages": ["Proverbs 8\n\nThe Blessings of Wisdom\n\n    [1] Does not wisdom call?\n        Does not understanding raise her voice?\n    [2] On the heights beside the way,\n        at the crossroads she takes her stand;\n    [3] beside the gates in front of the town,\n        at the entrance of the portals she cries aloud:\n    [4] \u201cTo you, O men, I call,\n        and my cry is to the children of man.\n    [5] O simple ones, learn prudence;\n        O fools, learn sense.\n    [6] Hear, for I will speak noble things,\n        and from my lips will come what is right,\n    [7] for my mouth will utter truth;\n        wickedness is an abomination to my lips.\n    [8] All the words of my mouth are righteous;\n        there is nothing twisted or crooked in them.\n    [9] They are all straight to him who understands,\n        and right to those who find knowledge.\n    [10] Take my instruction instead of silver,\n        and knowledge rather than choice gold,\n    [11] for wisdom is better than jewels,\n        and all that you may desire cannot compare with her.\n    \n    \n    [12] \u201cI, wisdom, dwell with prudence,\n        and I find knowledge and discretion.\n    [13] The fear of the LORD is hatred of evil.\n    Pride and arrogance and the way of evil\n        and perverted speech I hate.\n    [14] I have counsel and sound wisdom;\n        I have insight; I have strength.\n    [15] By me kings reign,\n        and rulers decree what is just;\n    [16] by me princes rule,\n        and nobles, all who govern justly.(1)\n    [17] I love those who love me,\n        and those who seek me diligently find me.\n    [18] Riches and honor are with me,\n        enduring wealth and righteousness.\n    [19] My fruit is better than gold, even fine gold,\n        and my yield than choice silver.\n    [20] I walk in the way of righteousness,\n        in the paths of justice,\n    [21] granting an inheritance to those who love me,\n        and filling their treasuries.\n    \n    \n    [22] \u201cThe LORD possessed(2) me at the beginning of his work,(3)\n        the first of his acts of old.\n    [23] Ages ago I was set up,\n        at the first, before the beginning of the earth.\n    [24] When there were no depths I was brought forth,\n        when there were no springs abounding with water.\n    [25] Before the mountains had been shaped,\n        before the hills, I was brought forth,\n    [26] before he had made the earth with its fields,\n        or the first of the dust of the world.\n    [27] When he established the heavens, I was there;\n        when he drew a circle on the face of the deep,\n    [28] when he made firm the skies above,\n        when he established(4) the fountains of the deep,\n    [29] when he assigned to the sea its limit,\n        so that the waters might not transgress his command,\n    when he marked out the foundations of the earth,\n    [30]     then I was beside him, like a master workman,\n    and I was daily his(5) delight,\n        rejoicing before him always,\n    [31] rejoicing in his inhabited world\n        and delighting in the children of man.\n    \n    \n    [32] \u201cAnd now, O sons, listen to me:\n        blessed are those who keep my ways.\n    [33] Hear instruction and be wise,\n        and do not neglect it.\n    [34] Blessed is the one who listens to me,\n        watching daily at my gates,\n        waiting beside my doors.\n    [35] For whoever finds me finds life\n        and obtains favor from the LORD,\n    [36] but he who fails to find me injures himself;\n        all who hate me love death.\u201d\n    \n\nFootnotes\n\n(1) 8:16 Most Hebrew manuscripts; many Hebrew manuscripts, Septuagint *govern the earth*\n\n(2) 8:22 Or *fathered*; Septuagint *created*\n\n(3) 8:22 Hebrew *way*\n\n(4) 8:28 The meaning of the Hebrew is uncertain\n\n(5) 8:30 Or *daily filled with*\n (ESV)"]}