{"query": "Proverbs 11", "canonical": "Proverbs 11", "parsed": [[20011001, 20011031]], "passage_meta": [{"canonical": "Proverbs 11", "chapter_start": [20011001, 20011031], "chapter_end": [20011001, 20011031], "prev_verse": 20010032, "next_verse": 20012001, "prev_chapter": [20010001, 20010032], "next_chapter": [20012001, 20012028]}], "passages": ["Proverbs 11\n\n    [1] A false balance is an abomination to the LORD,\n        but a just weight is his delight.\n    [2] When pride comes, then comes disgrace,\n        but with the humble is wisdom.\n    [3] The integrity of the upright guides them,\n        but the crookedness of the treacherous destroys them.\n    [4] Riches do not profit in the day of wrath,\n        but righteousness delivers from death.\n    [5] The righteousness of the blameless keeps his way straight,\n        but the wicked falls by his own wickedness.\n    [6] The righteousness of the upright delivers them,\n        but the treacherous are taken captive by their lust.\n    [7] When the wicked dies, his hope will perish,\n        and the expectation of wealth(1) perishes too.\n    [8] The righteous is delivered from trouble,\n        and the wicked walks into it instead.\n    [9] With his mouth the godless man would destroy his neighbor,\n        but by knowledge the righteous are delivered.\n    [10] When it goes well with the righteous, the city rejoices,\n        and when the wicked perish there are shouts of gladness.\n    [11] By the blessing of the upright a city is exalted,\n        but by the mouth of the wicked it is overthrown.\n    [12] Whoever belittles his neighbor lacks sense,\n        but a man of understanding remains silent.\n    [13] Whoever goes about slandering reveals secrets,\n        but he who is trustworthy in spirit keeps a thing covered.\n    [14] Where there is no guidance, a people falls,\n        but in an abundance of counselors there is safety.\n    [15] Whoever puts up security for a stranger will surely suffer harm,\n        but he who hates striking hands in pledge is secure.\n    [16] A gracious woman gets honor,\n        and violent men get riches.\n    [17] A man who is kind benefits himself,\n        but a cruel man hurts himself.\n    [18] The wicked earns deceptive wages,\n        but one who sows righteousness gets a sure reward.\n    [19] Whoever is steadfast in righteousness will live,\n        but he who pursues evil will die.\n    [20] Those of crooked heart are an abomination to the LORD,\n        but those of blameless ways are his delight.\n    [21] Be assured, an evil person will not go unpunished,\n        but the offspring of the righteous will be delivered.\n    [22] Like a gold ring in a pig\u2019s snout\n        is a beautiful woman without discretion.\n    [23] The desire of the righteous ends only in good,\n        the expectation of the wicked in wrath.\n    [24] One gives freely, yet grows all the richer;\n        another withholds what he should give, and only suffers want.\n    [25] Whoever brings blessing will be enriched,\n        and one who waters will himself be watered.\n    [26] The people curse him who holds back grain,\n        but a blessing is on the head of him who sells it.\n    [27] Whoever diligently seeks good seeks favor,(2)\n        but evil comes to him who searches for it.\n    [28] Whoever trusts in his riches will fall,\n        but the righteous will flourish like a green leaf.\n    [29] Whoever troubles his own household will inherit the wind,\n        and the fool will be servant to the wise of heart.\n    [30] The fruit of the righteous is a tree of life,\n        and whoever captures souls is wise.\n    [31] If the righteous is repaid on earth,\n        how much more the wicked and the sinner!\n    \n\nFootnotes\n\n(1) 11:7 Or *of his strength*, or *of iniquity*\n\n(2) 11:27 Or *acceptance*\n (ESV)"]}