{"query": "Proverbs 25", "canonical": "Proverbs 25", "parsed": [[20025001, 20025028]], "passage_meta": [{"canonical": "Proverbs 25", "chapter_start": [20025001, 20025028], "chapter_end": [20025001, 20025028], "prev_verse": 20024034, "next_verse": 20026001, "prev_chapter": [20024001, 20024034], "next_chapter": [20026001, 20026028]}], "passages": ["Proverbs 25\n\nMore Proverbs of Solomon\n\n  [1] These also are proverbs of Solomon which the men of Hezekiah king of Judah copied.\n\n    [2] It is the glory of God to conceal things,\n        but the glory of kings is to search things out.\n    [3] As the heavens for height, and the earth for depth,\n        so the heart of kings is unsearchable.\n    [4] Take away the dross from the silver,\n        and the smith has material for a vessel;\n    [5] take away the wicked from the presence of the king,\n        and his throne will be established in righteousness.\n    [6] Do not put yourself forward in the king\u2019s presence\n        or stand in the place of the great,\n    [7] for it is better to be told, \u201cCome up here,\u201d\n        than to be put lower in the presence of a noble.\n    \n    \n    What your eyes have seen\n    [8]     do not hastily bring into court,(1)\n    for(2) what will you do in the end,\n        when your neighbor puts you to shame?\n    [9] Argue your case with your neighbor himself,\n        and do not reveal another\u2019s secret,\n    [10] lest he who hears you bring shame upon you,\n        and your ill repute have no end.\n    \n    \n    [11] A word fitly spoken\n        is like apples of gold in a setting of silver.\n    [12] Like a gold ring or an ornament of gold\n        is a wise reprover to a listening ear.\n    [13] Like the cold of snow in the time of harvest\n        is a faithful messenger to those who send him;\n        he refreshes the soul of his masters.\n    [14] Like clouds and wind without rain\n        is a man who boasts of a gift he does not give.\n    \n    \n    [15] With patience a ruler may be persuaded,\n        and a soft tongue will break a bone.\n    [16] If you have found honey, eat only enough for you,\n        lest you have your fill of it and vomit it.\n    [17] Let your foot be seldom in your neighbor\u2019s house,\n        lest he have his fill of you and hate you.\n    [18] A man who bears false witness against his neighbor\n        is like a war club, or a sword, or a sharp arrow.\n    [19] Trusting in a treacherous man in time of trouble\n        is like a bad tooth or a foot that slips.\n    [20] Whoever sings songs to a heavy heart\n        is like one who takes off a garment on a cold day,\n        and like vinegar on soda.\n    [21] If your enemy is hungry, give him bread to eat,\n        and if he is thirsty, give him water to drink,\n    [22] for you will heap burning coals on his head,\n        and the LORD will reward you.\n    [23] The north wind brings forth rain,\n        and a backbiting tongue, angry looks.\n    [24] It is better to live in a corner of the housetop\n        than in a house shared with a quarrelsome wife.\n    [25] Like cold water to a thirsty soul,\n        so is good news from a far country.\n    [26] Like a muddied spring or a polluted fountain\n        is a righteous man who gives way before the wicked.\n    [27] It is not good to eat much honey,\n        nor is it glorious to seek one\u2019s own glory.(3)\n    [28] A man without self-control\n        is like a city broken into and left without walls.\n    \n\nFootnotes\n\n(1) 25:8 Or *presence of a noble, as your eyes have seen. [8] Do not go hastily out to court*\n\n(2) 25:8 Hebrew *or else*\n\n(3) 25:27 The meaning of the Hebrew line is uncertain\n (ESV)"]}