{"query": "Proverbs 20", "canonical": "Proverbs 20", "parsed": [[20020001, 20020030]], "passage_meta": [{"canonical": "Proverbs 20", "chapter_start": [20020001, 20020030], "chapter_end": [20020001, 20020030], "prev_verse": 20019029, "next_verse": 20021001, "prev_chapter": [20019001, 20019029], "next_chapter": [20021001, 20021031]}], "passages": ["Proverbs 20\n\n    [1] Wine is a mocker, strong drink a brawler,\n        and whoever is led astray by it is not wise.(1)\n    [2] The terror of a king is like the growling of a lion;\n        whoever provokes him to anger forfeits his life.\n    [3] It is an honor for a man to keep aloof from strife,\n        but every fool will be quarreling.\n    [4] The sluggard does not plow in the autumn;\n        he will seek at harvest and have nothing.\n    [5] The purpose in a man\u2019s heart is like deep water,\n        but a man of understanding will draw it out.\n    [6] Many a man proclaims his own steadfast love,\n        but a faithful man who can find?\n    [7] The righteous who walks in his integrity\u2014\n        blessed are his children after him!\n    [8] A king who sits on the throne of judgment\n        winnows all evil with his eyes.\n    [9] Who can say, \u201cI have made my heart pure;\n        I am clean from my sin\u201d?\n    [10] Unequal(2) weights and unequal measures\n        are both alike an abomination to the LORD.\n    [11] Even a child makes himself known by his acts,\n        by whether his conduct is pure and upright.(3)\n    [12] The hearing ear and the seeing eye,\n        the LORD has made them both.\n    [13] Love not sleep, lest you come to poverty;\n        open your eyes, and you will have plenty of bread.\n    [14] \u201cBad, bad,\u201d says the buyer,\n        but when he goes away, then he boasts.\n    [15] There is gold and abundance of costly stones,\n        but the lips of knowledge are a precious jewel.\n    [16] Take a man\u2019s garment when he has put up security for a stranger,\n        and hold it in pledge when he puts up security for foreigners.(4)\n    [17] Bread gained by deceit is sweet to a man,\n        but afterward his mouth will be full of gravel.\n    [18] Plans are established by counsel;\n        by wise guidance wage war.\n    [19] Whoever goes about slandering reveals secrets;\n        therefore do not associate with a simple babbler.(5)\n    [20] If one curses his father or his mother,\n        his lamp will be put out in utter darkness.\n    [21] An inheritance gained hastily in the beginning\n        will not be blessed in the end.\n    [22] Do not say, \u201cI will repay evil\u201d;\n        wait for the LORD, and he will deliver you.\n    [23] Unequal weights are an abomination to the LORD,\n        and false scales are not good.\n    [24] A man\u2019s steps are from the LORD;\n        how then can man understand his way?\n    [25] It is a snare to say rashly, \u201cIt is holy,\u201d\n        and to reflect only after making vows.\n    [26] A wise king winnows the wicked\n        and drives the wheel over them.\n    [27] The spirit(6) of man is the lamp of the LORD,\n        searching all his innermost parts.\n    [28] Steadfast love and faithfulness preserve the king,\n        and by steadfast love his throne is upheld.\n    [29] The glory of young men is their strength,\n        but the splendor of old men is their gray hair.\n    [30] Blows that wound cleanse away evil;\n        strokes make clean the innermost parts.\n    \n\nFootnotes\n\n(1) 20:1 Or *will not become wise*\n\n(2) 20:10 Or *Two kinds of*; also verse 23\n\n(3) 20:11 Or *Even a child can dissemble in his actions, though his conduct seems pure and upright*\n\n(4) 20:16 Or *for an adulteress* (compare 27:13)\n\n(5) 20:19 Hebrew *with one who is simple in his lips*\n\n(6) 20:27 Hebrew *breath*\n (ESV)"]}