{"query": "Proverbs 27", "canonical": "Proverbs 27", "parsed": [[20027001, 20027027]], "passage_meta": [{"canonical": "Proverbs 27", "chapter_start": [20027001, 20027027], "chapter_end": [20027001, 20027027], "prev_verse": 20026028, "next_verse": 20028001, "prev_chapter": [20026001, 20026028], "next_chapter": [20028001, 20028028]}], "passages": ["Proverbs 27\n\n    [1] Do not boast about tomorrow,\n        for you do not know what a day may bring.\n    [2] Let another praise you, and not your own mouth;\n        a stranger, and not your own lips.\n    [3] A stone is heavy, and sand is weighty,\n        but a fool\u2019s provocation is heavier than both.\n    [4] Wrath is cruel, anger is overwhelming,\n        but who can stand before jealousy?\n    [5] Better is open rebuke\n        than hidden love.\n    [6] Faithful are the wounds of a friend;\n        profuse are the kisses of an enemy.\n    [7] One who is full loathes honey,\n        but to one who is hungry everything bitter is sweet.\n    [8] Like a bird that strays from its nest\n        is a man who strays from his home.\n    [9] Oil and perfume make the heart glad,\n        and the sweetness of a friend comes from his earnest counsel.(1)\n    [10] Do not forsake your friend and your father\u2019s friend,\n        and do not go to your brother\u2019s house in the day of your calamity.\n    Better is a neighbor who is near\n        than a brother who is far away.\n    [11] Be wise, my son, and make my heart glad,\n        that I may answer him who reproaches me.\n    [12] The prudent sees danger and hides himself,\n        but the simple go on and suffer for it.\n    [13] Take a man\u2019s garment when he has put up security for a stranger,\n        and hold it in pledge when he puts up security for an adulteress.(2)\n    [14] Whoever blesses his neighbor with a loud voice,\n        rising early in the morning,\n        will be counted as cursing.\n    [15] A continual dripping on a rainy day\n        and a quarrelsome wife are alike;\n    [16] to restrain her is to restrain the wind\n        or to grasp(3) oil in one\u2019s right hand.\n    [17] Iron sharpens iron,\n        and one man sharpens another.(4)\n    [18] Whoever tends a fig tree will eat its fruit,\n        and he who guards his master will be honored.\n    [19] As in water face reflects face,\n        so the heart of man reflects the man.\n    [20] Sheol and Abaddon are never satisfied,\n        and never satisfied are the eyes of man.\n    [21] The crucible is for silver, and the furnace is for gold,\n        and a man is tested by his praise.\n    [22] Crush a fool in a mortar with a pestle\n        along with crushed grain,\n        yet his folly will not depart from him.\n    \n    \n    [23] Know well the condition of your flocks,\n        and give attention to your herds,\n    [24] for riches do not last forever;\n        and does a crown endure to all generations?\n    [25] When the grass is gone and the new growth appears\n        and the vegetation of the mountains is gathered,\n    [26] the lambs will provide your clothing,\n        and the goats the price of a field.\n    [27] There will be enough goats\u2019 milk for your food,\n        for the food of your household\n        and maintenance for your girls.\n    \n\nFootnotes\n\n(1) 27:9 Or *and so does the sweetness of a friend that comes from his earnest counsel*\n\n(2) 27:13 Hebrew *a foreign woman*; a slight emendation yields (compare Vulgate; see also 20:16) *foreigners*\n\n(3) 27:16 Hebrew *to meet with*\n\n(4) 27:17 Hebrew *sharpens the face of another*\n (ESV)"]}