{"query": "Proverbs 9", "canonical": "Proverbs 9", "parsed": [[20009001, 20009018]], "passage_meta": [{"canonical": "Proverbs 9", "chapter_start": [20009001, 20009018], "chapter_end": [20009001, 20009018], "prev_verse": 20008036, "next_verse": 20010001, "prev_chapter": [20008001, 20008036], "next_chapter": [20010001, 20010032]}], "passages": ["Proverbs 9\n\nThe Way of Wisdom\n\n    [1] Wisdom has built her house;\n        she has hewn her seven pillars.\n    [2] She has slaughtered her beasts; she has mixed her wine;\n        she has also set her table.\n    [3] She has sent out her young women to call\n        from the highest places in the town,\n    [4] \u201cWhoever is simple, let him turn in here!\u201d\n        To him who lacks sense she says,\n    [5] \u201cCome, eat of my bread\n        and drink of the wine I have mixed.\n    [6] Leave your simple ways,(1) and live,\n        and walk in the way of insight.\u201d\n    \n    \n    [7] Whoever corrects a scoffer gets himself abuse,\n        and he who reproves a wicked man incurs injury.\n    [8] Do not reprove a scoffer, or he will hate you;\n        reprove a wise man, and he will love you.\n    [9] Give instruction(2) to a wise man, and he will be still wiser;\n        teach a righteous man, and he will increase in learning.\n    [10] The fear of the LORD is the beginning of wisdom,\n        and the knowledge of the Holy One is insight.\n    [11] For by me your days will be multiplied,\n        and years will be added to your life.\n    [12] If you are wise, you are wise for yourself;\n        if you scoff, you alone will bear it.\n    \n    \n    The Way of Folly\n\n    [13] The woman Folly is loud;\n        she is seductive(3) and knows nothing.\n    [14] She sits at the door of her house;\n        she takes a seat on the highest places of the town,\n    [15] calling to those who pass by,\n        who are going straight on their way,\n    [16] \u201cWhoever is simple, let him turn in here!\u201d\n        And to him who lacks sense she says,\n    [17] \u201cStolen water is sweet,\n        and bread eaten in secret is pleasant.\u201d\n    [18] But he does not know that the dead(4) are there,\n        that her guests are in the depths of Sheol.\n    \n\nFootnotes\n\n(1) 9:6 Or *Leave the company of the simple*\n\n(2) 9:9 Hebrew lacks *instruction*\n\n(3) 9:13 Or *full of simpleness*\n\n(4) 9:18 Hebrew *Rephaim*\n (ESV)"]}