{"query": "Proverbs 13", "canonical": "Proverbs 13", "parsed": [[20013001, 20013025]], "passage_meta": [{"canonical": "Proverbs 13", "chapter_start": [20013001, 20013025], "chapter_end": [20013001, 20013025], "prev_verse": 20012028, "next_verse": 20014001, "prev_chapter": [20012001, 20012028], "next_chapter": [20014001, 20014035]}], "passages": ["Proverbs 13\n\n    [1] A wise son hears his father\u2019s instruction,\n        but a scoffer does not listen to rebuke.\n    [2] From the fruit of his mouth a man eats what is good,\n        but the desire of the treacherous is for violence.\n    [3] Whoever guards his mouth preserves his life;\n        he who opens wide his lips comes to ruin.\n    [4] The soul of the sluggard craves and gets nothing,\n        while the soul of the diligent is richly supplied.\n    [5] The righteous hates falsehood,\n        but the wicked brings shame(1) and disgrace.\n    [6] Righteousness guards him whose way is blameless,\n        but sin overthrows the wicked.\n    [7] One pretends to be rich,(2) yet has nothing;\n        another pretends to be poor,(3) yet has great wealth.\n    [8] The ransom of a man\u2019s life is his wealth,\n        but a poor man hears no threat.\n    [9] The light of the righteous rejoices,\n        but the lamp of the wicked will be put out.\n    [10] By insolence comes nothing but strife,\n        but with those who take advice is wisdom.\n    [11] Wealth gained hastily(4) will dwindle,\n        but whoever gathers little by little will increase it.\n    [12] Hope deferred makes the heart sick,\n        but a desire fulfilled is a tree of life.\n    [13] Whoever despises the word(5) brings destruction on himself,\n        but he who reveres the commandment(6) will be rewarded.\n    [14] The teaching of the wise is a fountain of life,\n        that one may turn away from the snares of death.\n    [15] Good sense wins favor,\n        but the way of the treacherous is their ruin.(7)\n    [16] Every prudent man acts with knowledge,\n        but a fool flaunts his folly.\n    [17] A wicked messenger falls into trouble,\n        but a faithful envoy brings healing.\n    [18] Poverty and disgrace come to him who ignores instruction,\n        but whoever heeds reproof is honored.\n    [19] A desire fulfilled is sweet to the soul,\n        but to turn away from evil is an abomination to fools.\n    [20] Whoever walks with the wise becomes wise,\n        but the companion of fools will suffer harm.\n    [21] Disaster(8) pursues sinners,\n        but the righteous are rewarded with good.\n    [22] A good man leaves an inheritance to his children\u2019s children,\n        but the sinner\u2019s wealth is laid up for the righteous.\n    [23] The fallow ground of the poor would yield much food,\n        but it is swept away through injustice.\n    [24] Whoever spares the rod hates his son,\n        but he who loves him is diligent to discipline him.(9)\n    [25] The righteous has enough to satisfy his appetite,\n        but the belly of the wicked suffers want.\n    \n\nFootnotes\n\n(1) 13:5 Or *stench*\n\n(2) 13:7 Or *One makes himself rich*\n\n(3) 13:7 Or *another makes himself poor*\n\n(4) 13:11 Or *by fraud*\n\n(5) 13:13 Or *a word*\n\n(6) 13:13 Or *a commandment*\n\n(7) 13:15 Probable reading (compare Septuagint, Syriac, Vulgate); Hebrew *is rugged*, or *is an enduring rut*\n\n(8) 13:21 Or *Evil*\n\n(9) 13:24 Or *who loves him disciplines him early*\n (ESV)"]}