{"query": "Proverbs 23", "canonical": "Proverbs 23", "parsed": [[20023001, 20023035]], "passage_meta": [{"canonical": "Proverbs 23", "chapter_start": [20023001, 20023035], "chapter_end": [20023001, 20023035], "prev_verse": 20022029, "next_verse": 20024001, "prev_chapter": [20022001, 20022029], "next_chapter": [20024001, 20024034]}], "passages": ["Proverbs 23\n\n    [1] When you sit down to eat with a ruler,\n        observe carefully what(1) is before you,\n    [2] and put a knife to your throat\n        if you are given to appetite.\n    [3] Do not desire his delicacies,\n        for they are deceptive food.\n    [4] Do not toil to acquire wealth;\n        be discerning enough to desist.\n    [5] When your eyes light on it, it is gone,\n        for suddenly it sprouts wings,\n        flying like an eagle toward heaven.\n    [6] Do not eat the bread of a man who is stingy;(2)\n        do not desire his delicacies,\n    [7] for he is like one who is inwardly calculating.(3)\n        \u201cEat and drink!\u201d he says to you,\n        but his heart is not with you.\n    [8] You will vomit up the morsels that you have eaten,\n        and waste your pleasant words.\n    [9] Do not speak in the hearing of a fool,\n        for he will despise the good sense of your words.\n    [10] Do not move an ancient landmark\n        or enter the fields of the fatherless,\n    [11] for their Redeemer is strong;\n        he will plead their cause against you.\n    [12] Apply your heart to instruction\n        and your ear to words of knowledge.\n    [13] Do not withhold discipline from a child;\n        if you strike him with a rod, he will not die.\n    [14] If you strike him with the rod,\n        you will save his soul from Sheol.\n    [15] My son, if your heart is wise,\n        my heart too will be glad.\n    [16] My inmost being(4) will exult\n        when your lips speak what is right.\n    [17] Let not your heart envy sinners,\n        but continue in the fear of the LORD all the day.\n    [18] Surely there is a future,\n        and your hope will not be cut off.\n    \n    \n    [19] Hear, my son, and be wise,\n        and direct your heart in the way.\n    [20] Be not among drunkards(5)\n        or among gluttonous eaters of meat,\n    [21] for the drunkard and the glutton will come to poverty,\n        and slumber will clothe them with rags.\n    \n    \n    [22] Listen to your father who gave you life,\n        and do not despise your mother when she is old.\n    [23] Buy truth, and do not sell it;\n        buy wisdom, instruction, and understanding.\n    [24] The father of the righteous will greatly rejoice;\n        he who fathers a wise son will be glad in him.\n    [25] Let your father and mother be glad;\n        let her who bore you rejoice.\n    \n    \n    [26] My son, give me your heart,\n        and let your eyes observe(6) my ways.\n    [27] For a prostitute is a deep pit;\n        an adulteress(7) is a narrow well.\n    [28] She lies in wait like a robber\n        and increases the traitors among mankind.\n    \n    \n    [29] Who has woe? Who has sorrow?\n        Who has strife? Who has complaining?\n    Who has wounds without cause?\n        Who has redness of eyes?\n    [30] Those who tarry long over wine;\n        those who go to try mixed wine.\n    [31] Do not look at wine when it is red,\n        when it sparkles in the cup\n        and goes down smoothly.\n    [32] In the end it bites like a serpent\n        and stings like an adder.\n    [33] Your eyes will see strange things,\n        and your heart utter perverse things.\n    [34] You will be like one who lies down in the midst of the sea,\n        like one who lies on the top of a mast.(8)\n    [35] \u201cThey struck me,\u201d you will say,(9) \u201cbut I was not hurt;\n        they beat me, but I did not feel it.\n    When shall I awake?\n        I must have another drink.\u201d\n    \n\nFootnotes\n\n(1) 23:1 Or *who*\n\n(2) 23:6 Hebrew *whose eye is evil*\n\n(3) 23:7 Or *for as he calculates in his soul, so is he*\n\n(4) 23:16 Hebrew *My kidneys*\n\n(5) 23:20 Hebrew *those who drink too much wine*\n\n(6) 23:26 Or *delight in*\n\n(7) 23:27 Hebrew *a foreign woman*\n\n(8) 23:34 Or *of the rigging*\n\n(9) 23:35 Hebrew lacks *you will say*\n (ESV)"]}