{"query": "Proverbs 28", "canonical": "Proverbs 28", "parsed": [[20028001, 20028028]], "passage_meta": [{"canonical": "Proverbs 28", "chapter_start": [20028001, 20028028], "chapter_end": [20028001, 20028028], "prev_verse": 20027027, "next_verse": 20029001, "prev_chapter": [20027001, 20027027], "next_chapter": [20029001, 20029027]}], "passages": ["Proverbs 28\n\n    [1] The wicked flee when no one pursues,\n        but the righteous are bold as a lion.\n    [2] When a land transgresses, it has many rulers,\n        but with a man of understanding and knowledge,\n        its stability will long continue.\n    [3] A poor man who oppresses the poor\n        is a beating rain that leaves no food.\n    [4] Those who forsake the law praise the wicked,\n        but those who keep the law strive against them.\n    [5] Evil men do not understand justice,\n        but those who seek the LORD understand it completely.\n    [6] Better is a poor man who walks in his integrity\n        than a rich man who is crooked in his ways.\n    [7] The one who keeps the law is a son with understanding,\n        but a companion of gluttons shames his father.\n    [8] Whoever multiplies his wealth by interest and profit(1)\n        gathers it for him who is generous to the poor.\n    [9] If one turns away his ear from hearing the law,\n        even his prayer is an abomination.\n    [10] Whoever misleads the upright into an evil way\n        will fall into his own pit,\n        but the blameless will have a goodly inheritance.\n    [11] A rich man is wise in his own eyes,\n        but a poor man who has understanding will find him out.\n    [12] When the righteous triumph, there is great glory,\n        but when the wicked rise, people hide themselves.\n    [13] Whoever conceals his transgressions will not prosper,\n        but he who confesses and forsakes them will obtain mercy.\n    [14] Blessed is the one who fears the LORD(2) always,\n        but whoever hardens his heart will fall into calamity.\n    [15] Like a roaring lion or a charging bear\n        is a wicked ruler over a poor people.\n    [16] A ruler who lacks understanding is a cruel oppressor,\n        but he who hates unjust gain will prolong his days.\n    [17] If one is burdened with the blood of another,\n        he will be a fugitive until death;(3)\n        let no one help him.\n    [18] Whoever walks in integrity will be delivered,\n        but he who is crooked in his ways will suddenly fall.\n    [19] Whoever works his land will have plenty of bread,\n        but he who follows worthless pursuits will have plenty of poverty.\n    [20] A faithful man will abound with blessings,\n        but whoever hastens to be rich will not go unpunished.\n    [21] To show partiality is not good,\n        but for a piece of bread a man will do wrong.\n    [22] A stingy man(4) hastens after wealth\n        and does not know that poverty will come upon him.\n    [23] Whoever rebukes a man will afterward find more favor\n        than he who flatters with his tongue.\n    [24] Whoever robs his father or his mother\n        and says, \u201cThat is no transgression,\u201d\n        is a companion to a man who destroys.\n    [25] A greedy man stirs up strife,\n        but the one who trusts in the LORD will be enriched.\n    [26] Whoever trusts in his own mind is a fool,\n        but he who walks in wisdom will be delivered.\n    [27] Whoever gives to the poor will not want,\n        but he who hides his eyes will get many a curse.\n    [28] When the wicked rise, people hide themselves,\n        but when they perish, the righteous increase.\n    \n\nFootnotes\n\n(1) 28:8 That is, profit that comes from charging interest to the poor\n\n(2) 28:14 Hebrew lacks *the Lord*\n\n(3) 28:17 Hebrew *until the pit*\n\n(4) 28:22 Hebrew *A man whose eye is evil*\n (ESV)"]}