{"query": "Proverbs 7", "canonical": "Proverbs 7", "parsed": [[20007001, 20007027]], "passage_meta": [{"canonical": "Proverbs 7", "chapter_start": [20007001, 20007027], "chapter_end": [20007001, 20007027], "prev_verse": 20006035, "next_verse": 20008001, "prev_chapter": [20006001, 20006035], "next_chapter": [20008001, 20008036]}], "passages": ["Proverbs 7\n\nWarning Against the Adulteress\n\n    [1] My son, keep my words\n        and treasure up my commandments with you;\n    [2] keep my commandments and live;\n        keep my teaching as the apple of your eye;\n    [3] bind them on your fingers;\n        write them on the tablet of your heart.\n    [4] Say to wisdom, \u201cYou are my sister,\u201d\n        and call insight your intimate friend,\n    [5] to keep you from the forbidden(1) woman,\n        from the adulteress(2) with her smooth words.\n    \n    \n    [6] For at the window of my house\n        I have looked out through my lattice,\n    [7] and I have seen among the simple,\n        I have perceived among the youths,\n        a young man lacking sense,\n    [8] passing along the street near her corner,\n        taking the road to her house\n    [9] in the twilight, in the evening,\n        at the time of night and darkness.\n    \n    \n    [10] And behold, the woman meets him,\n        dressed as a prostitute, wily of heart.(3)\n    [11] She is loud and wayward;\n        her feet do not stay at home;\n    [12] now in the street, now in the market,\n        and at every corner she lies in wait.\n    [13] She seizes him and kisses him,\n        and with bold face she says to him,\n    [14] \u201cI had to offer sacrifices,(4)\n        and today I have paid my vows;\n    [15] so now I have come out to meet you,\n        to seek you eagerly, and I have found you.\n    [16] I have spread my couch with coverings,\n        colored linens from Egyptian linen;\n    [17] I have perfumed my bed with myrrh,\n        aloes, and cinnamon.\n    [18] Come, let us take our fill of love till morning;\n        let us delight ourselves with love.\n    [19] For my husband is not at home;\n        he has gone on a long journey;\n    [20] he took a bag of money with him;\n        at full moon he will come home.\u201d\n    \n    \n    [21] With much seductive speech she persuades him;\n        with her smooth talk she compels him.\n    [22] All at once he follows her,\n        as an ox goes to the slaughter,\n    or as a stag is caught fast(5)\n    [23]     till an arrow pierces its liver;\n    as a bird rushes into a snare;\n        he does not know that it will cost him his life.\n    \n    \n    [24] And now, O sons, listen to me,\n        and be attentive to the words of my mouth.\n    [25] Let not your heart turn aside to her ways;\n        do not stray into her paths,\n    [26] for many a victim has she laid low,\n        and all her slain are a mighty throng.\n    [27] Her house is the way to Sheol,\n        going down to the chambers of death.\n    \n\nFootnotes\n\n(1) 7:5 Hebrew *strange*\n\n(2) 7:5 Hebrew *the foreign woman*\n\n(3) 7:10 Hebrew *guarded in heart*\n\n(4) 7:14 Hebrew *peace offerings*\n\n(5) 7:22 Probable reading (compare Septuagint, Vulgate, Syriac); Hebrew *as a chain to discipline a fool*\n (ESV)"]}