{"query": "Proverbs 31", "canonical": "Proverbs 31", "parsed": [[20031001, 20031031]], "passage_meta": [{"canonical": "Proverbs 31", "chapter_start": [20031001, 20031031], "chapter_end": [20031001, 20031031], "prev_verse": 20030033, "next_verse": 21001001, "prev_chapter": [20030001, 20030033], "next_chapter": [21001001, 21001018]}], "passages": ["Proverbs 31\n\nThe Words of King Lemuel\n\n  [1] The words of King Lemuel. An oracle that his mother taught him:\n\n    [2] What are you doing, my son?(1) What are you doing, son of my womb?\n        What are you doing, son of my vows?\n    [3] Do not give your strength to women,\n        your ways to those who destroy kings.\n    [4] It is not for kings, O Lemuel,\n        it is not for kings to drink wine,\n        or for rulers to take strong drink,\n    [5] lest they drink and forget what has been decreed\n        and pervert the rights of all the afflicted.\n    [6] Give strong drink to the one who is perishing,\n        and wine to those in bitter distress;(2)\n    [7] let them drink and forget their poverty\n        and remember their misery no more.\n    [8] Open your mouth for the mute,\n        for the rights of all who are destitute.(3)\n    [9] Open your mouth, judge righteously,\n        defend the rights of the poor and needy.\n    \n    \n    The Woman Who Fears the LORD\n\n    [10] (4) An excellent wife who can find?\n        She is far more precious than jewels.\n    [11] The heart of her husband trusts in her,\n        and he will have no lack of gain.\n    [12] She does him good, and not harm,\n        all the days of her life.\n    [13] She seeks wool and flax,\n        and works with willing hands.\n    [14] She is like the ships of the merchant;\n        she brings her food from afar.\n    [15] She rises while it is yet night\n        and provides food for her household\n        and portions for her maidens.\n    [16] She considers a field and buys it;\n        with the fruit of her hands she plants a vineyard.\n    [17] She dresses herself(5) with strength\n        and makes her arms strong.\n    [18] She perceives that her merchandise is profitable.\n        Her lamp does not go out at night.\n    [19] She puts her hands to the distaff,\n        and her hands hold the spindle.\n    [20] She opens her hand to the poor\n        and reaches out her hands to the needy.\n    [21] She is not afraid of snow for her household,\n        for all her household are clothed in scarlet.(6)\n    [22] She makes bed coverings for herself;\n        her clothing is fine linen and purple.\n    [23] Her husband is known in the gates\n        when he sits among the elders of the land.\n    [24] She makes linen garments and sells them;\n        she delivers sashes to the merchant.\n    [25] Strength and dignity are her clothing,\n        and she laughs at the time to come.\n    [26] She opens her mouth with wisdom,\n        and the teaching of kindness is on her tongue.\n    [27] She looks well to the ways of her household\n        and does not eat the bread of idleness.\n    [28] Her children rise up and call her blessed;\n        her husband also, and he praises her:\n    [29] \u201cMany women have done excellently,\n        but you surpass them all.\u201d\n    [30] Charm is deceitful, and beauty is vain,\n        but a woman who fears the LORD is to be praised.\n    [31] Give her of the fruit of her hands,\n        and let her works praise her in the gates.\n    \n\nFootnotes\n\n(1) 31:2 Hebrew *What, my son?*\n\n(2) 31:6 Hebrew *those bitter in soul*\n\n(3) 31:8 Hebrew *are sons of passing away*\n\n(4) 31:10 Verses 10\u201331 are an acrostic poem, each verse beginning with the successive letters of the Hebrew alphabet\n\n(5) 31:17 Hebrew *She girds her loins*\n\n(6) 31:21 Or *in double thickness*\n (ESV)"]}