{"query": "Proverbs 15", "canonical": "Proverbs 15", "parsed": [[20015001, 20015033]], "passage_meta": [{"canonical": "Proverbs 15", "chapter_start": [20015001, 20015033], "chapter_end": [20015001, 20015033], "prev_verse": 20014035, "next_verse": 20016001, "prev_chapter": [20014001, 20014035], "next_chapter": [20016001, 20016033]}], "passages": ["Proverbs 15\n\n    [1] A soft answer turns away wrath,\n        but a harsh word stirs up anger.\n    [2] The tongue of the wise commends knowledge,\n        but the mouths of fools pour out folly.\n    [3] The eyes of the LORD are in every place,\n        keeping watch on the evil and the good.\n    [4] A gentle(1) tongue is a tree of life,\n        but perverseness in it breaks the spirit.\n    [5] A fool despises his father\u2019s instruction,\n        but whoever heeds reproof is prudent.\n    [6] In the house of the righteous there is much treasure,\n        but trouble befalls the income of the wicked.\n    [7] The lips of the wise spread knowledge;\n        not so the hearts of fools.(2)\n    [8] The sacrifice of the wicked is an abomination to the LORD,\n        but the prayer of the upright is acceptable to him.\n    [9] The way of the wicked is an abomination to the LORD,\n        but he loves him who pursues righteousness.\n    [10] There is severe discipline for him who forsakes the way;\n        whoever hates reproof will die.\n    [11] Sheol and Abaddon lie open before the LORD;\n        how much more the hearts of the children of man!\n    [12] A scoffer does not like to be reproved;\n        he will not go to the wise.\n    [13] A glad heart makes a cheerful face,\n        but by sorrow of heart the spirit is crushed.\n    [14] The heart of him who has understanding seeks knowledge,\n        but the mouths of fools feed on folly.\n    [15] All the days of the afflicted are evil,\n        but the cheerful of heart has a continual feast.\n    [16] Better is a little with the fear of the LORD\n        than great treasure and trouble with it.\n    [17] Better is a dinner of herbs where love is\n        than a fattened ox and hatred with it.\n    [18] A hot-tempered man stirs up strife,\n        but he who is slow to anger quiets contention.\n    [19] The way of a sluggard is like a hedge of thorns,\n        but the path of the upright is a level highway.\n    [20] A wise son makes a glad father,\n        but a foolish man despises his mother.\n    [21] Folly is a joy to him who lacks sense,\n        but a man of understanding walks straight ahead.\n    [22] Without counsel plans fail,\n        but with many advisers they succeed.\n    [23] To make an apt answer is a joy to a man,\n        and a word in season, how good it is!\n    [24] The path of life leads upward for the prudent,\n        that he may turn away from Sheol beneath.\n    [25] The LORD tears down the house of the proud\n        but maintains the widow\u2019s boundaries.\n    [26] The thoughts of the wicked are an abomination to the LORD,\n        but gracious words are pure.\n    [27] Whoever is greedy for unjust gain troubles his own household,\n        but he who hates bribes will live.\n    [28] The heart of the righteous ponders how to answer,\n        but the mouth of the wicked pours out evil things.\n    [29] The LORD is far from the wicked,\n        but he hears the prayer of the righteous.\n    [30] The light of the eyes rejoices the heart,\n        and good news refreshes(3) the bones.\n    [31] The ear that listens to life-giving reproof\n        will dwell among the wise.\n    [32] Whoever ignores instruction despises himself,\n        but he who listens to reproof gains intelligence.\n    [33] The fear of the LORD is instruction in wisdom,\n        and humility comes before honor.\n    \n\nFootnotes\n\n(1) 15:4 Or *healing*\n\n(2) 15:7 Or *the hearts of fools are not steadfast*\n\n(3) 15:30 Hebrew *makes fat*\n (ESV)"]}