{"query": "Proverbs 22", "canonical": "Proverbs 22", "parsed": [[20022001, 20022029]], "passage_meta": [{"canonical": "Proverbs 22", "chapter_start": [20022001, 20022029], "chapter_end": [20022001, 20022029], "prev_verse": 20021031, "next_verse": 20023001, "prev_chapter": [20021001, 20021031], "next_chapter": [20023001, 20023035]}], "passages": ["Proverbs 22\n\n    [1] A good name is to be chosen rather than great riches,\n        and favor is better than silver or gold.\n    [2] The rich and the poor meet together;\n        the LORD is the Maker of them all.\n    [3] The prudent sees danger and hides himself,\n        but the simple go on and suffer for it.\n    [4] The reward for humility and fear of the LORD\n        is riches and honor and life.(1)\n    [5] Thorns and snares are in the way of the crooked;\n        whoever guards his soul will keep far from them.\n    [6] Train up a child in the way he should go;\n        even when he is old he will not depart from it.\n    [7] The rich rules over the poor,\n        and the borrower is the slave of the lender.\n    [8] Whoever sows injustice will reap calamity,\n        and the rod of his fury will fail.\n    [9] Whoever has a bountiful(2) eye will be blessed,\n        for he shares his bread with the poor.\n    [10] Drive out a scoffer, and strife will go out,\n        and quarreling and abuse will cease.\n    [11] He who loves purity of heart,\n        and whose speech is gracious, will have the king as his friend.\n    [12] The eyes of the LORD keep watch over knowledge,\n        but he overthrows the words of the traitor.\n    [13] The sluggard says, \u201cThere is a lion outside!\n        I shall be killed in the streets!\u201d\n    [14] The mouth of forbidden(3) women is a deep pit;\n        he with whom the LORD is angry will fall into it.\n    [15] Folly is bound up in the heart of a child,\n        but the rod of discipline drives it far from him.\n    [16] Whoever oppresses the poor to increase his own wealth,\n        or gives to the rich, will only come to poverty.\n    \n    \n    Words of the Wise\n\n    [17] Incline your ear, and hear the words of the wise,\n        and apply your heart to my knowledge,\n    [18] for it will be pleasant if you keep them within you,\n        if all of them are ready on your lips.\n    [19] That your trust may be in the LORD,\n        I have made them known to you today, even to you.\n    [20] Have I not written for you thirty sayings\n        of counsel and knowledge,\n    [21] to make you know what is right and true,\n        that you may give a true answer to those who sent you?\n    \n    \n    [22] Do not rob the poor, because he is poor,\n        or crush the afflicted at the gate,\n    [23] for the LORD will plead their cause\n        and rob of life those who rob them.\n    [24] Make no friendship with a man given to anger,\n        nor go with a wrathful man,\n    [25] lest you learn his ways\n        and entangle yourself in a snare.\n    [26] Be not one of those who give pledges,\n        who put up security for debts.\n    [27] If you have nothing with which to pay,\n        why should your bed be taken from under you?\n    [28] Do not move the ancient landmark\n        that your fathers have set.\n    [29] Do you see a man skillful in his work?\n        He will stand before kings;\n        he will not stand before obscure men.\n    \n\nFootnotes\n\n(1) 22:4 Or *The reward for humility is the fear of the Lord, riches and honor and life*\n\n(2) 22:9 Hebrew *good*\n\n(3) 22:14 Hebrew *strange*\n (ESV)"]}