{"query": "Proverbs 30", "canonical": "Proverbs 30", "parsed": [[20030001, 20030033]], "passage_meta": [{"canonical": "Proverbs 30", "chapter_start": [20030001, 20030033], "chapter_end": [20030001, 20030033], "prev_verse": 20029027, "next_verse": 20031001, "prev_chapter": [20029001, 20029027], "next_chapter": [20031001, 20031031]}], "passages": ["Proverbs 30\n\nThe Words of Agur\n\n  [1] The words of Agur son of Jakeh. The oracle.(1)\n\n    The man declares, I am weary, O God;\n        I am weary, O God, and worn out.(2)\n    [2] Surely I am too stupid to be a man.\n        I have not the understanding of a man.\n    [3] I have not learned wisdom,\n        nor have I knowledge of the Holy One.\n    [4] Who has ascended to heaven and come down?\n        Who has gathered the wind in his fists?\n    Who has wrapped up the waters in a garment?\n        Who has established all the ends of the earth?\n    What is his name, and what is his son\u2019s name?\n        Surely you know!\n    \n    \n    [5] Every word of God proves true;\n        he is a shield to those who take refuge in him.\n    [6] Do not add to his words,\n        lest he rebuke you and you be found a liar.\n    \n    \n    [7] Two things I ask of you;\n        deny them not to me before I die:\n    [8] Remove far from me falsehood and lying;\n        give me neither poverty nor riches;\n        feed me with the food that is needful for me,\n    [9] lest I be full and deny you\n        and say, \u201cWho is the LORD?\u201d\n    or lest I be poor and steal\n        and profane the name of my God.\n    \n    \n    [10] Do not slander a servant to his master,\n        lest he curse you, and you be held guilty.\n    \n    \n    [11] There are those(3) who curse their fathers\n        and do not bless their mothers.\n    [12] There are those who are clean in their own eyes\n        but are not washed of their filth.\n    [13] There are those\u2014how lofty are their eyes,\n        how high their eyelids lift!\n    [14] There are those whose teeth are swords,\n        whose fangs are knives,\n    to devour the poor from off the earth,\n        the needy from among mankind.\n    \n    \n    [15] The leech has two daughters:\n        Give and Give.(4)\n    Three things are never satisfied;\n        four never say, \u201cEnough\u201d:\n    [16] Sheol, the barren womb,\n        the land never satisfied with water,\n        and the fire that never says, \u201cEnough.\u201d\n    \n    \n    [17] The eye that mocks a father\n        and scorns to obey a mother\n    will be picked out by the ravens of the valley\n        and eaten by the vultures.\n    \n    \n    [18] Three things are too wonderful for me;\n        four I do not understand:\n    [19] the way of an eagle in the sky,\n        the way of a serpent on a rock,\n    the way of a ship on the high seas,\n        and the way of a man with a virgin.\n    \n    \n    [20] This is the way of an adulteress:\n        she eats and wipes her mouth\n        and says, \u201cI have done no wrong.\u201d\n    \n    \n    [21] Under three things the earth trembles;\n        under four it cannot bear up:\n    [22] a slave when he becomes king,\n        and a fool when he is filled with food;\n    [23] an unloved woman when she gets a husband,\n        and a maidservant when she displaces her mistress.\n    \n    \n    [24] Four things on earth are small,\n        but they are exceedingly wise:\n    [25] the ants are a people not strong,\n        yet they provide their food in the summer;\n    [26] the rock badgers are a people not mighty,\n        yet they make their homes in the cliffs;\n    [27] the locusts have no king,\n        yet all of them march in rank;\n    [28] the lizard you can take in your hands,\n        yet it is in kings\u2019 palaces.\n    \n    \n    [29] Three things are stately in their tread;\n        four are stately in their stride:\n    [30] the lion, which is mightiest among beasts\n        and does not turn back before any;\n    [31] the strutting rooster,(5) the he-goat,\n        and a king whose army is with him.(6)\n    \n    \n    [32] If you have been foolish, exalting yourself,\n        or if you have been devising evil,\n        put your hand on your mouth.\n    [33] For pressing milk produces curds,\n        pressing the nose produces blood,\n        and pressing anger produces strife.\n    \n\nFootnotes\n\n(1) 30:1 Or *Jakeh, the man of Massa*\n\n(2) 30:1 Revocalization; Hebrew *The man declares to Ithiel, to Ithiel and Ucal*\n\n(3) 30:11 Hebrew *There is a generation*; also verses 12, 13, 14\n\n(4) 30:15 Or *\u201cGive, give,\u201d they cry*\n\n(5) 30:31 Or *the magpie*, or *the greyhound*; Hebrew *girt-of-loins*\n\n(6) 30:31 Or *against whom there is no rising up*\n (ESV)"]}