{"query": "Proverbs 26", "canonical": "Proverbs 26", "parsed": [[20026001, 20026028]], "passage_meta": [{"canonical": "Proverbs 26", "chapter_start": [20026001, 20026028], "chapter_end": [20026001, 20026028], "prev_verse": 20025028, "next_verse": 20027001, "prev_chapter": [20025001, 20025028], "next_chapter": [20027001, 20027027]}], "passages": ["Proverbs 26\n\n    [1] Like snow in summer or rain in harvest,\n        so honor is not fitting for a fool.\n    [2] Like a sparrow in its flitting, like a swallow in its flying,\n        a curse that is causeless does not alight.\n    [3] A whip for the horse, a bridle for the donkey,\n        and a rod for the back of fools.\n    [4] Answer not a fool according to his folly,\n        lest you be like him yourself.\n    [5] Answer a fool according to his folly,\n        lest he be wise in his own eyes.\n    [6] Whoever sends a message by the hand of a fool\n        cuts off his own feet and drinks violence.\n    [7] Like a lame man\u2019s legs, which hang useless,\n        is a proverb in the mouth of fools.\n    [8] Like one who binds the stone in the sling\n        is one who gives honor to a fool.\n    [9] Like a thorn that goes up into the hand of a drunkard\n        is a proverb in the mouth of fools.\n    [10] Like an archer who wounds everyone\n        is one who hires a passing fool or drunkard.(1)\n    [11] Like a dog that returns to his vomit\n        is a fool who repeats his folly.\n    [12] Do you see a man who is wise in his own eyes?\n        There is more hope for a fool than for him.\n    [13] The sluggard says, \u201cThere is a lion in the road!\n        There is a lion in the streets!\u201d\n    [14] As a door turns on its hinges,\n        so does a sluggard on his bed.\n    [15] The sluggard buries his hand in the dish;\n        it wears him out to bring it back to his mouth.\n    [16] The sluggard is wiser in his own eyes\n        than seven men who can answer sensibly.\n    [17] Whoever meddles in a quarrel not his own\n        is like one who takes a passing dog by the ears.\n    [18] Like a madman who throws firebrands, arrows, and death\n    [19] is the man who deceives his neighbor\n        and says, \u201cI am only joking!\u201d\n    [20] For lack of wood the fire goes out,\n        and where there is no whisperer, quarreling ceases.\n    [21] As charcoal to hot embers and wood to fire,\n        so is a quarrelsome man for kindling strife.\n    [22] The words of a whisperer are like delicious morsels;\n        they go down into the inner parts of the body.\n    [23] Like the glaze(2) covering an earthen vessel\n        are fervent lips with an evil heart.\n    [24] Whoever hates disguises himself with his lips\n        and harbors deceit in his heart;\n    [25] when he speaks graciously, believe him not,\n        for there are seven abominations in his heart;\n    [26] though his hatred be covered with deception,\n        his wickedness will be exposed in the assembly.\n    [27] Whoever digs a pit will fall into it,\n        and a stone will come back on him who starts it rolling.\n    [28] A lying tongue hates its victims,\n        and a flattering mouth works ruin.\n    \n\nFootnotes\n\n(1) 26:10 Or *hires a fool or passersby*\n\n(2) 26:23 By revocalization; Hebrew *silver of dross*\n (ESV)"]}