{"query": "Proverbs 18", "canonical": "Proverbs 18", "parsed": [[20018001, 20018024]], "passage_meta": [{"canonical": "Proverbs 18", "chapter_start": [20018001, 20018024], "chapter_end": [20018001, 20018024], "prev_verse": 20017028, "next_verse": 20019001, "prev_chapter": [20017001, 20017028], "next_chapter": [20019001, 20019029]}], "passages": ["Proverbs 18\n\n    [1] Whoever isolates himself seeks his own desire;\n        he breaks out against all sound judgment.\n    [2] A fool takes no pleasure in understanding,\n        but only in expressing his opinion.\n    [3] When wickedness comes, contempt comes also,\n        and with dishonor comes disgrace.\n    [4] The words of a man\u2019s mouth are deep waters;\n        the fountain of wisdom is a bubbling brook.\n    [5] It is not good to be partial to(1) the wicked\n        or to deprive the righteous of justice.\n    [6] A fool\u2019s lips walk into a fight,\n        and his mouth invites a beating.\n    [7] A fool\u2019s mouth is his ruin,\n        and his lips are a snare to his soul.\n    [8] The words of a whisperer are like delicious morsels;\n        they go down into the inner parts of the body.\n    [9] Whoever is slack in his work\n        is a brother to him who destroys.\n    [10] The name of the LORD is a strong tower;\n        the righteous man runs into it and is safe.\n    [11] A rich man\u2019s wealth is his strong city,\n        and like a high wall in his imagination.\n    [12] Before destruction a man\u2019s heart is haughty,\n        but humility comes before honor.\n    [13] If one gives an answer before he hears,\n        it is his folly and shame.\n    [14] A man\u2019s spirit will endure sickness,\n        but a crushed spirit who can bear?\n    [15] An intelligent heart acquires knowledge,\n        and the ear of the wise seeks knowledge.\n    [16] A man\u2019s gift makes room for him\n        and brings him before the great.\n    [17] The one who states his case first seems right,\n        until the other comes and examines him.\n    [18] The lot puts an end to quarrels\n        and decides between powerful contenders.\n    [19] A brother offended is more unyielding than a strong city,\n        and quarreling is like the bars of a castle.\n    [20] From the fruit of a man\u2019s mouth his stomach is satisfied;\n        he is satisfied by the yield of his lips.\n    [21] Death and life are in the power of the tongue,\n        and those who love it will eat its fruits.\n    [22] He who finds a wife finds a good thing\n        and obtains favor from the LORD.\n    [23] The poor use entreaties,\n        but the rich answer roughly.\n    [24] A man of many companions may come to ruin,\n        but there is a friend who sticks closer than a brother.\n    \n\nFootnotes\n\n(1) 18:5 Hebrew *to lift the face of*\n (ESV)"]}