{"query": "Proverbs 16", "canonical": "Proverbs 16", "parsed": [[20016001, 20016033]], "passage_meta": [{"canonical": "Proverbs 16", "chapter_start": [20016001, 20016033], "chapter_end": [20016001, 20016033], "prev_verse": 20015033, "next_verse": 20017001, "prev_chapter": [20015001, 20015033], "next_chapter": [20017001, 20017028]}], "passages": ["Proverbs 16\n\n    [1] The plans of the heart belong to man,\n        but the answer of the tongue is from the LORD.\n    [2] All the ways of a man are pure in his own eyes,\n        but the LORD weighs the spirit.(1)\n    [3] Commit your work to the LORD,\n        and your plans will be established.\n    [4] The LORD has made everything for its purpose,\n        even the wicked for the day of trouble.\n    [5] Everyone who is arrogant in heart is an abomination to the LORD;\n        be assured, he will not go unpunished.\n    [6] By steadfast love and faithfulness iniquity is atoned for,\n        and by the fear of the LORD one turns away from evil.\n    [7] When a man\u2019s ways please the LORD,\n        he makes even his enemies to be at peace with him.\n    [8] Better is a little with righteousness\n        than great revenues with injustice.\n    [9] The heart of man plans his way,\n        but the LORD establishes his steps.\n    [10] An oracle is on the lips of a king;\n        his mouth does not sin in judgment.\n    [11] A just balance and scales are the LORD\u2019s;\n        all the weights in the bag are his work.\n    [12] It is an abomination to kings to do evil,\n        for the throne is established by righteousness.\n    [13] Righteous lips are the delight of a king,\n        and he loves him who speaks what is right.\n    [14] A king\u2019s wrath is a messenger of death,\n        and a wise man will appease it.\n    [15] In the light of a king\u2019s face there is life,\n        and his favor is like the clouds that bring the spring rain.\n    [16] How much better to get wisdom than gold!\n        To get understanding is to be chosen rather than silver.\n    [17] The highway of the upright turns aside from evil;\n        whoever guards his way preserves his life.\n    [18] Pride goes before destruction,\n        and a haughty spirit before a fall.\n    [19] It is better to be of a lowly spirit with the poor\n        than to divide the spoil with the proud.\n    [20] Whoever gives thought to the word(2) will discover good,\n        and blessed is he who trusts in the LORD.\n    [21] The wise of heart is called discerning,\n        and sweetness of speech increases persuasiveness.\n    [22] Good sense is a fountain of life to him who has it,\n        but the instruction of fools is folly.\n    [23] The heart of the wise makes his speech judicious\n        and adds persuasiveness to his lips.\n    [24] Gracious words are like a honeycomb,\n        sweetness to the soul and health to the body.\n    [25] There is a way that seems right to a man,\n        but its end is the way to death.(3)\n    [26] A worker\u2019s appetite works for him;\n        his mouth urges him on.\n    [27] A worthless man plots evil,\n        and his speech(4) is like a scorching fire.\n    [28] A dishonest man spreads strife,\n        and a whisperer separates close friends.\n    [29] A man of violence entices his neighbor\n        and leads him in a way that is not good.\n    [30] Whoever winks his eyes plans(5) dishonest things;\n        he who purses his lips brings evil to pass.\n    [31] Gray hair is a crown of glory;\n        it is gained in a righteous life.\n    [32] Whoever is slow to anger is better than the mighty,\n        and he who rules his spirit than he who takes a city.\n    [33] The lot is cast into the lap,\n        but its every decision is from the LORD.\n    \n\nFootnotes\n\n(1) 16:2 Or *spirits*\n\n(2) 16:20 Or *to a matter*\n\n(3) 16:25 Hebrew *ways of death*\n\n(4) 16:27 Hebrew *what is on his lips*\n\n(5) 16:30 Hebrew *to plan*\n (ESV)"]}