{"query": "Proverbs 10", "canonical": "Proverbs 10", "parsed": [[20010001, 20010032]], "passage_meta": [{"canonical": "Proverbs 10", "chapter_start": [20010001, 20010032], "chapter_end": [20010001, 20010032], "prev_verse": 20009018, "next_verse": 20011001, "prev_chapter": [20009001, 20009018], "next_chapter": [20011001, 20011031]}], "passages": ["Proverbs 10\n\nThe Proverbs of Solomon\n\n  [1] The proverbs of Solomon.\n\n    A wise son makes a glad father,\n        but a foolish son is a sorrow to his mother.\n    [2] Treasures gained by wickedness do not profit,\n        but righteousness delivers from death.\n    [3] The LORD does not let the righteous go hungry,\n        but he thwarts the craving of the wicked.\n    [4] A slack hand causes poverty,\n        but the hand of the diligent makes rich.\n    [5] He who gathers in summer is a prudent son,\n        but he who sleeps in harvest is a son who brings shame.\n    [6] Blessings are on the head of the righteous,\n        but the mouth of the wicked conceals violence.(1)\n    [7] The memory of the righteous is a blessing,\n        but the name of the wicked will rot.\n    [8] The wise of heart will receive commandments,\n        but a babbling fool will come to ruin.\n    [9] Whoever walks in integrity walks securely,\n        but he who makes his ways crooked will be found out.\n    [10] Whoever winks the eye causes trouble,\n        and a babbling fool will come to ruin.\n    [11] The mouth of the righteous is a fountain of life,\n        but the mouth of the wicked conceals violence.\n    [12] Hatred stirs up strife,\n        but love covers all offenses.\n    [13] On the lips of him who has understanding, wisdom is found,\n        but a rod is for the back of him who lacks sense.\n    [14] The wise lay up knowledge,\n        but the mouth of a fool brings ruin near.\n    [15] A rich man\u2019s wealth is his strong city;\n        the poverty of the poor is their ruin.\n    [16] The wage of the righteous leads to life,\n        the gain of the wicked to sin.\n    [17] Whoever heeds instruction is on the path to life,\n        but he who rejects reproof leads others astray.\n    [18] The one who conceals hatred has lying lips,\n        and whoever utters slander is a fool.\n    [19] When words are many, transgression is not lacking,\n        but whoever restrains his lips is prudent.\n    [20] The tongue of the righteous is choice silver;\n        the heart of the wicked is of little worth.\n    [21] The lips of the righteous feed many,\n        but fools die for lack of sense.\n    [22] The blessing of the LORD makes rich,\n        and he adds no sorrow with it.(2)\n    [23] Doing wrong is like a joke to a fool,\n        but wisdom is pleasure to a man of understanding.\n    [24] What the wicked dreads will come upon him,\n        but the desire of the righteous will be granted.\n    [25] When the tempest passes, the wicked is no more,\n        but the righteous is established forever.\n    [26] Like vinegar to the teeth and smoke to the eyes,\n        so is the sluggard to those who send him.\n    [27] The fear of the LORD prolongs life,\n        but the years of the wicked will be short.\n    [28] The hope of the righteous brings joy,\n        but the expectation of the wicked will perish.\n    [29] The way of the LORD is a stronghold to the blameless,\n        but destruction to evildoers.\n    [30] The righteous will never be removed,\n        but the wicked will not dwell in the land.\n    [31] The mouth of the righteous brings forth wisdom,\n        but the perverse tongue will be cut off.\n    [32] The lips of the righteous know what is acceptable,\n        but the mouth of the wicked, what is perverse.\n    \n\nFootnotes\n\n(1) 10:6 Or *but violence covers the mouth of the wicked*; also verse 11\n\n(2) 10:22 Or *and toil adds nothing to it*\n (ESV)"]}