{"query": "Proverbs 4", "canonical": "Proverbs 4", "parsed": [[20004001, 20004027]], "passage_meta": [{"canonical": "Proverbs 4", "chapter_start": [20004001, 20004027], "chapter_end": [20004001, 20004027], "prev_verse": 20003035, "next_verse": 20005001, "prev_chapter": [20003001, 20003035], "next_chapter": [20005001, 20005023]}], "passages": ["Proverbs 4\n\nA Father\u2019s Wise Instruction\n\n    [1] Hear, O sons, a father\u2019s instruction,\n        and be attentive, that you may gain(1) insight,\n    [2] for I give you good precepts;\n        do not forsake my teaching.\n    [3] When I was a son with my father,\n        tender, the only one in the sight of my mother,\n    [4] he taught me and said to me,\n    \u201cLet your heart hold fast my words;\n        keep my commandments, and live.\n    [5] Get wisdom; get insight;\n        do not forget, and do not turn away from the words of my mouth.\n    [6] Do not forsake her, and she will keep you;\n        love her, and she will guard you.\n    [7] The beginning of wisdom is this: Get wisdom,\n        and whatever you get, get insight.\n    [8] Prize her highly, and she will exalt you;\n        she will honor you if you embrace her.\n    [9] She will place on your head a graceful garland;\n        she will bestow on you a beautiful crown.\u201d\n    \n    \n    [10] Hear, my son, and accept my words,\n        that the years of your life may be many.\n    [11] I have taught you the way of wisdom;\n        I have led you in the paths of uprightness.\n    [12] When you walk, your step will not be hampered,\n        and if you run, you will not stumble.\n    [13] Keep hold of instruction; do not let go;\n        guard her, for she is your life.\n    [14] Do not enter the path of the wicked,\n        and do not walk in the way of the evil.\n    [15] Avoid it; do not go on it;\n        turn away from it and pass on.\n    [16] For they cannot sleep unless they have done wrong;\n        they are robbed of sleep unless they have made someone stumble.\n    [17] For they eat the bread of wickedness\n        and drink the wine of violence.\n    [18] But the path of the righteous is like the light of dawn,\n        which shines brighter and brighter until full day.\n    [19] The way of the wicked is like deep darkness;\n        they do not know over what they stumble.\n    \n    \n    [20] My son, be attentive to my words;\n        incline your ear to my sayings.\n    [21] Let them not escape from your sight;\n        keep them within your heart.\n    [22] For they are life to those who find them,\n        and healing to all their(2) flesh.\n    [23] Keep your heart with all vigilance,\n        for from it flow the springs of life.\n    [24] Put away from you crooked speech,\n        and put devious talk far from you.\n    [25] Let your eyes look directly forward,\n        and your gaze be straight before you.\n    [26] Ponder(3) the path of your feet;\n        then all your ways will be sure.\n    [27] Do not swerve to the right or to the left;\n        turn your foot away from evil.\n    \n\nFootnotes\n\n(1) 4:1 Hebrew *know*\n\n(2) 4:22 Hebrew *his*\n\n(3) 4:26 Or *Make level*\n (ESV)"]}