{"query": "Deuteronomy 11", "canonical": "Deuteronomy 11", "parsed": [[5011001, 5011032]], "passage_meta": [{"canonical": "Deuteronomy 11", "chapter_start": [5011001, 5011032], "chapter_end": [5011001, 5011032], "prev_verse": 5010022, "next_verse": 5012001, "prev_chapter": [5010001, 5010022], "next_chapter": [5012001, 5012032]}], "passages": ["Deuteronomy 11\n\nLove and Serve the LORD\n\n  [1] \u201cYou shall therefore love the LORD your God and keep his charge, his statutes, his rules, and his commandments always. [2] And consider today (since I am not speaking to your children who have not known or seen it), consider the discipline(1) of the LORD your God, his greatness, his mighty hand and his outstretched arm, [3] his signs and his deeds that he did in Egypt to Pharaoh the king of Egypt and to all his land, [4] and what he did to the army of Egypt, to their horses and to their chariots, how he made the water of the Red Sea flow over them as they pursued after you, and how the LORD has destroyed them to this day, [5] and what he did to you in the wilderness, until you came to this place, [6] and what he did to Dathan and Abiram the sons of Eliab, son of Reuben, how the earth opened its mouth and swallowed them up, with their households, their tents, and every living thing that followed them, in the midst of all Israel. [7] For your eyes have seen all the great work of the LORD that he did.\n\n  [8] \u201cYou shall therefore keep the whole commandment that I command you today, that you may be strong, and go in and take possession of the land that you are going over to possess, [9] and that you may live long in the land that the LORD swore to your fathers to give to them and to their offspring, a land flowing with milk and honey. [10] For the land that you are entering to take possession of it is not like the land of Egypt, from which you have come, where you sowed your seed and irrigated it,(2) like a garden of vegetables. [11] But the land that you are going over to possess is a land of hills and valleys, which drinks water by the rain from heaven, [12] a land that the LORD your God cares for. The eyes of the LORD your God are always upon it, from the beginning of the year to the end of the year.\n\n  [13] \u201cAnd if you will indeed obey my commandments that I command you today, to love the LORD your God, and to serve him with all your heart and with all your soul, [14] he(3) will give the rain for your land in its season, the early rain and the later rain, that you may gather in your grain and your wine and your oil. [15] And he will give grass in your fields for your livestock, and you shall eat and be full. [16] Take care lest your heart be deceived, and you turn aside and serve other gods and worship them; [17] then the anger of the LORD will be kindled against you, and he will shut up the heavens, so that there will be no rain, and the land will yield no fruit, and you will perish quickly off the good land that the LORD is giving you.\n\n  [18] \u201cYou shall therefore lay up these words of mine in your heart and in your soul, and you shall bind them as a sign on your hand, and they shall be as frontlets between your eyes. [19] You shall teach them to your children, talking of them when you are sitting in your house, and when you are walking by the way, and when you lie down, and when you rise. [20] You shall write them on the doorposts of your house and on your gates, [21] that your days and the days of your children may be multiplied in the land that the LORD swore to your fathers to give them, as long as the heavens are above the earth. [22] For if you will be careful to do all this commandment that I command you to do, loving the LORD your God, walking in all his ways, and holding fast to him, [23] then the LORD will drive out all these nations before you, and you will dispossess nations greater and mightier than you. [24] Every place on which the sole of your foot treads shall be yours. Your territory shall be from the wilderness to(4) the Lebanon and from the River, the river Euphrates, to the western sea. [25] No one shall be able to stand against you. The LORD your God will lay the fear of you and the dread of you on all the land that you shall tread, as he promised you.\n\n  [26] \u201cSee, I am setting before you today a blessing and a curse: [27] the blessing, if you obey the commandments of the LORD your God, which I command you today, [28] and the curse, if you do not obey the commandments of the LORD your God, but turn aside from the way that I am commanding you today, to go after other gods that you have not known. [29] And when the LORD your God brings you into the land that you are entering to take possession of it, you shall set the blessing on Mount Gerizim and the curse on Mount Ebal. [30] Are they not beyond the Jordan, west of the road, toward the going down of the sun, in the land of the Canaanites who live in the Arabah, opposite Gilgal, beside the oak(5) of Moreh? [31] For you are to cross over the Jordan to go in to take possession of the land that the LORD your God is giving you. And when you possess it and live in it, [32] you shall be careful to do all the statutes and the rules that I am setting before you today.\n\nFootnotes\n\n(1) 11:2 Or *instruction*\n\n(2) 11:10 Hebrew *watered it with your feet*\n\n(3) 11:14 Samaritan, Septuagint, Vulgate; Hebrew *I*; also verse 15\n\n(4) 11:24 Hebrew *and*\n\n(5) 11:30 Septuagint, Syriac; see Genesis 12:6. Hebrew *oaks*, or *terebinths*\n (ESV)"]}