{"query": "Deuteronomy 32", "canonical": "Deuteronomy 32", "parsed": [[5032001, 5032052]], "passage_meta": [{"canonical": "Deuteronomy 32", "chapter_start": [5032001, 5032052], "chapter_end": [5032001, 5032052], "prev_verse": 5031030, "next_verse": 5033001, "prev_chapter": [5031001, 5031030], "next_chapter": [5033001, 5033029]}], "passages": ["Deuteronomy 32\n\n    [1] \u201cGive ear, O heavens, and I will speak,\n        and let the earth hear the words of my mouth.\n    [2] May my teaching drop as the rain,\n        my speech distill as the dew,\n    like gentle rain upon the tender grass,\n        and like showers upon the herb.\n    [3] For I will proclaim the name of the LORD;\n        ascribe greatness to our God!\n    \n    \n    [4] \u201cThe Rock, his work is perfect,\n        for all his ways are justice.\n    A God of faithfulness and without iniquity,\n        just and upright is he.\n    [5] They have dealt corruptly with him;\n        they are no longer his children because they are blemished;\n        they are a crooked and twisted generation.\n    [6] Do you thus repay the LORD,\n        you foolish and senseless people?\n    Is not he your father, who created you,\n        who made you and established you?\n    [7] Remember the days of old;\n        consider the years of many generations;\n    ask your father, and he will show you,\n        your elders, and they will tell you.\n    [8] When the Most High gave to the nations their inheritance,\n        when he divided mankind,\n    he fixed the borders(1) of the peoples\n        according to the number of the sons of God.(2)\n    [9] But the LORD\u2019s portion is his people,\n        Jacob his allotted heritage.\n    \n    \n    [10] \u201cHe found him in a desert land,\n        and in the howling waste of the wilderness;\n    he encircled him, he cared for him,\n        he kept him as the apple of his eye.\n    [11] Like an eagle that stirs up its nest,\n        that flutters over its young,\n    spreading out its wings, catching them,\n        bearing them on its pinions,\n    [12] the LORD alone guided him,\n        no foreign god was with him.\n    [13] He made him ride on the high places of the land,\n        and he ate the produce of the field,\n    and he suckled him with honey out of the rock,\n        and oil out of the flinty rock.\n    [14] Curds from the herd, and milk from the flock,\n        with fat(3) of lambs,\n    rams of Bashan and goats,\n        with the very finest(4) of the wheat\u2014\n        and you drank foaming wine made from the blood of the grape.\n    \n    \n    [15] \u201cBut Jeshurun grew fat, and kicked;\n        you grew fat, stout, and sleek;\n    then he forsook God who made him\n        and scoffed at the Rock of his salvation.\n    [16] They stirred him to jealousy with strange gods;\n        with abominations they provoked him to anger.\n    [17] They sacrificed to demons that were no gods,\n        to gods they had never known,\n    to new gods that had come recently,\n        whom your fathers had never dreaded.\n    [18] You were unmindful of the Rock that bore(5) you,\n        and you forgot the God who gave you birth.\n    \n    \n    [19] \u201cThe LORD saw it and spurned them,\n        because of the provocation of his sons and his daughters.\n    [20] And he said, \u2018I will hide my face from them;\n        I will see what their end will be,\n    for they are a perverse generation,\n        children in whom is no faithfulness.\n    [21] They have made me jealous with what is no god;\n        they have provoked me to anger with their idols.\n    So I will make them jealous with those who are no people;\n        I will provoke them to anger with a foolish nation.\n    [22] For a fire is kindled by my anger,\n        and it burns to the depths of Sheol,\n    devours the earth and its increase,\n        and sets on fire the foundations of the mountains.\n    \n    \n    [23] \u201c\u2018And I will heap disasters upon them;\n        I will spend my arrows on them;\n    [24] they shall be wasted with hunger,\n        and devoured by plague\n        and poisonous pestilence;\n    I will send the teeth of beasts against them,\n        with the venom of things that crawl in the dust.\n    [25] Outdoors the sword shall bereave,\n        and indoors terror,\n    for young man and woman alike,\n        the nursing child with the man of gray hairs.\n    [26] I would have said, \u201cI will cut them to pieces;\n        I will wipe them from human memory,\u201d\n    [27] had I not feared provocation by the enemy,\n        lest their adversaries should misunderstand,\n    lest they should say, \u201cOur hand is triumphant,\n        it was not the LORD who did all this.\u201d\u2019\n    \n    \n    [28] \u201cFor they are a nation void of counsel,\n        and there is no understanding in them.\n    [29] If they were wise, they would understand this;\n        they would discern their latter end!\n    [30] How could one have chased a thousand,\n        and two have put ten thousand to flight,\n    unless their Rock had sold them,\n        and the LORD had given them up?\n    [31] For their rock is not as our Rock;\n        our enemies are by themselves.\n    [32] For their vine comes from the vine of Sodom\n        and from the fields of Gomorrah;\n    their grapes are grapes of poison;\n        their clusters are bitter;\n    [33] their wine is the poison of serpents\n        and the cruel venom of asps.\n    \n    \n    [34] \u201c\u2018Is not this laid up in store with me,\n        sealed up in my treasuries?\n    [35] Vengeance is mine, and recompense,(6)\n        for the time when their foot shall slip;\n    for the day of their calamity is at hand,\n        and their doom comes swiftly.\u2019\n    [36] For the LORD will vindicate(7) his people\n        and have compassion on his servants,\n    when he sees that their power is gone\n        and there is none remaining, bond or free.\n    [37] Then he will say, \u2018Where are their gods,\n        the rock in which they took refuge,\n    [38] who ate the fat of their sacrifices\n        and drank the wine of their drink offering?\n    Let them rise up and help you;\n        let them be your protection!\n    \n    \n    [39] \u201c\u2018See now that I, even I, am he,\n        and there is no god beside me;\n    I kill and I make alive;\n        I wound and I heal;\n        and there is none that can deliver out of my hand.\n    [40] For I lift up my hand to heaven\n        and swear, As I live forever,\n    [41] if I sharpen my flashing sword(8)\n        and my hand takes hold on judgment,\n    I will take vengeance on my adversaries\n        and will repay those who hate me.\n    [42] I will make my arrows drunk with blood,\n        and my sword shall devour flesh\u2014\n    with the blood of the slain and the captives,\n        from the long-haired heads of the enemy.\u2019\n    \n    \n    [43] \u201cRejoice with him, O heavens;(9)\n        bow down to him, all gods,(10)\n    for he avenges the blood of his children(11)\n        and takes vengeance on his adversaries.\n    He repays those who hate him(12)\n        and cleanses(13) his people\u2019s land.\u201d(14)\n    \n    \n      [44] Moses came and recited all the words of this song in the hearing of the people, he and Joshua(15) the son of Nun. [45] And when Moses had finished speaking all these words to all Israel, [46] he said to them, \u201cTake to heart all the words by which I am warning you today, that you may command them to your children, that they may be careful to do all the words of this law. [47] For it is no empty word for you, but your very life, and by this word you shall live long in the land that you are going over the Jordan to possess.\u201d\n\nMoses\u2019 Death Foretold\n\n  [48] That very day the LORD spoke to Moses, [49] \u201cGo up this mountain of the Abarim, Mount Nebo, which is in the land of Moab, opposite Jericho, and view the land of Canaan, which I am giving to the people of Israel for a possession. [50] And die on the mountain which you go up, and be gathered to your people, as Aaron your brother died in Mount Hor and was gathered to his people, [51] because you broke faith with me in the midst of the people of Israel at the waters of Meribah-kadesh, in the wilderness of Zin, and because you did not treat me as holy in the midst of the people of Israel. [52] For you shall see the land before you, but you shall not go there, into the land that I am giving to the people of Israel.\u201d\n\nFootnotes\n\n(1) 32:8 Or *territories*\n\n(2) 32:8 Compare Dead Sea Scroll, Septuagint; Masoretic Text *sons of Israel*\n\n(3) 32:14 That is, with the best\n\n(4) 32:14 Hebrew *with the kidney fat*\n\n(5) 32:18 Or *fathered*\n\n(6) 32:35 Septuagint *and I will repay*\n\n(7) 32:36 Septuagint *judge*\n\n(8) 32:41 Hebrew *the lightning of my sword*\n\n(9) 32:43 Dead Sea Scroll, Septuagint; Masoretic Text *Rejoice his people, O nations*\n\n(10) 32:43 Masoretic Text lacks *bow down to him, all gods*\n\n(11) 32:43 Dead Sea Scroll, Septuagint; Masoretic Text *servants*\n\n(12) 32:43 Dead Sea Scroll, Septuagint; Masoretic Text lacks *He repays those who hate him*\n\n(13) 32:43 Or *atones for*\n\n(14) 32:43 Septuagint, Vulgate; Hebrew *his land his people*\n\n(15) 32:44 Septuagint, Syriac, Vulgate; Hebrew *Hoshea*\n (ESV)"]}