{"query": "Deuteronomy 23", "canonical": "Deuteronomy 23", "parsed": [[5023001, 5023025]], "passage_meta": [{"canonical": "Deuteronomy 23", "chapter_start": [5023001, 5023025], "chapter_end": [5023001, 5023025], "prev_verse": 5022030, "next_verse": 5024001, "prev_chapter": [5022001, 5022030], "next_chapter": [5024001, 5024022]}], "passages": ["Deuteronomy 23\n\nThose Excluded from the Assembly\n\n  [1] \u201cNo one whose testicles are crushed or whose male organ is cut off shall enter the assembly of the LORD.\n\n  [2] \u201cNo one born of a forbidden union may enter the assembly of the LORD. Even to the tenth generation, none of his descendants may enter the assembly of the LORD.\n\n  [3] \u201cNo Ammonite or Moabite may enter the assembly of the LORD. Even to the tenth generation, none of them may enter the assembly of the LORD forever, [4] because they did not meet you with bread and with water on the way, when you came out of Egypt, and because they hired against you Balaam the son of Beor from Pethor of Mesopotamia, to curse you. [5] But the LORD your God would not listen to Balaam; instead the LORD your God turned the curse into a blessing for you, because the LORD your God loved you. [6] You shall not seek their peace or their prosperity all your days forever.\n\n  [7] \u201cYou shall not abhor an Edomite, for he is your brother. You shall not abhor an Egyptian, because you were a sojourner in his land. [8] Children born to them in the third generation may enter the assembly of the LORD.\n\nUncleanness in the Camp\n\n  [9] \u201cWhen you are encamped against your enemies, then you shall keep yourself from every evil thing.\n\n  [10] \u201cIf any man among you becomes unclean because of a nocturnal emission, then he shall go outside the camp. He shall not come inside the camp, [11] but when evening comes, he shall bathe himself in water, and as the sun sets, he may come inside the camp.\n\n  [12] \u201cYou shall have a place outside the camp, and you shall go out to it. [13] And you shall have a trowel with your tools, and when you sit down outside, you shall dig a hole with it and turn back and cover up your excrement. [14] Because the LORD your God walks in the midst of your camp, to deliver you and to give up your enemies before you, therefore your camp must be holy, so that he may not see anything indecent among you and turn away from you.\n\nMiscellaneous Laws\n\n  [15] \u201cYou shall not give up to his master a slave(1) who has escaped from his master to you. [16] He shall dwell with you, in your midst, in the place that he shall choose within one of your towns, wherever it suits him. You shall not wrong him.\n\n  [17] \u201cNone of the daughters of Israel shall be a cult prostitute, and none of the sons of Israel shall be a cult prostitute. [18] You shall not bring the fee of a prostitute or the wages of a dog(2) into the house of the LORD your God in payment for any vow, for both of these are an abomination to the LORD your God.\n\n  [19] \u201cYou shall not charge interest on loans to your brother, interest on money, interest on food, interest on anything that is lent for interest. [20] You may charge a foreigner interest, but you may not charge your brother interest, that the LORD your God may bless you in all that you undertake in the land that you are entering to take possession of it.\n\n  [21] \u201cIf you make a vow to the LORD your God, you shall not delay fulfilling it, for the LORD your God will surely require it of you, and you will be guilty of sin. [22] But if you refrain from vowing, you will not be guilty of sin. [23] You shall be careful to do what has passed your lips, for you have voluntarily vowed to the LORD your God what you have promised with your mouth.\n\n  [24] \u201cIf you go into your neighbor\u2019s vineyard, you may eat your fill of grapes, as many as you wish, but you shall not put any in your bag. [25] If you go into your neighbor\u2019s standing grain, you may pluck the ears with your hand, but you shall not put a sickle to your neighbor\u2019s standing grain.\n\nFootnotes\n\n(1) 23:15 Or *servant*; the Hebrew term *\u2018ebed* designates a range of social and economic roles (see Preface)\n\n(2) 23:18 Or *male prostitute*\n (ESV)"]}