{"query": "Deuteronomy 18", "canonical": "Deuteronomy 18", "parsed": [[5018001, 5018022]], "passage_meta": [{"canonical": "Deuteronomy 18", "chapter_start": [5018001, 5018022], "chapter_end": [5018001, 5018022], "prev_verse": 5017020, "next_verse": 5019001, "prev_chapter": [5017001, 5017020], "next_chapter": [5019001, 5019021]}], "passages": ["Deuteronomy 18\n\nProvision for Priests and Levites\n\n  [1] \u201cThe Levitical priests, all the tribe of Levi, shall have no portion or inheritance with Israel. They shall eat the LORD\u2019s food offerings(1) as their(2) inheritance. [2] They shall have no inheritance among their brothers; the LORD is their inheritance, as he promised them. [3] And this shall be the priests\u2019 due from the people, from those offering a sacrifice, whether an ox or a sheep: they shall give to the priest the shoulder and the two cheeks and the stomach. [4] The firstfruits of your grain, of your wine and of your oil, and the first fleece of your sheep, you shall give him. [5] For the LORD your God has chosen him out of all your tribes to stand and minister in the name of the LORD, him and his sons for all time.\n\n  [6] \u201cAnd if a Levite comes from any of your towns out of all Israel, where he lives\u2014and he may come when he desires(3)\u2014to the place that the LORD will choose, [7] and ministers in the name of the LORD his God, like all his fellow Levites who stand to minister there before the LORD, [8] then he may have equal portions to eat, besides what he receives from the sale of his patrimony.(4)\n\nAbominable Practices\n\n  [9] \u201cWhen you come into the land that the LORD your God is giving you, you shall not learn to follow the abominable practices of those nations. [10] There shall not be found among you anyone who burns his son or his daughter as an offering,(5) anyone who practices divination or tells fortunes or interprets omens, or a sorcerer [11] or a charmer or a medium or a necromancer or one who inquires of the dead, [12] for whoever does these things is an abomination to the LORD. And because of these abominations the LORD your God is driving them out before you. [13] You shall be blameless before the LORD your God, [14] for these nations, which you are about to dispossess, listen to fortune-tellers and to diviners. But as for you, the LORD your God has not allowed you to do this.\n\nA New Prophet like Moses\n\n  [15] \u201cThe LORD your God will raise up for you a prophet like me from among you, from your brothers\u2014it is to him you shall listen\u2014[16] just as you desired of the LORD your God at Horeb on the day of the assembly, when you said, \u2018Let me not hear again the voice of the LORD my God or see this great fire any more, lest I die.\u2019 [17] And the LORD said to me, \u2018They are right in what they have spoken. [18] I will raise up for them a prophet like you from among their brothers. And I will put my words in his mouth, and he shall speak to them all that I command him. [19] And whoever will not listen to my words that he shall speak in my name, I myself will require it of him. [20] But the prophet who presumes to speak a word in my name that I have not commanded him to speak, or(6) who speaks in the name of other gods, that same prophet shall die.\u2019 [21] And if you say in your heart, \u2018How may we know the word that the LORD has not spoken?\u2019\u2014[22] when a prophet speaks in the name of the LORD, if the word does not come to pass or come true, that is a word that the LORD has not spoken; the prophet has spoken it presumptuously. You need not be afraid of him.\n\nFootnotes\n\n(1) 18:1 Or *the offerings by fire to the Lord*\n\n(2) 18:1 Hebrew *his*\n\n(3) 18:6 Or *lives\u2014if he comes enthusiastically*\n\n(4) 18:8 The meaning of the Hebrew is uncertain\n\n(5) 18:10 Hebrew *makes his son or his daughter pass through the fire*\n\n(6) 18:20 Or *and*\n (ESV)"]}