{"query": "Deuteronomy 29", "canonical": "Deuteronomy 29", "parsed": [[5029001, 5029029]], "passage_meta": [{"canonical": "Deuteronomy 29", "chapter_start": [5029001, 5029029], "chapter_end": [5029001, 5029029], "prev_verse": 5028068, "next_verse": 5030001, "prev_chapter": [5028001, 5028068], "next_chapter": [5030001, 5030020]}], "passages": ["Deuteronomy 29\n\nThe Covenant Renewed in Moab\n\n  [1] (1) These are the words of the covenant that the LORD commanded Moses to make with the people of Israel in the land of Moab, besides the covenant that he had made with them at Horeb.\n\n  [2] (2) And Moses summoned all Israel and said to them: \u201cYou have seen all that the LORD did before your eyes in the land of Egypt, to Pharaoh and to all his servants and to all his land, [3] the great trials that your eyes saw, the signs, and those great wonders. [4] But to this day the LORD has not given you a heart to understand or eyes to see or ears to hear. [5] I have led you forty years in the wilderness. Your clothes have not worn out on you, and your sandals have not worn off your feet. [6] You have not eaten bread, and you have not drunk wine or strong drink, that you may know that I am the LORD your God. [7] And when you came to this place, Sihon the king of Heshbon and Og the king of Bashan came out against us to battle, but we defeated them. [8] We took their land and gave it for an inheritance to the Reubenites, the Gadites, and the half-tribe of the Manassites. [9] Therefore keep the words of this covenant and do them, that you may prosper(3) in all that you do.\n\n  [10] \u201cYou are standing today, all of you, before the LORD your God: the heads of your tribes,(4) your elders, and your officers, all the men of Israel, [11] your little ones, your wives, and the sojourner who is in your camp, from the one who chops your wood to the one who draws your water, [12] so that you may enter into the sworn covenant of the LORD your God, which the LORD your God is making with you today, [13] that he may establish you today as his people, and that he may be your God, as he promised you, and as he swore to your fathers, to Abraham, to Isaac, and to Jacob. [14] It is not with you alone that I am making this sworn covenant, [15] but with whoever is standing here with us today before the LORD our God, and with whoever is not here with us today.\n\n  [16] \u201cYou know how we lived in the land of Egypt, and how we came through the midst of the nations through which you passed. [17] And you have seen their detestable things, their idols of wood and stone, of silver and gold, which were among them. [18] Beware lest there be among you a man or woman or clan or tribe whose heart is turning away today from the LORD our God to go and serve the gods of those nations. Beware lest there be among you a root bearing poisonous and bitter fruit, [19] one who, when he hears the words of this sworn covenant, blesses himself in his heart, saying, \u2018I shall be safe, though I walk in the stubbornness of my heart.\u2019 This will lead to the sweeping away of moist and dry alike. [20] The LORD will not be willing to forgive him, but rather the anger of the LORD and his jealousy will smoke against that man, and the curses written in this book will settle upon him, and the LORD will blot out his name from under heaven. [21] And the LORD will single him out from all the tribes of Israel for calamity, in accordance with all the curses of the covenant written in this Book of the Law. [22] And the next generation, your children who rise up after you, and the foreigner who comes from a far land, will say, when they see the afflictions of that land and the sicknesses with which the LORD has made it sick\u2014[23] the whole land burned out with brimstone and salt, nothing sown and nothing growing, where no plant can sprout, an overthrow like that of Sodom and Gomorrah, Admah, and Zeboiim, which the LORD overthrew in his anger and wrath\u2014[24] all the nations will say, \u2018Why has the LORD done thus to this land? What caused the heat of this great anger?\u2019 [25] Then people will say, \u2018It is because they abandoned the covenant of the LORD, the God of their fathers, which he made with them when he brought them out of the land of Egypt, [26] and went and served other gods and worshiped them, gods whom they had not known and whom he had not allotted to them. [27] Therefore the anger of the LORD was kindled against this land, bringing upon it all the curses written in this book, [28] and the LORD uprooted them from their land in anger and fury and great wrath, and cast them into another land, as they are this day.\u2019\n\n  [29] \u201cThe secret things belong to the LORD our God, but the things that are revealed belong to us and to our children forever, that we may do all the words of this law.\n\nFootnotes\n\n(1) 29:1 Ch 28:69 in Hebrew\n\n(2) 29:2 Ch 29:1 in Hebrew\n\n(3) 29:9 Or *deal wisely*\n\n(4) 29:10 Septuagint, Syriac; Hebrew *your heads, your tribes*\n (ESV)"]}