{"query": "Deuteronomy 19", "canonical": "Deuteronomy 19", "parsed": [[5019001, 5019021]], "passage_meta": [{"canonical": "Deuteronomy 19", "chapter_start": [5019001, 5019021], "chapter_end": [5019001, 5019021], "prev_verse": 5018022, "next_verse": 5020001, "prev_chapter": [5018001, 5018022], "next_chapter": [5020001, 5020020]}], "passages": ["Deuteronomy 19\n\nLaws Concerning Cities of Refuge\n\n  [1] \u201cWhen the LORD your God cuts off the nations whose land the LORD your God is giving you, and you dispossess them and dwell in their cities and in their houses, [2] you shall set apart three cities for yourselves in the land that the LORD your God is giving you to possess. [3] You shall measure the distances(1) and divide into three parts the area of the land that the LORD your God gives you as a possession, so that any manslayer can flee to them.\n\n  [4] \u201cThis is the provision for the manslayer, who by fleeing there may save his life. If anyone kills his neighbor unintentionally without having hated him in the past\u2014[5] as when someone goes into the forest with his neighbor to cut wood, and his hand swings the axe to cut down a tree, and the head slips from the handle and strikes his neighbor so that he dies\u2014he may flee to one of these cities and live, [6] lest the avenger of blood in hot anger pursue the manslayer and overtake him, because the way is long, and strike him fatally, though the man did not deserve to die, since he had not hated his neighbor in the past. [7] Therefore I command you, You shall set apart three cities. [8] And if the LORD your God enlarges your territory, as he has sworn to your fathers, and gives you all the land that he promised to give to your fathers\u2014[9] provided you are careful to keep all this commandment, which I command you today, by loving the LORD your God and by walking ever in his ways\u2014then you shall add three other cities to these three, [10] lest innocent blood be shed in your land that the LORD your God is giving you for an inheritance, and so the guilt of bloodshed be upon you.\n\n  [11] \u201cBut if anyone hates his neighbor and lies in wait for him and attacks him and strikes him fatally so that he dies, and he flees into one of these cities, [12] then the elders of his city shall send and take him from there, and hand him over to the avenger of blood, so that he may die. [13] Your eye shall not pity him, but you shall purge the guilt of innocent blood(2) from Israel, so that it may be well with you.\n\nProperty Boundaries\n\n  [14] \u201cYou shall not move your neighbor\u2019s landmark, which the men of old have set, in the inheritance that you will hold in the land that the LORD your God is giving you to possess.\n\nLaws Concerning Witnesses\n\n  [15] \u201cA single witness shall not suffice against a person for any crime or for any wrong in connection with any offense that he has committed. Only on the evidence of two witnesses or of three witnesses shall a charge be established. [16] If a malicious witness arises to accuse a person of wrongdoing, [17] then both parties to the dispute shall appear before the LORD, before the priests and the judges who are in office in those days. [18] The judges shall inquire diligently, and if the witness is a false witness and has accused his brother falsely, [19] then you shall do to him as he had meant to do to his brother. So you shall purge the evil(3) from your midst. [20] And the rest shall hear and fear, and shall never again commit any such evil among you. [21] Your eye shall not pity. It shall be life for life, eye for eye, tooth for tooth, hand for hand, foot for foot.\n\nFootnotes\n\n(1) 19:3 Hebrew *road*\n\n(2) 19:13 Or *the blood of the innocent*\n\n(3) 19:19 Or *evil person*\n (ESV)"]}