{"query": "Deuteronomy 33", "canonical": "Deuteronomy 33", "parsed": [[5033001, 5033029]], "passage_meta": [{"canonical": "Deuteronomy 33", "chapter_start": [5033001, 5033029], "chapter_end": [5033001, 5033029], "prev_verse": 5032052, "next_verse": 5034001, "prev_chapter": [5032001, 5032052], "next_chapter": [5034001, 5034012]}], "passages": ["Deuteronomy 33\n\nMoses\u2019 Final Blessing on Israel\n\n  [1] This is the blessing with which Moses the man of God blessed the people of Israel before his death. [2] He said,\n\n    \u201cThe LORD came from Sinai\n        and dawned from Seir upon us;(1)\n        he shone forth from Mount Paran;\n    he came from the ten thousands of holy ones,\n        with flaming fire(2) at his right hand.\n    [3] Yes, he loved his people,(3)\n        all his holy ones were in his(4) hand;\n    so they followed(5) in your steps,\n        receiving direction from you,\n    [4] when Moses commanded us a law,\n        as a possession for the assembly of Jacob.\n    [5] Thus the LORD(6) became king in Jeshurun,\n        when the heads of the people were gathered,\n        all the tribes of Israel together.\n    \n    \n    [6] \u201cLet Reuben live, and not die,\n        but let his men be few.\u201d\n    \n    \n      [7] And this he said of Judah:\n\n    \u201cHear, O LORD, the voice of Judah,\n        and bring him in to his people.\n    With your hands contend(7) for him,\n        and be a help against his adversaries.\u201d\n    \n    \n      [8] And of Levi he said,\n\n    \u201cGive to Levi(8) your Thummim,\n        and your Urim to your godly one,\n    whom you tested at Massah,\n        with whom you quarreled at the waters of Meribah;\n    [9] who said of his father and mother,\n        \u2018I regard them not\u2019;\n    he disowned his brothers\n        and ignored his children.\n    For they observed your word\n        and kept your covenant.\n    [10] They shall teach Jacob your rules\n        and Israel your law;\n    they shall put incense before you\n        and whole burnt offerings on your altar.\n    [11] Bless, O LORD, his substance,\n        and accept the work of his hands;\n    crush the loins of his adversaries,\n        of those who hate him, that they rise not again.\u201d\n    \n    \n      [12] Of Benjamin he said,\n\n    \u201cThe beloved of the LORD dwells in safety.\n    The High God(9) surrounds him all day long,\n        and dwells between his shoulders.\u201d\n    \n    \n      [13] And of Joseph he said,\n\n    \u201cBlessed by the LORD be his land,\n        with the choicest gifts of heaven above,(10)\n        and of the deep that crouches beneath,\n    [14] with the choicest fruits of the sun\n        and the rich yield of the months,\n    [15] with the finest produce of the ancient mountains\n        and the abundance of the everlasting hills,\n    [16] with the best gifts of the earth and its fullness\n        and the favor of him who dwells in the bush.\n    May these rest on the head of Joseph,\n        on the pate of him who is prince among his brothers.\n    [17] A firstborn bull(11)\u2014he has majesty,\n        and his horns are the horns of a wild ox;\n    with them he shall gore the peoples,\n        all of them, to the ends of the earth;\n    they are the ten thousands of Ephraim,\n        and they are the thousands of Manasseh.\u201d\n    \n    \n      [18] And of Zebulun he said,\n\n    \u201cRejoice, Zebulun, in your going out,\n        and Issachar, in your tents.\n    [19] They shall call peoples to their mountain;\n        there they offer right sacrifices;\n    for they draw from the abundance of the seas\n        and the hidden treasures of the sand.\u201d\n    \n    \n      [20] And of Gad he said,\n\n    \u201cBlessed be he who enlarges Gad!\n        Gad crouches like a lion;\n        he tears off arm and scalp.\n    [21] He chose the best of the land for himself,\n        for there a commander\u2019s portion was reserved;\n    and he came with the heads of the people,\n        with Israel he executed the justice of the LORD,\n        and his judgments for Israel.\u201d\n    \n    \n      [22] And of Dan he said,\n\n    \u201cDan is a lion\u2019s cub\n        that leaps from Bashan.\u201d\n    \n    \n      [23] And of Naphtali he said,\n\n    \u201cO Naphtali, sated with favor,\n        and full of the blessing of the LORD,\n        possess the lake(12) and the south.\u201d\n    \n    \n      [24] And of Asher he said,\n\n    \u201cMost blessed of sons be Asher;\n        let him be the favorite of his brothers,\n        and let him dip his foot in oil.\n    [25] Your bars shall be iron and bronze,\n        and as your days, so shall your strength be.\n    \n    \n    [26] \u201cThere is none like God, O Jeshurun,\n        who rides through the heavens to your help,\n        through the skies in his majesty.\n    [27] The eternal God is your dwelling place,(13)\n        and underneath are the everlasting arms.(14)\n    And he thrust out the enemy before you\n        and said, \u2018Destroy.\u2019\n    [28] So Israel lived in safety,\n        Jacob lived alone,(15)\n    in a land of grain and wine,\n        whose heavens drop down dew.\n    [29] Happy are you, O Israel! Who is like you,\n        a people saved by the LORD,\n    the shield of your help,\n        and the sword of your triumph!\n    Your enemies shall come fawning to you,\n        and you shall tread upon their backs.\u201d\n    \n\nFootnotes\n\n(1) 33:2 Septuagint, Syriac, Vulgate; Hebrew *them*\n\n(2) 33:2 The meaning of the Hebrew word is uncertain\n\n(3) 33:3 Septuagint; Hebrew *peoples*\n\n(4) 33:3 Hebrew *your*\n\n(5) 33:3 The meaning of the Hebrew word is uncertain\n\n(6) 33:5 Hebrew *Thus he*\n\n(7) 33:7 Probable reading; Hebrew *With his hands he contended*\n\n(8) 33:8 Dead Sea Scroll, Septuagint; Masoretic Text lacks *Give to Levi*\n\n(9) 33:12 Septuagint; Hebrew *dwells in safety by him. He*\n\n(10) 33:13 Two Hebrew manuscripts and Targum; Hebrew *with the dew*\n\n(11) 33:17 Dead Sea Scroll, Septuagint, Samaritan; Masoretic Text *His firstborn bull*\n\n(12) 33:23 Or *west*\n\n(13) 33:27 Or *a dwelling place*\n\n(14) 33:27 Revocalization of verse 27 yields *He subdues the ancient gods, and shatters the forces of old*\n\n(15) 33:28 Hebrew *the abode of Jacob was alone*\n (ESV)"]}