{"query": "Deuteronomy 6", "canonical": "Deuteronomy 6", "parsed": [[5006001, 5006025]], "passage_meta": [{"canonical": "Deuteronomy 6", "chapter_start": [5006001, 5006025], "chapter_end": [5006001, 5006025], "prev_verse": 5005033, "next_verse": 5007001, "prev_chapter": [5005001, 5005033], "next_chapter": [5007001, 5007026]}], "passages": ["Deuteronomy 6\n\nThe Greatest Commandment\n\n  [1] \u201cNow this is the commandment\u2014the statutes and the rules(1)\u2014that the LORD your God commanded me to teach you, that you may do them in the land to which you are going over, to possess it, [2] that you may fear the LORD your God, you and your son and your son\u2019s son, by keeping all his statutes and his commandments, which I command you, all the days of your life, and that your days may be long. [3] Hear therefore, O Israel, and be careful to do them, that it may go well with you, and that you may multiply greatly, as the LORD, the God of your fathers, has promised you, in a land flowing with milk and honey.\n\n  [4] \u201cHear, O Israel: The LORD our God, the LORD is one.(2) [5] You shall love the LORD your God with all your heart and with all your soul and with all your might. [6] And these words that I command you today shall be on your heart. [7] You shall teach them diligently to your children, and shall talk of them when you sit in your house, and when you walk by the way, and when you lie down, and when you rise. [8] You shall bind them as a sign on your hand, and they shall be as frontlets between your eyes. [9] You shall write them on the doorposts of your house and on your gates.\n\n  [10] \u201cAnd when the LORD your God brings you into the land that he swore to your fathers, to Abraham, to Isaac, and to Jacob, to give you\u2014with great and good cities that you did not build, [11] and houses full of all good things that you did not fill, and cisterns that you did not dig, and vineyards and olive trees that you did not plant\u2014and when you eat and are full, [12] then take care lest you forget the LORD, who brought you out of the land of Egypt, out of the house of slavery. [13] It is the LORD your God you shall fear. Him you shall serve and by his name you shall swear. [14] You shall not go after other gods, the gods of the peoples who are around you\u2014[15] for the LORD your God in your midst is a jealous God\u2014lest the anger of the LORD your God be kindled against you, and he destroy you from off the face of the earth.\n\n  [16] \u201cYou shall not put the LORD your God to the test, as you tested him at Massah. [17] You shall diligently keep the commandments of the LORD your God, and his testimonies and his statutes, which he has commanded you. [18] And you shall do what is right and good in the sight of the LORD, that it may go well with you, and that you may go in and take possession of the good land that the LORD swore to give to your fathers [19] by thrusting out all your enemies from before you, as the LORD has promised.\n\n  [20] \u201cWhen your son asks you in time to come, \u2018What is the meaning of the testimonies and the statutes and the rules that the LORD our God has commanded you?\u2019 [21] then you shall say to your son, \u2018We were Pharaoh\u2019s slaves in Egypt. And the LORD brought us out of Egypt with a mighty hand. [22] And the LORD showed signs and wonders, great and grievous, against Egypt and against Pharaoh and all his household, before our eyes. [23] And he brought us out from there, that he might bring us in and give us the land that he swore to give to our fathers. [24] And the LORD commanded us to do all these statutes, to fear the LORD our God, for our good always, that he might preserve us alive, as we are this day. [25] And it will be righteousness for us, if we are careful to do all this commandment before the LORD our God, as he has commanded us.\u2019\n\nFootnotes\n\n(1) 6:1 Or *just decrees*; also verse 20\n\n(2) 6:4 Or *The Lord our God is one Lord*; or *The Lord is our God, the Lord is one*; or *The Lord is our God, the Lord alone*\n (ESV)"]}