{"query": "Deuteronomy 30", "canonical": "Deuteronomy 30", "parsed": [[5030001, 5030020]], "passage_meta": [{"canonical": "Deuteronomy 30", "chapter_start": [5030001, 5030020], "chapter_end": [5030001, 5030020], "prev_verse": 5029029, "next_verse": 5031001, "prev_chapter": [5029001, 5029029], "next_chapter": [5031001, 5031030]}], "passages": ["Deuteronomy 30\n\nRepentance and Forgiveness\n\n  [1] \u201cAnd when all these things come upon you, the blessing and the curse, which I have set before you, and you call them to mind among all the nations where the LORD your God has driven you, [2] and return to the LORD your God, you and your children, and obey his voice in all that I command you today, with all your heart and with all your soul, [3] then the LORD your God will restore your fortunes and have mercy on you, and he will gather you again from all the peoples where the LORD your God has scattered you. [4] If your outcasts are in the uttermost parts of heaven, from there the LORD your God will gather you, and from there he will take you. [5] And the LORD your God will bring you into the land that your fathers possessed, that you may possess it. And he will make you more prosperous and numerous than your fathers. [6] And the LORD your God will circumcise your heart and the heart of your offspring, so that you will love the LORD your God with all your heart and with all your soul, that you may live. [7] And the LORD your God will put all these curses on your foes and enemies who persecuted you. [8] And you shall again obey the voice of the LORD and keep all his commandments that I command you today. [9] The LORD your God will make you abundantly prosperous in all the work of your hand, in the fruit of your womb and in the fruit of your cattle and in the fruit of your ground. For the LORD will again take delight in prospering you, as he took delight in your fathers, [10] when you obey the voice of the LORD your God, to keep his commandments and his statutes that are written in this Book of the Law, when you turn to the LORD your God with all your heart and with all your soul.\n\nThe Choice of Life and Death\n\n  [11] \u201cFor this commandment that I command you today is not too hard for you, neither is it far off. [12] It is not in heaven, that you should say, \u2018Who will ascend to heaven for us and bring it to us, that we may hear it and do it?\u2019 [13] Neither is it beyond the sea, that you should say, \u2018Who will go over the sea for us and bring it to us, that we may hear it and do it?\u2019 [14] But the word is very near you. It is in your mouth and in your heart, so that you can do it.\n\n  [15] \u201cSee, I have set before you today life and good, death and evil. [16] If you obey the commandments of the LORD your God(1) that I command you today, by loving the LORD your God, by walking in his ways, and by keeping his commandments and his statutes and his rules,(2) then you shall live and multiply, and the LORD your God will bless you in the land that you are entering to take possession of it. [17] But if your heart turns away, and you will not hear, but are drawn away to worship other gods and serve them, [18] I declare to you today, that you shall surely perish. You shall not live long in the land that you are going over the Jordan to enter and possess. [19] I call heaven and earth to witness against you today, that I have set before you life and death, blessing and curse. Therefore choose life, that you and your offspring may live, [20] loving the LORD your God, obeying his voice and holding fast to him, for he is your life and length of days, that you may dwell in the land that the LORD swore to your fathers, to Abraham, to Isaac, and to Jacob, to give them.\u201d\n\nFootnotes\n\n(1) 30:16 Septuagint; Hebrew lacks *If you obey the commandments of the Lord your God*\n\n(2) 30:16 Or *his just decrees*\n (ESV)"]}