{"query": "Deuteronomy 13", "canonical": "Deuteronomy 13", "parsed": [[5013001, 5013018]], "passage_meta": [{"canonical": "Deuteronomy 13", "chapter_start": [5013001, 5013018], "chapter_end": [5013001, 5013018], "prev_verse": 5012032, "next_verse": 5014001, "prev_chapter": [5012001, 5012032], "next_chapter": [5014001, 5014029]}], "passages": ["Deuteronomy 13\n\n  [1] \u201cIf a prophet or a dreamer of dreams arises among you and gives you a sign or a wonder, [2] and the sign or wonder that he tells you comes to pass, and if he says, \u2018Let us go after other gods,\u2019 which you have not known, \u2018and let us serve them,\u2019 [3] you shall not listen to the words of that prophet or that dreamer of dreams. For the LORD your God is testing you, to know whether you love the LORD your God with all your heart and with all your soul. [4] You shall walk after the LORD your God and fear him and keep his commandments and obey his voice, and you shall serve him and hold fast to him. [5] But that prophet or that dreamer of dreams shall be put to death, because he has taught rebellion against the LORD your God, who brought you out of the land of Egypt and redeemed you out of the house of slavery, to make you leave the way in which the LORD your God commanded you to walk. So you shall purge the evil(1) from your midst.\n\n  [6] \u201cIf your brother, the son of your mother, or your son or your daughter or the wife you embrace(2) or your friend who is as your own soul entices you secretly, saying, \u2018Let us go and serve other gods,\u2019 which neither you nor your fathers have known, [7] some of the gods of the peoples who are around you, whether near you or far off from you, from the one end of the earth to the other, [8] you shall not yield to him or listen to him, nor shall your eye pity him, nor shall you spare him, nor shall you conceal him. [9] But you shall kill him. Your hand shall be first against him to put him to death, and afterward the hand of all the people. [10] You shall stone him to death with stones, because he sought to draw you away from the LORD your God, who brought you out of the land of Egypt, out of the house of slavery. [11] And all Israel shall hear and fear and never again do any such wickedness as this among you.\n\n  [12] \u201cIf you hear in one of your cities, which the LORD your God is giving you to dwell there, [13] that certain worthless fellows have gone out among you and have drawn away the inhabitants of their city, saying, \u2018Let us go and serve other gods,\u2019 which you have not known, [14] then you shall inquire and make search and ask diligently. And behold, if it be true and certain that such an abomination has been done among you, [15] you shall surely put the inhabitants of that city to the sword, devoting it to destruction,(3) all who are in it and its cattle, with the edge of the sword. [16] You shall gather all its spoil into the midst of its open square and burn the city and all its spoil with fire, as a whole burnt offering to the LORD your God. It shall be a heap forever. It shall not be built again. [17] None of the devoted things shall stick to your hand, that the LORD may turn from the fierceness of his anger and show you mercy and have compassion on you and multiply you, as he swore to your fathers, [18] if you obey the voice of the LORD your God, keeping all his commandments that I am commanding you today, and doing what is right in the sight of the LORD your God.\n\nFootnotes\n\n(1) 13:5 Or *evil person*\n\n(2) 13:6 Hebrew *the wife of your bosom*\n\n(3) 13:15 That is, setting apart (devoting) as an offering to the Lord (for destruction)\n (ESV)"]}