{"query": "Deuteronomy 27", "canonical": "Deuteronomy 27", "parsed": [[5027001, 5027026]], "passage_meta": [{"canonical": "Deuteronomy 27", "chapter_start": [5027001, 5027026], "chapter_end": [5027001, 5027026], "prev_verse": 5026019, "next_verse": 5028001, "prev_chapter": [5026001, 5026019], "next_chapter": [5028001, 5028068]}], "passages": ["Deuteronomy 27\n\nThe Altar on Mount Ebal\n\n  [1] Now Moses and the elders of Israel commanded the people, saying, \u201cKeep the whole commandment that I command you today. [2] And on the day you cross over the Jordan to the land that the LORD your God is giving you, you shall set up large stones and plaster them with plaster. [3] And you shall write on them all the words of this law, when you cross over to enter the land that the LORD your God is giving you, a land flowing with milk and honey, as the LORD, the God of your fathers, has promised you. [4] And when you have crossed over the Jordan, you shall set up these stones, concerning which I command you today, on Mount Ebal, and you shall plaster them with plaster. [5] And there you shall build an altar to the LORD your God, an altar of stones. You shall wield no iron tool on them; [6] you shall build an altar to the LORD your God of uncut(1) stones. And you shall offer burnt offerings on it to the LORD your God, [7] and you shall sacrifice peace offerings and shall eat there, and you shall rejoice before the LORD your God. [8] And you shall write on the stones all the words of this law very plainly.\u201d\n\nCurses from Mount Ebal\n\n  [9] Then Moses and the Levitical priests said to all Israel, \u201cKeep silence and hear, O Israel: this day you have become the people of the LORD your God. [10] You shall therefore obey the voice of the LORD your God, keeping his commandments and his statutes, which I command you today.\u201d\n\n  [11] That day Moses charged the people, saying, [12] \u201cWhen you have crossed over the Jordan, these shall stand on Mount Gerizim to bless the people: Simeon, Levi, Judah, Issachar, Joseph, and Benjamin. [13] And these shall stand on Mount Ebal for the curse: Reuben, Gad, Asher, Zebulun, Dan, and Naphtali. [14] And the Levites shall declare to all the men of Israel in a loud voice:\n\n  [15] \u201c\u2018Cursed be the man who makes a carved or cast metal image, an abomination to the LORD, a thing made by the hands of a craftsman, and sets it up in secret.\u2019 And all the people shall answer and say, \u2018Amen.\u2019\n\n  [16] \u201c\u2018Cursed be anyone who dishonors his father or his mother.\u2019 And all the people shall say, \u2018Amen.\u2019\n\n  [17] \u201c\u2018Cursed be anyone who moves his neighbor\u2019s landmark.\u2019 And all the people shall say, \u2018Amen.\u2019\n\n  [18] \u201c\u2018Cursed be anyone who misleads a blind man on the road.\u2019 And all the people shall say, \u2018Amen.\u2019\n\n  [19] \u201c\u2018Cursed be anyone who perverts the justice due to the sojourner, the fatherless, and the widow.\u2019 And all the people shall say, \u2018Amen.\u2019\n\n  [20] \u201c\u2018Cursed be anyone who lies with his father\u2019s wife, because he has uncovered his father\u2019s nakedness.\u2019(2) And all the people shall say, \u2018Amen.\u2019\n\n  [21] \u201c\u2018Cursed be anyone who lies with any kind of animal.\u2019 And all the people shall say, \u2018Amen.\u2019\n\n  [22] \u201c\u2018Cursed be anyone who lies with his sister, whether the daughter of his father or the daughter of his mother.\u2019 And all the people shall say, \u2018Amen.\u2019\n\n  [23] \u201c\u2018Cursed be anyone who lies with his mother-in-law.\u2019 And all the people shall say, \u2018Amen.\u2019\n\n  [24] \u201c\u2018Cursed be anyone who strikes down his neighbor in secret.\u2019 And all the people shall say, \u2018Amen.\u2019\n\n  [25] \u201c\u2018Cursed be anyone who takes a bribe to shed innocent blood.\u2019 And all the people shall say, \u2018Amen.\u2019\n\n  [26] \u201c\u2018Cursed be anyone who does not confirm the words of this law by doing them.\u2019 And all the people shall say, \u2018Amen.\u2019\n\nFootnotes\n\n(1) 27:6 Hebrew *whole*\n\n(2) 27:20 Hebrew *uncovered his father\u2019s skirt*\n (ESV)"]}