{"query": "Deuteronomy 24", "canonical": "Deuteronomy 24", "parsed": [[5024001, 5024022]], "passage_meta": [{"canonical": "Deuteronomy 24", "chapter_start": [5024001, 5024022], "chapter_end": [5024001, 5024022], "prev_verse": 5023025, "next_verse": 5025001, "prev_chapter": [5023001, 5023025], "next_chapter": [5025001, 5025019]}], "passages": ["Deuteronomy 24\n\nLaws Concerning Divorce\n\n  [1] \u201cWhen a man takes a wife and marries her, if then she finds no favor in his eyes because he has found some indecency in her, and he writes her a certificate of divorce and puts it in her hand and sends her out of his house, and she departs out of his house, [2] and if she goes and becomes another man\u2019s wife, [3] and the latter man hates her and writes her a certificate of divorce and puts it in her hand and sends her out of his house, or if the latter man dies, who took her to be his wife, [4] then her former husband, who sent her away, may not take her again to be his wife, after she has been defiled, for that is an abomination before the LORD. And you shall not bring sin upon the land that the LORD your God is giving you for an inheritance.\n\nMiscellaneous Laws\n\n  [5] \u201cWhen a man is newly married, he shall not go out with the army or be liable for any other public duty. He shall be free at home one year to be happy with his wife(1) whom he has taken.\n\n  [6] \u201cNo one shall take a mill or an upper millstone in pledge, for that would be taking a life in pledge.\n\n  [7] \u201cIf a man is found stealing one of his brothers of the people of Israel, and if he treats him as a slave or sells him, then that thief shall die. So you shall purge the evil from your midst.\n\n  [8] \u201cTake care, in a case of leprous(2) disease, to be very careful to do according to all that the Levitical priests shall direct you. As I commanded them, so you shall be careful to do. [9] Remember what the LORD your God did to Miriam on the way as you came out of Egypt.\n\n  [10] \u201cWhen you make your neighbor a loan of any sort, you shall not go into his house to collect his pledge. [11] You shall stand outside, and the man to whom you make the loan shall bring the pledge out to you. [12] And if he is a poor man, you shall not sleep in his pledge. [13] You shall restore to him the pledge as the sun sets, that he may sleep in his cloak and bless you. And it shall be righteousness for you before the LORD your God.\n\n  [14] \u201cYou shall not oppress a hired worker who is poor and needy, whether he is one of your brothers or one of the sojourners who are in your land within your towns. [15] You shall give him his wages on the same day, before the sun sets (for he is poor and counts on it), lest he cry against you to the LORD, and you be guilty of sin.\n\n  [16] \u201cFathers shall not be put to death because of their children, nor shall children be put to death because of their fathers. Each one shall be put to death for his own sin.\n\n  [17] \u201cYou shall not pervert the justice due to the sojourner or to the fatherless, or take a widow\u2019s garment in pledge, [18] but you shall remember that you were a slave in Egypt and the LORD your God redeemed you from there; therefore I command you to do this.\n\n  [19] \u201cWhen you reap your harvest in your field and forget a sheaf in the field, you shall not go back to get it. It shall be for the sojourner, the fatherless, and the widow, that the LORD your God may bless you in all the work of your hands. [20] When you beat your olive trees, you shall not go over them again. It shall be for the sojourner, the fatherless, and the widow. [21] When you gather the grapes of your vineyard, you shall not strip it afterward. It shall be for the sojourner, the fatherless, and the widow. [22] You shall remember that you were a slave in the land of Egypt; therefore I command you to do this.\n\nFootnotes\n\n(1) 24:5 Or *to make happy his wife*\n\n(2) 24:8 *Leprosy* was a term for several skin diseases; see Leviticus 13\n (ESV)"]}